ISO-10303-21;
HEADER;
/* Generated by software containing ST-Developer
 * from STEP Tools, Inc. (www.steptools.com) 
 */
/* OPTION: using custom renumber hook */

FILE_DESCRIPTION(
/* description */ ('STEP AP242 Edition 2',
'CAx-IF Rec.Pracs.---Representation and Presentation of Product Manufa
cturing Information (PMI)---4.0---2014-10-13',
'CAx-IF Rec.Pracs.---3D Tessellated Geometry---0.4---2014-09-14','2;1',
'CAx-IF Rec.Pracs.---User Defined Attributes---1.5---2016-08-15'),
/* implementation_level */ '2;1');

FILE_NAME(
/* name */ 'NOT-618 - LCD Front',
/* time_stamp */ '2026-07-26T08:51:49Z',
/* author */ (''),
/* organization */ (''),
/* preprocessor_version */ 'ST-DEVELOPER v20',
/* originating_system */ 'ONSHAPE BY PTC INC, 1.218',
/* authorisation */ '  ');

FILE_SCHEMA (('AP242_MANAGED_MODEL_BASED_3D_ENGINEERING_MIM_LF { 1 0 10303 442 3 1 4 }'));
ENDSEC;

DATA;
#10=SHAPE_REPRESENTATION_RELATIONSHIP('','',#2897,#11);
#11=ADVANCED_BREP_SHAPE_REPRESENTATION('',(#2895),#5103);
#12=B_SPLINE_SURFACE_WITH_KNOTS('',3,1,((#3928,#3929),(#3930,#3931),(#3932,
#3933),(#3934,#3935)),.SURF_OF_LINEAR_EXTRUSION.,.F.,.F.,.F.,(4,4),(2,2),
(0.,1.),(0.,1.),.PIECEWISE_BEZIER_KNOTS.);
#13=B_SPLINE_SURFACE_WITH_KNOTS('',3,1,((#3948,#3949),(#3950,#3951),(#3952,
#3953),(#3954,#3955)),.SURF_OF_LINEAR_EXTRUSION.,.F.,.F.,.F.,(4,4),(2,2),
(0.,1.),(0.,1.),.PIECEWISE_BEZIER_KNOTS.);
#14=B_SPLINE_SURFACE_WITH_KNOTS('',3,1,((#3965,#3966),(#3967,#3968),(#3969,
#3970),(#3971,#3972)),.SURF_OF_LINEAR_EXTRUSION.,.F.,.F.,.F.,(4,4),(2,2),
(0.,1.),(0.,1.),.PIECEWISE_BEZIER_KNOTS.);
#15=B_SPLINE_SURFACE_WITH_KNOTS('',3,1,((#3982,#3983),(#3984,#3985),(#3986,
#3987),(#3988,#3989)),.SURF_OF_LINEAR_EXTRUSION.,.F.,.F.,.F.,(4,4),(2,2),
(0.,1.),(0.,1.),.PIECEWISE_BEZIER_KNOTS.);
#16=B_SPLINE_SURFACE_WITH_KNOTS('',3,1,((#3999,#4000),(#4001,#4002),(#4003,
#4004),(#4005,#4006)),.SURF_OF_LINEAR_EXTRUSION.,.F.,.F.,.F.,(4,4),(2,2),
(0.,1.),(0.,1.),.PIECEWISE_BEZIER_KNOTS.);
#17=B_SPLINE_SURFACE_WITH_KNOTS('',3,1,((#4016,#4017),(#4018,#4019),(#4020,
#4021),(#4022,#4023)),.SURF_OF_LINEAR_EXTRUSION.,.F.,.F.,.F.,(4,4),(2,2),
(0.,1.),(0.,1.),.PIECEWISE_BEZIER_KNOTS.);
#18=B_SPLINE_SURFACE_WITH_KNOTS('',3,1,((#4031,#4032),(#4033,#4034),(#4035,
#4036),(#4037,#4038)),.SURF_OF_LINEAR_EXTRUSION.,.F.,.F.,.F.,(4,4),(2,2),
(0.,1.),(0.,1.),.PIECEWISE_BEZIER_KNOTS.);
#19=B_SPLINE_SURFACE_WITH_KNOTS('',3,1,((#4044,#4045),(#4046,#4047),(#4048,
#4049),(#4050,#4051)),.SURF_OF_LINEAR_EXTRUSION.,.F.,.F.,.F.,(4,4),(2,2),
(0.,1.),(0.,1.),.PIECEWISE_BEZIER_KNOTS.);
#20=B_SPLINE_SURFACE_WITH_KNOTS('',3,1,((#4057,#4058),(#4059,#4060),(#4061,
#4062),(#4063,#4064)),.SURF_OF_LINEAR_EXTRUSION.,.F.,.F.,.F.,(4,4),(2,2),
(0.,1.),(0.,1.),.PIECEWISE_BEZIER_KNOTS.);
#21=B_SPLINE_SURFACE_WITH_KNOTS('',3,1,((#4070,#4071),(#4072,#4073),(#4074,
#4075),(#4076,#4077)),.SURF_OF_LINEAR_EXTRUSION.,.F.,.F.,.F.,(4,4),(2,2),
(0.,1.),(0.,1.),.PIECEWISE_BEZIER_KNOTS.);
#22=B_SPLINE_SURFACE_WITH_KNOTS('',3,1,((#4083,#4084),(#4085,#4086),(#4087,
#4088),(#4089,#4090)),.SURF_OF_LINEAR_EXTRUSION.,.F.,.F.,.F.,(4,4),(2,2),
(0.,1.),(0.,1.),.PIECEWISE_BEZIER_KNOTS.);
#23=B_SPLINE_SURFACE_WITH_KNOTS('',3,1,((#4096,#4097),(#4098,#4099),(#4100,
#4101),(#4102,#4103)),.SURF_OF_LINEAR_EXTRUSION.,.F.,.F.,.F.,(4,4),(2,2),
(0.,1.),(0.,1.),.PIECEWISE_BEZIER_KNOTS.);
#24=B_SPLINE_SURFACE_WITH_KNOTS('',3,1,((#4109,#4110),(#4111,#4112),(#4113,
#4114),(#4115,#4116)),.SURF_OF_LINEAR_EXTRUSION.,.F.,.F.,.F.,(4,4),(2,2),
(0.,1.),(0.,1.),.PIECEWISE_BEZIER_KNOTS.);
#25=B_SPLINE_SURFACE_WITH_KNOTS('',3,1,((#4120,#4121),(#4122,#4123),(#4124,
#4125),(#4126,#4127)),.SURF_OF_LINEAR_EXTRUSION.,.F.,.F.,.F.,(4,4),(2,2),
(0.,1.),(0.,1.),.PIECEWISE_BEZIER_KNOTS.);
#26=B_SPLINE_SURFACE_WITH_KNOTS('',3,1,((#4161,#4162),(#4163,#4164),(#4165,
#4166),(#4167,#4168)),.SURF_OF_LINEAR_EXTRUSION.,.F.,.F.,.F.,(4,4),(2,2),
(0.,1.),(0.,1.),.PIECEWISE_BEZIER_KNOTS.);
#27=B_SPLINE_SURFACE_WITH_KNOTS('',3,1,((#4235,#4236),(#4237,#4238),(#4239,
#4240),(#4241,#4242)),.SURF_OF_LINEAR_EXTRUSION.,.F.,.F.,.F.,(4,4),(2,2),
(0.,1.),(0.,1.),.PIECEWISE_BEZIER_KNOTS.);
#28=B_SPLINE_SURFACE_WITH_KNOTS('',3,1,((#4255,#4256),(#4257,#4258),(#4259,
#4260),(#4261,#4262)),.SURF_OF_LINEAR_EXTRUSION.,.F.,.F.,.F.,(4,4),(2,2),
(0.,1.),(0.,1.),.PIECEWISE_BEZIER_KNOTS.);
#29=B_SPLINE_SURFACE_WITH_KNOTS('',3,1,((#4272,#4273),(#4274,#4275),(#4276,
#4277),(#4278,#4279)),.SURF_OF_LINEAR_EXTRUSION.,.F.,.F.,.F.,(4,4),(2,2),
(0.,1.),(0.,1.),.PIECEWISE_BEZIER_KNOTS.);
#30=B_SPLINE_SURFACE_WITH_KNOTS('',3,1,((#4289,#4290),(#4291,#4292),(#4293,
#4294),(#4295,#4296)),.SURF_OF_LINEAR_EXTRUSION.,.F.,.F.,.F.,(4,4),(2,2),
(0.,1.),(0.,1.),.PIECEWISE_BEZIER_KNOTS.);
#31=B_SPLINE_SURFACE_WITH_KNOTS('',3,1,((#4306,#4307),(#4308,#4309),(#4310,
#4311),(#4312,#4313)),.SURF_OF_LINEAR_EXTRUSION.,.F.,.F.,.F.,(4,4),(2,2),
(0.,1.),(0.,1.),.PIECEWISE_BEZIER_KNOTS.);
#32=B_SPLINE_SURFACE_WITH_KNOTS('',3,1,((#4323,#4324),(#4325,#4326),(#4327,
#4328),(#4329,#4330)),.SURF_OF_LINEAR_EXTRUSION.,.F.,.F.,.F.,(4,4),(2,2),
(0.,1.),(0.,1.),.PIECEWISE_BEZIER_KNOTS.);
#33=B_SPLINE_SURFACE_WITH_KNOTS('',3,1,((#4340,#4341),(#4342,#4343),(#4344,
#4345),(#4346,#4347)),.SURF_OF_LINEAR_EXTRUSION.,.F.,.F.,.F.,(4,4),(2,2),
(0.,1.),(0.,1.),.PIECEWISE_BEZIER_KNOTS.);
#34=B_SPLINE_SURFACE_WITH_KNOTS('',3,1,((#4357,#4358),(#4359,#4360),(#4361,
#4362),(#4363,#4364)),.SURF_OF_LINEAR_EXTRUSION.,.F.,.F.,.F.,(4,4),(2,2),
(0.,1.),(0.,1.),.PIECEWISE_BEZIER_KNOTS.);
#35=B_SPLINE_SURFACE_WITH_KNOTS('',3,1,((#4372,#4373),(#4374,#4375),(#4376,
#4377),(#4378,#4379)),.SURF_OF_LINEAR_EXTRUSION.,.F.,.F.,.F.,(4,4),(2,2),
(0.,1.),(0.,1.),.PIECEWISE_BEZIER_KNOTS.);
#36=B_SPLINE_SURFACE_WITH_KNOTS('',3,1,((#4385,#4386),(#4387,#4388),(#4389,
#4390),(#4391,#4392)),.SURF_OF_LINEAR_EXTRUSION.,.F.,.F.,.F.,(4,4),(2,2),
(0.,1.),(0.,1.),.PIECEWISE_BEZIER_KNOTS.);
#37=B_SPLINE_SURFACE_WITH_KNOTS('',3,1,((#4398,#4399),(#4400,#4401),(#4402,
#4403),(#4404,#4405)),.SURF_OF_LINEAR_EXTRUSION.,.F.,.F.,.F.,(4,4),(2,2),
(0.,1.),(0.,1.),.PIECEWISE_BEZIER_KNOTS.);
#38=B_SPLINE_SURFACE_WITH_KNOTS('',3,1,((#4411,#4412),(#4413,#4414),(#4415,
#4416),(#4417,#4418)),.SURF_OF_LINEAR_EXTRUSION.,.F.,.F.,.F.,(4,4),(2,2),
(0.,1.),(0.,1.),.PIECEWISE_BEZIER_KNOTS.);
#39=B_SPLINE_SURFACE_WITH_KNOTS('',3,1,((#4424,#4425),(#4426,#4427),(#4428,
#4429),(#4430,#4431)),.SURF_OF_LINEAR_EXTRUSION.,.F.,.F.,.F.,(4,4),(2,2),
(0.,1.),(0.,1.),.PIECEWISE_BEZIER_KNOTS.);
#40=B_SPLINE_SURFACE_WITH_KNOTS('',3,1,((#4437,#4438),(#4439,#4440),(#4441,
#4442),(#4443,#4444)),.SURF_OF_LINEAR_EXTRUSION.,.F.,.F.,.F.,(4,4),(2,2),
(0.,1.),(0.,1.),.PIECEWISE_BEZIER_KNOTS.);
#41=B_SPLINE_SURFACE_WITH_KNOTS('',3,1,((#4450,#4451),(#4452,#4453),(#4454,
#4455),(#4456,#4457)),.SURF_OF_LINEAR_EXTRUSION.,.F.,.F.,.F.,(4,4),(2,2),
(0.,1.),(0.,1.),.PIECEWISE_BEZIER_KNOTS.);
#42=B_SPLINE_SURFACE_WITH_KNOTS('',3,1,((#4463,#4464),(#4465,#4466),(#4467,
#4468),(#4469,#4470)),.SURF_OF_LINEAR_EXTRUSION.,.F.,.F.,.F.,(4,4),(2,2),
(0.,1.),(0.,1.),.PIECEWISE_BEZIER_KNOTS.);
#43=B_SPLINE_SURFACE_WITH_KNOTS('',3,1,((#4480,#4481),(#4482,#4483),(#4484,
#4485),(#4486,#4487)),.SURF_OF_LINEAR_EXTRUSION.,.F.,.F.,.F.,(4,4),(2,2),
(0.,1.),(0.,1.),.PIECEWISE_BEZIER_KNOTS.);
#44=B_SPLINE_SURFACE_WITH_KNOTS('',3,1,((#4493,#4494),(#4495,#4496),(#4497,
#4498),(#4499,#4500)),.SURF_OF_LINEAR_EXTRUSION.,.F.,.F.,.F.,(4,4),(2,2),
(0.,1.),(0.,1.),.PIECEWISE_BEZIER_KNOTS.);
#45=B_SPLINE_SURFACE_WITH_KNOTS('',3,1,((#4506,#4507),(#4508,#4509),(#4510,
#4511),(#4512,#4513)),.SURF_OF_LINEAR_EXTRUSION.,.F.,.F.,.F.,(4,4),(2,2),
(0.,1.),(0.,1.),.PIECEWISE_BEZIER_KNOTS.);
#46=B_SPLINE_SURFACE_WITH_KNOTS('',3,1,((#4527,#4528),(#4529,#4530),(#4531,
#4532),(#4533,#4534)),.SURF_OF_LINEAR_EXTRUSION.,.F.,.F.,.F.,(4,4),(2,2),
(0.,1.),(0.,1.),.PIECEWISE_BEZIER_KNOTS.);
#47=B_SPLINE_SURFACE_WITH_KNOTS('',3,1,((#4540,#4541),(#4542,#4543),(#4544,
#4545),(#4546,#4547)),.SURF_OF_LINEAR_EXTRUSION.,.F.,.F.,.F.,(4,4),(2,2),
(0.,1.),(0.,1.),.PIECEWISE_BEZIER_KNOTS.);
#48=B_SPLINE_SURFACE_WITH_KNOTS('',3,1,((#4551,#4552),(#4553,#4554),(#4555,
#4556),(#4557,#4558)),.SURF_OF_LINEAR_EXTRUSION.,.F.,.F.,.F.,(4,4),(2,2),
(0.,1.),(0.,1.),.PIECEWISE_BEZIER_KNOTS.);
#49=B_SPLINE_SURFACE_WITH_KNOTS('',3,1,((#4566,#4567),(#4568,#4569),(#4570,
#4571),(#4572,#4573)),.SURF_OF_LINEAR_EXTRUSION.,.F.,.F.,.F.,(4,4),(2,2),
(0.,1.),(0.,1.),.PIECEWISE_BEZIER_KNOTS.);
#50=B_SPLINE_SURFACE_WITH_KNOTS('',3,1,((#4586,#4587),(#4588,#4589),(#4590,
#4591),(#4592,#4593)),.SURF_OF_LINEAR_EXTRUSION.,.F.,.F.,.F.,(4,4),(2,2),
(0.,1.),(0.,1.),.PIECEWISE_BEZIER_KNOTS.);
#51=B_SPLINE_SURFACE_WITH_KNOTS('',3,1,((#4603,#4604),(#4605,#4606),(#4607,
#4608),(#4609,#4610)),.SURF_OF_LINEAR_EXTRUSION.,.F.,.F.,.F.,(4,4),(2,2),
(0.,1.),(0.,1.),.PIECEWISE_BEZIER_KNOTS.);
#52=B_SPLINE_SURFACE_WITH_KNOTS('',3,1,((#4626,#4627),(#4628,#4629),(#4630,
#4631),(#4632,#4633)),.SURF_OF_LINEAR_EXTRUSION.,.F.,.F.,.F.,(4,4),(2,2),
(0.,1.),(0.,1.),.PIECEWISE_BEZIER_KNOTS.);
#53=B_SPLINE_SURFACE_WITH_KNOTS('',3,1,((#4643,#4644),(#4645,#4646),(#4647,
#4648),(#4649,#4650)),.SURF_OF_LINEAR_EXTRUSION.,.F.,.F.,.F.,(4,4),(2,2),
(0.,1.),(0.,1.),.PIECEWISE_BEZIER_KNOTS.);
#54=B_SPLINE_SURFACE_WITH_KNOTS('',3,1,((#4666,#4667),(#4668,#4669),(#4670,
#4671),(#4672,#4673)),.SURF_OF_LINEAR_EXTRUSION.,.F.,.F.,.F.,(4,4),(2,2),
(0.,1.),(0.,1.),.PIECEWISE_BEZIER_KNOTS.);
#55=B_SPLINE_SURFACE_WITH_KNOTS('',3,1,((#4686,#4687),(#4688,#4689),(#4690,
#4691),(#4692,#4693)),.SURF_OF_LINEAR_EXTRUSION.,.F.,.F.,.F.,(4,4),(2,2),
(0.,1.),(0.,1.),.PIECEWISE_BEZIER_KNOTS.);
#56=B_SPLINE_SURFACE_WITH_KNOTS('',3,1,((#4703,#4704),(#4705,#4706),(#4707,
#4708),(#4709,#4710)),.SURF_OF_LINEAR_EXTRUSION.,.F.,.F.,.F.,(4,4),(2,2),
(0.,1.),(0.,1.),.PIECEWISE_BEZIER_KNOTS.);
#57=B_SPLINE_SURFACE_WITH_KNOTS('',3,1,((#4720,#4721),(#4722,#4723),(#4724,
#4725),(#4726,#4727)),.SURF_OF_LINEAR_EXTRUSION.,.F.,.F.,.F.,(4,4),(2,2),
(0.,1.),(0.,1.),.PIECEWISE_BEZIER_KNOTS.);
#58=B_SPLINE_SURFACE_WITH_KNOTS('',3,1,((#4737,#4738),(#4739,#4740),(#4741,
#4742),(#4743,#4744)),.SURF_OF_LINEAR_EXTRUSION.,.F.,.F.,.F.,(4,4),(2,2),
(0.,1.),(0.,1.),.PIECEWISE_BEZIER_KNOTS.);
#59=B_SPLINE_SURFACE_WITH_KNOTS('',3,1,((#4754,#4755),(#4756,#4757),(#4758,
#4759),(#4760,#4761)),.SURF_OF_LINEAR_EXTRUSION.,.F.,.F.,.F.,(4,4),(2,2),
(0.,1.),(0.,1.),.PIECEWISE_BEZIER_KNOTS.);
#60=B_SPLINE_SURFACE_WITH_KNOTS('',3,1,((#4771,#4772),(#4773,#4774),(#4775,
#4776),(#4777,#4778)),.SURF_OF_LINEAR_EXTRUSION.,.F.,.F.,.F.,(4,4),(2,2),
(0.,1.),(0.,1.),.PIECEWISE_BEZIER_KNOTS.);
#61=B_SPLINE_SURFACE_WITH_KNOTS('',3,1,((#4786,#4787),(#4788,#4789),(#4790,
#4791),(#4792,#4793)),.SURF_OF_LINEAR_EXTRUSION.,.F.,.F.,.F.,(4,4),(2,2),
(0.,1.),(0.,1.),.PIECEWISE_BEZIER_KNOTS.);
#62=B_SPLINE_SURFACE_WITH_KNOTS('',3,1,((#4799,#4800),(#4801,#4802),(#4803,
#4804),(#4805,#4806)),.SURF_OF_LINEAR_EXTRUSION.,.F.,.F.,.F.,(4,4),(2,2),
(0.,1.),(0.,1.),.PIECEWISE_BEZIER_KNOTS.);
#63=B_SPLINE_SURFACE_WITH_KNOTS('',3,1,((#4816,#4817),(#4818,#4819),(#4820,
#4821),(#4822,#4823)),.SURF_OF_LINEAR_EXTRUSION.,.F.,.F.,.F.,(4,4),(2,2),
(0.,1.),(0.,1.),.PIECEWISE_BEZIER_KNOTS.);
#64=B_SPLINE_SURFACE_WITH_KNOTS('',3,1,((#4829,#4830),(#4831,#4832),(#4833,
#4834),(#4835,#4836)),.SURF_OF_LINEAR_EXTRUSION.,.F.,.F.,.F.,(4,4),(2,2),
(0.,1.),(0.,1.),.PIECEWISE_BEZIER_KNOTS.);
#65=B_SPLINE_SURFACE_WITH_KNOTS('',3,1,((#4842,#4843),(#4844,#4845),(#4846,
#4847),(#4848,#4849)),.SURF_OF_LINEAR_EXTRUSION.,.F.,.F.,.F.,(4,4),(2,2),
(0.,1.),(0.,1.),.PIECEWISE_BEZIER_KNOTS.);
#66=B_SPLINE_SURFACE_WITH_KNOTS('',3,1,((#4855,#4856),(#4857,#4858),(#4859,
#4860),(#4861,#4862)),.SURF_OF_LINEAR_EXTRUSION.,.F.,.F.,.F.,(4,4),(2,2),
(0.,1.),(0.,1.),.PIECEWISE_BEZIER_KNOTS.);
#67=B_SPLINE_SURFACE_WITH_KNOTS('',3,1,((#4868,#4869),(#4870,#4871),(#4872,
#4873),(#4874,#4875)),.SURF_OF_LINEAR_EXTRUSION.,.F.,.F.,.F.,(4,4),(2,2),
(0.,1.),(0.,1.),.PIECEWISE_BEZIER_KNOTS.);
#68=B_SPLINE_SURFACE_WITH_KNOTS('',3,1,((#4881,#4882),(#4883,#4884),(#4885,
#4886),(#4887,#4888)),.SURF_OF_LINEAR_EXTRUSION.,.F.,.F.,.F.,(4,4),(2,2),
(0.,1.),(0.,1.),.PIECEWISE_BEZIER_KNOTS.);
#69=B_SPLINE_SURFACE_WITH_KNOTS('',3,1,((#4894,#4895),(#4896,#4897),(#4898,
#4899),(#4900,#4901)),.SURF_OF_LINEAR_EXTRUSION.,.F.,.F.,.F.,(4,4),(2,2),
(0.,1.),(0.,1.),.PIECEWISE_BEZIER_KNOTS.);
#70=B_SPLINE_SURFACE_WITH_KNOTS('',3,1,((#4907,#4908),(#4909,#4910),(#4911,
#4912),(#4913,#4914)),.SURF_OF_LINEAR_EXTRUSION.,.F.,.F.,.F.,(4,4),(2,2),
(0.,1.),(0.,1.),.PIECEWISE_BEZIER_KNOTS.);
#71=B_SPLINE_SURFACE_WITH_KNOTS('',3,1,((#4920,#4921),(#4922,#4923),(#4924,
#4925),(#4926,#4927)),.SURF_OF_LINEAR_EXTRUSION.,.F.,.F.,.F.,(4,4),(2,2),
(0.,1.),(0.,1.),.PIECEWISE_BEZIER_KNOTS.);
#72=B_SPLINE_SURFACE_WITH_KNOTS('',3,1,((#4933,#4934),(#4935,#4936),(#4937,
#4938),(#4939,#4940)),.SURF_OF_LINEAR_EXTRUSION.,.F.,.F.,.F.,(4,4),(2,2),
(0.,1.),(0.,1.),.PIECEWISE_BEZIER_KNOTS.);
#73=B_SPLINE_SURFACE_WITH_KNOTS('',3,1,((#4946,#4947),(#4948,#4949),(#4950,
#4951),(#4952,#4953)),.SURF_OF_LINEAR_EXTRUSION.,.F.,.F.,.F.,(4,4),(2,2),
(0.,1.),(0.,1.),.PIECEWISE_BEZIER_KNOTS.);
#74=B_SPLINE_SURFACE_WITH_KNOTS('',3,1,((#4959,#4960),(#4961,#4962),(#4963,
#4964),(#4965,#4966)),.SURF_OF_LINEAR_EXTRUSION.,.F.,.F.,.F.,(4,4),(2,2),
(0.,1.),(0.,1.),.PIECEWISE_BEZIER_KNOTS.);
#75=B_SPLINE_SURFACE_WITH_KNOTS('',3,1,((#4973,#4974),(#4975,#4976),(#4977,
#4978),(#4979,#4980)),.SURF_OF_LINEAR_EXTRUSION.,.F.,.F.,.F.,(4,4),(2,2),
(0.,1.),(0.,1.),.PIECEWISE_BEZIER_KNOTS.);
#76=B_SPLINE_SURFACE_WITH_KNOTS('',3,1,((#4984,#4985),(#4986,#4987),(#4988,
#4989),(#4990,#4991)),.SURF_OF_LINEAR_EXTRUSION.,.F.,.F.,.F.,(4,4),(2,2),
(0.,1.),(0.,1.),.PIECEWISE_BEZIER_KNOTS.);
#77=B_SPLINE_SURFACE_WITH_KNOTS('',3,1,((#5018,#5019),(#5020,#5021),(#5022,
#5023),(#5024,#5025)),.SURF_OF_LINEAR_EXTRUSION.,.F.,.F.,.F.,(4,4),(2,2),
(0.,1.),(0.,1.),.PIECEWISE_BEZIER_KNOTS.);
#78=B_SPLINE_SURFACE_WITH_KNOTS('',3,1,((#5055,#5056),(#5057,#5058),(#5059,
#5060),(#5061,#5062)),.SURF_OF_LINEAR_EXTRUSION.,.F.,.F.,.F.,(4,4),(2,2),
(0.,1.),(0.,1.),.PIECEWISE_BEZIER_KNOTS.);
#79=CYLINDRICAL_SURFACE('',#2915,0.003415);
#80=CYLINDRICAL_SURFACE('',#2930,0.00155);
#81=CYLINDRICAL_SURFACE('',#2933,0.00155);
#82=CYLINDRICAL_SURFACE('',#2936,0.00155);
#83=CYLINDRICAL_SURFACE('',#2939,0.00155);
#84=CYLINDRICAL_SURFACE('',#2942,0.002);
#85=CYLINDRICAL_SURFACE('',#2945,0.002);
#86=CYLINDRICAL_SURFACE('',#2948,0.002);
#87=CYLINDRICAL_SURFACE('',#2951,0.002);
#88=CYLINDRICAL_SURFACE('',#2980,0.00650680876036486);
#89=CYLINDRICAL_SURFACE('',#2984,0.00140032124163118);
#90=CYLINDRICAL_SURFACE('',#2987,0.00135602899250487);
#91=CYLINDRICAL_SURFACE('',#2990,0.00303881228074769);
#92=CIRCLE('',#2900,0.00650680876036486);
#93=CIRCLE('',#2901,0.003415);
#94=CIRCLE('',#2902,0.00303881228074769);
#95=CIRCLE('',#2904,0.00155);
#96=CIRCLE('',#2905,0.00155);
#97=CIRCLE('',#2906,0.00155);
#98=CIRCLE('',#2907,0.00155);
#99=CIRCLE('',#2908,0.003415);
#100=CIRCLE('',#2923,0.002);
#101=CIRCLE('',#2924,0.002);
#102=CIRCLE('',#2925,0.002);
#103=CIRCLE('',#2926,0.002);
#104=CIRCLE('',#2931,0.00155);
#105=CIRCLE('',#2934,0.00155);
#106=CIRCLE('',#2937,0.00155);
#107=CIRCLE('',#2940,0.00155);
#108=CIRCLE('',#2943,0.002);
#109=CIRCLE('',#2946,0.002);
#110=CIRCLE('',#2949,0.002);
#111=CIRCLE('',#2952,0.002);
#112=CIRCLE('',#2981,0.00650680876036486);
#113=CIRCLE('',#2985,0.00140032124163118);
#114=CIRCLE('',#2986,0.00140032124163118);
#115=CIRCLE('',#2988,0.00135602899250487);
#116=CIRCLE('',#2989,0.00135602899250487);
#117=CIRCLE('',#2991,0.00303881228074769);
#118=B_SPLINE_CURVE_WITH_KNOTS('',2,(#3528,#3529,#3530),.UNSPECIFIED.,.F.,
 .F.,(3,3),(0.,1.),.PIECEWISE_BEZIER_KNOTS.);
#119=B_SPLINE_CURVE_WITH_KNOTS('',2,(#3533,#3534,#3535),.UNSPECIFIED.,.F.,
 .F.,(3,3),(0.,1.),.PIECEWISE_BEZIER_KNOTS.);
#120=B_SPLINE_CURVE_WITH_KNOTS('',2,(#3537,#3538,#3539),.UNSPECIFIED.,.F.,
 .F.,(3,3),(0.,1.),.PIECEWISE_BEZIER_KNOTS.);
#121=B_SPLINE_CURVE_WITH_KNOTS('',2,(#3541,#3542,#3543),.UNSPECIFIED.,.F.,
 .F.,(3,3),(0.,1.),.PIECEWISE_BEZIER_KNOTS.);
#122=B_SPLINE_CURVE_WITH_KNOTS('',2,(#3549,#3550,#3551),.UNSPECIFIED.,.F.,
 .F.,(3,3),(0.,1.),.PIECEWISE_BEZIER_KNOTS.);
#123=B_SPLINE_CURVE_WITH_KNOTS('',2,(#3553,#3554,#3555),.UNSPECIFIED.,.F.,
 .F.,(3,3),(0.,1.),.PIECEWISE_BEZIER_KNOTS.);
#124=B_SPLINE_CURVE_WITH_KNOTS('',2,(#3557,#3558,#3559),.UNSPECIFIED.,.F.,
 .F.,(3,3),(0.,1.),.PIECEWISE_BEZIER_KNOTS.);
#125=B_SPLINE_CURVE_WITH_KNOTS('',2,(#3563,#3564,#3565),.UNSPECIFIED.,.F.,
 .F.,(3,3),(0.,1.),.PIECEWISE_BEZIER_KNOTS.);
#126=B_SPLINE_CURVE_WITH_KNOTS('',2,(#3567,#3568,#3569),.UNSPECIFIED.,.F.,
 .F.,(3,3),(0.,1.),.PIECEWISE_BEZIER_KNOTS.);
#127=B_SPLINE_CURVE_WITH_KNOTS('',2,(#3571,#3572,#3573),.UNSPECIFIED.,.F.,
 .F.,(3,3),(0.,1.),.PIECEWISE_BEZIER_KNOTS.);
#128=B_SPLINE_CURVE_WITH_KNOTS('',2,(#3575,#3576,#3577),.UNSPECIFIED.,.F.,
 .F.,(3,3),(0.,1.),.PIECEWISE_BEZIER_KNOTS.);
#129=B_SPLINE_CURVE_WITH_KNOTS('',2,(#3579,#3580,#3581),.UNSPECIFIED.,.F.,
 .F.,(3,3),(0.,1.),.PIECEWISE_BEZIER_KNOTS.);
#130=B_SPLINE_CURVE_WITH_KNOTS('',2,(#3583,#3584,#3585),.UNSPECIFIED.,.F.,
 .F.,(3,3),(0.,1.),.PIECEWISE_BEZIER_KNOTS.);
#131=B_SPLINE_CURVE_WITH_KNOTS('',2,(#3587,#3588,#3589),.UNSPECIFIED.,.F.,
 .F.,(3,3),(0.,1.),.PIECEWISE_BEZIER_KNOTS.);
#132=B_SPLINE_CURVE_WITH_KNOTS('',2,(#3600,#3601,#3602),.UNSPECIFIED.,.F.,
 .F.,(3,3),(0.,1.),.PIECEWISE_BEZIER_KNOTS.);
#133=B_SPLINE_CURVE_WITH_KNOTS('',2,(#3605,#3606,#3607),.UNSPECIFIED.,.F.,
 .F.,(3,3),(0.,1.),.PIECEWISE_BEZIER_KNOTS.);
#134=B_SPLINE_CURVE_WITH_KNOTS('',2,(#3609,#3610,#3611),.UNSPECIFIED.,.F.,
 .F.,(3,3),(0.,1.),.PIECEWISE_BEZIER_KNOTS.);
#135=B_SPLINE_CURVE_WITH_KNOTS('',2,(#3613,#3614,#3615),.UNSPECIFIED.,.F.,
 .F.,(3,3),(0.,1.),.PIECEWISE_BEZIER_KNOTS.);
#136=B_SPLINE_CURVE_WITH_KNOTS('',2,(#3617,#3618,#3619),.UNSPECIFIED.,.F.,
 .F.,(3,3),(0.,1.),.PIECEWISE_BEZIER_KNOTS.);
#137=B_SPLINE_CURVE_WITH_KNOTS('',2,(#3621,#3622,#3623),.UNSPECIFIED.,.F.,
 .F.,(3,3),(0.,1.),.PIECEWISE_BEZIER_KNOTS.);
#138=B_SPLINE_CURVE_WITH_KNOTS('',2,(#3625,#3626,#3627),.UNSPECIFIED.,.F.,
 .F.,(3,3),(0.,1.),.PIECEWISE_BEZIER_KNOTS.);
#139=B_SPLINE_CURVE_WITH_KNOTS('',2,(#3629,#3630,#3631),.UNSPECIFIED.,.F.,
 .F.,(3,3),(0.,1.),.PIECEWISE_BEZIER_KNOTS.);
#140=B_SPLINE_CURVE_WITH_KNOTS('',2,(#3643,#3644,#3645),.UNSPECIFIED.,.F.,
 .F.,(3,3),(0.,1.),.PIECEWISE_BEZIER_KNOTS.);
#141=B_SPLINE_CURVE_WITH_KNOTS('',2,(#3678,#3679,#3680),.UNSPECIFIED.,.F.,
 .F.,(3,3),(0.,1.),.PIECEWISE_BEZIER_KNOTS.);
#142=B_SPLINE_CURVE_WITH_KNOTS('',2,(#3683,#3684,#3685),.UNSPECIFIED.,.F.,
 .F.,(3,3),(0.,1.),.PIECEWISE_BEZIER_KNOTS.);
#143=B_SPLINE_CURVE_WITH_KNOTS('',2,(#3687,#3688,#3689),.UNSPECIFIED.,.F.,
 .F.,(3,3),(0.,1.),.PIECEWISE_BEZIER_KNOTS.);
#144=B_SPLINE_CURVE_WITH_KNOTS('',2,(#3691,#3692,#3693),.UNSPECIFIED.,.F.,
 .F.,(3,3),(0.,1.),.PIECEWISE_BEZIER_KNOTS.);
#145=B_SPLINE_CURVE_WITH_KNOTS('',2,(#3695,#3696,#3697),.UNSPECIFIED.,.F.,
 .F.,(3,3),(0.,1.),.PIECEWISE_BEZIER_KNOTS.);
#146=B_SPLINE_CURVE_WITH_KNOTS('',2,(#3699,#3700,#3701),.UNSPECIFIED.,.F.,
 .F.,(3,3),(0.,1.),.PIECEWISE_BEZIER_KNOTS.);
#147=B_SPLINE_CURVE_WITH_KNOTS('',2,(#3703,#3704,#3705),.UNSPECIFIED.,.F.,
 .F.,(3,3),(0.,1.),.PIECEWISE_BEZIER_KNOTS.);
#148=B_SPLINE_CURVE_WITH_KNOTS('',2,(#3707,#3708,#3709),.UNSPECIFIED.,.F.,
 .F.,(3,3),(0.,1.),.PIECEWISE_BEZIER_KNOTS.);
#149=B_SPLINE_CURVE_WITH_KNOTS('',2,(#3711,#3712,#3713),.UNSPECIFIED.,.F.,
 .F.,(3,3),(0.,1.),.PIECEWISE_BEZIER_KNOTS.);
#150=B_SPLINE_CURVE_WITH_KNOTS('',2,(#3715,#3716,#3717),.UNSPECIFIED.,.F.,
 .F.,(3,3),(0.,1.),.PIECEWISE_BEZIER_KNOTS.);
#151=B_SPLINE_CURVE_WITH_KNOTS('',2,(#3719,#3720,#3721),.UNSPECIFIED.,.F.,
 .F.,(3,3),(0.,1.),.PIECEWISE_BEZIER_KNOTS.);
#152=B_SPLINE_CURVE_WITH_KNOTS('',2,(#3723,#3724,#3725),.UNSPECIFIED.,.F.,
 .F.,(3,3),(0.,1.),.PIECEWISE_BEZIER_KNOTS.);
#153=B_SPLINE_CURVE_WITH_KNOTS('',2,(#3727,#3728,#3729),.UNSPECIFIED.,.F.,
 .F.,(3,3),(0.,1.),.PIECEWISE_BEZIER_KNOTS.);
#154=B_SPLINE_CURVE_WITH_KNOTS('',2,(#3731,#3732,#3733),.UNSPECIFIED.,.F.,
 .F.,(3,3),(0.,1.),.PIECEWISE_BEZIER_KNOTS.);
#155=B_SPLINE_CURVE_WITH_KNOTS('',2,(#3737,#3738,#3739),.UNSPECIFIED.,.F.,
 .F.,(3,3),(0.,1.),.PIECEWISE_BEZIER_KNOTS.);
#156=B_SPLINE_CURVE_WITH_KNOTS('',2,(#3749,#3750,#3751),.UNSPECIFIED.,.F.,
 .F.,(3,3),(0.,1.),.PIECEWISE_BEZIER_KNOTS.);
#157=B_SPLINE_CURVE_WITH_KNOTS('',2,(#3765,#3766,#3767),.UNSPECIFIED.,.F.,
 .F.,(3,3),(0.,1.),.PIECEWISE_BEZIER_KNOTS.);
#158=B_SPLINE_CURVE_WITH_KNOTS('',2,(#3936,#3937,#3938),.UNSPECIFIED.,.F.,
 .F.,(3,3),(0.,1.),.PIECEWISE_BEZIER_KNOTS.);
#159=B_SPLINE_CURVE_WITH_KNOTS('',2,(#3943,#3944,#3945),.UNSPECIFIED.,.F.,
 .F.,(3,3),(0.,1.),.PIECEWISE_BEZIER_KNOTS.);
#160=B_SPLINE_CURVE_WITH_KNOTS('',2,(#3956,#3957,#3958),.UNSPECIFIED.,.F.,
 .F.,(3,3),(0.,1.),.PIECEWISE_BEZIER_KNOTS.);
#161=B_SPLINE_CURVE_WITH_KNOTS('',2,(#3962,#3963,#3964),.UNSPECIFIED.,.F.,
 .F.,(3,3),(0.,1.),.PIECEWISE_BEZIER_KNOTS.);
#162=B_SPLINE_CURVE_WITH_KNOTS('',2,(#3973,#3974,#3975),.UNSPECIFIED.,.F.,
 .F.,(3,3),(0.,1.),.PIECEWISE_BEZIER_KNOTS.);
#163=B_SPLINE_CURVE_WITH_KNOTS('',2,(#3979,#3980,#3981),.UNSPECIFIED.,.F.,
 .F.,(3,3),(0.,1.),.PIECEWISE_BEZIER_KNOTS.);
#164=B_SPLINE_CURVE_WITH_KNOTS('',2,(#3990,#3991,#3992),.UNSPECIFIED.,.F.,
 .F.,(3,3),(0.,1.),.PIECEWISE_BEZIER_KNOTS.);
#165=B_SPLINE_CURVE_WITH_KNOTS('',2,(#3996,#3997,#3998),.UNSPECIFIED.,.F.,
 .F.,(3,3),(0.,1.),.PIECEWISE_BEZIER_KNOTS.);
#166=B_SPLINE_CURVE_WITH_KNOTS('',2,(#4007,#4008,#4009),.UNSPECIFIED.,.F.,
 .F.,(3,3),(0.,1.),.PIECEWISE_BEZIER_KNOTS.);
#167=B_SPLINE_CURVE_WITH_KNOTS('',2,(#4013,#4014,#4015),.UNSPECIFIED.,.F.,
 .F.,(3,3),(0.,1.),.PIECEWISE_BEZIER_KNOTS.);
#168=B_SPLINE_CURVE_WITH_KNOTS('',2,(#4026,#4027,#4028),.UNSPECIFIED.,.F.,
 .F.,(3,3),(0.,1.),.PIECEWISE_BEZIER_KNOTS.);
#169=B_SPLINE_CURVE_WITH_KNOTS('',2,(#4041,#4042,#4043),.UNSPECIFIED.,.F.,
 .F.,(3,3),(0.,1.),.PIECEWISE_BEZIER_KNOTS.);
#170=B_SPLINE_CURVE_WITH_KNOTS('',2,(#4054,#4055,#4056),.UNSPECIFIED.,.F.,
 .F.,(3,3),(0.,1.),.PIECEWISE_BEZIER_KNOTS.);
#171=B_SPLINE_CURVE_WITH_KNOTS('',2,(#4067,#4068,#4069),.UNSPECIFIED.,.F.,
 .F.,(3,3),(0.,1.),.PIECEWISE_BEZIER_KNOTS.);
#172=B_SPLINE_CURVE_WITH_KNOTS('',2,(#4080,#4081,#4082),.UNSPECIFIED.,.F.,
 .F.,(3,3),(0.,1.),.PIECEWISE_BEZIER_KNOTS.);
#173=B_SPLINE_CURVE_WITH_KNOTS('',2,(#4093,#4094,#4095),.UNSPECIFIED.,.F.,
 .F.,(3,3),(0.,1.),.PIECEWISE_BEZIER_KNOTS.);
#174=B_SPLINE_CURVE_WITH_KNOTS('',2,(#4106,#4107,#4108),.UNSPECIFIED.,.F.,
 .F.,(3,3),(0.,1.),.PIECEWISE_BEZIER_KNOTS.);
#175=B_SPLINE_CURVE_WITH_KNOTS('',2,(#4117,#4118,#4119),.UNSPECIFIED.,.F.,
 .F.,(3,3),(0.,1.),.PIECEWISE_BEZIER_KNOTS.);
#176=B_SPLINE_CURVE_WITH_KNOTS('',2,(#4128,#4129,#4130),.UNSPECIFIED.,.F.,
 .F.,(3,3),(0.,1.),.PIECEWISE_BEZIER_KNOTS.);
#177=B_SPLINE_CURVE_WITH_KNOTS('',2,(#4131,#4132,#4133),.UNSPECIFIED.,.F.,
 .F.,(3,3),(0.,1.),.PIECEWISE_BEZIER_KNOTS.);
#178=B_SPLINE_CURVE_WITH_KNOTS('',2,(#4171,#4172,#4173),.UNSPECIFIED.,.F.,
 .F.,(3,3),(0.,1.),.PIECEWISE_BEZIER_KNOTS.);
#179=B_SPLINE_CURVE_WITH_KNOTS('',2,(#4243,#4244,#4245),.UNSPECIFIED.,.F.,
 .F.,(3,3),(0.,1.),.PIECEWISE_BEZIER_KNOTS.);
#180=B_SPLINE_CURVE_WITH_KNOTS('',2,(#4250,#4251,#4252),.UNSPECIFIED.,.F.,
 .F.,(3,3),(0.,1.),.PIECEWISE_BEZIER_KNOTS.);
#181=B_SPLINE_CURVE_WITH_KNOTS('',2,(#4263,#4264,#4265),.UNSPECIFIED.,.F.,
 .F.,(3,3),(0.,1.),.PIECEWISE_BEZIER_KNOTS.);
#182=B_SPLINE_CURVE_WITH_KNOTS('',2,(#4269,#4270,#4271),.UNSPECIFIED.,.F.,
 .F.,(3,3),(0.,1.),.PIECEWISE_BEZIER_KNOTS.);
#183=B_SPLINE_CURVE_WITH_KNOTS('',2,(#4280,#4281,#4282),.UNSPECIFIED.,.F.,
 .F.,(3,3),(0.,1.),.PIECEWISE_BEZIER_KNOTS.);
#184=B_SPLINE_CURVE_WITH_KNOTS('',2,(#4286,#4287,#4288),.UNSPECIFIED.,.F.,
 .F.,(3,3),(0.,1.),.PIECEWISE_BEZIER_KNOTS.);
#185=B_SPLINE_CURVE_WITH_KNOTS('',2,(#4297,#4298,#4299),.UNSPECIFIED.,.F.,
 .F.,(3,3),(0.,1.),.PIECEWISE_BEZIER_KNOTS.);
#186=B_SPLINE_CURVE_WITH_KNOTS('',2,(#4303,#4304,#4305),.UNSPECIFIED.,.F.,
 .F.,(3,3),(0.,1.),.PIECEWISE_BEZIER_KNOTS.);
#187=B_SPLINE_CURVE_WITH_KNOTS('',2,(#4314,#4315,#4316),.UNSPECIFIED.,.F.,
 .F.,(3,3),(0.,1.),.PIECEWISE_BEZIER_KNOTS.);
#188=B_SPLINE_CURVE_WITH_KNOTS('',2,(#4320,#4321,#4322),.UNSPECIFIED.,.F.,
 .F.,(3,3),(0.,1.),.PIECEWISE_BEZIER_KNOTS.);
#189=B_SPLINE_CURVE_WITH_KNOTS('',2,(#4331,#4332,#4333),.UNSPECIFIED.,.F.,
 .F.,(3,3),(0.,1.),.PIECEWISE_BEZIER_KNOTS.);
#190=B_SPLINE_CURVE_WITH_KNOTS('',2,(#4337,#4338,#4339),.UNSPECIFIED.,.F.,
 .F.,(3,3),(0.,1.),.PIECEWISE_BEZIER_KNOTS.);
#191=B_SPLINE_CURVE_WITH_KNOTS('',2,(#4348,#4349,#4350),.UNSPECIFIED.,.F.,
 .F.,(3,3),(0.,1.),.PIECEWISE_BEZIER_KNOTS.);
#192=B_SPLINE_CURVE_WITH_KNOTS('',2,(#4354,#4355,#4356),.UNSPECIFIED.,.F.,
 .F.,(3,3),(0.,1.),.PIECEWISE_BEZIER_KNOTS.);
#193=B_SPLINE_CURVE_WITH_KNOTS('',2,(#4367,#4368,#4369),.UNSPECIFIED.,.F.,
 .F.,(3,3),(0.,1.),.PIECEWISE_BEZIER_KNOTS.);
#194=B_SPLINE_CURVE_WITH_KNOTS('',2,(#4382,#4383,#4384),.UNSPECIFIED.,.F.,
 .F.,(3,3),(0.,1.),.PIECEWISE_BEZIER_KNOTS.);
#195=B_SPLINE_CURVE_WITH_KNOTS('',2,(#4395,#4396,#4397),.UNSPECIFIED.,.F.,
 .F.,(3,3),(0.,1.),.PIECEWISE_BEZIER_KNOTS.);
#196=B_SPLINE_CURVE_WITH_KNOTS('',2,(#4408,#4409,#4410),.UNSPECIFIED.,.F.,
 .F.,(3,3),(0.,1.),.PIECEWISE_BEZIER_KNOTS.);
#197=B_SPLINE_CURVE_WITH_KNOTS('',2,(#4421,#4422,#4423),.UNSPECIFIED.,.F.,
 .F.,(3,3),(0.,1.),.PIECEWISE_BEZIER_KNOTS.);
#198=B_SPLINE_CURVE_WITH_KNOTS('',2,(#4434,#4435,#4436),.UNSPECIFIED.,.F.,
 .F.,(3,3),(0.,1.),.PIECEWISE_BEZIER_KNOTS.);
#199=B_SPLINE_CURVE_WITH_KNOTS('',2,(#4447,#4448,#4449),.UNSPECIFIED.,.F.,
 .F.,(3,3),(0.,1.),.PIECEWISE_BEZIER_KNOTS.);
#200=B_SPLINE_CURVE_WITH_KNOTS('',2,(#4460,#4461,#4462),.UNSPECIFIED.,.F.,
 .F.,(3,3),(0.,1.),.PIECEWISE_BEZIER_KNOTS.);
#201=B_SPLINE_CURVE_WITH_KNOTS('',2,(#4473,#4474,#4475),.UNSPECIFIED.,.F.,
 .F.,(3,3),(0.,1.),.PIECEWISE_BEZIER_KNOTS.);
#202=B_SPLINE_CURVE_WITH_KNOTS('',2,(#4490,#4491,#4492),.UNSPECIFIED.,.F.,
 .F.,(3,3),(0.,1.),.PIECEWISE_BEZIER_KNOTS.);
#203=B_SPLINE_CURVE_WITH_KNOTS('',2,(#4503,#4504,#4505),.UNSPECIFIED.,.F.,
 .F.,(3,3),(0.,1.),.PIECEWISE_BEZIER_KNOTS.);
#204=B_SPLINE_CURVE_WITH_KNOTS('',2,(#4516,#4517,#4518),.UNSPECIFIED.,.F.,
 .F.,(3,3),(0.,1.),.PIECEWISE_BEZIER_KNOTS.);
#205=B_SPLINE_CURVE_WITH_KNOTS('',2,(#4537,#4538,#4539),.UNSPECIFIED.,.F.,
 .F.,(3,3),(0.,1.),.PIECEWISE_BEZIER_KNOTS.);
#206=B_SPLINE_CURVE_WITH_KNOTS('',2,(#4548,#4549,#4550),.UNSPECIFIED.,.F.,
 .F.,(3,3),(0.,1.),.PIECEWISE_BEZIER_KNOTS.);
#207=B_SPLINE_CURVE_WITH_KNOTS('',2,(#4559,#4560,#4561),.UNSPECIFIED.,.F.,
 .F.,(3,3),(0.,1.),.PIECEWISE_BEZIER_KNOTS.);
#208=B_SPLINE_CURVE_WITH_KNOTS('',2,(#4562,#4563,#4564),.UNSPECIFIED.,.F.,
 .F.,(3,3),(0.,1.),.PIECEWISE_BEZIER_KNOTS.);
#209=B_SPLINE_CURVE_WITH_KNOTS('',2,(#4574,#4575,#4576),.UNSPECIFIED.,.F.,
 .F.,(3,3),(0.,1.),.PIECEWISE_BEZIER_KNOTS.);
#210=B_SPLINE_CURVE_WITH_KNOTS('',2,(#4581,#4582,#4583),.UNSPECIFIED.,.F.,
 .F.,(3,3),(0.,1.),.PIECEWISE_BEZIER_KNOTS.);
#211=B_SPLINE_CURVE_WITH_KNOTS('',2,(#4594,#4595,#4596),.UNSPECIFIED.,.F.,
 .F.,(3,3),(0.,1.),.PIECEWISE_BEZIER_KNOTS.);
#212=B_SPLINE_CURVE_WITH_KNOTS('',2,(#4600,#4601,#4602),.UNSPECIFIED.,.F.,
 .F.,(3,3),(0.,1.),.PIECEWISE_BEZIER_KNOTS.);
#213=B_SPLINE_CURVE_WITH_KNOTS('',2,(#4611,#4612,#4613),.UNSPECIFIED.,.F.,
 .F.,(3,3),(0.,1.),.PIECEWISE_BEZIER_KNOTS.);
#214=B_SPLINE_CURVE_WITH_KNOTS('',2,(#4617,#4618,#4619),.UNSPECIFIED.,.F.,
 .F.,(3,3),(0.,1.),.PIECEWISE_BEZIER_KNOTS.);
#215=B_SPLINE_CURVE_WITH_KNOTS('',2,(#4634,#4635,#4636),.UNSPECIFIED.,.F.,
 .F.,(3,3),(0.,1.),.PIECEWISE_BEZIER_KNOTS.);
#216=B_SPLINE_CURVE_WITH_KNOTS('',2,(#4640,#4641,#4642),.UNSPECIFIED.,.F.,
 .F.,(3,3),(0.,1.),.PIECEWISE_BEZIER_KNOTS.);
#217=B_SPLINE_CURVE_WITH_KNOTS('',2,(#4651,#4652,#4653),.UNSPECIFIED.,.F.,
 .F.,(3,3),(0.,1.),.PIECEWISE_BEZIER_KNOTS.);
#218=B_SPLINE_CURVE_WITH_KNOTS('',2,(#4657,#4658,#4659),.UNSPECIFIED.,.F.,
 .F.,(3,3),(0.,1.),.PIECEWISE_BEZIER_KNOTS.);
#219=B_SPLINE_CURVE_WITH_KNOTS('',2,(#4674,#4675,#4676),.UNSPECIFIED.,.F.,
 .F.,(3,3),(0.,1.),.PIECEWISE_BEZIER_KNOTS.);
#220=B_SPLINE_CURVE_WITH_KNOTS('',2,(#4681,#4682,#4683),.UNSPECIFIED.,.F.,
 .F.,(3,3),(0.,1.),.PIECEWISE_BEZIER_KNOTS.);
#221=B_SPLINE_CURVE_WITH_KNOTS('',2,(#4694,#4695,#4696),.UNSPECIFIED.,.F.,
 .F.,(3,3),(0.,1.),.PIECEWISE_BEZIER_KNOTS.);
#222=B_SPLINE_CURVE_WITH_KNOTS('',2,(#4700,#4701,#4702),.UNSPECIFIED.,.F.,
 .F.,(3,3),(0.,1.),.PIECEWISE_BEZIER_KNOTS.);
#223=B_SPLINE_CURVE_WITH_KNOTS('',2,(#4711,#4712,#4713),.UNSPECIFIED.,.F.,
 .F.,(3,3),(0.,1.),.PIECEWISE_BEZIER_KNOTS.);
#224=B_SPLINE_CURVE_WITH_KNOTS('',2,(#4717,#4718,#4719),.UNSPECIFIED.,.F.,
 .F.,(3,3),(0.,1.),.PIECEWISE_BEZIER_KNOTS.);
#225=B_SPLINE_CURVE_WITH_KNOTS('',2,(#4728,#4729,#4730),.UNSPECIFIED.,.F.,
 .F.,(3,3),(0.,1.),.PIECEWISE_BEZIER_KNOTS.);
#226=B_SPLINE_CURVE_WITH_KNOTS('',2,(#4734,#4735,#4736),.UNSPECIFIED.,.F.,
 .F.,(3,3),(0.,1.),.PIECEWISE_BEZIER_KNOTS.);
#227=B_SPLINE_CURVE_WITH_KNOTS('',2,(#4745,#4746,#4747),.UNSPECIFIED.,.F.,
 .F.,(3,3),(0.,1.),.PIECEWISE_BEZIER_KNOTS.);
#228=B_SPLINE_CURVE_WITH_KNOTS('',2,(#4751,#4752,#4753),.UNSPECIFIED.,.F.,
 .F.,(3,3),(0.,1.),.PIECEWISE_BEZIER_KNOTS.);
#229=B_SPLINE_CURVE_WITH_KNOTS('',2,(#4762,#4763,#4764),.UNSPECIFIED.,.F.,
 .F.,(3,3),(0.,1.),.PIECEWISE_BEZIER_KNOTS.);
#230=B_SPLINE_CURVE_WITH_KNOTS('',2,(#4768,#4769,#4770),.UNSPECIFIED.,.F.,
 .F.,(3,3),(0.,1.),.PIECEWISE_BEZIER_KNOTS.);
#231=B_SPLINE_CURVE_WITH_KNOTS('',2,(#4781,#4782,#4783),.UNSPECIFIED.,.F.,
 .F.,(3,3),(0.,1.),.PIECEWISE_BEZIER_KNOTS.);
#232=B_SPLINE_CURVE_WITH_KNOTS('',2,(#4796,#4797,#4798),.UNSPECIFIED.,.F.,
 .F.,(3,3),(0.,1.),.PIECEWISE_BEZIER_KNOTS.);
#233=B_SPLINE_CURVE_WITH_KNOTS('',2,(#4809,#4810,#4811),.UNSPECIFIED.,.F.,
 .F.,(3,3),(0.,1.),.PIECEWISE_BEZIER_KNOTS.);
#234=B_SPLINE_CURVE_WITH_KNOTS('',2,(#4826,#4827,#4828),.UNSPECIFIED.,.F.,
 .F.,(3,3),(0.,1.),.PIECEWISE_BEZIER_KNOTS.);
#235=B_SPLINE_CURVE_WITH_KNOTS('',2,(#4839,#4840,#4841),.UNSPECIFIED.,.F.,
 .F.,(3,3),(0.,1.),.PIECEWISE_BEZIER_KNOTS.);
#236=B_SPLINE_CURVE_WITH_KNOTS('',2,(#4852,#4853,#4854),.UNSPECIFIED.,.F.,
 .F.,(3,3),(0.,1.),.PIECEWISE_BEZIER_KNOTS.);
#237=B_SPLINE_CURVE_WITH_KNOTS('',2,(#4865,#4866,#4867),.UNSPECIFIED.,.F.,
 .F.,(3,3),(0.,1.),.PIECEWISE_BEZIER_KNOTS.);
#238=B_SPLINE_CURVE_WITH_KNOTS('',2,(#4878,#4879,#4880),.UNSPECIFIED.,.F.,
 .F.,(3,3),(0.,1.),.PIECEWISE_BEZIER_KNOTS.);
#239=B_SPLINE_CURVE_WITH_KNOTS('',2,(#4891,#4892,#4893),.UNSPECIFIED.,.F.,
 .F.,(3,3),(0.,1.),.PIECEWISE_BEZIER_KNOTS.);
#240=B_SPLINE_CURVE_WITH_KNOTS('',2,(#4904,#4905,#4906),.UNSPECIFIED.,.F.,
 .F.,(3,3),(0.,1.),.PIECEWISE_BEZIER_KNOTS.);
#241=B_SPLINE_CURVE_WITH_KNOTS('',2,(#4917,#4918,#4919),.UNSPECIFIED.,.F.,
 .F.,(3,3),(0.,1.),.PIECEWISE_BEZIER_KNOTS.);
#242=B_SPLINE_CURVE_WITH_KNOTS('',2,(#4930,#4931,#4932),.UNSPECIFIED.,.F.,
 .F.,(3,3),(0.,1.),.PIECEWISE_BEZIER_KNOTS.);
#243=B_SPLINE_CURVE_WITH_KNOTS('',2,(#4943,#4944,#4945),.UNSPECIFIED.,.F.,
 .F.,(3,3),(0.,1.),.PIECEWISE_BEZIER_KNOTS.);
#244=B_SPLINE_CURVE_WITH_KNOTS('',2,(#4956,#4957,#4958),.UNSPECIFIED.,.F.,
 .F.,(3,3),(0.,1.),.PIECEWISE_BEZIER_KNOTS.);
#245=B_SPLINE_CURVE_WITH_KNOTS('',2,(#4967,#4968,#4969),.UNSPECIFIED.,.F.,
 .F.,(3,3),(0.,1.),.PIECEWISE_BEZIER_KNOTS.);
#246=B_SPLINE_CURVE_WITH_KNOTS('',2,(#4970,#4971,#4972),.UNSPECIFIED.,.F.,
 .F.,(3,3),(0.,1.),.PIECEWISE_BEZIER_KNOTS.);
#247=B_SPLINE_CURVE_WITH_KNOTS('',2,(#4981,#4982,#4983),.UNSPECIFIED.,.F.,
 .F.,(3,3),(0.,1.),.PIECEWISE_BEZIER_KNOTS.);
#248=B_SPLINE_CURVE_WITH_KNOTS('',2,(#4992,#4993,#4994),.UNSPECIFIED.,.F.,
 .F.,(3,3),(0.,1.),.PIECEWISE_BEZIER_KNOTS.);
#249=B_SPLINE_CURVE_WITH_KNOTS('',2,(#4995,#4996,#4997),.UNSPECIFIED.,.F.,
 .F.,(3,3),(0.,1.),.PIECEWISE_BEZIER_KNOTS.);
#250=B_SPLINE_CURVE_WITH_KNOTS('',2,(#5028,#5029,#5030),.UNSPECIFIED.,.F.,
 .F.,(3,3),(0.,1.),.PIECEWISE_BEZIER_KNOTS.);
#251=B_SPLINE_CURVE_WITH_KNOTS('',2,(#5065,#5066,#5067),.UNSPECIFIED.,.F.,
 .F.,(3,3),(0.,1.),.PIECEWISE_BEZIER_KNOTS.);
#252=ORIENTED_EDGE('',*,*,#1068,.T.);
#253=ORIENTED_EDGE('',*,*,#1069,.T.);
#254=ORIENTED_EDGE('',*,*,#1070,.T.);
#255=ORIENTED_EDGE('',*,*,#1071,.T.);
#256=ORIENTED_EDGE('',*,*,#1072,.T.);
#257=ORIENTED_EDGE('',*,*,#1073,.T.);
#258=ORIENTED_EDGE('',*,*,#1074,.T.);
#259=ORIENTED_EDGE('',*,*,#1075,.T.);
#260=ORIENTED_EDGE('',*,*,#1076,.T.);
#261=ORIENTED_EDGE('',*,*,#1077,.T.);
#262=ORIENTED_EDGE('',*,*,#1078,.T.);
#263=ORIENTED_EDGE('',*,*,#1079,.T.);
#264=ORIENTED_EDGE('',*,*,#1080,.T.);
#265=ORIENTED_EDGE('',*,*,#1081,.T.);
#266=ORIENTED_EDGE('',*,*,#1082,.T.);
#267=ORIENTED_EDGE('',*,*,#1083,.T.);
#268=ORIENTED_EDGE('',*,*,#1084,.T.);
#269=ORIENTED_EDGE('',*,*,#1085,.T.);
#270=ORIENTED_EDGE('',*,*,#1086,.T.);
#271=ORIENTED_EDGE('',*,*,#1087,.T.);
#272=ORIENTED_EDGE('',*,*,#1088,.T.);
#273=ORIENTED_EDGE('',*,*,#1089,.F.);
#274=ORIENTED_EDGE('',*,*,#1090,.F.);
#275=ORIENTED_EDGE('',*,*,#1091,.F.);
#276=ORIENTED_EDGE('',*,*,#1092,.F.);
#277=ORIENTED_EDGE('',*,*,#1093,.F.);
#278=ORIENTED_EDGE('',*,*,#1094,.T.);
#279=ORIENTED_EDGE('',*,*,#1095,.T.);
#280=ORIENTED_EDGE('',*,*,#1096,.T.);
#281=ORIENTED_EDGE('',*,*,#1097,.T.);
#282=ORIENTED_EDGE('',*,*,#1098,.T.);
#283=ORIENTED_EDGE('',*,*,#1099,.T.);
#284=ORIENTED_EDGE('',*,*,#1100,.T.);
#285=ORIENTED_EDGE('',*,*,#1101,.T.);
#286=ORIENTED_EDGE('',*,*,#1102,.T.);
#287=ORIENTED_EDGE('',*,*,#1103,.T.);
#288=ORIENTED_EDGE('',*,*,#1104,.T.);
#289=ORIENTED_EDGE('',*,*,#1105,.T.);
#290=ORIENTED_EDGE('',*,*,#1106,.T.);
#291=ORIENTED_EDGE('',*,*,#1107,.T.);
#292=ORIENTED_EDGE('',*,*,#1108,.T.);
#293=ORIENTED_EDGE('',*,*,#1109,.T.);
#294=ORIENTED_EDGE('',*,*,#1110,.T.);
#295=ORIENTED_EDGE('',*,*,#1111,.T.);
#296=ORIENTED_EDGE('',*,*,#1112,.T.);
#297=ORIENTED_EDGE('',*,*,#1113,.T.);
#298=ORIENTED_EDGE('',*,*,#1114,.T.);
#299=ORIENTED_EDGE('',*,*,#1115,.T.);
#300=ORIENTED_EDGE('',*,*,#1116,.T.);
#301=ORIENTED_EDGE('',*,*,#1117,.T.);
#302=ORIENTED_EDGE('',*,*,#1118,.T.);
#303=ORIENTED_EDGE('',*,*,#1119,.T.);
#304=ORIENTED_EDGE('',*,*,#1120,.T.);
#305=ORIENTED_EDGE('',*,*,#1121,.T.);
#306=ORIENTED_EDGE('',*,*,#1122,.T.);
#307=ORIENTED_EDGE('',*,*,#1123,.T.);
#308=ORIENTED_EDGE('',*,*,#1124,.T.);
#309=ORIENTED_EDGE('',*,*,#1125,.T.);
#310=ORIENTED_EDGE('',*,*,#1126,.T.);
#311=ORIENTED_EDGE('',*,*,#1127,.T.);
#312=ORIENTED_EDGE('',*,*,#1128,.T.);
#313=ORIENTED_EDGE('',*,*,#1129,.T.);
#314=ORIENTED_EDGE('',*,*,#1130,.T.);
#315=ORIENTED_EDGE('',*,*,#1131,.T.);
#316=ORIENTED_EDGE('',*,*,#1132,.T.);
#317=ORIENTED_EDGE('',*,*,#1133,.T.);
#318=ORIENTED_EDGE('',*,*,#1134,.T.);
#319=ORIENTED_EDGE('',*,*,#1135,.T.);
#320=ORIENTED_EDGE('',*,*,#1136,.T.);
#321=ORIENTED_EDGE('',*,*,#1137,.T.);
#322=ORIENTED_EDGE('',*,*,#1138,.T.);
#323=ORIENTED_EDGE('',*,*,#1139,.T.);
#324=ORIENTED_EDGE('',*,*,#1140,.T.);
#325=ORIENTED_EDGE('',*,*,#1141,.T.);
#326=ORIENTED_EDGE('',*,*,#1142,.T.);
#327=ORIENTED_EDGE('',*,*,#1143,.T.);
#328=ORIENTED_EDGE('',*,*,#1144,.T.);
#329=ORIENTED_EDGE('',*,*,#1145,.T.);
#330=ORIENTED_EDGE('',*,*,#1146,.T.);
#331=ORIENTED_EDGE('',*,*,#1147,.T.);
#332=ORIENTED_EDGE('',*,*,#1148,.T.);
#333=ORIENTED_EDGE('',*,*,#1149,.T.);
#334=ORIENTED_EDGE('',*,*,#1150,.T.);
#335=ORIENTED_EDGE('',*,*,#1151,.T.);
#336=ORIENTED_EDGE('',*,*,#1152,.T.);
#337=ORIENTED_EDGE('',*,*,#1153,.T.);
#338=ORIENTED_EDGE('',*,*,#1154,.F.);
#339=ORIENTED_EDGE('',*,*,#1155,.F.);
#340=ORIENTED_EDGE('',*,*,#1156,.F.);
#341=ORIENTED_EDGE('',*,*,#1157,.F.);
#342=ORIENTED_EDGE('',*,*,#1158,.T.);
#343=ORIENTED_EDGE('',*,*,#1159,.T.);
#344=ORIENTED_EDGE('',*,*,#1160,.T.);
#345=ORIENTED_EDGE('',*,*,#1161,.T.);
#346=ORIENTED_EDGE('',*,*,#1162,.T.);
#347=ORIENTED_EDGE('',*,*,#1163,.F.);
#348=ORIENTED_EDGE('',*,*,#1164,.T.);
#349=ORIENTED_EDGE('',*,*,#1165,.T.);
#350=ORIENTED_EDGE('',*,*,#1166,.F.);
#351=ORIENTED_EDGE('',*,*,#1167,.T.);
#352=ORIENTED_EDGE('',*,*,#1168,.T.);
#353=ORIENTED_EDGE('',*,*,#1169,.F.);
#354=ORIENTED_EDGE('',*,*,#1170,.T.);
#355=ORIENTED_EDGE('',*,*,#1171,.T.);
#356=ORIENTED_EDGE('',*,*,#1172,.T.);
#357=ORIENTED_EDGE('',*,*,#1173,.T.);
#358=ORIENTED_EDGE('',*,*,#1174,.T.);
#359=ORIENTED_EDGE('',*,*,#1175,.T.);
#360=ORIENTED_EDGE('',*,*,#1176,.F.);
#361=ORIENTED_EDGE('',*,*,#1177,.F.);
#362=ORIENTED_EDGE('',*,*,#1178,.F.);
#363=ORIENTED_EDGE('',*,*,#1179,.T.);
#364=ORIENTED_EDGE('',*,*,#1180,.T.);
#365=ORIENTED_EDGE('',*,*,#1181,.T.);
#366=ORIENTED_EDGE('',*,*,#1182,.T.);
#367=ORIENTED_EDGE('',*,*,#1090,.T.);
#368=ORIENTED_EDGE('',*,*,#1183,.F.);
#369=ORIENTED_EDGE('',*,*,#1159,.F.);
#370=ORIENTED_EDGE('',*,*,#1184,.T.);
#371=ORIENTED_EDGE('',*,*,#1091,.T.);
#372=ORIENTED_EDGE('',*,*,#1184,.F.);
#373=ORIENTED_EDGE('',*,*,#1162,.F.);
#374=ORIENTED_EDGE('',*,*,#1185,.T.);
#375=ORIENTED_EDGE('',*,*,#1092,.T.);
#376=ORIENTED_EDGE('',*,*,#1185,.F.);
#377=ORIENTED_EDGE('',*,*,#1161,.F.);
#378=ORIENTED_EDGE('',*,*,#1186,.T.);
#379=ORIENTED_EDGE('',*,*,#1158,.F.);
#380=ORIENTED_EDGE('',*,*,#1089,.T.);
#381=ORIENTED_EDGE('',*,*,#1093,.T.);
#382=ORIENTED_EDGE('',*,*,#1186,.F.);
#383=ORIENTED_EDGE('',*,*,#1160,.F.);
#384=ORIENTED_EDGE('',*,*,#1183,.T.);
#385=ORIENTED_EDGE('',*,*,#1187,.T.);
#386=ORIENTED_EDGE('',*,*,#1188,.T.);
#387=ORIENTED_EDGE('',*,*,#1189,.F.);
#388=ORIENTED_EDGE('',*,*,#1190,.T.);
#389=ORIENTED_EDGE('',*,*,#1191,.F.);
#390=ORIENTED_EDGE('',*,*,#1192,.T.);
#391=ORIENTED_EDGE('',*,*,#1163,.T.);
#392=ORIENTED_EDGE('',*,*,#1193,.F.);
#393=ORIENTED_EDGE('',*,*,#1194,.F.);
#394=ORIENTED_EDGE('',*,*,#1195,.T.);
#395=ORIENTED_EDGE('',*,*,#1196,.T.);
#396=ORIENTED_EDGE('',*,*,#1197,.T.);
#397=ORIENTED_EDGE('',*,*,#1198,.F.);
#398=ORIENTED_EDGE('',*,*,#1193,.T.);
#399=ORIENTED_EDGE('',*,*,#1166,.T.);
#400=ORIENTED_EDGE('',*,*,#1199,.F.);
#401=ORIENTED_EDGE('',*,*,#1192,.F.);
#402=ORIENTED_EDGE('',*,*,#1200,.T.);
#403=ORIENTED_EDGE('',*,*,#1201,.T.);
#404=ORIENTED_EDGE('',*,*,#1164,.F.);
#405=ORIENTED_EDGE('',*,*,#1201,.F.);
#406=ORIENTED_EDGE('',*,*,#1202,.T.);
#407=ORIENTED_EDGE('',*,*,#1199,.T.);
#408=ORIENTED_EDGE('',*,*,#1165,.F.);
#409=ORIENTED_EDGE('',*,*,#1203,.F.);
#410=ORIENTED_EDGE('',*,*,#1204,.F.);
#411=ORIENTED_EDGE('',*,*,#1205,.F.);
#412=ORIENTED_EDGE('',*,*,#1206,.F.);
#413=ORIENTED_EDGE('',*,*,#1189,.T.);
#414=ORIENTED_EDGE('',*,*,#1207,.T.);
#415=ORIENTED_EDGE('',*,*,#1179,.F.);
#416=ORIENTED_EDGE('',*,*,#1208,.T.);
#417=ORIENTED_EDGE('',*,*,#1171,.F.);
#418=ORIENTED_EDGE('',*,*,#1209,.F.);
#419=ORIENTED_EDGE('',*,*,#1194,.T.);
#420=ORIENTED_EDGE('',*,*,#1202,.F.);
#421=ORIENTED_EDGE('',*,*,#1200,.F.);
#422=ORIENTED_EDGE('',*,*,#1191,.T.);
#423=ORIENTED_EDGE('',*,*,#1198,.T.);
#424=ORIENTED_EDGE('',*,*,#1210,.F.);
#425=ORIENTED_EDGE('',*,*,#1175,.F.);
#426=ORIENTED_EDGE('',*,*,#1211,.T.);
#427=ORIENTED_EDGE('',*,*,#1169,.T.);
#428=ORIENTED_EDGE('',*,*,#1212,.T.);
#429=ORIENTED_EDGE('',*,*,#1213,.T.);
#430=ORIENTED_EDGE('',*,*,#1177,.T.);
#431=ORIENTED_EDGE('',*,*,#1214,.F.);
#432=ORIENTED_EDGE('',*,*,#1196,.F.);
#433=ORIENTED_EDGE('',*,*,#1209,.T.);
#434=ORIENTED_EDGE('',*,*,#1178,.T.);
#435=ORIENTED_EDGE('',*,*,#1213,.F.);
#436=ORIENTED_EDGE('',*,*,#1195,.F.);
#437=ORIENTED_EDGE('',*,*,#1210,.T.);
#438=ORIENTED_EDGE('',*,*,#1197,.F.);
#439=ORIENTED_EDGE('',*,*,#1214,.T.);
#440=ORIENTED_EDGE('',*,*,#1176,.T.);
#441=ORIENTED_EDGE('',*,*,#1215,.F.);
#442=ORIENTED_EDGE('',*,*,#1157,.T.);
#443=ORIENTED_EDGE('',*,*,#1215,.T.);
#444=ORIENTED_EDGE('',*,*,#1216,.F.);
#445=ORIENTED_EDGE('',*,*,#1156,.T.);
#446=ORIENTED_EDGE('',*,*,#1216,.T.);
#447=ORIENTED_EDGE('',*,*,#1217,.F.);
#448=ORIENTED_EDGE('',*,*,#1155,.T.);
#449=ORIENTED_EDGE('',*,*,#1217,.T.);
#450=ORIENTED_EDGE('',*,*,#1218,.F.);
#451=ORIENTED_EDGE('',*,*,#1154,.T.);
#452=ORIENTED_EDGE('',*,*,#1218,.T.);
#453=ORIENTED_EDGE('',*,*,#1206,.T.);
#454=ORIENTED_EDGE('',*,*,#1219,.F.);
#455=ORIENTED_EDGE('',*,*,#1219,.T.);
#456=ORIENTED_EDGE('',*,*,#1205,.T.);
#457=ORIENTED_EDGE('',*,*,#1220,.F.);
#458=ORIENTED_EDGE('',*,*,#1220,.T.);
#459=ORIENTED_EDGE('',*,*,#1204,.T.);
#460=ORIENTED_EDGE('',*,*,#1221,.F.);
#461=ORIENTED_EDGE('',*,*,#1221,.T.);
#462=ORIENTED_EDGE('',*,*,#1203,.T.);
#463=ORIENTED_EDGE('',*,*,#1222,.F.);
#464=ORIENTED_EDGE('',*,*,#1222,.T.);
#465=ORIENTED_EDGE('',*,*,#1223,.F.);
#466=ORIENTED_EDGE('',*,*,#1224,.F.);
#467=ORIENTED_EDGE('',*,*,#1225,.T.);
#468=ORIENTED_EDGE('',*,*,#1226,.T.);
#469=ORIENTED_EDGE('',*,*,#1227,.F.);
#470=ORIENTED_EDGE('',*,*,#1228,.F.);
#471=ORIENTED_EDGE('',*,*,#1229,.T.);
#472=ORIENTED_EDGE('',*,*,#1224,.T.);
#473=ORIENTED_EDGE('',*,*,#1230,.F.);
#474=ORIENTED_EDGE('',*,*,#1231,.F.);
#475=ORIENTED_EDGE('',*,*,#1232,.T.);
#476=ORIENTED_EDGE('',*,*,#1228,.T.);
#477=ORIENTED_EDGE('',*,*,#1233,.F.);
#478=ORIENTED_EDGE('',*,*,#1234,.F.);
#479=ORIENTED_EDGE('',*,*,#1235,.T.);
#480=ORIENTED_EDGE('',*,*,#1231,.T.);
#481=ORIENTED_EDGE('',*,*,#1236,.F.);
#482=ORIENTED_EDGE('',*,*,#1237,.F.);
#483=ORIENTED_EDGE('',*,*,#1238,.T.);
#484=ORIENTED_EDGE('',*,*,#1234,.T.);
#485=ORIENTED_EDGE('',*,*,#1095,.F.);
#486=ORIENTED_EDGE('',*,*,#1239,.F.);
#487=ORIENTED_EDGE('',*,*,#1240,.T.);
#488=ORIENTED_EDGE('',*,*,#1241,.T.);
#489=ORIENTED_EDGE('',*,*,#1094,.F.);
#490=ORIENTED_EDGE('',*,*,#1242,.F.);
#491=ORIENTED_EDGE('',*,*,#1243,.T.);
#492=ORIENTED_EDGE('',*,*,#1239,.T.);
#493=ORIENTED_EDGE('',*,*,#1101,.F.);
#494=ORIENTED_EDGE('',*,*,#1244,.F.);
#495=ORIENTED_EDGE('',*,*,#1245,.T.);
#496=ORIENTED_EDGE('',*,*,#1242,.T.);
#497=ORIENTED_EDGE('',*,*,#1100,.F.);
#498=ORIENTED_EDGE('',*,*,#1246,.F.);
#499=ORIENTED_EDGE('',*,*,#1247,.T.);
#500=ORIENTED_EDGE('',*,*,#1244,.T.);
#501=ORIENTED_EDGE('',*,*,#1099,.F.);
#502=ORIENTED_EDGE('',*,*,#1248,.F.);
#503=ORIENTED_EDGE('',*,*,#1249,.T.);
#504=ORIENTED_EDGE('',*,*,#1246,.T.);
#505=ORIENTED_EDGE('',*,*,#1098,.F.);
#506=ORIENTED_EDGE('',*,*,#1250,.F.);
#507=ORIENTED_EDGE('',*,*,#1251,.T.);
#508=ORIENTED_EDGE('',*,*,#1248,.T.);
#509=ORIENTED_EDGE('',*,*,#1097,.F.);
#510=ORIENTED_EDGE('',*,*,#1252,.F.);
#511=ORIENTED_EDGE('',*,*,#1253,.T.);
#512=ORIENTED_EDGE('',*,*,#1250,.T.);
#513=ORIENTED_EDGE('',*,*,#1096,.F.);
#514=ORIENTED_EDGE('',*,*,#1241,.F.);
#515=ORIENTED_EDGE('',*,*,#1254,.T.);
#516=ORIENTED_EDGE('',*,*,#1252,.T.);
#517=ORIENTED_EDGE('',*,*,#1255,.F.);
#518=ORIENTED_EDGE('',*,*,#1226,.F.);
#519=ORIENTED_EDGE('',*,*,#1256,.T.);
#520=ORIENTED_EDGE('',*,*,#1237,.T.);
#521=ORIENTED_EDGE('',*,*,#1240,.F.);
#522=ORIENTED_EDGE('',*,*,#1243,.F.);
#523=ORIENTED_EDGE('',*,*,#1245,.F.);
#524=ORIENTED_EDGE('',*,*,#1247,.F.);
#525=ORIENTED_EDGE('',*,*,#1249,.F.);
#526=ORIENTED_EDGE('',*,*,#1251,.F.);
#527=ORIENTED_EDGE('',*,*,#1253,.F.);
#528=ORIENTED_EDGE('',*,*,#1254,.F.);
#529=ORIENTED_EDGE('',*,*,#1225,.F.);
#530=ORIENTED_EDGE('',*,*,#1229,.F.);
#531=ORIENTED_EDGE('',*,*,#1232,.F.);
#532=ORIENTED_EDGE('',*,*,#1235,.F.);
#533=ORIENTED_EDGE('',*,*,#1238,.F.);
#534=ORIENTED_EDGE('',*,*,#1256,.F.);
#535=ORIENTED_EDGE('',*,*,#1103,.F.);
#536=ORIENTED_EDGE('',*,*,#1257,.F.);
#537=ORIENTED_EDGE('',*,*,#1258,.T.);
#538=ORIENTED_EDGE('',*,*,#1259,.T.);
#539=ORIENTED_EDGE('',*,*,#1102,.F.);
#540=ORIENTED_EDGE('',*,*,#1260,.F.);
#541=ORIENTED_EDGE('',*,*,#1261,.T.);
#542=ORIENTED_EDGE('',*,*,#1257,.T.);
#543=ORIENTED_EDGE('',*,*,#1111,.F.);
#544=ORIENTED_EDGE('',*,*,#1262,.F.);
#545=ORIENTED_EDGE('',*,*,#1263,.T.);
#546=ORIENTED_EDGE('',*,*,#1260,.T.);
#547=ORIENTED_EDGE('',*,*,#1110,.F.);
#548=ORIENTED_EDGE('',*,*,#1264,.F.);
#549=ORIENTED_EDGE('',*,*,#1265,.T.);
#550=ORIENTED_EDGE('',*,*,#1262,.T.);
#551=ORIENTED_EDGE('',*,*,#1109,.F.);
#552=ORIENTED_EDGE('',*,*,#1266,.F.);
#553=ORIENTED_EDGE('',*,*,#1267,.T.);
#554=ORIENTED_EDGE('',*,*,#1264,.T.);
#555=ORIENTED_EDGE('',*,*,#1108,.F.);
#556=ORIENTED_EDGE('',*,*,#1268,.F.);
#557=ORIENTED_EDGE('',*,*,#1269,.T.);
#558=ORIENTED_EDGE('',*,*,#1266,.T.);
#559=ORIENTED_EDGE('',*,*,#1107,.F.);
#560=ORIENTED_EDGE('',*,*,#1270,.F.);
#561=ORIENTED_EDGE('',*,*,#1271,.T.);
#562=ORIENTED_EDGE('',*,*,#1268,.T.);
#563=ORIENTED_EDGE('',*,*,#1106,.F.);
#564=ORIENTED_EDGE('',*,*,#1272,.F.);
#565=ORIENTED_EDGE('',*,*,#1273,.T.);
#566=ORIENTED_EDGE('',*,*,#1270,.T.);
#567=ORIENTED_EDGE('',*,*,#1105,.F.);
#568=ORIENTED_EDGE('',*,*,#1274,.F.);
#569=ORIENTED_EDGE('',*,*,#1275,.T.);
#570=ORIENTED_EDGE('',*,*,#1272,.T.);
#571=ORIENTED_EDGE('',*,*,#1104,.F.);
#572=ORIENTED_EDGE('',*,*,#1259,.F.);
#573=ORIENTED_EDGE('',*,*,#1276,.T.);
#574=ORIENTED_EDGE('',*,*,#1274,.T.);
#575=ORIENTED_EDGE('',*,*,#1258,.F.);
#576=ORIENTED_EDGE('',*,*,#1261,.F.);
#577=ORIENTED_EDGE('',*,*,#1263,.F.);
#578=ORIENTED_EDGE('',*,*,#1265,.F.);
#579=ORIENTED_EDGE('',*,*,#1267,.F.);
#580=ORIENTED_EDGE('',*,*,#1269,.F.);
#581=ORIENTED_EDGE('',*,*,#1271,.F.);
#582=ORIENTED_EDGE('',*,*,#1273,.F.);
#583=ORIENTED_EDGE('',*,*,#1275,.F.);
#584=ORIENTED_EDGE('',*,*,#1276,.F.);
#585=ORIENTED_EDGE('',*,*,#1113,.F.);
#586=ORIENTED_EDGE('',*,*,#1277,.F.);
#587=ORIENTED_EDGE('',*,*,#1278,.T.);
#588=ORIENTED_EDGE('',*,*,#1279,.T.);
#589=ORIENTED_EDGE('',*,*,#1112,.F.);
#590=ORIENTED_EDGE('',*,*,#1280,.F.);
#591=ORIENTED_EDGE('',*,*,#1281,.T.);
#592=ORIENTED_EDGE('',*,*,#1277,.T.);
#593=ORIENTED_EDGE('',*,*,#1115,.F.);
#594=ORIENTED_EDGE('',*,*,#1282,.F.);
#595=ORIENTED_EDGE('',*,*,#1283,.T.);
#596=ORIENTED_EDGE('',*,*,#1280,.T.);
#597=ORIENTED_EDGE('',*,*,#1114,.F.);
#598=ORIENTED_EDGE('',*,*,#1279,.F.);
#599=ORIENTED_EDGE('',*,*,#1284,.T.);
#600=ORIENTED_EDGE('',*,*,#1282,.T.);
#601=ORIENTED_EDGE('',*,*,#1278,.F.);
#602=ORIENTED_EDGE('',*,*,#1281,.F.);
#603=ORIENTED_EDGE('',*,*,#1283,.F.);
#604=ORIENTED_EDGE('',*,*,#1284,.F.);
#605=ORIENTED_EDGE('',*,*,#1117,.F.);
#606=ORIENTED_EDGE('',*,*,#1285,.F.);
#607=ORIENTED_EDGE('',*,*,#1286,.T.);
#608=ORIENTED_EDGE('',*,*,#1287,.T.);
#609=ORIENTED_EDGE('',*,*,#1116,.F.);
#610=ORIENTED_EDGE('',*,*,#1288,.F.);
#611=ORIENTED_EDGE('',*,*,#1289,.T.);
#612=ORIENTED_EDGE('',*,*,#1285,.T.);
#613=ORIENTED_EDGE('',*,*,#1123,.F.);
#614=ORIENTED_EDGE('',*,*,#1290,.F.);
#615=ORIENTED_EDGE('',*,*,#1291,.T.);
#616=ORIENTED_EDGE('',*,*,#1288,.T.);
#617=ORIENTED_EDGE('',*,*,#1122,.F.);
#618=ORIENTED_EDGE('',*,*,#1292,.F.);
#619=ORIENTED_EDGE('',*,*,#1293,.T.);
#620=ORIENTED_EDGE('',*,*,#1290,.T.);
#621=ORIENTED_EDGE('',*,*,#1121,.F.);
#622=ORIENTED_EDGE('',*,*,#1294,.F.);
#623=ORIENTED_EDGE('',*,*,#1295,.T.);
#624=ORIENTED_EDGE('',*,*,#1292,.T.);
#625=ORIENTED_EDGE('',*,*,#1120,.F.);
#626=ORIENTED_EDGE('',*,*,#1296,.F.);
#627=ORIENTED_EDGE('',*,*,#1297,.T.);
#628=ORIENTED_EDGE('',*,*,#1294,.T.);
#629=ORIENTED_EDGE('',*,*,#1119,.F.);
#630=ORIENTED_EDGE('',*,*,#1298,.F.);
#631=ORIENTED_EDGE('',*,*,#1299,.T.);
#632=ORIENTED_EDGE('',*,*,#1296,.T.);
#633=ORIENTED_EDGE('',*,*,#1118,.F.);
#634=ORIENTED_EDGE('',*,*,#1287,.F.);
#635=ORIENTED_EDGE('',*,*,#1300,.T.);
#636=ORIENTED_EDGE('',*,*,#1298,.T.);
#637=ORIENTED_EDGE('',*,*,#1286,.F.);
#638=ORIENTED_EDGE('',*,*,#1289,.F.);
#639=ORIENTED_EDGE('',*,*,#1291,.F.);
#640=ORIENTED_EDGE('',*,*,#1293,.F.);
#641=ORIENTED_EDGE('',*,*,#1295,.F.);
#642=ORIENTED_EDGE('',*,*,#1297,.F.);
#643=ORIENTED_EDGE('',*,*,#1299,.F.);
#644=ORIENTED_EDGE('',*,*,#1300,.F.);
#645=ORIENTED_EDGE('',*,*,#1301,.F.);
#646=ORIENTED_EDGE('',*,*,#1302,.F.);
#647=ORIENTED_EDGE('',*,*,#1303,.T.);
#648=ORIENTED_EDGE('',*,*,#1304,.T.);
#649=ORIENTED_EDGE('',*,*,#1305,.F.);
#650=ORIENTED_EDGE('',*,*,#1306,.F.);
#651=ORIENTED_EDGE('',*,*,#1307,.T.);
#652=ORIENTED_EDGE('',*,*,#1302,.T.);
#653=ORIENTED_EDGE('',*,*,#1308,.F.);
#654=ORIENTED_EDGE('',*,*,#1309,.F.);
#655=ORIENTED_EDGE('',*,*,#1310,.T.);
#656=ORIENTED_EDGE('',*,*,#1306,.T.);
#657=ORIENTED_EDGE('',*,*,#1311,.F.);
#658=ORIENTED_EDGE('',*,*,#1312,.F.);
#659=ORIENTED_EDGE('',*,*,#1313,.T.);
#660=ORIENTED_EDGE('',*,*,#1309,.T.);
#661=ORIENTED_EDGE('',*,*,#1314,.F.);
#662=ORIENTED_EDGE('',*,*,#1315,.F.);
#663=ORIENTED_EDGE('',*,*,#1316,.T.);
#664=ORIENTED_EDGE('',*,*,#1312,.T.);
#665=ORIENTED_EDGE('',*,*,#1317,.F.);
#666=ORIENTED_EDGE('',*,*,#1318,.F.);
#667=ORIENTED_EDGE('',*,*,#1319,.T.);
#668=ORIENTED_EDGE('',*,*,#1315,.T.);
#669=ORIENTED_EDGE('',*,*,#1320,.F.);
#670=ORIENTED_EDGE('',*,*,#1321,.F.);
#671=ORIENTED_EDGE('',*,*,#1322,.T.);
#672=ORIENTED_EDGE('',*,*,#1318,.T.);
#673=ORIENTED_EDGE('',*,*,#1073,.F.);
#674=ORIENTED_EDGE('',*,*,#1323,.F.);
#675=ORIENTED_EDGE('',*,*,#1324,.T.);
#676=ORIENTED_EDGE('',*,*,#1325,.T.);
#677=ORIENTED_EDGE('',*,*,#1072,.F.);
#678=ORIENTED_EDGE('',*,*,#1326,.F.);
#679=ORIENTED_EDGE('',*,*,#1327,.T.);
#680=ORIENTED_EDGE('',*,*,#1323,.T.);
#681=ORIENTED_EDGE('',*,*,#1088,.F.);
#682=ORIENTED_EDGE('',*,*,#1328,.F.);
#683=ORIENTED_EDGE('',*,*,#1329,.T.);
#684=ORIENTED_EDGE('',*,*,#1326,.T.);
#685=ORIENTED_EDGE('',*,*,#1087,.F.);
#686=ORIENTED_EDGE('',*,*,#1330,.F.);
#687=ORIENTED_EDGE('',*,*,#1331,.T.);
#688=ORIENTED_EDGE('',*,*,#1328,.T.);
#689=ORIENTED_EDGE('',*,*,#1086,.F.);
#690=ORIENTED_EDGE('',*,*,#1332,.F.);
#691=ORIENTED_EDGE('',*,*,#1333,.T.);
#692=ORIENTED_EDGE('',*,*,#1330,.T.);
#693=ORIENTED_EDGE('',*,*,#1085,.F.);
#694=ORIENTED_EDGE('',*,*,#1334,.F.);
#695=ORIENTED_EDGE('',*,*,#1335,.T.);
#696=ORIENTED_EDGE('',*,*,#1332,.T.);
#697=ORIENTED_EDGE('',*,*,#1084,.F.);
#698=ORIENTED_EDGE('',*,*,#1336,.F.);
#699=ORIENTED_EDGE('',*,*,#1337,.T.);
#700=ORIENTED_EDGE('',*,*,#1334,.T.);
#701=ORIENTED_EDGE('',*,*,#1083,.F.);
#702=ORIENTED_EDGE('',*,*,#1338,.F.);
#703=ORIENTED_EDGE('',*,*,#1339,.T.);
#704=ORIENTED_EDGE('',*,*,#1336,.T.);
#705=ORIENTED_EDGE('',*,*,#1082,.F.);
#706=ORIENTED_EDGE('',*,*,#1340,.F.);
#707=ORIENTED_EDGE('',*,*,#1341,.T.);
#708=ORIENTED_EDGE('',*,*,#1338,.T.);
#709=ORIENTED_EDGE('',*,*,#1081,.F.);
#710=ORIENTED_EDGE('',*,*,#1342,.F.);
#711=ORIENTED_EDGE('',*,*,#1343,.T.);
#712=ORIENTED_EDGE('',*,*,#1340,.T.);
#713=ORIENTED_EDGE('',*,*,#1080,.F.);
#714=ORIENTED_EDGE('',*,*,#1344,.F.);
#715=ORIENTED_EDGE('',*,*,#1345,.T.);
#716=ORIENTED_EDGE('',*,*,#1342,.T.);
#717=ORIENTED_EDGE('',*,*,#1079,.F.);
#718=ORIENTED_EDGE('',*,*,#1346,.F.);
#719=ORIENTED_EDGE('',*,*,#1347,.T.);
#720=ORIENTED_EDGE('',*,*,#1344,.T.);
#721=ORIENTED_EDGE('',*,*,#1078,.F.);
#722=ORIENTED_EDGE('',*,*,#1348,.F.);
#723=ORIENTED_EDGE('',*,*,#1349,.T.);
#724=ORIENTED_EDGE('',*,*,#1346,.T.);
#725=ORIENTED_EDGE('',*,*,#1077,.F.);
#726=ORIENTED_EDGE('',*,*,#1350,.F.);
#727=ORIENTED_EDGE('',*,*,#1351,.T.);
#728=ORIENTED_EDGE('',*,*,#1348,.T.);
#729=ORIENTED_EDGE('',*,*,#1076,.F.);
#730=ORIENTED_EDGE('',*,*,#1352,.F.);
#731=ORIENTED_EDGE('',*,*,#1353,.T.);
#732=ORIENTED_EDGE('',*,*,#1350,.T.);
#733=ORIENTED_EDGE('',*,*,#1075,.F.);
#734=ORIENTED_EDGE('',*,*,#1354,.F.);
#735=ORIENTED_EDGE('',*,*,#1355,.T.);
#736=ORIENTED_EDGE('',*,*,#1352,.T.);
#737=ORIENTED_EDGE('',*,*,#1074,.F.);
#738=ORIENTED_EDGE('',*,*,#1325,.F.);
#739=ORIENTED_EDGE('',*,*,#1356,.T.);
#740=ORIENTED_EDGE('',*,*,#1354,.T.);
#741=ORIENTED_EDGE('',*,*,#1357,.F.);
#742=ORIENTED_EDGE('',*,*,#1304,.F.);
#743=ORIENTED_EDGE('',*,*,#1358,.T.);
#744=ORIENTED_EDGE('',*,*,#1321,.T.);
#745=ORIENTED_EDGE('',*,*,#1324,.F.);
#746=ORIENTED_EDGE('',*,*,#1327,.F.);
#747=ORIENTED_EDGE('',*,*,#1329,.F.);
#748=ORIENTED_EDGE('',*,*,#1331,.F.);
#749=ORIENTED_EDGE('',*,*,#1333,.F.);
#750=ORIENTED_EDGE('',*,*,#1335,.F.);
#751=ORIENTED_EDGE('',*,*,#1337,.F.);
#752=ORIENTED_EDGE('',*,*,#1339,.F.);
#753=ORIENTED_EDGE('',*,*,#1341,.F.);
#754=ORIENTED_EDGE('',*,*,#1343,.F.);
#755=ORIENTED_EDGE('',*,*,#1345,.F.);
#756=ORIENTED_EDGE('',*,*,#1347,.F.);
#757=ORIENTED_EDGE('',*,*,#1349,.F.);
#758=ORIENTED_EDGE('',*,*,#1351,.F.);
#759=ORIENTED_EDGE('',*,*,#1353,.F.);
#760=ORIENTED_EDGE('',*,*,#1355,.F.);
#761=ORIENTED_EDGE('',*,*,#1356,.F.);
#762=ORIENTED_EDGE('',*,*,#1303,.F.);
#763=ORIENTED_EDGE('',*,*,#1307,.F.);
#764=ORIENTED_EDGE('',*,*,#1310,.F.);
#765=ORIENTED_EDGE('',*,*,#1313,.F.);
#766=ORIENTED_EDGE('',*,*,#1316,.F.);
#767=ORIENTED_EDGE('',*,*,#1319,.F.);
#768=ORIENTED_EDGE('',*,*,#1322,.F.);
#769=ORIENTED_EDGE('',*,*,#1358,.F.);
#770=ORIENTED_EDGE('',*,*,#1359,.F.);
#771=ORIENTED_EDGE('',*,*,#1360,.F.);
#772=ORIENTED_EDGE('',*,*,#1361,.T.);
#773=ORIENTED_EDGE('',*,*,#1362,.T.);
#774=ORIENTED_EDGE('',*,*,#1363,.F.);
#775=ORIENTED_EDGE('',*,*,#1364,.F.);
#776=ORIENTED_EDGE('',*,*,#1365,.T.);
#777=ORIENTED_EDGE('',*,*,#1360,.T.);
#778=ORIENTED_EDGE('',*,*,#1366,.F.);
#779=ORIENTED_EDGE('',*,*,#1367,.F.);
#780=ORIENTED_EDGE('',*,*,#1368,.T.);
#781=ORIENTED_EDGE('',*,*,#1364,.T.);
#782=ORIENTED_EDGE('',*,*,#1369,.F.);
#783=ORIENTED_EDGE('',*,*,#1370,.F.);
#784=ORIENTED_EDGE('',*,*,#1371,.T.);
#785=ORIENTED_EDGE('',*,*,#1367,.T.);
#786=ORIENTED_EDGE('',*,*,#1372,.F.);
#787=ORIENTED_EDGE('',*,*,#1373,.F.);
#788=ORIENTED_EDGE('',*,*,#1374,.T.);
#789=ORIENTED_EDGE('',*,*,#1370,.T.);
#790=ORIENTED_EDGE('',*,*,#1375,.F.);
#791=ORIENTED_EDGE('',*,*,#1376,.F.);
#792=ORIENTED_EDGE('',*,*,#1377,.T.);
#793=ORIENTED_EDGE('',*,*,#1373,.T.);
#794=ORIENTED_EDGE('',*,*,#1378,.F.);
#795=ORIENTED_EDGE('',*,*,#1379,.F.);
#796=ORIENTED_EDGE('',*,*,#1380,.T.);
#797=ORIENTED_EDGE('',*,*,#1376,.T.);
#798=ORIENTED_EDGE('',*,*,#1381,.F.);
#799=ORIENTED_EDGE('',*,*,#1382,.F.);
#800=ORIENTED_EDGE('',*,*,#1383,.T.);
#801=ORIENTED_EDGE('',*,*,#1384,.T.);
#802=ORIENTED_EDGE('',*,*,#1385,.F.);
#803=ORIENTED_EDGE('',*,*,#1386,.F.);
#804=ORIENTED_EDGE('',*,*,#1387,.T.);
#805=ORIENTED_EDGE('',*,*,#1382,.T.);
#806=ORIENTED_EDGE('',*,*,#1388,.F.);
#807=ORIENTED_EDGE('',*,*,#1389,.F.);
#808=ORIENTED_EDGE('',*,*,#1390,.T.);
#809=ORIENTED_EDGE('',*,*,#1386,.T.);
#810=ORIENTED_EDGE('',*,*,#1391,.F.);
#811=ORIENTED_EDGE('',*,*,#1392,.F.);
#812=ORIENTED_EDGE('',*,*,#1393,.T.);
#813=ORIENTED_EDGE('',*,*,#1389,.T.);
#814=ORIENTED_EDGE('',*,*,#1394,.F.);
#815=ORIENTED_EDGE('',*,*,#1395,.F.);
#816=ORIENTED_EDGE('',*,*,#1396,.T.);
#817=ORIENTED_EDGE('',*,*,#1392,.T.);
#818=ORIENTED_EDGE('',*,*,#1397,.F.);
#819=ORIENTED_EDGE('',*,*,#1398,.F.);
#820=ORIENTED_EDGE('',*,*,#1399,.T.);
#821=ORIENTED_EDGE('',*,*,#1395,.T.);
#822=ORIENTED_EDGE('',*,*,#1125,.F.);
#823=ORIENTED_EDGE('',*,*,#1400,.F.);
#824=ORIENTED_EDGE('',*,*,#1401,.T.);
#825=ORIENTED_EDGE('',*,*,#1402,.T.);
#826=ORIENTED_EDGE('',*,*,#1124,.F.);
#827=ORIENTED_EDGE('',*,*,#1403,.F.);
#828=ORIENTED_EDGE('',*,*,#1404,.T.);
#829=ORIENTED_EDGE('',*,*,#1400,.T.);
#830=ORIENTED_EDGE('',*,*,#1139,.F.);
#831=ORIENTED_EDGE('',*,*,#1405,.F.);
#832=ORIENTED_EDGE('',*,*,#1406,.T.);
#833=ORIENTED_EDGE('',*,*,#1403,.T.);
#834=ORIENTED_EDGE('',*,*,#1138,.F.);
#835=ORIENTED_EDGE('',*,*,#1407,.F.);
#836=ORIENTED_EDGE('',*,*,#1408,.T.);
#837=ORIENTED_EDGE('',*,*,#1405,.T.);
#838=ORIENTED_EDGE('',*,*,#1137,.F.);
#839=ORIENTED_EDGE('',*,*,#1409,.F.);
#840=ORIENTED_EDGE('',*,*,#1410,.T.);
#841=ORIENTED_EDGE('',*,*,#1407,.T.);
#842=ORIENTED_EDGE('',*,*,#1136,.F.);
#843=ORIENTED_EDGE('',*,*,#1411,.F.);
#844=ORIENTED_EDGE('',*,*,#1412,.T.);
#845=ORIENTED_EDGE('',*,*,#1409,.T.);
#846=ORIENTED_EDGE('',*,*,#1135,.F.);
#847=ORIENTED_EDGE('',*,*,#1413,.F.);
#848=ORIENTED_EDGE('',*,*,#1414,.T.);
#849=ORIENTED_EDGE('',*,*,#1411,.T.);
#850=ORIENTED_EDGE('',*,*,#1134,.F.);
#851=ORIENTED_EDGE('',*,*,#1415,.F.);
#852=ORIENTED_EDGE('',*,*,#1416,.T.);
#853=ORIENTED_EDGE('',*,*,#1413,.T.);
#854=ORIENTED_EDGE('',*,*,#1133,.F.);
#855=ORIENTED_EDGE('',*,*,#1417,.F.);
#856=ORIENTED_EDGE('',*,*,#1418,.T.);
#857=ORIENTED_EDGE('',*,*,#1415,.T.);
#858=ORIENTED_EDGE('',*,*,#1132,.F.);
#859=ORIENTED_EDGE('',*,*,#1419,.F.);
#860=ORIENTED_EDGE('',*,*,#1420,.T.);
#861=ORIENTED_EDGE('',*,*,#1417,.T.);
#862=ORIENTED_EDGE('',*,*,#1131,.F.);
#863=ORIENTED_EDGE('',*,*,#1421,.F.);
#864=ORIENTED_EDGE('',*,*,#1422,.T.);
#865=ORIENTED_EDGE('',*,*,#1419,.T.);
#866=ORIENTED_EDGE('',*,*,#1130,.F.);
#867=ORIENTED_EDGE('',*,*,#1423,.F.);
#868=ORIENTED_EDGE('',*,*,#1424,.T.);
#869=ORIENTED_EDGE('',*,*,#1421,.T.);
#870=ORIENTED_EDGE('',*,*,#1129,.F.);
#871=ORIENTED_EDGE('',*,*,#1425,.F.);
#872=ORIENTED_EDGE('',*,*,#1426,.T.);
#873=ORIENTED_EDGE('',*,*,#1423,.T.);
#874=ORIENTED_EDGE('',*,*,#1128,.F.);
#875=ORIENTED_EDGE('',*,*,#1427,.F.);
#876=ORIENTED_EDGE('',*,*,#1428,.T.);
#877=ORIENTED_EDGE('',*,*,#1425,.T.);
#878=ORIENTED_EDGE('',*,*,#1127,.F.);
#879=ORIENTED_EDGE('',*,*,#1429,.F.);
#880=ORIENTED_EDGE('',*,*,#1430,.T.);
#881=ORIENTED_EDGE('',*,*,#1427,.T.);
#882=ORIENTED_EDGE('',*,*,#1431,.F.);
#883=ORIENTED_EDGE('',*,*,#1384,.F.);
#884=ORIENTED_EDGE('',*,*,#1432,.T.);
#885=ORIENTED_EDGE('',*,*,#1398,.T.);
#886=ORIENTED_EDGE('',*,*,#1126,.F.);
#887=ORIENTED_EDGE('',*,*,#1402,.F.);
#888=ORIENTED_EDGE('',*,*,#1433,.T.);
#889=ORIENTED_EDGE('',*,*,#1429,.T.);
#890=ORIENTED_EDGE('',*,*,#1434,.F.);
#891=ORIENTED_EDGE('',*,*,#1362,.F.);
#892=ORIENTED_EDGE('',*,*,#1435,.T.);
#893=ORIENTED_EDGE('',*,*,#1379,.T.);
#894=ORIENTED_EDGE('',*,*,#1401,.F.);
#895=ORIENTED_EDGE('',*,*,#1404,.F.);
#896=ORIENTED_EDGE('',*,*,#1406,.F.);
#897=ORIENTED_EDGE('',*,*,#1408,.F.);
#898=ORIENTED_EDGE('',*,*,#1410,.F.);
#899=ORIENTED_EDGE('',*,*,#1412,.F.);
#900=ORIENTED_EDGE('',*,*,#1414,.F.);
#901=ORIENTED_EDGE('',*,*,#1416,.F.);
#902=ORIENTED_EDGE('',*,*,#1418,.F.);
#903=ORIENTED_EDGE('',*,*,#1420,.F.);
#904=ORIENTED_EDGE('',*,*,#1422,.F.);
#905=ORIENTED_EDGE('',*,*,#1424,.F.);
#906=ORIENTED_EDGE('',*,*,#1426,.F.);
#907=ORIENTED_EDGE('',*,*,#1428,.F.);
#908=ORIENTED_EDGE('',*,*,#1430,.F.);
#909=ORIENTED_EDGE('',*,*,#1433,.F.);
#910=ORIENTED_EDGE('',*,*,#1383,.F.);
#911=ORIENTED_EDGE('',*,*,#1387,.F.);
#912=ORIENTED_EDGE('',*,*,#1390,.F.);
#913=ORIENTED_EDGE('',*,*,#1393,.F.);
#914=ORIENTED_EDGE('',*,*,#1396,.F.);
#915=ORIENTED_EDGE('',*,*,#1399,.F.);
#916=ORIENTED_EDGE('',*,*,#1432,.F.);
#917=ORIENTED_EDGE('',*,*,#1361,.F.);
#918=ORIENTED_EDGE('',*,*,#1365,.F.);
#919=ORIENTED_EDGE('',*,*,#1368,.F.);
#920=ORIENTED_EDGE('',*,*,#1371,.F.);
#921=ORIENTED_EDGE('',*,*,#1374,.F.);
#922=ORIENTED_EDGE('',*,*,#1377,.F.);
#923=ORIENTED_EDGE('',*,*,#1380,.F.);
#924=ORIENTED_EDGE('',*,*,#1435,.F.);
#925=ORIENTED_EDGE('',*,*,#1385,.T.);
#926=ORIENTED_EDGE('',*,*,#1381,.T.);
#927=ORIENTED_EDGE('',*,*,#1431,.T.);
#928=ORIENTED_EDGE('',*,*,#1397,.T.);
#929=ORIENTED_EDGE('',*,*,#1394,.T.);
#930=ORIENTED_EDGE('',*,*,#1391,.T.);
#931=ORIENTED_EDGE('',*,*,#1388,.T.);
#932=ORIENTED_EDGE('',*,*,#1141,.F.);
#933=ORIENTED_EDGE('',*,*,#1436,.F.);
#934=ORIENTED_EDGE('',*,*,#1437,.T.);
#935=ORIENTED_EDGE('',*,*,#1438,.T.);
#936=ORIENTED_EDGE('',*,*,#1140,.F.);
#937=ORIENTED_EDGE('',*,*,#1439,.F.);
#938=ORIENTED_EDGE('',*,*,#1440,.T.);
#939=ORIENTED_EDGE('',*,*,#1436,.T.);
#940=ORIENTED_EDGE('',*,*,#1153,.F.);
#941=ORIENTED_EDGE('',*,*,#1441,.F.);
#942=ORIENTED_EDGE('',*,*,#1442,.T.);
#943=ORIENTED_EDGE('',*,*,#1439,.T.);
#944=ORIENTED_EDGE('',*,*,#1152,.F.);
#945=ORIENTED_EDGE('',*,*,#1443,.F.);
#946=ORIENTED_EDGE('',*,*,#1444,.T.);
#947=ORIENTED_EDGE('',*,*,#1441,.T.);
#948=ORIENTED_EDGE('',*,*,#1151,.F.);
#949=ORIENTED_EDGE('',*,*,#1445,.F.);
#950=ORIENTED_EDGE('',*,*,#1446,.T.);
#951=ORIENTED_EDGE('',*,*,#1443,.T.);
#952=ORIENTED_EDGE('',*,*,#1150,.F.);
#953=ORIENTED_EDGE('',*,*,#1447,.F.);
#954=ORIENTED_EDGE('',*,*,#1448,.T.);
#955=ORIENTED_EDGE('',*,*,#1445,.T.);
#956=ORIENTED_EDGE('',*,*,#1149,.F.);
#957=ORIENTED_EDGE('',*,*,#1449,.F.);
#958=ORIENTED_EDGE('',*,*,#1450,.T.);
#959=ORIENTED_EDGE('',*,*,#1447,.T.);
#960=ORIENTED_EDGE('',*,*,#1148,.F.);
#961=ORIENTED_EDGE('',*,*,#1451,.F.);
#962=ORIENTED_EDGE('',*,*,#1452,.T.);
#963=ORIENTED_EDGE('',*,*,#1449,.T.);
#964=ORIENTED_EDGE('',*,*,#1147,.F.);
#965=ORIENTED_EDGE('',*,*,#1453,.F.);
#966=ORIENTED_EDGE('',*,*,#1454,.T.);
#967=ORIENTED_EDGE('',*,*,#1451,.T.);
#968=ORIENTED_EDGE('',*,*,#1146,.F.);
#969=ORIENTED_EDGE('',*,*,#1455,.F.);
#970=ORIENTED_EDGE('',*,*,#1456,.T.);
#971=ORIENTED_EDGE('',*,*,#1453,.T.);
#972=ORIENTED_EDGE('',*,*,#1145,.F.);
#973=ORIENTED_EDGE('',*,*,#1457,.F.);
#974=ORIENTED_EDGE('',*,*,#1458,.T.);
#975=ORIENTED_EDGE('',*,*,#1455,.T.);
#976=ORIENTED_EDGE('',*,*,#1144,.F.);
#977=ORIENTED_EDGE('',*,*,#1459,.F.);
#978=ORIENTED_EDGE('',*,*,#1460,.T.);
#979=ORIENTED_EDGE('',*,*,#1457,.T.);
#980=ORIENTED_EDGE('',*,*,#1143,.F.);
#981=ORIENTED_EDGE('',*,*,#1461,.F.);
#982=ORIENTED_EDGE('',*,*,#1462,.T.);
#983=ORIENTED_EDGE('',*,*,#1459,.T.);
#984=ORIENTED_EDGE('',*,*,#1142,.F.);
#985=ORIENTED_EDGE('',*,*,#1438,.F.);
#986=ORIENTED_EDGE('',*,*,#1463,.T.);
#987=ORIENTED_EDGE('',*,*,#1461,.T.);
#988=ORIENTED_EDGE('',*,*,#1437,.F.);
#989=ORIENTED_EDGE('',*,*,#1440,.F.);
#990=ORIENTED_EDGE('',*,*,#1442,.F.);
#991=ORIENTED_EDGE('',*,*,#1444,.F.);
#992=ORIENTED_EDGE('',*,*,#1446,.F.);
#993=ORIENTED_EDGE('',*,*,#1448,.F.);
#994=ORIENTED_EDGE('',*,*,#1450,.F.);
#995=ORIENTED_EDGE('',*,*,#1452,.F.);
#996=ORIENTED_EDGE('',*,*,#1454,.F.);
#997=ORIENTED_EDGE('',*,*,#1456,.F.);
#998=ORIENTED_EDGE('',*,*,#1458,.F.);
#999=ORIENTED_EDGE('',*,*,#1460,.F.);
#1000=ORIENTED_EDGE('',*,*,#1462,.F.);
#1001=ORIENTED_EDGE('',*,*,#1463,.F.);
#1002=ORIENTED_EDGE('',*,*,#1227,.T.);
#1003=ORIENTED_EDGE('',*,*,#1223,.T.);
#1004=ORIENTED_EDGE('',*,*,#1255,.T.);
#1005=ORIENTED_EDGE('',*,*,#1236,.T.);
#1006=ORIENTED_EDGE('',*,*,#1233,.T.);
#1007=ORIENTED_EDGE('',*,*,#1230,.T.);
#1008=ORIENTED_EDGE('',*,*,#1305,.T.);
#1009=ORIENTED_EDGE('',*,*,#1301,.T.);
#1010=ORIENTED_EDGE('',*,*,#1357,.T.);
#1011=ORIENTED_EDGE('',*,*,#1320,.T.);
#1012=ORIENTED_EDGE('',*,*,#1317,.T.);
#1013=ORIENTED_EDGE('',*,*,#1314,.T.);
#1014=ORIENTED_EDGE('',*,*,#1311,.T.);
#1015=ORIENTED_EDGE('',*,*,#1308,.T.);
#1016=ORIENTED_EDGE('',*,*,#1363,.T.);
#1017=ORIENTED_EDGE('',*,*,#1359,.T.);
#1018=ORIENTED_EDGE('',*,*,#1434,.T.);
#1019=ORIENTED_EDGE('',*,*,#1378,.T.);
#1020=ORIENTED_EDGE('',*,*,#1375,.T.);
#1021=ORIENTED_EDGE('',*,*,#1372,.T.);
#1022=ORIENTED_EDGE('',*,*,#1369,.T.);
#1023=ORIENTED_EDGE('',*,*,#1366,.T.);
#1024=ORIENTED_EDGE('',*,*,#1464,.F.);
#1025=ORIENTED_EDGE('',*,*,#1170,.F.);
#1026=ORIENTED_EDGE('',*,*,#1211,.F.);
#1027=ORIENTED_EDGE('',*,*,#1174,.F.);
#1028=ORIENTED_EDGE('',*,*,#1465,.F.);
#1029=ORIENTED_EDGE('',*,*,#1464,.T.);
#1030=ORIENTED_EDGE('',*,*,#1466,.F.);
#1031=ORIENTED_EDGE('',*,*,#1208,.F.);
#1032=ORIENTED_EDGE('',*,*,#1182,.F.);
#1033=ORIENTED_EDGE('',*,*,#1467,.F.);
#1034=ORIENTED_EDGE('',*,*,#1172,.F.);
#1035=ORIENTED_EDGE('',*,*,#1466,.T.);
#1036=ORIENTED_EDGE('',*,*,#1173,.F.);
#1037=ORIENTED_EDGE('',*,*,#1468,.F.);
#1038=ORIENTED_EDGE('',*,*,#1068,.F.);
#1039=ORIENTED_EDGE('',*,*,#1465,.T.);
#1040=ORIENTED_EDGE('',*,*,#1071,.F.);
#1041=ORIENTED_EDGE('',*,*,#1469,.F.);
#1042=ORIENTED_EDGE('',*,*,#1167,.F.);
#1043=ORIENTED_EDGE('',*,*,#1212,.F.);
#1044=ORIENTED_EDGE('',*,*,#1168,.F.);
#1045=ORIENTED_EDGE('',*,*,#1470,.F.);
#1046=ORIENTED_EDGE('',*,*,#1190,.F.);
#1047=ORIENTED_EDGE('',*,*,#1468,.T.);
#1048=ORIENTED_EDGE('',*,*,#1467,.T.);
#1049=ORIENTED_EDGE('',*,*,#1471,.F.);
#1050=ORIENTED_EDGE('',*,*,#1470,.T.);
#1051=ORIENTED_EDGE('',*,*,#1469,.T.);
#1052=ORIENTED_EDGE('',*,*,#1472,.F.);
#1053=ORIENTED_EDGE('',*,*,#1471,.T.);
#1054=ORIENTED_EDGE('',*,*,#1181,.F.);
#1055=ORIENTED_EDGE('',*,*,#1473,.F.);
#1056=ORIENTED_EDGE('',*,*,#1069,.F.);
#1057=ORIENTED_EDGE('',*,*,#1472,.T.);
#1058=ORIENTED_EDGE('',*,*,#1070,.F.);
#1059=ORIENTED_EDGE('',*,*,#1474,.F.);
#1060=ORIENTED_EDGE('',*,*,#1187,.F.);
#1061=ORIENTED_EDGE('',*,*,#1474,.T.);
#1062=ORIENTED_EDGE('',*,*,#1473,.T.);
#1063=ORIENTED_EDGE('',*,*,#1475,.F.);
#1064=ORIENTED_EDGE('',*,*,#1207,.F.);
#1065=ORIENTED_EDGE('',*,*,#1188,.F.);
#1066=ORIENTED_EDGE('',*,*,#1475,.T.);
#1067=ORIENTED_EDGE('',*,*,#1180,.F.);
#1068=EDGE_CURVE('',#1476,#1477,#1750,.T.);
#1069=EDGE_CURVE('',#1477,#1478,#1751,.T.);
#1070=EDGE_CURVE('',#1478,#1479,#1752,.T.);
#1071=EDGE_CURVE('',#1479,#1476,#1753,.T.);
#1072=EDGE_CURVE('',#1480,#1481,#118,.T.);
#1073=EDGE_CURVE('',#1481,#1482,#119,.T.);
#1074=EDGE_CURVE('',#1482,#1483,#120,.T.);
#1075=EDGE_CURVE('',#1483,#1484,#121,.T.);
#1076=EDGE_CURVE('',#1484,#1485,#1754,.T.);
#1077=EDGE_CURVE('',#1485,#1486,#92,.T.);
#1078=EDGE_CURVE('',#1486,#1487,#122,.T.);
#1079=EDGE_CURVE('',#1487,#1488,#123,.T.);
#1080=EDGE_CURVE('',#1488,#1489,#124,.T.);
#1081=EDGE_CURVE('',#1489,#1490,#1755,.T.);
#1082=EDGE_CURVE('',#1490,#1491,#125,.T.);
#1083=EDGE_CURVE('',#1491,#1492,#126,.T.);
#1084=EDGE_CURVE('',#1492,#1493,#127,.T.);
#1085=EDGE_CURVE('',#1493,#1494,#128,.T.);
#1086=EDGE_CURVE('',#1494,#1495,#129,.T.);
#1087=EDGE_CURVE('',#1495,#1496,#130,.T.);
#1088=EDGE_CURVE('',#1496,#1480,#131,.T.);
#1089=EDGE_CURVE('',#1497,#1497,#93,.T.);
#1090=EDGE_CURVE('',#1498,#1499,#1756,.T.);
#1091=EDGE_CURVE('',#1500,#1498,#1757,.T.);
#1092=EDGE_CURVE('',#1501,#1500,#1758,.T.);
#1093=EDGE_CURVE('',#1499,#1501,#1759,.T.);
#1094=EDGE_CURVE('',#1502,#1503,#132,.T.);
#1095=EDGE_CURVE('',#1503,#1504,#133,.T.);
#1096=EDGE_CURVE('',#1504,#1505,#134,.T.);
#1097=EDGE_CURVE('',#1505,#1506,#135,.T.);
#1098=EDGE_CURVE('',#1506,#1507,#136,.T.);
#1099=EDGE_CURVE('',#1507,#1508,#137,.T.);
#1100=EDGE_CURVE('',#1508,#1509,#138,.T.);
#1101=EDGE_CURVE('',#1509,#1502,#139,.T.);
#1102=EDGE_CURVE('',#1510,#1511,#1760,.T.);
#1103=EDGE_CURVE('',#1511,#1512,#1761,.T.);
#1104=EDGE_CURVE('',#1512,#1513,#1762,.T.);
#1105=EDGE_CURVE('',#1513,#1514,#1763,.T.);
#1106=EDGE_CURVE('',#1514,#1515,#1764,.T.);
#1107=EDGE_CURVE('',#1515,#1516,#140,.T.);
#1108=EDGE_CURVE('',#1516,#1517,#1765,.T.);
#1109=EDGE_CURVE('',#1517,#1518,#1766,.T.);
#1110=EDGE_CURVE('',#1518,#1519,#1767,.T.);
#1111=EDGE_CURVE('',#1519,#1510,#1768,.T.);
#1112=EDGE_CURVE('',#1520,#1521,#1769,.T.);
#1113=EDGE_CURVE('',#1521,#1522,#1770,.T.);
#1114=EDGE_CURVE('',#1522,#1523,#1771,.T.);
#1115=EDGE_CURVE('',#1523,#1520,#1772,.T.);
#1116=EDGE_CURVE('',#1524,#1525,#1773,.T.);
#1117=EDGE_CURVE('',#1525,#1526,#1774,.T.);
#1118=EDGE_CURVE('',#1526,#1527,#1775,.T.);
#1119=EDGE_CURVE('',#1527,#1528,#1776,.T.);
#1120=EDGE_CURVE('',#1528,#1529,#1777,.T.);
#1121=EDGE_CURVE('',#1529,#1530,#1778,.T.);
#1122=EDGE_CURVE('',#1530,#1531,#1779,.T.);
#1123=EDGE_CURVE('',#1531,#1524,#1780,.T.);
#1124=EDGE_CURVE('',#1532,#1533,#141,.T.);
#1125=EDGE_CURVE('',#1533,#1534,#142,.T.);
#1126=EDGE_CURVE('',#1534,#1535,#143,.T.);
#1127=EDGE_CURVE('',#1535,#1536,#144,.T.);
#1128=EDGE_CURVE('',#1536,#1537,#145,.T.);
#1129=EDGE_CURVE('',#1537,#1538,#146,.T.);
#1130=EDGE_CURVE('',#1538,#1539,#147,.T.);
#1131=EDGE_CURVE('',#1539,#1540,#148,.T.);
#1132=EDGE_CURVE('',#1540,#1541,#149,.T.);
#1133=EDGE_CURVE('',#1541,#1542,#150,.T.);
#1134=EDGE_CURVE('',#1542,#1543,#151,.T.);
#1135=EDGE_CURVE('',#1543,#1544,#152,.T.);
#1136=EDGE_CURVE('',#1544,#1545,#153,.T.);
#1137=EDGE_CURVE('',#1545,#1546,#154,.T.);
#1138=EDGE_CURVE('',#1546,#1547,#94,.F.);
#1139=EDGE_CURVE('',#1547,#1532,#155,.T.);
#1140=EDGE_CURVE('',#1548,#1549,#1781,.T.);
#1141=EDGE_CURVE('',#1549,#1550,#1782,.T.);
#1142=EDGE_CURVE('',#1550,#1551,#1783,.T.);
#1143=EDGE_CURVE('',#1551,#1552,#1784,.T.);
#1144=EDGE_CURVE('',#1552,#1553,#156,.T.);
#1145=EDGE_CURVE('',#1553,#1554,#1785,.T.);
#1146=EDGE_CURVE('',#1554,#1555,#1786,.T.);
#1147=EDGE_CURVE('',#1555,#1556,#1787,.T.);
#1148=EDGE_CURVE('',#1556,#1557,#1788,.T.);
#1149=EDGE_CURVE('',#1557,#1558,#1789,.T.);
#1150=EDGE_CURVE('',#1558,#1559,#1790,.T.);
#1151=EDGE_CURVE('',#1559,#1560,#157,.T.);
#1152=EDGE_CURVE('',#1560,#1561,#1791,.T.);
#1153=EDGE_CURVE('',#1561,#1548,#1792,.T.);
#1154=EDGE_CURVE('',#1562,#1562,#95,.T.);
#1155=EDGE_CURVE('',#1563,#1563,#96,.T.);
#1156=EDGE_CURVE('',#1564,#1564,#97,.T.);
#1157=EDGE_CURVE('',#1565,#1565,#98,.T.);
#1158=EDGE_CURVE('',#1566,#1566,#99,.T.);
#1159=EDGE_CURVE('',#1567,#1568,#1793,.T.);
#1160=EDGE_CURVE('',#1568,#1569,#1794,.T.);
#1161=EDGE_CURVE('',#1569,#1570,#1795,.T.);
#1162=EDGE_CURVE('',#1570,#1567,#1796,.T.);
#1163=EDGE_CURVE('',#1571,#1572,#1797,.T.);
#1164=EDGE_CURVE('',#1571,#1573,#1798,.T.);
#1165=EDGE_CURVE('',#1573,#1574,#1799,.T.);
#1166=EDGE_CURVE('',#1572,#1574,#1800,.T.);
#1167=EDGE_CURVE('',#1575,#1576,#1801,.T.);
#1168=EDGE_CURVE('',#1576,#1577,#1802,.T.);
#1169=EDGE_CURVE('',#1578,#1577,#1803,.T.);
#1170=EDGE_CURVE('',#1578,#1575,#1804,.T.);
#1171=EDGE_CURVE('',#1579,#1580,#1805,.T.);
#1172=EDGE_CURVE('',#1580,#1581,#1806,.T.);
#1173=EDGE_CURVE('',#1581,#1582,#1807,.T.);
#1174=EDGE_CURVE('',#1582,#1583,#1808,.T.);
#1175=EDGE_CURVE('',#1583,#1584,#1809,.T.);
#1176=EDGE_CURVE('',#1585,#1584,#1810,.T.);
#1177=EDGE_CURVE('',#1586,#1585,#1811,.T.);
#1178=EDGE_CURVE('',#1579,#1586,#1812,.T.);
#1179=EDGE_CURVE('',#1587,#1588,#1813,.T.);
#1180=EDGE_CURVE('',#1588,#1589,#1814,.T.);
#1181=EDGE_CURVE('',#1589,#1590,#1815,.T.);
#1182=EDGE_CURVE('',#1590,#1587,#1816,.T.);
#1183=EDGE_CURVE('',#1568,#1499,#1817,.T.);
#1184=EDGE_CURVE('',#1567,#1498,#1818,.T.);
#1185=EDGE_CURVE('',#1570,#1500,#1819,.T.);
#1186=EDGE_CURVE('',#1569,#1501,#1820,.T.);
#1187=EDGE_CURVE('',#1591,#1592,#1821,.T.);
#1188=EDGE_CURVE('',#1592,#1593,#1822,.T.);
#1189=EDGE_CURVE('',#1594,#1593,#1823,.T.);
#1190=EDGE_CURVE('',#1594,#1591,#1824,.T.);
#1191=EDGE_CURVE('',#1595,#1596,#1825,.T.);
#1192=EDGE_CURVE('',#1595,#1571,#1826,.T.);
#1193=EDGE_CURVE('',#1596,#1572,#1827,.T.);
#1194=EDGE_CURVE('',#1597,#1598,#1828,.T.);
#1195=EDGE_CURVE('',#1597,#1599,#1829,.T.);
#1196=EDGE_CURVE('',#1599,#1600,#1830,.T.);
#1197=EDGE_CURVE('',#1600,#1601,#1831,.T.);
#1198=EDGE_CURVE('',#1596,#1601,#1832,.T.);
#1199=EDGE_CURVE('',#1598,#1574,#1833,.T.);
#1200=EDGE_CURVE('',#1595,#1602,#1834,.T.);
#1201=EDGE_CURVE('',#1602,#1573,#1835,.T.);
#1202=EDGE_CURVE('',#1602,#1598,#1836,.T.);
#1203=EDGE_CURVE('',#1603,#1603,#100,.T.);
#1204=EDGE_CURVE('',#1604,#1604,#101,.T.);
#1205=EDGE_CURVE('',#1605,#1605,#102,.T.);
#1206=EDGE_CURVE('',#1606,#1606,#103,.T.);
#1207=EDGE_CURVE('',#1593,#1588,#1837,.T.);
#1208=EDGE_CURVE('',#1587,#1580,#1838,.F.);
#1209=EDGE_CURVE('',#1597,#1579,#1839,.T.);
#1210=EDGE_CURVE('',#1584,#1601,#1840,.T.);
#1211=EDGE_CURVE('',#1583,#1578,#1841,.T.);
#1212=EDGE_CURVE('',#1577,#1594,#1842,.F.);
#1213=EDGE_CURVE('',#1599,#1586,#1843,.T.);
#1214=EDGE_CURVE('',#1600,#1585,#1844,.T.);
#1215=EDGE_CURVE('',#1607,#1607,#104,.T.);
#1216=EDGE_CURVE('',#1608,#1608,#105,.T.);
#1217=EDGE_CURVE('',#1609,#1609,#106,.T.);
#1218=EDGE_CURVE('',#1610,#1610,#107,.T.);
#1219=EDGE_CURVE('',#1611,#1611,#108,.T.);
#1220=EDGE_CURVE('',#1612,#1612,#109,.T.);
#1221=EDGE_CURVE('',#1613,#1613,#110,.T.);
#1222=EDGE_CURVE('',#1614,#1614,#111,.T.);
#1223=EDGE_CURVE('',#1615,#1616,#158,.T.);
#1224=EDGE_CURVE('',#1617,#1615,#1845,.T.);
#1225=EDGE_CURVE('',#1617,#1618,#159,.T.);
#1226=EDGE_CURVE('',#1618,#1616,#1846,.T.);
#1227=EDGE_CURVE('',#1619,#1615,#160,.T.);
#1228=EDGE_CURVE('',#1620,#1619,#1847,.T.);
#1229=EDGE_CURVE('',#1620,#1617,#161,.T.);
#1230=EDGE_CURVE('',#1621,#1619,#162,.T.);
#1231=EDGE_CURVE('',#1622,#1621,#1848,.T.);
#1232=EDGE_CURVE('',#1622,#1620,#163,.T.);
#1233=EDGE_CURVE('',#1623,#1621,#164,.T.);
#1234=EDGE_CURVE('',#1624,#1623,#1849,.T.);
#1235=EDGE_CURVE('',#1624,#1622,#165,.T.);
#1236=EDGE_CURVE('',#1625,#1623,#166,.T.);
#1237=EDGE_CURVE('',#1626,#1625,#1850,.T.);
#1238=EDGE_CURVE('',#1626,#1624,#167,.T.);
#1239=EDGE_CURVE('',#1627,#1503,#1851,.T.);
#1240=EDGE_CURVE('',#1627,#1628,#168,.T.);
#1241=EDGE_CURVE('',#1628,#1504,#1852,.T.);
#1242=EDGE_CURVE('',#1629,#1502,#1853,.T.);
#1243=EDGE_CURVE('',#1629,#1627,#169,.T.);
#1244=EDGE_CURVE('',#1630,#1509,#1854,.T.);
#1245=EDGE_CURVE('',#1630,#1629,#170,.T.);
#1246=EDGE_CURVE('',#1631,#1508,#1855,.T.);
#1247=EDGE_CURVE('',#1631,#1630,#171,.T.);
#1248=EDGE_CURVE('',#1632,#1507,#1856,.T.);
#1249=EDGE_CURVE('',#1632,#1631,#172,.T.);
#1250=EDGE_CURVE('',#1633,#1506,#1857,.T.);
#1251=EDGE_CURVE('',#1633,#1632,#173,.T.);
#1252=EDGE_CURVE('',#1634,#1505,#1858,.T.);
#1253=EDGE_CURVE('',#1634,#1633,#174,.T.);
#1254=EDGE_CURVE('',#1628,#1634,#175,.T.);
#1255=EDGE_CURVE('',#1616,#1625,#176,.T.);
#1256=EDGE_CURVE('',#1618,#1626,#177,.T.);
#1257=EDGE_CURVE('',#1635,#1511,#1859,.T.);
#1258=EDGE_CURVE('',#1635,#1636,#1860,.T.);
#1259=EDGE_CURVE('',#1636,#1512,#1861,.T.);
#1260=EDGE_CURVE('',#1637,#1510,#1862,.T.);
#1261=EDGE_CURVE('',#1637,#1635,#1863,.T.);
#1262=EDGE_CURVE('',#1638,#1519,#1864,.T.);
#1263=EDGE_CURVE('',#1638,#1637,#1865,.T.);
#1264=EDGE_CURVE('',#1639,#1518,#1866,.T.);
#1265=EDGE_CURVE('',#1639,#1638,#1867,.T.);
#1266=EDGE_CURVE('',#1640,#1517,#1868,.T.);
#1267=EDGE_CURVE('',#1640,#1639,#1869,.T.);
#1268=EDGE_CURVE('',#1641,#1516,#1870,.T.);
#1269=EDGE_CURVE('',#1641,#1640,#1871,.T.);
#1270=EDGE_CURVE('',#1642,#1515,#1872,.T.);
#1271=EDGE_CURVE('',#1642,#1641,#178,.T.);
#1272=EDGE_CURVE('',#1643,#1514,#1873,.T.);
#1273=EDGE_CURVE('',#1643,#1642,#1874,.T.);
#1274=EDGE_CURVE('',#1644,#1513,#1875,.T.);
#1275=EDGE_CURVE('',#1644,#1643,#1876,.T.);
#1276=EDGE_CURVE('',#1636,#1644,#1877,.T.);
#1277=EDGE_CURVE('',#1645,#1521,#1878,.T.);
#1278=EDGE_CURVE('',#1645,#1646,#1879,.T.);
#1279=EDGE_CURVE('',#1646,#1522,#1880,.T.);
#1280=EDGE_CURVE('',#1647,#1520,#1881,.T.);
#1281=EDGE_CURVE('',#1647,#1645,#1882,.T.);
#1282=EDGE_CURVE('',#1648,#1523,#1883,.T.);
#1283=EDGE_CURVE('',#1648,#1647,#1884,.T.);
#1284=EDGE_CURVE('',#1646,#1648,#1885,.T.);
#1285=EDGE_CURVE('',#1649,#1525,#1886,.T.);
#1286=EDGE_CURVE('',#1649,#1650,#1887,.T.);
#1287=EDGE_CURVE('',#1650,#1526,#1888,.T.);
#1288=EDGE_CURVE('',#1651,#1524,#1889,.T.);
#1289=EDGE_CURVE('',#1651,#1649,#1890,.T.);
#1290=EDGE_CURVE('',#1652,#1531,#1891,.T.);
#1291=EDGE_CURVE('',#1652,#1651,#1892,.T.);
#1292=EDGE_CURVE('',#1653,#1530,#1893,.T.);
#1293=EDGE_CURVE('',#1653,#1652,#1894,.T.);
#1294=EDGE_CURVE('',#1654,#1529,#1895,.T.);
#1295=EDGE_CURVE('',#1654,#1653,#1896,.T.);
#1296=EDGE_CURVE('',#1655,#1528,#1897,.T.);
#1297=EDGE_CURVE('',#1655,#1654,#1898,.T.);
#1298=EDGE_CURVE('',#1656,#1527,#1899,.T.);
#1299=EDGE_CURVE('',#1656,#1655,#1900,.T.);
#1300=EDGE_CURVE('',#1650,#1656,#1901,.T.);
#1301=EDGE_CURVE('',#1657,#1658,#179,.T.);
#1302=EDGE_CURVE('',#1659,#1657,#1902,.T.);
#1303=EDGE_CURVE('',#1659,#1660,#180,.T.);
#1304=EDGE_CURVE('',#1660,#1658,#1903,.T.);
#1305=EDGE_CURVE('',#1661,#1657,#181,.T.);
#1306=EDGE_CURVE('',#1662,#1661,#1904,.T.);
#1307=EDGE_CURVE('',#1662,#1659,#182,.T.);
#1308=EDGE_CURVE('',#1663,#1661,#183,.T.);
#1309=EDGE_CURVE('',#1664,#1663,#1905,.T.);
#1310=EDGE_CURVE('',#1664,#1662,#184,.T.);
#1311=EDGE_CURVE('',#1665,#1663,#185,.T.);
#1312=EDGE_CURVE('',#1666,#1665,#1906,.T.);
#1313=EDGE_CURVE('',#1666,#1664,#186,.T.);
#1314=EDGE_CURVE('',#1667,#1665,#187,.T.);
#1315=EDGE_CURVE('',#1668,#1667,#1907,.T.);
#1316=EDGE_CURVE('',#1668,#1666,#188,.T.);
#1317=EDGE_CURVE('',#1669,#1667,#189,.T.);
#1318=EDGE_CURVE('',#1670,#1669,#1908,.T.);
#1319=EDGE_CURVE('',#1670,#1668,#190,.T.);
#1320=EDGE_CURVE('',#1671,#1669,#191,.T.);
#1321=EDGE_CURVE('',#1672,#1671,#1909,.T.);
#1322=EDGE_CURVE('',#1672,#1670,#192,.T.);
#1323=EDGE_CURVE('',#1673,#1481,#1910,.T.);
#1324=EDGE_CURVE('',#1673,#1674,#193,.T.);
#1325=EDGE_CURVE('',#1674,#1482,#1911,.T.);
#1326=EDGE_CURVE('',#1675,#1480,#1912,.T.);
#1327=EDGE_CURVE('',#1675,#1673,#194,.T.);
#1328=EDGE_CURVE('',#1676,#1496,#1913,.T.);
#1329=EDGE_CURVE('',#1676,#1675,#195,.T.);
#1330=EDGE_CURVE('',#1677,#1495,#1914,.T.);
#1331=EDGE_CURVE('',#1677,#1676,#196,.T.);
#1332=EDGE_CURVE('',#1678,#1494,#1915,.T.);
#1333=EDGE_CURVE('',#1678,#1677,#197,.T.);
#1334=EDGE_CURVE('',#1679,#1493,#1916,.T.);
#1335=EDGE_CURVE('',#1679,#1678,#198,.T.);
#1336=EDGE_CURVE('',#1680,#1492,#1917,.T.);
#1337=EDGE_CURVE('',#1680,#1679,#199,.T.);
#1338=EDGE_CURVE('',#1681,#1491,#1918,.T.);
#1339=EDGE_CURVE('',#1681,#1680,#200,.T.);
#1340=EDGE_CURVE('',#1682,#1490,#1919,.T.);
#1341=EDGE_CURVE('',#1682,#1681,#201,.T.);
#1342=EDGE_CURVE('',#1683,#1489,#1920,.T.);
#1343=EDGE_CURVE('',#1683,#1682,#1921,.T.);
#1344=EDGE_CURVE('',#1684,#1488,#1922,.T.);
#1345=EDGE_CURVE('',#1684,#1683,#202,.T.);
#1346=EDGE_CURVE('',#1685,#1487,#1923,.T.);
#1347=EDGE_CURVE('',#1685,#1684,#203,.T.);
#1348=EDGE_CURVE('',#1686,#1486,#1924,.T.);
#1349=EDGE_CURVE('',#1686,#1685,#204,.T.);
#1350=EDGE_CURVE('',#1687,#1485,#1925,.T.);
#1351=EDGE_CURVE('',#1687,#1686,#112,.T.);
#1352=EDGE_CURVE('',#1688,#1484,#1926,.T.);
#1353=EDGE_CURVE('',#1688,#1687,#1927,.T.);
#1354=EDGE_CURVE('',#1689,#1483,#1928,.T.);
#1355=EDGE_CURVE('',#1689,#1688,#205,.T.);
#1356=EDGE_CURVE('',#1674,#1689,#206,.T.);
#1357=EDGE_CURVE('',#1658,#1671,#207,.T.);
#1358=EDGE_CURVE('',#1660,#1672,#208,.T.);
#1359=EDGE_CURVE('',#1690,#1691,#209,.T.);
#1360=EDGE_CURVE('',#1692,#1690,#1929,.T.);
#1361=EDGE_CURVE('',#1692,#1693,#210,.T.);
#1362=EDGE_CURVE('',#1693,#1691,#1930,.T.);
#1363=EDGE_CURVE('',#1694,#1690,#211,.T.);
#1364=EDGE_CURVE('',#1695,#1694,#1931,.T.);
#1365=EDGE_CURVE('',#1695,#1692,#212,.T.);
#1366=EDGE_CURVE('',#1696,#1694,#213,.T.);
#1367=EDGE_CURVE('',#1697,#1696,#1932,.T.);
#1368=EDGE_CURVE('',#1697,#1695,#214,.T.);
#1369=EDGE_CURVE('',#1698,#1696,#113,.T.);
#1370=EDGE_CURVE('',#1699,#1698,#1933,.T.);
#1371=EDGE_CURVE('',#1699,#1697,#114,.T.);
#1372=EDGE_CURVE('',#1700,#1698,#215,.T.);
#1373=EDGE_CURVE('',#1701,#1700,#1934,.T.);
#1374=EDGE_CURVE('',#1701,#1699,#216,.T.);
#1375=EDGE_CURVE('',#1702,#1700,#217,.T.);
#1376=EDGE_CURVE('',#1703,#1702,#1935,.T.);
#1377=EDGE_CURVE('',#1703,#1701,#218,.T.);
#1378=EDGE_CURVE('',#1704,#1702,#115,.T.);
#1379=EDGE_CURVE('',#1705,#1704,#1936,.T.);
#1380=EDGE_CURVE('',#1705,#1703,#116,.T.);
#1381=EDGE_CURVE('',#1706,#1707,#219,.T.);
#1382=EDGE_CURVE('',#1708,#1706,#1937,.T.);
#1383=EDGE_CURVE('',#1708,#1709,#220,.T.);
#1384=EDGE_CURVE('',#1709,#1707,#1938,.T.);
#1385=EDGE_CURVE('',#1710,#1706,#221,.T.);
#1386=EDGE_CURVE('',#1711,#1710,#1939,.T.);
#1387=EDGE_CURVE('',#1711,#1708,#222,.T.);
#1388=EDGE_CURVE('',#1712,#1710,#223,.T.);
#1389=EDGE_CURVE('',#1713,#1712,#1940,.T.);
#1390=EDGE_CURVE('',#1713,#1711,#224,.T.);
#1391=EDGE_CURVE('',#1714,#1712,#225,.T.);
#1392=EDGE_CURVE('',#1715,#1714,#1941,.T.);
#1393=EDGE_CURVE('',#1715,#1713,#226,.T.);
#1394=EDGE_CURVE('',#1716,#1714,#227,.T.);
#1395=EDGE_CURVE('',#1717,#1716,#1942,.T.);
#1396=EDGE_CURVE('',#1717,#1715,#228,.T.);
#1397=EDGE_CURVE('',#1718,#1716,#229,.T.);
#1398=EDGE_CURVE('',#1719,#1718,#1943,.T.);
#1399=EDGE_CURVE('',#1719,#1717,#230,.T.);
#1400=EDGE_CURVE('',#1720,#1533,#1944,.T.);
#1401=EDGE_CURVE('',#1720,#1721,#231,.T.);
#1402=EDGE_CURVE('',#1721,#1534,#1945,.T.);
#1403=EDGE_CURVE('',#1722,#1532,#1946,.T.);
#1404=EDGE_CURVE('',#1722,#1720,#232,.T.);
#1405=EDGE_CURVE('',#1723,#1547,#1947,.T.);
#1406=EDGE_CURVE('',#1723,#1722,#233,.T.);
#1407=EDGE_CURVE('',#1724,#1546,#1948,.T.);
#1408=EDGE_CURVE('',#1724,#1723,#117,.F.);
#1409=EDGE_CURVE('',#1725,#1545,#1949,.T.);
#1410=EDGE_CURVE('',#1725,#1724,#234,.T.);
#1411=EDGE_CURVE('',#1726,#1544,#1950,.T.);
#1412=EDGE_CURVE('',#1726,#1725,#235,.T.);
#1413=EDGE_CURVE('',#1727,#1543,#1951,.T.);
#1414=EDGE_CURVE('',#1727,#1726,#236,.T.);
#1415=EDGE_CURVE('',#1728,#1542,#1952,.T.);
#1416=EDGE_CURVE('',#1728,#1727,#237,.T.);
#1417=EDGE_CURVE('',#1729,#1541,#1953,.T.);
#1418=EDGE_CURVE('',#1729,#1728,#238,.T.);
#1419=EDGE_CURVE('',#1730,#1540,#1954,.T.);
#1420=EDGE_CURVE('',#1730,#1729,#239,.T.);
#1421=EDGE_CURVE('',#1731,#1539,#1955,.T.);
#1422=EDGE_CURVE('',#1731,#1730,#240,.T.);
#1423=EDGE_CURVE('',#1732,#1538,#1956,.T.);
#1424=EDGE_CURVE('',#1732,#1731,#241,.T.);
#1425=EDGE_CURVE('',#1733,#1537,#1957,.T.);
#1426=EDGE_CURVE('',#1733,#1732,#242,.T.);
#1427=EDGE_CURVE('',#1734,#1536,#1958,.T.);
#1428=EDGE_CURVE('',#1734,#1733,#243,.T.);
#1429=EDGE_CURVE('',#1735,#1535,#1959,.T.);
#1430=EDGE_CURVE('',#1735,#1734,#244,.T.);
#1431=EDGE_CURVE('',#1707,#1718,#245,.T.);
#1432=EDGE_CURVE('',#1709,#1719,#246,.T.);
#1433=EDGE_CURVE('',#1721,#1735,#247,.T.);
#1434=EDGE_CURVE('',#1691,#1704,#248,.T.);
#1435=EDGE_CURVE('',#1693,#1705,#249,.T.);
#1436=EDGE_CURVE('',#1736,#1549,#1960,.T.);
#1437=EDGE_CURVE('',#1736,#1737,#1961,.T.);
#1438=EDGE_CURVE('',#1737,#1550,#1962,.T.);
#1439=EDGE_CURVE('',#1738,#1548,#1963,.T.);
#1440=EDGE_CURVE('',#1738,#1736,#1964,.T.);
#1441=EDGE_CURVE('',#1739,#1561,#1965,.T.);
#1442=EDGE_CURVE('',#1739,#1738,#1966,.T.);
#1443=EDGE_CURVE('',#1740,#1560,#1967,.T.);
#1444=EDGE_CURVE('',#1740,#1739,#1968,.T.);
#1445=EDGE_CURVE('',#1741,#1559,#1969,.T.);
#1446=EDGE_CURVE('',#1741,#1740,#250,.T.);
#1447=EDGE_CURVE('',#1742,#1558,#1970,.T.);
#1448=EDGE_CURVE('',#1742,#1741,#1971,.T.);
#1449=EDGE_CURVE('',#1743,#1557,#1972,.T.);
#1450=EDGE_CURVE('',#1743,#1742,#1973,.T.);
#1451=EDGE_CURVE('',#1744,#1556,#1974,.T.);
#1452=EDGE_CURVE('',#1744,#1743,#1975,.T.);
#1453=EDGE_CURVE('',#1745,#1555,#1976,.T.);
#1454=EDGE_CURVE('',#1745,#1744,#1977,.T.);
#1455=EDGE_CURVE('',#1746,#1554,#1978,.T.);
#1456=EDGE_CURVE('',#1746,#1745,#1979,.T.);
#1457=EDGE_CURVE('',#1747,#1553,#1980,.T.);
#1458=EDGE_CURVE('',#1747,#1746,#1981,.T.);
#1459=EDGE_CURVE('',#1748,#1552,#1982,.T.);
#1460=EDGE_CURVE('',#1748,#1747,#251,.T.);
#1461=EDGE_CURVE('',#1749,#1551,#1983,.T.);
#1462=EDGE_CURVE('',#1749,#1748,#1984,.T.);
#1463=EDGE_CURVE('',#1737,#1749,#1985,.T.);
#1464=EDGE_CURVE('',#1575,#1582,#1986,.T.);
#1465=EDGE_CURVE('',#1575,#1476,#1987,.F.);
#1466=EDGE_CURVE('',#1476,#1582,#1988,.T.);
#1467=EDGE_CURVE('',#1581,#1590,#1989,.F.);
#1468=EDGE_CURVE('',#1477,#1581,#1990,.F.);
#1469=EDGE_CURVE('',#1576,#1479,#1991,.T.);
#1470=EDGE_CURVE('',#1591,#1576,#1992,.F.);
#1471=EDGE_CURVE('',#1477,#1590,#1993,.T.);
#1472=EDGE_CURVE('',#1591,#1479,#1994,.F.);
#1473=EDGE_CURVE('',#1478,#1589,#1995,.F.);
#1474=EDGE_CURVE('',#1592,#1478,#1996,.T.);
#1475=EDGE_CURVE('',#1592,#1589,#1997,.F.);
#1476=VERTEX_POINT('',#3521);
#1477=VERTEX_POINT('',#3522);
#1478=VERTEX_POINT('',#3524);
#1479=VERTEX_POINT('',#3526);
#1480=VERTEX_POINT('',#3531);
#1481=VERTEX_POINT('',#3532);
#1482=VERTEX_POINT('',#3536);
#1483=VERTEX_POINT('',#3540);
#1484=VERTEX_POINT('',#3544);
#1485=VERTEX_POINT('',#3546);
#1486=VERTEX_POINT('',#3548);
#1487=VERTEX_POINT('',#3552);
#1488=VERTEX_POINT('',#3556);
#1489=VERTEX_POINT('',#3560);
#1490=VERTEX_POINT('',#3562);
#1491=VERTEX_POINT('',#3566);
#1492=VERTEX_POINT('',#3570);
#1493=VERTEX_POINT('',#3574);
#1494=VERTEX_POINT('',#3578);
#1495=VERTEX_POINT('',#3582);
#1496=VERTEX_POINT('',#3586);
#1497=VERTEX_POINT('',#3591);
#1498=VERTEX_POINT('',#3593);
#1499=VERTEX_POINT('',#3594);
#1500=VERTEX_POINT('',#3596);
#1501=VERTEX_POINT('',#3598);
#1502=VERTEX_POINT('',#3603);
#1503=VERTEX_POINT('',#3604);
#1504=VERTEX_POINT('',#3608);
#1505=VERTEX_POINT('',#3612);
#1506=VERTEX_POINT('',#3616);
#1507=VERTEX_POINT('',#3620);
#1508=VERTEX_POINT('',#3624);
#1509=VERTEX_POINT('',#3628);
#1510=VERTEX_POINT('',#3633);
#1511=VERTEX_POINT('',#3634);
#1512=VERTEX_POINT('',#3636);
#1513=VERTEX_POINT('',#3638);
#1514=VERTEX_POINT('',#3640);
#1515=VERTEX_POINT('',#3642);
#1516=VERTEX_POINT('',#3646);
#1517=VERTEX_POINT('',#3648);
#1518=VERTEX_POINT('',#3650);
#1519=VERTEX_POINT('',#3652);
#1520=VERTEX_POINT('',#3655);
#1521=VERTEX_POINT('',#3656);
#1522=VERTEX_POINT('',#3658);
#1523=VERTEX_POINT('',#3660);
#1524=VERTEX_POINT('',#3663);
#1525=VERTEX_POINT('',#3664);
#1526=VERTEX_POINT('',#3666);
#1527=VERTEX_POINT('',#3668);
#1528=VERTEX_POINT('',#3670);
#1529=VERTEX_POINT('',#3672);
#1530=VERTEX_POINT('',#3674);
#1531=VERTEX_POINT('',#3676);
#1532=VERTEX_POINT('',#3681);
#1533=VERTEX_POINT('',#3682);
#1534=VERTEX_POINT('',#3686);
#1535=VERTEX_POINT('',#3690);
#1536=VERTEX_POINT('',#3694);
#1537=VERTEX_POINT('',#3698);
#1538=VERTEX_POINT('',#3702);
#1539=VERTEX_POINT('',#3706);
#1540=VERTEX_POINT('',#3710);
#1541=VERTEX_POINT('',#3714);
#1542=VERTEX_POINT('',#3718);
#1543=VERTEX_POINT('',#3722);
#1544=VERTEX_POINT('',#3726);
#1545=VERTEX_POINT('',#3730);
#1546=VERTEX_POINT('',#3734);
#1547=VERTEX_POINT('',#3736);
#1548=VERTEX_POINT('',#3741);
#1549=VERTEX_POINT('',#3742);
#1550=VERTEX_POINT('',#3744);
#1551=VERTEX_POINT('',#3746);
#1552=VERTEX_POINT('',#3748);
#1553=VERTEX_POINT('',#3752);
#1554=VERTEX_POINT('',#3754);
#1555=VERTEX_POINT('',#3756);
#1556=VERTEX_POINT('',#3758);
#1557=VERTEX_POINT('',#3760);
#1558=VERTEX_POINT('',#3762);
#1559=VERTEX_POINT('',#3764);
#1560=VERTEX_POINT('',#3768);
#1561=VERTEX_POINT('',#3770);
#1562=VERTEX_POINT('',#3774);
#1563=VERTEX_POINT('',#3776);
#1564=VERTEX_POINT('',#3778);
#1565=VERTEX_POINT('',#3780);
#1566=VERTEX_POINT('',#3782);
#1567=VERTEX_POINT('',#3784);
#1568=VERTEX_POINT('',#3785);
#1569=VERTEX_POINT('',#3787);
#1570=VERTEX_POINT('',#3789);
#1571=VERTEX_POINT('',#3792);
#1572=VERTEX_POINT('',#3793);
#1573=VERTEX_POINT('',#3795);
#1574=VERTEX_POINT('',#3797);
#1575=VERTEX_POINT('',#3801);
#1576=VERTEX_POINT('',#3802);
#1577=VERTEX_POINT('',#3804);
#1578=VERTEX_POINT('',#3806);
#1579=VERTEX_POINT('',#3810);
#1580=VERTEX_POINT('',#3811);
#1581=VERTEX_POINT('',#3813);
#1582=VERTEX_POINT('',#3815);
#1583=VERTEX_POINT('',#3817);
#1584=VERTEX_POINT('',#3819);
#1585=VERTEX_POINT('',#3821);
#1586=VERTEX_POINT('',#3823);
#1587=VERTEX_POINT('',#3827);
#1588=VERTEX_POINT('',#3828);
#1589=VERTEX_POINT('',#3830);
#1590=VERTEX_POINT('',#3832);
#1591=VERTEX_POINT('',#3845);
#1592=VERTEX_POINT('',#3846);
#1593=VERTEX_POINT('',#3848);
#1594=VERTEX_POINT('',#3850);
#1595=VERTEX_POINT('',#3854);
#1596=VERTEX_POINT('',#3855);
#1597=VERTEX_POINT('',#3860);
#1598=VERTEX_POINT('',#3861);
#1599=VERTEX_POINT('',#3863);
#1600=VERTEX_POINT('',#3865);
#1601=VERTEX_POINT('',#3867);
#1602=VERTEX_POINT('',#3872);
#1603=VERTEX_POINT('',#3878);
#1604=VERTEX_POINT('',#3880);
#1605=VERTEX_POINT('',#3882);
#1606=VERTEX_POINT('',#3884);
#1607=VERTEX_POINT('',#3898);
#1608=VERTEX_POINT('',#3902);
#1609=VERTEX_POINT('',#3906);
#1610=VERTEX_POINT('',#3910);
#1611=VERTEX_POINT('',#3914);
#1612=VERTEX_POINT('',#3918);
#1613=VERTEX_POINT('',#3922);
#1614=VERTEX_POINT('',#3926);
#1615=VERTEX_POINT('',#3939);
#1616=VERTEX_POINT('',#3940);
#1617=VERTEX_POINT('',#3942);
#1618=VERTEX_POINT('',#3946);
#1619=VERTEX_POINT('',#3959);
#1620=VERTEX_POINT('',#3961);
#1621=VERTEX_POINT('',#3976);
#1622=VERTEX_POINT('',#3978);
#1623=VERTEX_POINT('',#3993);
#1624=VERTEX_POINT('',#3995);
#1625=VERTEX_POINT('',#4010);
#1626=VERTEX_POINT('',#4012);
#1627=VERTEX_POINT('',#4025);
#1628=VERTEX_POINT('',#4029);
#1629=VERTEX_POINT('',#4040);
#1630=VERTEX_POINT('',#4053);
#1631=VERTEX_POINT('',#4066);
#1632=VERTEX_POINT('',#4079);
#1633=VERTEX_POINT('',#4092);
#1634=VERTEX_POINT('',#4105);
#1635=VERTEX_POINT('',#4137);
#1636=VERTEX_POINT('',#4139);
#1637=VERTEX_POINT('',#4143);
#1638=VERTEX_POINT('',#4147);
#1639=VERTEX_POINT('',#4151);
#1640=VERTEX_POINT('',#4155);
#1641=VERTEX_POINT('',#4159);
#1642=VERTEX_POINT('',#4170);
#1643=VERTEX_POINT('',#4176);
#1644=VERTEX_POINT('',#4180);
#1645=VERTEX_POINT('',#4187);
#1646=VERTEX_POINT('',#4189);
#1647=VERTEX_POINT('',#4193);
#1648=VERTEX_POINT('',#4197);
#1649=VERTEX_POINT('',#4204);
#1650=VERTEX_POINT('',#4206);
#1651=VERTEX_POINT('',#4210);
#1652=VERTEX_POINT('',#4214);
#1653=VERTEX_POINT('',#4218);
#1654=VERTEX_POINT('',#4222);
#1655=VERTEX_POINT('',#4226);
#1656=VERTEX_POINT('',#4230);
#1657=VERTEX_POINT('',#4246);
#1658=VERTEX_POINT('',#4247);
#1659=VERTEX_POINT('',#4249);
#1660=VERTEX_POINT('',#4253);
#1661=VERTEX_POINT('',#4266);
#1662=VERTEX_POINT('',#4268);
#1663=VERTEX_POINT('',#4283);
#1664=VERTEX_POINT('',#4285);
#1665=VERTEX_POINT('',#4300);
#1666=VERTEX_POINT('',#4302);
#1667=VERTEX_POINT('',#4317);
#1668=VERTEX_POINT('',#4319);
#1669=VERTEX_POINT('',#4334);
#1670=VERTEX_POINT('',#4336);
#1671=VERTEX_POINT('',#4351);
#1672=VERTEX_POINT('',#4353);
#1673=VERTEX_POINT('',#4366);
#1674=VERTEX_POINT('',#4370);
#1675=VERTEX_POINT('',#4381);
#1676=VERTEX_POINT('',#4394);
#1677=VERTEX_POINT('',#4407);
#1678=VERTEX_POINT('',#4420);
#1679=VERTEX_POINT('',#4433);
#1680=VERTEX_POINT('',#4446);
#1681=VERTEX_POINT('',#4459);
#1682=VERTEX_POINT('',#4472);
#1683=VERTEX_POINT('',#4478);
#1684=VERTEX_POINT('',#4489);
#1685=VERTEX_POINT('',#4502);
#1686=VERTEX_POINT('',#4515);
#1687=VERTEX_POINT('',#4521);
#1688=VERTEX_POINT('',#4525);
#1689=VERTEX_POINT('',#4536);
#1690=VERTEX_POINT('',#4577);
#1691=VERTEX_POINT('',#4578);
#1692=VERTEX_POINT('',#4580);
#1693=VERTEX_POINT('',#4584);
#1694=VERTEX_POINT('',#4597);
#1695=VERTEX_POINT('',#4599);
#1696=VERTEX_POINT('',#4614);
#1697=VERTEX_POINT('',#4616);
#1698=VERTEX_POINT('',#4622);
#1699=VERTEX_POINT('',#4624);
#1700=VERTEX_POINT('',#4637);
#1701=VERTEX_POINT('',#4639);
#1702=VERTEX_POINT('',#4654);
#1703=VERTEX_POINT('',#4656);
#1704=VERTEX_POINT('',#4662);
#1705=VERTEX_POINT('',#4664);
#1706=VERTEX_POINT('',#4677);
#1707=VERTEX_POINT('',#4678);
#1708=VERTEX_POINT('',#4680);
#1709=VERTEX_POINT('',#4684);
#1710=VERTEX_POINT('',#4697);
#1711=VERTEX_POINT('',#4699);
#1712=VERTEX_POINT('',#4714);
#1713=VERTEX_POINT('',#4716);
#1714=VERTEX_POINT('',#4731);
#1715=VERTEX_POINT('',#4733);
#1716=VERTEX_POINT('',#4748);
#1717=VERTEX_POINT('',#4750);
#1718=VERTEX_POINT('',#4765);
#1719=VERTEX_POINT('',#4767);
#1720=VERTEX_POINT('',#4780);
#1721=VERTEX_POINT('',#4784);
#1722=VERTEX_POINT('',#4795);
#1723=VERTEX_POINT('',#4808);
#1724=VERTEX_POINT('',#4814);
#1725=VERTEX_POINT('',#4825);
#1726=VERTEX_POINT('',#4838);
#1727=VERTEX_POINT('',#4851);
#1728=VERTEX_POINT('',#4864);
#1729=VERTEX_POINT('',#4877);
#1730=VERTEX_POINT('',#4890);
#1731=VERTEX_POINT('',#4903);
#1732=VERTEX_POINT('',#4916);
#1733=VERTEX_POINT('',#4929);
#1734=VERTEX_POINT('',#4942);
#1735=VERTEX_POINT('',#4955);
#1736=VERTEX_POINT('',#5002);
#1737=VERTEX_POINT('',#5004);
#1738=VERTEX_POINT('',#5008);
#1739=VERTEX_POINT('',#5012);
#1740=VERTEX_POINT('',#5016);
#1741=VERTEX_POINT('',#5027);
#1742=VERTEX_POINT('',#5033);
#1743=VERTEX_POINT('',#5037);
#1744=VERTEX_POINT('',#5041);
#1745=VERTEX_POINT('',#5045);
#1746=VERTEX_POINT('',#5049);
#1747=VERTEX_POINT('',#5053);
#1748=VERTEX_POINT('',#5064);
#1749=VERTEX_POINT('',#5070);
#1750=LINE('',#3520,#1998);
#1751=LINE('',#3523,#1999);
#1752=LINE('',#3525,#2000);
#1753=LINE('',#3527,#2001);
#1754=LINE('',#3545,#2002);
#1755=LINE('',#3561,#2003);
#1756=LINE('',#3592,#2004);
#1757=LINE('',#3595,#2005);
#1758=LINE('',#3597,#2006);
#1759=LINE('',#3599,#2007);
#1760=LINE('',#3632,#2008);
#1761=LINE('',#3635,#2009);
#1762=LINE('',#3637,#2010);
#1763=LINE('',#3639,#2011);
#1764=LINE('',#3641,#2012);
#1765=LINE('',#3647,#2013);
#1766=LINE('',#3649,#2014);
#1767=LINE('',#3651,#2015);
#1768=LINE('',#3653,#2016);
#1769=LINE('',#3654,#2017);
#1770=LINE('',#3657,#2018);
#1771=LINE('',#3659,#2019);
#1772=LINE('',#3661,#2020);
#1773=LINE('',#3662,#2021);
#1774=LINE('',#3665,#2022);
#1775=LINE('',#3667,#2023);
#1776=LINE('',#3669,#2024);
#1777=LINE('',#3671,#2025);
#1778=LINE('',#3673,#2026);
#1779=LINE('',#3675,#2027);
#1780=LINE('',#3677,#2028);
#1781=LINE('',#3740,#2029);
#1782=LINE('',#3743,#2030);
#1783=LINE('',#3745,#2031);
#1784=LINE('',#3747,#2032);
#1785=LINE('',#3753,#2033);
#1786=LINE('',#3755,#2034);
#1787=LINE('',#3757,#2035);
#1788=LINE('',#3759,#2036);
#1789=LINE('',#3761,#2037);
#1790=LINE('',#3763,#2038);
#1791=LINE('',#3769,#2039);
#1792=LINE('',#3771,#2040);
#1793=LINE('',#3783,#2041);
#1794=LINE('',#3786,#2042);
#1795=LINE('',#3788,#2043);
#1796=LINE('',#3790,#2044);
#1797=LINE('',#3791,#2045);
#1798=LINE('',#3794,#2046);
#1799=LINE('',#3796,#2047);
#1800=LINE('',#3798,#2048);
#1801=LINE('',#3800,#2049);
#1802=LINE('',#3803,#2050);
#1803=LINE('',#3805,#2051);
#1804=LINE('',#3807,#2052);
#1805=LINE('',#3809,#2053);
#1806=LINE('',#3812,#2054);
#1807=LINE('',#3814,#2055);
#1808=LINE('',#3816,#2056);
#1809=LINE('',#3818,#2057);
#1810=LINE('',#3820,#2058);
#1811=LINE('',#3822,#2059);
#1812=LINE('',#3824,#2060);
#1813=LINE('',#3826,#2061);
#1814=LINE('',#3829,#2062);
#1815=LINE('',#3831,#2063);
#1816=LINE('',#3833,#2064);
#1817=LINE('',#3835,#2065);
#1818=LINE('',#3836,#2066);
#1819=LINE('',#3838,#2067);
#1820=LINE('',#3840,#2068);
#1821=LINE('',#3844,#2069);
#1822=LINE('',#3847,#2070);
#1823=LINE('',#3849,#2071);
#1824=LINE('',#3851,#2072);
#1825=LINE('',#3853,#2073);
#1826=LINE('',#3856,#2074);
#1827=LINE('',#3857,#2075);
#1828=LINE('',#3859,#2076);
#1829=LINE('',#3862,#2077);
#1830=LINE('',#3864,#2078);
#1831=LINE('',#3866,#2079);
#1832=LINE('',#3868,#2080);
#1833=LINE('',#3869,#2081);
#1834=LINE('',#3871,#2082);
#1835=LINE('',#3873,#2083);
#1836=LINE('',#3875,#2084);
#1837=LINE('',#3885,#2085);
#1838=LINE('',#3886,#2086);
#1839=LINE('',#3887,#2087);
#1840=LINE('',#3888,#2088);
#1841=LINE('',#3889,#2089);
#1842=LINE('',#3890,#2090);
#1843=LINE('',#3892,#2091);
#1844=LINE('',#3893,#2092);
#1845=LINE('',#3941,#2093);
#1846=LINE('',#3947,#2094);
#1847=LINE('',#3960,#2095);
#1848=LINE('',#3977,#2096);
#1849=LINE('',#3994,#2097);
#1850=LINE('',#4011,#2098);
#1851=LINE('',#4024,#2099);
#1852=LINE('',#4030,#2100);
#1853=LINE('',#4039,#2101);
#1854=LINE('',#4052,#2102);
#1855=LINE('',#4065,#2103);
#1856=LINE('',#4078,#2104);
#1857=LINE('',#4091,#2105);
#1858=LINE('',#4104,#2106);
#1859=LINE('',#4136,#2107);
#1860=LINE('',#4138,#2108);
#1861=LINE('',#4140,#2109);
#1862=LINE('',#4142,#2110);
#1863=LINE('',#4144,#2111);
#1864=LINE('',#4146,#2112);
#1865=LINE('',#4148,#2113);
#1866=LINE('',#4150,#2114);
#1867=LINE('',#4152,#2115);
#1868=LINE('',#4154,#2116);
#1869=LINE('',#4156,#2117);
#1870=LINE('',#4158,#2118);
#1871=LINE('',#4160,#2119);
#1872=LINE('',#4169,#2120);
#1873=LINE('',#4175,#2121);
#1874=LINE('',#4177,#2122);
#1875=LINE('',#4179,#2123);
#1876=LINE('',#4181,#2124);
#1877=LINE('',#4183,#2125);
#1878=LINE('',#4186,#2126);
#1879=LINE('',#4188,#2127);
#1880=LINE('',#4190,#2128);
#1881=LINE('',#4192,#2129);
#1882=LINE('',#4194,#2130);
#1883=LINE('',#4196,#2131);
#1884=LINE('',#4198,#2132);
#1885=LINE('',#4200,#2133);
#1886=LINE('',#4203,#2134);
#1887=LINE('',#4205,#2135);
#1888=LINE('',#4207,#2136);
#1889=LINE('',#4209,#2137);
#1890=LINE('',#4211,#2138);
#1891=LINE('',#4213,#2139);
#1892=LINE('',#4215,#2140);
#1893=LINE('',#4217,#2141);
#1894=LINE('',#4219,#2142);
#1895=LINE('',#4221,#2143);
#1896=LINE('',#4223,#2144);
#1897=LINE('',#4225,#2145);
#1898=LINE('',#4227,#2146);
#1899=LINE('',#4229,#2147);
#1900=LINE('',#4231,#2148);
#1901=LINE('',#4233,#2149);
#1902=LINE('',#4248,#2150);
#1903=LINE('',#4254,#2151);
#1904=LINE('',#4267,#2152);
#1905=LINE('',#4284,#2153);
#1906=LINE('',#4301,#2154);
#1907=LINE('',#4318,#2155);
#1908=LINE('',#4335,#2156);
#1909=LINE('',#4352,#2157);
#1910=LINE('',#4365,#2158);
#1911=LINE('',#4371,#2159);
#1912=LINE('',#4380,#2160);
#1913=LINE('',#4393,#2161);
#1914=LINE('',#4406,#2162);
#1915=LINE('',#4419,#2163);
#1916=LINE('',#4432,#2164);
#1917=LINE('',#4445,#2165);
#1918=LINE('',#4458,#2166);
#1919=LINE('',#4471,#2167);
#1920=LINE('',#4477,#2168);
#1921=LINE('',#4479,#2169);
#1922=LINE('',#4488,#2170);
#1923=LINE('',#4501,#2171);
#1924=LINE('',#4514,#2172);
#1925=LINE('',#4520,#2173);
#1926=LINE('',#4524,#2174);
#1927=LINE('',#4526,#2175);
#1928=LINE('',#4535,#2176);
#1929=LINE('',#4579,#2177);
#1930=LINE('',#4585,#2178);
#1931=LINE('',#4598,#2179);
#1932=LINE('',#4615,#2180);
#1933=LINE('',#4623,#2181);
#1934=LINE('',#4638,#2182);
#1935=LINE('',#4655,#2183);
#1936=LINE('',#4663,#2184);
#1937=LINE('',#4679,#2185);
#1938=LINE('',#4685,#2186);
#1939=LINE('',#4698,#2187);
#1940=LINE('',#4715,#2188);
#1941=LINE('',#4732,#2189);
#1942=LINE('',#4749,#2190);
#1943=LINE('',#4766,#2191);
#1944=LINE('',#4779,#2192);
#1945=LINE('',#4785,#2193);
#1946=LINE('',#4794,#2194);
#1947=LINE('',#4807,#2195);
#1948=LINE('',#4813,#2196);
#1949=LINE('',#4824,#2197);
#1950=LINE('',#4837,#2198);
#1951=LINE('',#4850,#2199);
#1952=LINE('',#4863,#2200);
#1953=LINE('',#4876,#2201);
#1954=LINE('',#4889,#2202);
#1955=LINE('',#4902,#2203);
#1956=LINE('',#4915,#2204);
#1957=LINE('',#4928,#2205);
#1958=LINE('',#4941,#2206);
#1959=LINE('',#4954,#2207);
#1960=LINE('',#5001,#2208);
#1961=LINE('',#5003,#2209);
#1962=LINE('',#5005,#2210);
#1963=LINE('',#5007,#2211);
#1964=LINE('',#5009,#2212);
#1965=LINE('',#5011,#2213);
#1966=LINE('',#5013,#2214);
#1967=LINE('',#5015,#2215);
#1968=LINE('',#5017,#2216);
#1969=LINE('',#5026,#2217);
#1970=LINE('',#5032,#2218);
#1971=LINE('',#5034,#2219);
#1972=LINE('',#5036,#2220);
#1973=LINE('',#5038,#2221);
#1974=LINE('',#5040,#2222);
#1975=LINE('',#5042,#2223);
#1976=LINE('',#5044,#2224);
#1977=LINE('',#5046,#2225);
#1978=LINE('',#5048,#2226);
#1979=LINE('',#5050,#2227);
#1980=LINE('',#5052,#2228);
#1981=LINE('',#5054,#2229);
#1982=LINE('',#5063,#2230);
#1983=LINE('',#5069,#2231);
#1984=LINE('',#5071,#2232);
#1985=LINE('',#5073,#2233);
#1986=LINE('',#5079,#2234);
#1987=LINE('',#5081,#2235);
#1988=LINE('',#5082,#2236);
#1989=LINE('',#5084,#2237);
#1990=LINE('',#5086,#2238);
#1991=LINE('',#5088,#2239);
#1992=LINE('',#5090,#2240);
#1993=LINE('',#5092,#2241);
#1994=LINE('',#5094,#2242);
#1995=LINE('',#5096,#2243);
#1996=LINE('',#5098,#2244);
#1997=LINE('',#5100,#2245);
#1998=VECTOR('',#3026,1.);
#1999=VECTOR('',#3027,1.);
#2000=VECTOR('',#3028,1.);
#2001=VECTOR('',#3029,1.);
#2002=VECTOR('',#3030,1.);
#2003=VECTOR('',#3033,1.);
#2004=VECTOR('',#3036,1.);
#2005=VECTOR('',#3037,1.);
#2006=VECTOR('',#3038,1.);
#2007=VECTOR('',#3039,1.);
#2008=VECTOR('',#3040,1.);
#2009=VECTOR('',#3041,1.);
#2010=VECTOR('',#3042,1.);
#2011=VECTOR('',#3043,1.);
#2012=VECTOR('',#3044,1.);
#2013=VECTOR('',#3045,1.);
#2014=VECTOR('',#3046,1.);
#2015=VECTOR('',#3047,1.);
#2016=VECTOR('',#3048,1.);
#2017=VECTOR('',#3049,1.);
#2018=VECTOR('',#3050,1.);
#2019=VECTOR('',#3051,1.);
#2020=VECTOR('',#3052,1.);
#2021=VECTOR('',#3053,1.);
#2022=VECTOR('',#3054,1.);
#2023=VECTOR('',#3055,1.);
#2024=VECTOR('',#3056,1.);
#2025=VECTOR('',#3057,1.);
#2026=VECTOR('',#3058,1.);
#2027=VECTOR('',#3059,1.);
#2028=VECTOR('',#3060,1.);
#2029=VECTOR('',#3063,1.);
#2030=VECTOR('',#3064,1.);
#2031=VECTOR('',#3065,1.);
#2032=VECTOR('',#3066,1.);
#2033=VECTOR('',#3067,1.);
#2034=VECTOR('',#3068,1.);
#2035=VECTOR('',#3069,1.);
#2036=VECTOR('',#3070,1.);
#2037=VECTOR('',#3071,1.);
#2038=VECTOR('',#3072,1.);
#2039=VECTOR('',#3073,1.);
#2040=VECTOR('',#3074,1.);
#2041=VECTOR('',#3087,1.);
#2042=VECTOR('',#3088,1.);
#2043=VECTOR('',#3089,1.);
#2044=VECTOR('',#3090,1.);
#2045=VECTOR('',#3091,1.);
#2046=VECTOR('',#3092,1.);
#2047=VECTOR('',#3093,1.);
#2048=VECTOR('',#3094,1.);
#2049=VECTOR('',#3097,1.);
#2050=VECTOR('',#3098,1.);
#2051=VECTOR('',#3099,1.);
#2052=VECTOR('',#3100,1.);
#2053=VECTOR('',#3103,1.);
#2054=VECTOR('',#3104,1.);
#2055=VECTOR('',#3105,1.);
#2056=VECTOR('',#3106,1.);
#2057=VECTOR('',#3107,1.);
#2058=VECTOR('',#3108,1.);
#2059=VECTOR('',#3109,1.);
#2060=VECTOR('',#3110,1.);
#2061=VECTOR('',#3113,1.);
#2062=VECTOR('',#3114,1.);
#2063=VECTOR('',#3115,1.);
#2064=VECTOR('',#3116,1.);
#2065=VECTOR('',#3119,1.);
#2066=VECTOR('',#3120,1.);
#2067=VECTOR('',#3123,1.);
#2068=VECTOR('',#3126,1.);
#2069=VECTOR('',#3133,1.);
#2070=VECTOR('',#3134,1.);
#2071=VECTOR('',#3135,1.);
#2072=VECTOR('',#3136,1.);
#2073=VECTOR('',#3139,1.);
#2074=VECTOR('',#3140,1.);
#2075=VECTOR('',#3141,1.);
#2076=VECTOR('',#3144,1.);
#2077=VECTOR('',#3145,1.);
#2078=VECTOR('',#3146,1.);
#2079=VECTOR('',#3147,1.);
#2080=VECTOR('',#3148,1.);
#2081=VECTOR('',#3149,1.);
#2082=VECTOR('',#3152,1.);
#2083=VECTOR('',#3153,1.);
#2084=VECTOR('',#3156,1.);
#2085=VECTOR('',#3167,1.);
#2086=VECTOR('',#3168,1.);
#2087=VECTOR('',#3169,1.);
#2088=VECTOR('',#3170,1.);
#2089=VECTOR('',#3171,1.);
#2090=VECTOR('',#3172,1.);
#2091=VECTOR('',#3175,1.);
#2092=VECTOR('',#3176,1.);
#2093=VECTOR('',#3229,1.);
#2094=VECTOR('',#3230,1.);
#2095=VECTOR('',#3231,1.);
#2096=VECTOR('',#3232,1.);
#2097=VECTOR('',#3233,1.);
#2098=VECTOR('',#3234,1.);
#2099=VECTOR('',#3235,1.);
#2100=VECTOR('',#3236,1.);
#2101=VECTOR('',#3237,1.);
#2102=VECTOR('',#3238,1.);
#2103=VECTOR('',#3239,1.);
#2104=VECTOR('',#3240,1.);
#2105=VECTOR('',#3241,1.);
#2106=VECTOR('',#3242,1.);
#2107=VECTOR('',#3247,1.);
#2108=VECTOR('',#3248,1.);
#2109=VECTOR('',#3249,1.);
#2110=VECTOR('',#3252,1.);
#2111=VECTOR('',#3253,1.);
#2112=VECTOR('',#3256,1.);
#2113=VECTOR('',#3257,1.);
#2114=VECTOR('',#3260,1.);
#2115=VECTOR('',#3261,1.);
#2116=VECTOR('',#3264,1.);
#2117=VECTOR('',#3265,1.);
#2118=VECTOR('',#3268,1.);
#2119=VECTOR('',#3269,1.);
#2120=VECTOR('',#3270,1.);
#2121=VECTOR('',#3273,1.);
#2122=VECTOR('',#3274,1.);
#2123=VECTOR('',#3277,1.);
#2124=VECTOR('',#3278,1.);
#2125=VECTOR('',#3281,1.);
#2126=VECTOR('',#3286,1.);
#2127=VECTOR('',#3287,1.);
#2128=VECTOR('',#3288,1.);
#2129=VECTOR('',#3291,1.);
#2130=VECTOR('',#3292,1.);
#2131=VECTOR('',#3295,1.);
#2132=VECTOR('',#3296,1.);
#2133=VECTOR('',#3299,1.);
#2134=VECTOR('',#3304,1.);
#2135=VECTOR('',#3305,1.);
#2136=VECTOR('',#3306,1.);
#2137=VECTOR('',#3309,1.);
#2138=VECTOR('',#3310,1.);
#2139=VECTOR('',#3313,1.);
#2140=VECTOR('',#3314,1.);
#2141=VECTOR('',#3317,1.);
#2142=VECTOR('',#3318,1.);
#2143=VECTOR('',#3321,1.);
#2144=VECTOR('',#3322,1.);
#2145=VECTOR('',#3325,1.);
#2146=VECTOR('',#3326,1.);
#2147=VECTOR('',#3329,1.);
#2148=VECTOR('',#3330,1.);
#2149=VECTOR('',#3333,1.);
#2150=VECTOR('',#3336,1.);
#2151=VECTOR('',#3337,1.);
#2152=VECTOR('',#3338,1.);
#2153=VECTOR('',#3339,1.);
#2154=VECTOR('',#3340,1.);
#2155=VECTOR('',#3341,1.);
#2156=VECTOR('',#3342,1.);
#2157=VECTOR('',#3343,1.);
#2158=VECTOR('',#3344,1.);
#2159=VECTOR('',#3345,1.);
#2160=VECTOR('',#3346,1.);
#2161=VECTOR('',#3347,1.);
#2162=VECTOR('',#3348,1.);
#2163=VECTOR('',#3349,1.);
#2164=VECTOR('',#3350,1.);
#2165=VECTOR('',#3351,1.);
#2166=VECTOR('',#3352,1.);
#2167=VECTOR('',#3353,1.);
#2168=VECTOR('',#3356,1.);
#2169=VECTOR('',#3357,1.);
#2170=VECTOR('',#3358,1.);
#2171=VECTOR('',#3359,1.);
#2172=VECTOR('',#3360,1.);
#2173=VECTOR('',#3363,1.);
#2174=VECTOR('',#3368,1.);
#2175=VECTOR('',#3369,1.);
#2176=VECTOR('',#3370,1.);
#2177=VECTOR('',#3373,1.);
#2178=VECTOR('',#3374,1.);
#2179=VECTOR('',#3375,1.);
#2180=VECTOR('',#3376,1.);
#2181=VECTOR('',#3381,1.);
#2182=VECTOR('',#3384,1.);
#2183=VECTOR('',#3385,1.);
#2184=VECTOR('',#3390,1.);
#2185=VECTOR('',#3393,1.);
#2186=VECTOR('',#3394,1.);
#2187=VECTOR('',#3395,1.);
#2188=VECTOR('',#3396,1.);
#2189=VECTOR('',#3397,1.);
#2190=VECTOR('',#3398,1.);
#2191=VECTOR('',#3399,1.);
#2192=VECTOR('',#3400,1.);
#2193=VECTOR('',#3401,1.);
#2194=VECTOR('',#3402,1.);
#2195=VECTOR('',#3403,1.);
#2196=VECTOR('',#3406,1.);
#2197=VECTOR('',#3409,1.);
#2198=VECTOR('',#3410,1.);
#2199=VECTOR('',#3411,1.);
#2200=VECTOR('',#3412,1.);
#2201=VECTOR('',#3413,1.);
#2202=VECTOR('',#3414,1.);
#2203=VECTOR('',#3415,1.);
#2204=VECTOR('',#3416,1.);
#2205=VECTOR('',#3417,1.);
#2206=VECTOR('',#3418,1.);
#2207=VECTOR('',#3419,1.);
#2208=VECTOR('',#3426,1.);
#2209=VECTOR('',#3427,1.);
#2210=VECTOR('',#3428,1.);
#2211=VECTOR('',#3431,1.);
#2212=VECTOR('',#3432,1.);
#2213=VECTOR('',#3435,1.);
#2214=VECTOR('',#3436,1.);
#2215=VECTOR('',#3439,1.);
#2216=VECTOR('',#3440,1.);
#2217=VECTOR('',#3441,1.);
#2218=VECTOR('',#3444,1.);
#2219=VECTOR('',#3445,1.);
#2220=VECTOR('',#3448,1.);
#2221=VECTOR('',#3449,1.);
#2222=VECTOR('',#3452,1.);
#2223=VECTOR('',#3453,1.);
#2224=VECTOR('',#3456,1.);
#2225=VECTOR('',#3457,1.);
#2226=VECTOR('',#3460,1.);
#2227=VECTOR('',#3461,1.);
#2228=VECTOR('',#3464,1.);
#2229=VECTOR('',#3465,1.);
#2230=VECTOR('',#3466,1.);
#2231=VECTOR('',#3469,1.);
#2232=VECTOR('',#3470,1.);
#2233=VECTOR('',#3473,1.);
#2234=VECTOR('',#3484,1.);
#2235=VECTOR('',#3487,1.);
#2236=VECTOR('',#3488,1.);
#2237=VECTOR('',#3491,1.);
#2238=VECTOR('',#3494,1.);
#2239=VECTOR('',#3497,1.);
#2240=VECTOR('',#3500,1.);
#2241=VECTOR('',#3503,1.);
#2242=VECTOR('',#3506,1.);
#2243=VECTOR('',#3509,1.);
#2244=VECTOR('',#3512,1.);
#2245=VECTOR('',#3515,1.);
#2246=EDGE_LOOP('',(#252,#253,#254,#255));
#2247=EDGE_LOOP('',(#256,#257,#258,#259,#260,#261,#262,#263,#264,#265,#266,
#267,#268,#269,#270,#271,#272));
#2248=EDGE_LOOP('',(#273));
#2249=EDGE_LOOP('',(#274,#275,#276,#277));
#2250=EDGE_LOOP('',(#278,#279,#280,#281,#282,#283,#284,#285));
#2251=EDGE_LOOP('',(#286,#287,#288,#289,#290,#291,#292,#293,#294,#295));
#2252=EDGE_LOOP('',(#296,#297,#298,#299));
#2253=EDGE_LOOP('',(#300,#301,#302,#303,#304,#305,#306,#307));
#2254=EDGE_LOOP('',(#308,#309,#310,#311,#312,#313,#314,#315,#316,#317,#318,
#319,#320,#321,#322,#323));
#2255=EDGE_LOOP('',(#324,#325,#326,#327,#328,#329,#330,#331,#332,#333,#334,
#335,#336,#337));
#2256=EDGE_LOOP('',(#338));
#2257=EDGE_LOOP('',(#339));
#2258=EDGE_LOOP('',(#340));
#2259=EDGE_LOOP('',(#341));
#2260=EDGE_LOOP('',(#342));
#2261=EDGE_LOOP('',(#343,#344,#345,#346));
#2262=EDGE_LOOP('',(#347,#348,#349,#350));
#2263=EDGE_LOOP('',(#351,#352,#353,#354));
#2264=EDGE_LOOP('',(#355,#356,#357,#358,#359,#360,#361,#362));
#2265=EDGE_LOOP('',(#363,#364,#365,#366));
#2266=EDGE_LOOP('',(#367,#368,#369,#370));
#2267=EDGE_LOOP('',(#371,#372,#373,#374));
#2268=EDGE_LOOP('',(#375,#376,#377,#378));
#2269=EDGE_LOOP('',(#379));
#2270=EDGE_LOOP('',(#380));
#2271=EDGE_LOOP('',(#381,#382,#383,#384));
#2272=EDGE_LOOP('',(#385,#386,#387,#388));
#2273=EDGE_LOOP('',(#389,#390,#391,#392));
#2274=EDGE_LOOP('',(#393,#394,#395,#396,#397,#398,#399,#400));
#2275=EDGE_LOOP('',(#401,#402,#403,#404));
#2276=EDGE_LOOP('',(#405,#406,#407,#408));
#2277=EDGE_LOOP('',(#409));
#2278=EDGE_LOOP('',(#410));
#2279=EDGE_LOOP('',(#411));
#2280=EDGE_LOOP('',(#412));
#2281=EDGE_LOOP('',(#413,#414,#415,#416,#417,#418,#419,#420,#421,#422,#423,
#424,#425,#426,#427,#428));
#2282=EDGE_LOOP('',(#429,#430,#431,#432));
#2283=EDGE_LOOP('',(#433,#434,#435,#436));
#2284=EDGE_LOOP('',(#437,#438,#439,#440));
#2285=EDGE_LOOP('',(#441));
#2286=EDGE_LOOP('',(#442));
#2287=EDGE_LOOP('',(#443));
#2288=EDGE_LOOP('',(#444));
#2289=EDGE_LOOP('',(#445));
#2290=EDGE_LOOP('',(#446));
#2291=EDGE_LOOP('',(#447));
#2292=EDGE_LOOP('',(#448));
#2293=EDGE_LOOP('',(#449));
#2294=EDGE_LOOP('',(#450));
#2295=EDGE_LOOP('',(#451));
#2296=EDGE_LOOP('',(#452));
#2297=EDGE_LOOP('',(#453));
#2298=EDGE_LOOP('',(#454));
#2299=EDGE_LOOP('',(#455));
#2300=EDGE_LOOP('',(#456));
#2301=EDGE_LOOP('',(#457));
#2302=EDGE_LOOP('',(#458));
#2303=EDGE_LOOP('',(#459));
#2304=EDGE_LOOP('',(#460));
#2305=EDGE_LOOP('',(#461));
#2306=EDGE_LOOP('',(#462));
#2307=EDGE_LOOP('',(#463));
#2308=EDGE_LOOP('',(#464));
#2309=EDGE_LOOP('',(#465,#466,#467,#468));
#2310=EDGE_LOOP('',(#469,#470,#471,#472));
#2311=EDGE_LOOP('',(#473,#474,#475,#476));
#2312=EDGE_LOOP('',(#477,#478,#479,#480));
#2313=EDGE_LOOP('',(#481,#482,#483,#484));
#2314=EDGE_LOOP('',(#485,#486,#487,#488));
#2315=EDGE_LOOP('',(#489,#490,#491,#492));
#2316=EDGE_LOOP('',(#493,#494,#495,#496));
#2317=EDGE_LOOP('',(#497,#498,#499,#500));
#2318=EDGE_LOOP('',(#501,#502,#503,#504));
#2319=EDGE_LOOP('',(#505,#506,#507,#508));
#2320=EDGE_LOOP('',(#509,#510,#511,#512));
#2321=EDGE_LOOP('',(#513,#514,#515,#516));
#2322=EDGE_LOOP('',(#517,#518,#519,#520));
#2323=EDGE_LOOP('',(#521,#522,#523,#524,#525,#526,#527,#528));
#2324=EDGE_LOOP('',(#529,#530,#531,#532,#533,#534));
#2325=EDGE_LOOP('',(#535,#536,#537,#538));
#2326=EDGE_LOOP('',(#539,#540,#541,#542));
#2327=EDGE_LOOP('',(#543,#544,#545,#546));
#2328=EDGE_LOOP('',(#547,#548,#549,#550));
#2329=EDGE_LOOP('',(#551,#552,#553,#554));
#2330=EDGE_LOOP('',(#555,#556,#557,#558));
#2331=EDGE_LOOP('',(#559,#560,#561,#562));
#2332=EDGE_LOOP('',(#563,#564,#565,#566));
#2333=EDGE_LOOP('',(#567,#568,#569,#570));
#2334=EDGE_LOOP('',(#571,#572,#573,#574));
#2335=EDGE_LOOP('',(#575,#576,#577,#578,#579,#580,#581,#582,#583,#584));
#2336=EDGE_LOOP('',(#585,#586,#587,#588));
#2337=EDGE_LOOP('',(#589,#590,#591,#592));
#2338=EDGE_LOOP('',(#593,#594,#595,#596));
#2339=EDGE_LOOP('',(#597,#598,#599,#600));
#2340=EDGE_LOOP('',(#601,#602,#603,#604));
#2341=EDGE_LOOP('',(#605,#606,#607,#608));
#2342=EDGE_LOOP('',(#609,#610,#611,#612));
#2343=EDGE_LOOP('',(#613,#614,#615,#616));
#2344=EDGE_LOOP('',(#617,#618,#619,#620));
#2345=EDGE_LOOP('',(#621,#622,#623,#624));
#2346=EDGE_LOOP('',(#625,#626,#627,#628));
#2347=EDGE_LOOP('',(#629,#630,#631,#632));
#2348=EDGE_LOOP('',(#633,#634,#635,#636));
#2349=EDGE_LOOP('',(#637,#638,#639,#640,#641,#642,#643,#644));
#2350=EDGE_LOOP('',(#645,#646,#647,#648));
#2351=EDGE_LOOP('',(#649,#650,#651,#652));
#2352=EDGE_LOOP('',(#653,#654,#655,#656));
#2353=EDGE_LOOP('',(#657,#658,#659,#660));
#2354=EDGE_LOOP('',(#661,#662,#663,#664));
#2355=EDGE_LOOP('',(#665,#666,#667,#668));
#2356=EDGE_LOOP('',(#669,#670,#671,#672));
#2357=EDGE_LOOP('',(#673,#674,#675,#676));
#2358=EDGE_LOOP('',(#677,#678,#679,#680));
#2359=EDGE_LOOP('',(#681,#682,#683,#684));
#2360=EDGE_LOOP('',(#685,#686,#687,#688));
#2361=EDGE_LOOP('',(#689,#690,#691,#692));
#2362=EDGE_LOOP('',(#693,#694,#695,#696));
#2363=EDGE_LOOP('',(#697,#698,#699,#700));
#2364=EDGE_LOOP('',(#701,#702,#703,#704));
#2365=EDGE_LOOP('',(#705,#706,#707,#708));
#2366=EDGE_LOOP('',(#709,#710,#711,#712));
#2367=EDGE_LOOP('',(#713,#714,#715,#716));
#2368=EDGE_LOOP('',(#717,#718,#719,#720));
#2369=EDGE_LOOP('',(#721,#722,#723,#724));
#2370=EDGE_LOOP('',(#725,#726,#727,#728));
#2371=EDGE_LOOP('',(#729,#730,#731,#732));
#2372=EDGE_LOOP('',(#733,#734,#735,#736));
#2373=EDGE_LOOP('',(#737,#738,#739,#740));
#2374=EDGE_LOOP('',(#741,#742,#743,#744));
#2375=EDGE_LOOP('',(#745,#746,#747,#748,#749,#750,#751,#752,#753,#754,#755,
#756,#757,#758,#759,#760,#761));
#2376=EDGE_LOOP('',(#762,#763,#764,#765,#766,#767,#768,#769));
#2377=EDGE_LOOP('',(#770,#771,#772,#773));
#2378=EDGE_LOOP('',(#774,#775,#776,#777));
#2379=EDGE_LOOP('',(#778,#779,#780,#781));
#2380=EDGE_LOOP('',(#782,#783,#784,#785));
#2381=EDGE_LOOP('',(#786,#787,#788,#789));
#2382=EDGE_LOOP('',(#790,#791,#792,#793));
#2383=EDGE_LOOP('',(#794,#795,#796,#797));
#2384=EDGE_LOOP('',(#798,#799,#800,#801));
#2385=EDGE_LOOP('',(#802,#803,#804,#805));
#2386=EDGE_LOOP('',(#806,#807,#808,#809));
#2387=EDGE_LOOP('',(#810,#811,#812,#813));
#2388=EDGE_LOOP('',(#814,#815,#816,#817));
#2389=EDGE_LOOP('',(#818,#819,#820,#821));
#2390=EDGE_LOOP('',(#822,#823,#824,#825));
#2391=EDGE_LOOP('',(#826,#827,#828,#829));
#2392=EDGE_LOOP('',(#830,#831,#832,#833));
#2393=EDGE_LOOP('',(#834,#835,#836,#837));
#2394=EDGE_LOOP('',(#838,#839,#840,#841));
#2395=EDGE_LOOP('',(#842,#843,#844,#845));
#2396=EDGE_LOOP('',(#846,#847,#848,#849));
#2397=EDGE_LOOP('',(#850,#851,#852,#853));
#2398=EDGE_LOOP('',(#854,#855,#856,#857));
#2399=EDGE_LOOP('',(#858,#859,#860,#861));
#2400=EDGE_LOOP('',(#862,#863,#864,#865));
#2401=EDGE_LOOP('',(#866,#867,#868,#869));
#2402=EDGE_LOOP('',(#870,#871,#872,#873));
#2403=EDGE_LOOP('',(#874,#875,#876,#877));
#2404=EDGE_LOOP('',(#878,#879,#880,#881));
#2405=EDGE_LOOP('',(#882,#883,#884,#885));
#2406=EDGE_LOOP('',(#886,#887,#888,#889));
#2407=EDGE_LOOP('',(#890,#891,#892,#893));
#2408=EDGE_LOOP('',(#894,#895,#896,#897,#898,#899,#900,#901,#902,#903,#904,
#905,#906,#907,#908,#909));
#2409=EDGE_LOOP('',(#910,#911,#912,#913,#914,#915,#916));
#2410=EDGE_LOOP('',(#917,#918,#919,#920,#921,#922,#923,#924));
#2411=EDGE_LOOP('',(#925,#926,#927,#928,#929,#930,#931));
#2412=EDGE_LOOP('',(#932,#933,#934,#935));
#2413=EDGE_LOOP('',(#936,#937,#938,#939));
#2414=EDGE_LOOP('',(#940,#941,#942,#943));
#2415=EDGE_LOOP('',(#944,#945,#946,#947));
#2416=EDGE_LOOP('',(#948,#949,#950,#951));
#2417=EDGE_LOOP('',(#952,#953,#954,#955));
#2418=EDGE_LOOP('',(#956,#957,#958,#959));
#2419=EDGE_LOOP('',(#960,#961,#962,#963));
#2420=EDGE_LOOP('',(#964,#965,#966,#967));
#2421=EDGE_LOOP('',(#968,#969,#970,#971));
#2422=EDGE_LOOP('',(#972,#973,#974,#975));
#2423=EDGE_LOOP('',(#976,#977,#978,#979));
#2424=EDGE_LOOP('',(#980,#981,#982,#983));
#2425=EDGE_LOOP('',(#984,#985,#986,#987));
#2426=EDGE_LOOP('',(#988,#989,#990,#991,#992,#993,#994,#995,#996,#997,#998,
#999,#1000,#1001));
#2427=EDGE_LOOP('',(#1002,#1003,#1004,#1005,#1006,#1007));
#2428=EDGE_LOOP('',(#1008,#1009,#1010,#1011,#1012,#1013,#1014,#1015));
#2429=EDGE_LOOP('',(#1016,#1017,#1018,#1019,#1020,#1021,#1022,#1023));
#2430=EDGE_LOOP('',(#1024,#1025,#1026,#1027));
#2431=EDGE_LOOP('',(#1028,#1029,#1030));
#2432=EDGE_LOOP('',(#1031,#1032,#1033,#1034));
#2433=EDGE_LOOP('',(#1035,#1036,#1037,#1038));
#2434=EDGE_LOOP('',(#1039,#1040,#1041,#1042));
#2435=EDGE_LOOP('',(#1043,#1044,#1045,#1046));
#2436=EDGE_LOOP('',(#1047,#1048,#1049));
#2437=EDGE_LOOP('',(#1050,#1051,#1052));
#2438=EDGE_LOOP('',(#1053,#1054,#1055,#1056));
#2439=EDGE_LOOP('',(#1057,#1058,#1059,#1060));
#2440=EDGE_LOOP('',(#1061,#1062,#1063));
#2441=EDGE_LOOP('',(#1064,#1065,#1066,#1067));
#2442=FACE_BOUND('',#2246,.T.);
#2443=FACE_BOUND('',#2247,.T.);
#2444=FACE_BOUND('',#2248,.T.);
#2445=FACE_BOUND('',#2249,.T.);
#2446=FACE_BOUND('',#2250,.T.);
#2447=FACE_BOUND('',#2251,.T.);
#2448=FACE_BOUND('',#2252,.T.);
#2449=FACE_BOUND('',#2253,.T.);
#2450=FACE_BOUND('',#2254,.T.);
#2451=FACE_BOUND('',#2255,.T.);
#2452=FACE_BOUND('',#2256,.T.);
#2453=FACE_BOUND('',#2257,.T.);
#2454=FACE_BOUND('',#2258,.T.);
#2455=FACE_BOUND('',#2259,.T.);
#2456=FACE_BOUND('',#2260,.T.);
#2457=FACE_BOUND('',#2261,.T.);
#2458=FACE_BOUND('',#2262,.T.);
#2459=FACE_BOUND('',#2263,.T.);
#2460=FACE_BOUND('',#2264,.T.);
#2461=FACE_BOUND('',#2265,.T.);
#2462=FACE_BOUND('',#2266,.T.);
#2463=FACE_BOUND('',#2267,.T.);
#2464=FACE_BOUND('',#2268,.T.);
#2465=FACE_BOUND('',#2269,.T.);
#2466=FACE_BOUND('',#2270,.T.);
#2467=FACE_BOUND('',#2271,.T.);
#2468=FACE_BOUND('',#2272,.T.);
#2469=FACE_BOUND('',#2273,.T.);
#2470=FACE_BOUND('',#2274,.T.);
#2471=FACE_BOUND('',#2275,.T.);
#2472=FACE_BOUND('',#2276,.T.);
#2473=FACE_BOUND('',#2277,.T.);
#2474=FACE_BOUND('',#2278,.T.);
#2475=FACE_BOUND('',#2279,.T.);
#2476=FACE_BOUND('',#2280,.T.);
#2477=FACE_BOUND('',#2281,.T.);
#2478=FACE_BOUND('',#2282,.T.);
#2479=FACE_BOUND('',#2283,.T.);
#2480=FACE_BOUND('',#2284,.T.);
#2481=FACE_BOUND('',#2285,.T.);
#2482=FACE_BOUND('',#2286,.T.);
#2483=FACE_BOUND('',#2287,.T.);
#2484=FACE_BOUND('',#2288,.T.);
#2485=FACE_BOUND('',#2289,.T.);
#2486=FACE_BOUND('',#2290,.T.);
#2487=FACE_BOUND('',#2291,.T.);
#2488=FACE_BOUND('',#2292,.T.);
#2489=FACE_BOUND('',#2293,.T.);
#2490=FACE_BOUND('',#2294,.T.);
#2491=FACE_BOUND('',#2295,.T.);
#2492=FACE_BOUND('',#2296,.T.);
#2493=FACE_BOUND('',#2297,.T.);
#2494=FACE_BOUND('',#2298,.T.);
#2495=FACE_BOUND('',#2299,.T.);
#2496=FACE_BOUND('',#2300,.T.);
#2497=FACE_BOUND('',#2301,.T.);
#2498=FACE_BOUND('',#2302,.T.);
#2499=FACE_BOUND('',#2303,.T.);
#2500=FACE_BOUND('',#2304,.T.);
#2501=FACE_BOUND('',#2305,.T.);
#2502=FACE_BOUND('',#2306,.T.);
#2503=FACE_BOUND('',#2307,.T.);
#2504=FACE_BOUND('',#2308,.T.);
#2505=FACE_BOUND('',#2309,.T.);
#2506=FACE_BOUND('',#2310,.T.);
#2507=FACE_BOUND('',#2311,.T.);
#2508=FACE_BOUND('',#2312,.T.);
#2509=FACE_BOUND('',#2313,.T.);
#2510=FACE_BOUND('',#2314,.T.);
#2511=FACE_BOUND('',#2315,.T.);
#2512=FACE_BOUND('',#2316,.T.);
#2513=FACE_BOUND('',#2317,.T.);
#2514=FACE_BOUND('',#2318,.T.);
#2515=FACE_BOUND('',#2319,.T.);
#2516=FACE_BOUND('',#2320,.T.);
#2517=FACE_BOUND('',#2321,.T.);
#2518=FACE_BOUND('',#2322,.T.);
#2519=FACE_BOUND('',#2323,.T.);
#2520=FACE_BOUND('',#2324,.T.);
#2521=FACE_BOUND('',#2325,.T.);
#2522=FACE_BOUND('',#2326,.T.);
#2523=FACE_BOUND('',#2327,.T.);
#2524=FACE_BOUND('',#2328,.T.);
#2525=FACE_BOUND('',#2329,.T.);
#2526=FACE_BOUND('',#2330,.T.);
#2527=FACE_BOUND('',#2331,.T.);
#2528=FACE_BOUND('',#2332,.T.);
#2529=FACE_BOUND('',#2333,.T.);
#2530=FACE_BOUND('',#2334,.T.);
#2531=FACE_BOUND('',#2335,.T.);
#2532=FACE_BOUND('',#2336,.T.);
#2533=FACE_BOUND('',#2337,.T.);
#2534=FACE_BOUND('',#2338,.T.);
#2535=FACE_BOUND('',#2339,.T.);
#2536=FACE_BOUND('',#2340,.T.);
#2537=FACE_BOUND('',#2341,.T.);
#2538=FACE_BOUND('',#2342,.T.);
#2539=FACE_BOUND('',#2343,.T.);
#2540=FACE_BOUND('',#2344,.T.);
#2541=FACE_BOUND('',#2345,.T.);
#2542=FACE_BOUND('',#2346,.T.);
#2543=FACE_BOUND('',#2347,.T.);
#2544=FACE_BOUND('',#2348,.T.);
#2545=FACE_BOUND('',#2349,.T.);
#2546=FACE_BOUND('',#2350,.T.);
#2547=FACE_BOUND('',#2351,.T.);
#2548=FACE_BOUND('',#2352,.T.);
#2549=FACE_BOUND('',#2353,.T.);
#2550=FACE_BOUND('',#2354,.T.);
#2551=FACE_BOUND('',#2355,.T.);
#2552=FACE_BOUND('',#2356,.T.);
#2553=FACE_BOUND('',#2357,.T.);
#2554=FACE_BOUND('',#2358,.T.);
#2555=FACE_BOUND('',#2359,.T.);
#2556=FACE_BOUND('',#2360,.T.);
#2557=FACE_BOUND('',#2361,.T.);
#2558=FACE_BOUND('',#2362,.T.);
#2559=FACE_BOUND('',#2363,.T.);
#2560=FACE_BOUND('',#2364,.T.);
#2561=FACE_BOUND('',#2365,.T.);
#2562=FACE_BOUND('',#2366,.T.);
#2563=FACE_BOUND('',#2367,.T.);
#2564=FACE_BOUND('',#2368,.T.);
#2565=FACE_BOUND('',#2369,.T.);
#2566=FACE_BOUND('',#2370,.T.);
#2567=FACE_BOUND('',#2371,.T.);
#2568=FACE_BOUND('',#2372,.T.);
#2569=FACE_BOUND('',#2373,.T.);
#2570=FACE_BOUND('',#2374,.T.);
#2571=FACE_BOUND('',#2375,.T.);
#2572=FACE_BOUND('',#2376,.T.);
#2573=FACE_BOUND('',#2377,.T.);
#2574=FACE_BOUND('',#2378,.T.);
#2575=FACE_BOUND('',#2379,.T.);
#2576=FACE_BOUND('',#2380,.T.);
#2577=FACE_BOUND('',#2381,.T.);
#2578=FACE_BOUND('',#2382,.T.);
#2579=FACE_BOUND('',#2383,.T.);
#2580=FACE_BOUND('',#2384,.T.);
#2581=FACE_BOUND('',#2385,.T.);
#2582=FACE_BOUND('',#2386,.T.);
#2583=FACE_BOUND('',#2387,.T.);
#2584=FACE_BOUND('',#2388,.T.);
#2585=FACE_BOUND('',#2389,.T.);
#2586=FACE_BOUND('',#2390,.T.);
#2587=FACE_BOUND('',#2391,.T.);
#2588=FACE_BOUND('',#2392,.T.);
#2589=FACE_BOUND('',#2393,.T.);
#2590=FACE_BOUND('',#2394,.T.);
#2591=FACE_BOUND('',#2395,.T.);
#2592=FACE_BOUND('',#2396,.T.);
#2593=FACE_BOUND('',#2397,.T.);
#2594=FACE_BOUND('',#2398,.T.);
#2595=FACE_BOUND('',#2399,.T.);
#2596=FACE_BOUND('',#2400,.T.);
#2597=FACE_BOUND('',#2401,.T.);
#2598=FACE_BOUND('',#2402,.T.);
#2599=FACE_BOUND('',#2403,.T.);
#2600=FACE_BOUND('',#2404,.T.);
#2601=FACE_BOUND('',#2405,.T.);
#2602=FACE_BOUND('',#2406,.T.);
#2603=FACE_BOUND('',#2407,.T.);
#2604=FACE_BOUND('',#2408,.T.);
#2605=FACE_BOUND('',#2409,.T.);
#2606=FACE_BOUND('',#2410,.T.);
#2607=FACE_BOUND('',#2411,.T.);
#2608=FACE_BOUND('',#2412,.T.);
#2609=FACE_BOUND('',#2413,.T.);
#2610=FACE_BOUND('',#2414,.T.);
#2611=FACE_BOUND('',#2415,.T.);
#2612=FACE_BOUND('',#2416,.T.);
#2613=FACE_BOUND('',#2417,.T.);
#2614=FACE_BOUND('',#2418,.T.);
#2615=FACE_BOUND('',#2419,.T.);
#2616=FACE_BOUND('',#2420,.T.);
#2617=FACE_BOUND('',#2421,.T.);
#2618=FACE_BOUND('',#2422,.T.);
#2619=FACE_BOUND('',#2423,.T.);
#2620=FACE_BOUND('',#2424,.T.);
#2621=FACE_BOUND('',#2425,.T.);
#2622=FACE_BOUND('',#2426,.T.);
#2623=FACE_BOUND('',#2427,.T.);
#2624=FACE_BOUND('',#2428,.T.);
#2625=FACE_BOUND('',#2429,.T.);
#2626=FACE_BOUND('',#2430,.T.);
#2627=FACE_BOUND('',#2431,.T.);
#2628=FACE_BOUND('',#2432,.T.);
#2629=FACE_BOUND('',#2433,.T.);
#2630=FACE_BOUND('',#2434,.T.);
#2631=FACE_BOUND('',#2435,.T.);
#2632=FACE_BOUND('',#2436,.T.);
#2633=FACE_BOUND('',#2437,.T.);
#2634=FACE_BOUND('',#2438,.T.);
#2635=FACE_BOUND('',#2439,.T.);
#2636=FACE_BOUND('',#2440,.T.);
#2637=FACE_BOUND('',#2441,.T.);
#2638=PLANE('',#2899);
#2639=PLANE('',#2903);
#2640=PLANE('',#2909);
#2641=PLANE('',#2910);
#2642=PLANE('',#2911);
#2643=PLANE('',#2912);
#2644=PLANE('',#2913);
#2645=PLANE('',#2914);
#2646=PLANE('',#2916);
#2647=PLANE('',#2917);
#2648=PLANE('',#2918);
#2649=PLANE('',#2919);
#2650=PLANE('',#2920);
#2651=PLANE('',#2921);
#2652=PLANE('',#2922);
#2653=PLANE('',#2927);
#2654=PLANE('',#2928);
#2655=PLANE('',#2929);
#2656=PLANE('',#2932);
#2657=PLANE('',#2935);
#2658=PLANE('',#2938);
#2659=PLANE('',#2941);
#2660=PLANE('',#2944);
#2661=PLANE('',#2947);
#2662=PLANE('',#2950);
#2663=PLANE('',#2953);
#2664=PLANE('',#2954);
#2665=PLANE('',#2955);
#2666=PLANE('',#2956);
#2667=PLANE('',#2957);
#2668=PLANE('',#2958);
#2669=PLANE('',#2959);
#2670=PLANE('',#2960);
#2671=PLANE('',#2961);
#2672=PLANE('',#2962);
#2673=PLANE('',#2963);
#2674=PLANE('',#2964);
#2675=PLANE('',#2965);
#2676=PLANE('',#2966);
#2677=PLANE('',#2967);
#2678=PLANE('',#2968);
#2679=PLANE('',#2969);
#2680=PLANE('',#2970);
#2681=PLANE('',#2971);
#2682=PLANE('',#2972);
#2683=PLANE('',#2973);
#2684=PLANE('',#2974);
#2685=PLANE('',#2975);
#2686=PLANE('',#2976);
#2687=PLANE('',#2977);
#2688=PLANE('',#2978);
#2689=PLANE('',#2979);
#2690=PLANE('',#2982);
#2691=PLANE('',#2983);
#2692=PLANE('',#2992);
#2693=PLANE('',#2993);
#2694=PLANE('',#2994);
#2695=PLANE('',#2995);
#2696=PLANE('',#2996);
#2697=PLANE('',#2997);
#2698=PLANE('',#2998);
#2699=PLANE('',#2999);
#2700=PLANE('',#3000);
#2701=PLANE('',#3001);
#2702=PLANE('',#3002);
#2703=PLANE('',#3003);
#2704=PLANE('',#3004);
#2705=PLANE('',#3005);
#2706=PLANE('',#3006);
#2707=PLANE('',#3007);
#2708=PLANE('',#3008);
#2709=PLANE('',#3009);
#2710=PLANE('',#3010);
#2711=PLANE('',#3011);
#2712=PLANE('',#3012);
#2713=PLANE('',#3013);
#2714=PLANE('',#3014);
#2715=PLANE('',#3015);
#2716=PLANE('',#3016);
#2717=PLANE('',#3017);
#2718=PLANE('',#3018);
#2719=PLANE('',#3019);
#2720=PLANE('',#3020);
#2721=PLANE('',#3021);
#2722=ADVANCED_FACE('',(#2442,#2443,#2444,#2445,#2446,#2447,#2448,#2449,
#2450,#2451),#2638,.T.);
#2723=ADVANCED_FACE('',(#2452,#2453,#2454,#2455,#2456,#2457,#2458),#2639,
 .F.);
#2724=ADVANCED_FACE('',(#2459),#2640,.F.);
#2725=ADVANCED_FACE('',(#2460),#2641,.T.);
#2726=ADVANCED_FACE('',(#2461),#2642,.T.);
#2727=ADVANCED_FACE('',(#2462),#2643,.F.);
#2728=ADVANCED_FACE('',(#2463),#2644,.F.);
#2729=ADVANCED_FACE('',(#2464),#2645,.F.);
#2730=ADVANCED_FACE('',(#2465,#2466),#79,.F.);
#2731=ADVANCED_FACE('',(#2467),#2646,.F.);
#2732=ADVANCED_FACE('',(#2468),#2647,.F.);
#2733=ADVANCED_FACE('',(#2469),#2648,.F.);
#2734=ADVANCED_FACE('',(#2470),#2649,.F.);
#2735=ADVANCED_FACE('',(#2471),#2650,.T.);
#2736=ADVANCED_FACE('',(#2472),#2651,.T.);
#2737=ADVANCED_FACE('',(#2473,#2474,#2475,#2476,#2477),#2652,.T.);
#2738=ADVANCED_FACE('',(#2478),#2653,.F.);
#2739=ADVANCED_FACE('',(#2479),#2654,.F.);
#2740=ADVANCED_FACE('',(#2480),#2655,.F.);
#2741=ADVANCED_FACE('',(#2481,#2482),#80,.F.);
#2742=ADVANCED_FACE('',(#2483),#2656,.T.);
#2743=ADVANCED_FACE('',(#2484,#2485),#81,.F.);
#2744=ADVANCED_FACE('',(#2486),#2657,.T.);
#2745=ADVANCED_FACE('',(#2487,#2488),#82,.F.);
#2746=ADVANCED_FACE('',(#2489),#2658,.T.);
#2747=ADVANCED_FACE('',(#2490,#2491),#83,.F.);
#2748=ADVANCED_FACE('',(#2492),#2659,.T.);
#2749=ADVANCED_FACE('',(#2493,#2494),#84,.F.);
#2750=ADVANCED_FACE('',(#2495),#2660,.T.);
#2751=ADVANCED_FACE('',(#2496,#2497),#85,.F.);
#2752=ADVANCED_FACE('',(#2498),#2661,.T.);
#2753=ADVANCED_FACE('',(#2499,#2500),#86,.F.);
#2754=ADVANCED_FACE('',(#2501),#2662,.T.);
#2755=ADVANCED_FACE('',(#2502,#2503),#87,.F.);
#2756=ADVANCED_FACE('',(#2504),#2663,.T.);
#2757=ADVANCED_FACE('',(#2505),#12,.T.);
#2758=ADVANCED_FACE('',(#2506),#13,.T.);
#2759=ADVANCED_FACE('',(#2507),#14,.T.);
#2760=ADVANCED_FACE('',(#2508),#15,.T.);
#2761=ADVANCED_FACE('',(#2509),#16,.T.);
#2762=ADVANCED_FACE('',(#2510),#17,.T.);
#2763=ADVANCED_FACE('',(#2511),#18,.T.);
#2764=ADVANCED_FACE('',(#2512),#19,.T.);
#2765=ADVANCED_FACE('',(#2513),#20,.T.);
#2766=ADVANCED_FACE('',(#2514),#21,.T.);
#2767=ADVANCED_FACE('',(#2515),#22,.T.);
#2768=ADVANCED_FACE('',(#2516),#23,.T.);
#2769=ADVANCED_FACE('',(#2517),#24,.T.);
#2770=ADVANCED_FACE('',(#2518),#25,.T.);
#2771=ADVANCED_FACE('',(#2519,#2520),#2664,.T.);
#2772=ADVANCED_FACE('',(#2521),#2665,.T.);
#2773=ADVANCED_FACE('',(#2522),#2666,.T.);
#2774=ADVANCED_FACE('',(#2523),#2667,.T.);
#2775=ADVANCED_FACE('',(#2524),#2668,.T.);
#2776=ADVANCED_FACE('',(#2525),#2669,.T.);
#2777=ADVANCED_FACE('',(#2526),#2670,.T.);
#2778=ADVANCED_FACE('',(#2527),#26,.T.);
#2779=ADVANCED_FACE('',(#2528),#2671,.T.);
#2780=ADVANCED_FACE('',(#2529),#2672,.T.);
#2781=ADVANCED_FACE('',(#2530),#2673,.T.);
#2782=ADVANCED_FACE('',(#2531),#2674,.T.);
#2783=ADVANCED_FACE('',(#2532),#2675,.T.);
#2784=ADVANCED_FACE('',(#2533),#2676,.T.);
#2785=ADVANCED_FACE('',(#2534),#2677,.T.);
#2786=ADVANCED_FACE('',(#2535),#2678,.T.);
#2787=ADVANCED_FACE('',(#2536),#2679,.T.);
#2788=ADVANCED_FACE('',(#2537),#2680,.T.);
#2789=ADVANCED_FACE('',(#2538),#2681,.T.);
#2790=ADVANCED_FACE('',(#2539),#2682,.T.);
#2791=ADVANCED_FACE('',(#2540),#2683,.T.);
#2792=ADVANCED_FACE('',(#2541),#2684,.T.);
#2793=ADVANCED_FACE('',(#2542),#2685,.T.);
#2794=ADVANCED_FACE('',(#2543),#2686,.T.);
#2795=ADVANCED_FACE('',(#2544),#2687,.T.);
#2796=ADVANCED_FACE('',(#2545),#2688,.T.);
#2797=ADVANCED_FACE('',(#2546),#27,.T.);
#2798=ADVANCED_FACE('',(#2547),#28,.T.);
#2799=ADVANCED_FACE('',(#2548),#29,.T.);
#2800=ADVANCED_FACE('',(#2549),#30,.T.);
#2801=ADVANCED_FACE('',(#2550),#31,.T.);
#2802=ADVANCED_FACE('',(#2551),#32,.T.);
#2803=ADVANCED_FACE('',(#2552),#33,.T.);
#2804=ADVANCED_FACE('',(#2553),#34,.T.);
#2805=ADVANCED_FACE('',(#2554),#35,.T.);
#2806=ADVANCED_FACE('',(#2555),#36,.T.);
#2807=ADVANCED_FACE('',(#2556),#37,.T.);
#2808=ADVANCED_FACE('',(#2557),#38,.T.);
#2809=ADVANCED_FACE('',(#2558),#39,.T.);
#2810=ADVANCED_FACE('',(#2559),#40,.T.);
#2811=ADVANCED_FACE('',(#2560),#41,.T.);
#2812=ADVANCED_FACE('',(#2561),#42,.T.);
#2813=ADVANCED_FACE('',(#2562),#2689,.T.);
#2814=ADVANCED_FACE('',(#2563),#43,.T.);
#2815=ADVANCED_FACE('',(#2564),#44,.T.);
#2816=ADVANCED_FACE('',(#2565),#45,.T.);
#2817=ADVANCED_FACE('',(#2566),#88,.T.);
#2818=ADVANCED_FACE('',(#2567),#2690,.T.);
#2819=ADVANCED_FACE('',(#2568),#46,.T.);
#2820=ADVANCED_FACE('',(#2569),#47,.T.);
#2821=ADVANCED_FACE('',(#2570),#48,.T.);
#2822=ADVANCED_FACE('',(#2571,#2572),#2691,.T.);
#2823=ADVANCED_FACE('',(#2573),#49,.T.);
#2824=ADVANCED_FACE('',(#2574),#50,.T.);
#2825=ADVANCED_FACE('',(#2575),#51,.T.);
#2826=ADVANCED_FACE('',(#2576),#89,.T.);
#2827=ADVANCED_FACE('',(#2577),#52,.T.);
#2828=ADVANCED_FACE('',(#2578),#53,.T.);
#2829=ADVANCED_FACE('',(#2579),#90,.T.);
#2830=ADVANCED_FACE('',(#2580),#54,.T.);
#2831=ADVANCED_FACE('',(#2581),#55,.T.);
#2832=ADVANCED_FACE('',(#2582),#56,.T.);
#2833=ADVANCED_FACE('',(#2583),#57,.T.);
#2834=ADVANCED_FACE('',(#2584),#58,.T.);
#2835=ADVANCED_FACE('',(#2585),#59,.T.);
#2836=ADVANCED_FACE('',(#2586),#60,.T.);
#2837=ADVANCED_FACE('',(#2587),#61,.T.);
#2838=ADVANCED_FACE('',(#2588),#62,.T.);
#2839=ADVANCED_FACE('',(#2589),#91,.F.);
#2840=ADVANCED_FACE('',(#2590),#63,.T.);
#2841=ADVANCED_FACE('',(#2591),#64,.T.);
#2842=ADVANCED_FACE('',(#2592),#65,.T.);
#2843=ADVANCED_FACE('',(#2593),#66,.T.);
#2844=ADVANCED_FACE('',(#2594),#67,.T.);
#2845=ADVANCED_FACE('',(#2595),#68,.T.);
#2846=ADVANCED_FACE('',(#2596),#69,.T.);
#2847=ADVANCED_FACE('',(#2597),#70,.T.);
#2848=ADVANCED_FACE('',(#2598),#71,.T.);
#2849=ADVANCED_FACE('',(#2599),#72,.T.);
#2850=ADVANCED_FACE('',(#2600),#73,.T.);
#2851=ADVANCED_FACE('',(#2601),#74,.T.);
#2852=ADVANCED_FACE('',(#2602),#75,.T.);
#2853=ADVANCED_FACE('',(#2603),#76,.T.);
#2854=ADVANCED_FACE('',(#2604,#2605,#2606),#2692,.T.);
#2855=ADVANCED_FACE('',(#2607),#2693,.T.);
#2856=ADVANCED_FACE('',(#2608),#2694,.T.);
#2857=ADVANCED_FACE('',(#2609),#2695,.T.);
#2858=ADVANCED_FACE('',(#2610),#2696,.T.);
#2859=ADVANCED_FACE('',(#2611),#2697,.T.);
#2860=ADVANCED_FACE('',(#2612),#77,.T.);
#2861=ADVANCED_FACE('',(#2613),#2698,.T.);
#2862=ADVANCED_FACE('',(#2614),#2699,.T.);
#2863=ADVANCED_FACE('',(#2615),#2700,.T.);
#2864=ADVANCED_FACE('',(#2616),#2701,.T.);
#2865=ADVANCED_FACE('',(#2617),#2702,.T.);
#2866=ADVANCED_FACE('',(#2618),#2703,.T.);
#2867=ADVANCED_FACE('',(#2619),#78,.T.);
#2868=ADVANCED_FACE('',(#2620),#2704,.T.);
#2869=ADVANCED_FACE('',(#2621),#2705,.T.);
#2870=ADVANCED_FACE('',(#2622),#2706,.T.);
#2871=ADVANCED_FACE('',(#2623),#2707,.T.);
#2872=ADVANCED_FACE('',(#2624),#2708,.T.);
#2873=ADVANCED_FACE('',(#2625),#2709,.T.);
#2874=ADVANCED_FACE('',(#2626),#2710,.T.);
#2875=ADVANCED_FACE('',(#2627),#2711,.T.);
#2876=ADVANCED_FACE('',(#2628),#2712,.F.);
#2877=ADVANCED_FACE('',(#2629),#2713,.F.);
#2878=ADVANCED_FACE('',(#2630),#2714,.T.);
#2879=ADVANCED_FACE('',(#2631),#2715,.F.);
#2880=ADVANCED_FACE('',(#2632),#2716,.T.);
#2881=ADVANCED_FACE('',(#2633),#2717,.T.);
#2882=ADVANCED_FACE('',(#2634),#2718,.F.);
#2883=ADVANCED_FACE('',(#2635),#2719,.T.);
#2884=ADVANCED_FACE('',(#2636),#2720,.T.);
#2885=ADVANCED_FACE('',(#2637),#2721,.T.);
#2886=CLOSED_SHELL('',(#2722,#2723,#2724,#2725,#2726,#2727,#2728,#2729,
#2730,#2731,#2732,#2733,#2734,#2735,#2736,#2737,#2738,#2739,#2740,#2741,
#2742,#2743,#2744,#2745,#2746,#2747,#2748,#2749,#2750,#2751,#2752,#2753,
#2754,#2755,#2756,#2757,#2758,#2759,#2760,#2761,#2762,#2763,#2764,#2765,
#2766,#2767,#2768,#2769,#2770,#2771,#2772,#2773,#2774,#2775,#2776,#2777,
#2778,#2779,#2780,#2781,#2782,#2783,#2784,#2785,#2786,#2787,#2788,#2789,
#2790,#2791,#2792,#2793,#2794,#2795,#2796,#2797,#2798,#2799,#2800,#2801,
#2802,#2803,#2804,#2805,#2806,#2807,#2808,#2809,#2810,#2811,#2812,#2813,
#2814,#2815,#2816,#2817,#2818,#2819,#2820,#2821,#2822,#2823,#2824,#2825,
#2826,#2827,#2828,#2829,#2830,#2831,#2832,#2833,#2834,#2835,#2836,#2837,
#2838,#2839,#2840,#2841,#2842,#2843,#2844,#2845,#2846,#2847,#2848,#2849,
#2850,#2851,#2852,#2853,#2854,#2855,#2856,#2857,#2858,#2859,#2860,#2861,
#2862,#2863,#2864,#2865,#2866,#2867,#2868,#2869,#2870,#2871,#2872,#2873,
#2874,#2875,#2876,#2877,#2878,#2879,#2880,#2881,#2882,#2883,#2884,#2885));
#2887=STYLED_ITEM('',(#2888),#2895);
#2888=PRESENTATION_STYLE_ASSIGNMENT((#2889));
#2889=SURFACE_STYLE_USAGE(.BOTH.,#2890);
#2890=SURFACE_SIDE_STYLE('',(#2891));
#2891=SURFACE_STYLE_FILL_AREA(#2892);
#2892=FILL_AREA_STYLE('',(#2893));
#2893=FILL_AREA_STYLE_COLOUR('',#2894);
#2894=COLOUR_RGB('',0.866666666666667,0.32156862745098,0.156862745098039);
#2895=MANIFOLD_SOLID_BREP('LCD Front',#2886);
#2896=SHAPE_DEFINITION_REPRESENTATION(#5108,#2897);
#2897=SHAPE_REPRESENTATION('LCD Front',(#2898),#5103);
#2898=AXIS2_PLACEMENT_3D('',#3518,#3022,#3023);
#2899=AXIS2_PLACEMENT_3D('',#3519,#3024,#3025);
#2900=AXIS2_PLACEMENT_3D('',#3547,#3031,#3032);
#2901=AXIS2_PLACEMENT_3D('',#3590,#3034,#3035);
#2902=AXIS2_PLACEMENT_3D('',#3735,#3061,#3062);
#2903=AXIS2_PLACEMENT_3D('',#3772,#3075,#3076);
#2904=AXIS2_PLACEMENT_3D('',#3773,#3077,#3078);
#2905=AXIS2_PLACEMENT_3D('',#3775,#3079,#3080);
#2906=AXIS2_PLACEMENT_3D('',#3777,#3081,#3082);
#2907=AXIS2_PLACEMENT_3D('',#3779,#3083,#3084);
#2908=AXIS2_PLACEMENT_3D('',#3781,#3085,#3086);
#2909=AXIS2_PLACEMENT_3D('',#3799,#3095,#3096);
#2910=AXIS2_PLACEMENT_3D('',#3808,#3101,#3102);
#2911=AXIS2_PLACEMENT_3D('',#3825,#3111,#3112);
#2912=AXIS2_PLACEMENT_3D('',#3834,#3117,#3118);
#2913=AXIS2_PLACEMENT_3D('',#3837,#3121,#3122);
#2914=AXIS2_PLACEMENT_3D('',#3839,#3124,#3125);
#2915=AXIS2_PLACEMENT_3D('',#3841,#3127,#3128);
#2916=AXIS2_PLACEMENT_3D('',#3842,#3129,#3130);
#2917=AXIS2_PLACEMENT_3D('',#3843,#3131,#3132);
#2918=AXIS2_PLACEMENT_3D('',#3852,#3137,#3138);
#2919=AXIS2_PLACEMENT_3D('',#3858,#3142,#3143);
#2920=AXIS2_PLACEMENT_3D('',#3870,#3150,#3151);
#2921=AXIS2_PLACEMENT_3D('',#3874,#3154,#3155);
#2922=AXIS2_PLACEMENT_3D('',#3876,#3157,#3158);
#2923=AXIS2_PLACEMENT_3D('',#3877,#3159,#3160);
#2924=AXIS2_PLACEMENT_3D('',#3879,#3161,#3162);
#2925=AXIS2_PLACEMENT_3D('',#3881,#3163,#3164);
#2926=AXIS2_PLACEMENT_3D('',#3883,#3165,#3166);
#2927=AXIS2_PLACEMENT_3D('',#3891,#3173,#3174);
#2928=AXIS2_PLACEMENT_3D('',#3894,#3177,#3178);
#2929=AXIS2_PLACEMENT_3D('',#3895,#3179,#3180);
#2930=AXIS2_PLACEMENT_3D('',#3896,#3181,#3182);
#2931=AXIS2_PLACEMENT_3D('',#3897,#3183,#3184);
#2932=AXIS2_PLACEMENT_3D('',#3899,#3185,#3186);
#2933=AXIS2_PLACEMENT_3D('',#3900,#3187,#3188);
#2934=AXIS2_PLACEMENT_3D('',#3901,#3189,#3190);
#2935=AXIS2_PLACEMENT_3D('',#3903,#3191,#3192);
#2936=AXIS2_PLACEMENT_3D('',#3904,#3193,#3194);
#2937=AXIS2_PLACEMENT_3D('',#3905,#3195,#3196);
#2938=AXIS2_PLACEMENT_3D('',#3907,#3197,#3198);
#2939=AXIS2_PLACEMENT_3D('',#3908,#3199,#3200);
#2940=AXIS2_PLACEMENT_3D('',#3909,#3201,#3202);
#2941=AXIS2_PLACEMENT_3D('',#3911,#3203,#3204);
#2942=AXIS2_PLACEMENT_3D('',#3912,#3205,#3206);
#2943=AXIS2_PLACEMENT_3D('',#3913,#3207,#3208);
#2944=AXIS2_PLACEMENT_3D('',#3915,#3209,#3210);
#2945=AXIS2_PLACEMENT_3D('',#3916,#3211,#3212);
#2946=AXIS2_PLACEMENT_3D('',#3917,#3213,#3214);
#2947=AXIS2_PLACEMENT_3D('',#3919,#3215,#3216);
#2948=AXIS2_PLACEMENT_3D('',#3920,#3217,#3218);
#2949=AXIS2_PLACEMENT_3D('',#3921,#3219,#3220);
#2950=AXIS2_PLACEMENT_3D('',#3923,#3221,#3222);
#2951=AXIS2_PLACEMENT_3D('',#3924,#3223,#3224);
#2952=AXIS2_PLACEMENT_3D('',#3925,#3225,#3226);
#2953=AXIS2_PLACEMENT_3D('',#3927,#3227,#3228);
#2954=AXIS2_PLACEMENT_3D('',#4134,#3243,#3244);
#2955=AXIS2_PLACEMENT_3D('',#4135,#3245,#3246);
#2956=AXIS2_PLACEMENT_3D('',#4141,#3250,#3251);
#2957=AXIS2_PLACEMENT_3D('',#4145,#3254,#3255);
#2958=AXIS2_PLACEMENT_3D('',#4149,#3258,#3259);
#2959=AXIS2_PLACEMENT_3D('',#4153,#3262,#3263);
#2960=AXIS2_PLACEMENT_3D('',#4157,#3266,#3267);
#2961=AXIS2_PLACEMENT_3D('',#4174,#3271,#3272);
#2962=AXIS2_PLACEMENT_3D('',#4178,#3275,#3276);
#2963=AXIS2_PLACEMENT_3D('',#4182,#3279,#3280);
#2964=AXIS2_PLACEMENT_3D('',#4184,#3282,#3283);
#2965=AXIS2_PLACEMENT_3D('',#4185,#3284,#3285);
#2966=AXIS2_PLACEMENT_3D('',#4191,#3289,#3290);
#2967=AXIS2_PLACEMENT_3D('',#4195,#3293,#3294);
#2968=AXIS2_PLACEMENT_3D('',#4199,#3297,#3298);
#2969=AXIS2_PLACEMENT_3D('',#4201,#3300,#3301);
#2970=AXIS2_PLACEMENT_3D('',#4202,#3302,#3303);
#2971=AXIS2_PLACEMENT_3D('',#4208,#3307,#3308);
#2972=AXIS2_PLACEMENT_3D('',#4212,#3311,#3312);
#2973=AXIS2_PLACEMENT_3D('',#4216,#3315,#3316);
#2974=AXIS2_PLACEMENT_3D('',#4220,#3319,#3320);
#2975=AXIS2_PLACEMENT_3D('',#4224,#3323,#3324);
#2976=AXIS2_PLACEMENT_3D('',#4228,#3327,#3328);
#2977=AXIS2_PLACEMENT_3D('',#4232,#3331,#3332);
#2978=AXIS2_PLACEMENT_3D('',#4234,#3334,#3335);
#2979=AXIS2_PLACEMENT_3D('',#4476,#3354,#3355);
#2980=AXIS2_PLACEMENT_3D('',#4519,#3361,#3362);
#2981=AXIS2_PLACEMENT_3D('',#4522,#3364,#3365);
#2982=AXIS2_PLACEMENT_3D('',#4523,#3366,#3367);
#2983=AXIS2_PLACEMENT_3D('',#4565,#3371,#3372);
#2984=AXIS2_PLACEMENT_3D('',#4620,#3377,#3378);
#2985=AXIS2_PLACEMENT_3D('',#4621,#3379,#3380);
#2986=AXIS2_PLACEMENT_3D('',#4625,#3382,#3383);
#2987=AXIS2_PLACEMENT_3D('',#4660,#3386,#3387);
#2988=AXIS2_PLACEMENT_3D('',#4661,#3388,#3389);
#2989=AXIS2_PLACEMENT_3D('',#4665,#3391,#3392);
#2990=AXIS2_PLACEMENT_3D('',#4812,#3404,#3405);
#2991=AXIS2_PLACEMENT_3D('',#4815,#3407,#3408);
#2992=AXIS2_PLACEMENT_3D('',#4998,#3420,#3421);
#2993=AXIS2_PLACEMENT_3D('',#4999,#3422,#3423);
#2994=AXIS2_PLACEMENT_3D('',#5000,#3424,#3425);
#2995=AXIS2_PLACEMENT_3D('',#5006,#3429,#3430);
#2996=AXIS2_PLACEMENT_3D('',#5010,#3433,#3434);
#2997=AXIS2_PLACEMENT_3D('',#5014,#3437,#3438);
#2998=AXIS2_PLACEMENT_3D('',#5031,#3442,#3443);
#2999=AXIS2_PLACEMENT_3D('',#5035,#3446,#3447);
#3000=AXIS2_PLACEMENT_3D('',#5039,#3450,#3451);
#3001=AXIS2_PLACEMENT_3D('',#5043,#3454,#3455);
#3002=AXIS2_PLACEMENT_3D('',#5047,#3458,#3459);
#3003=AXIS2_PLACEMENT_3D('',#5051,#3462,#3463);
#3004=AXIS2_PLACEMENT_3D('',#5068,#3467,#3468);
#3005=AXIS2_PLACEMENT_3D('',#5072,#3471,#3472);
#3006=AXIS2_PLACEMENT_3D('',#5074,#3474,#3475);
#3007=AXIS2_PLACEMENT_3D('',#5075,#3476,#3477);
#3008=AXIS2_PLACEMENT_3D('',#5076,#3478,#3479);
#3009=AXIS2_PLACEMENT_3D('',#5077,#3480,#3481);
#3010=AXIS2_PLACEMENT_3D('',#5078,#3482,#3483);
#3011=AXIS2_PLACEMENT_3D('',#5080,#3485,#3486);
#3012=AXIS2_PLACEMENT_3D('',#5083,#3489,#3490);
#3013=AXIS2_PLACEMENT_3D('',#5085,#3492,#3493);
#3014=AXIS2_PLACEMENT_3D('',#5087,#3495,#3496);
#3015=AXIS2_PLACEMENT_3D('',#5089,#3498,#3499);
#3016=AXIS2_PLACEMENT_3D('',#5091,#3501,#3502);
#3017=AXIS2_PLACEMENT_3D('',#5093,#3504,#3505);
#3018=AXIS2_PLACEMENT_3D('',#5095,#3507,#3508);
#3019=AXIS2_PLACEMENT_3D('',#5097,#3510,#3511);
#3020=AXIS2_PLACEMENT_3D('',#5099,#3513,#3514);
#3021=AXIS2_PLACEMENT_3D('',#5101,#3516,#3517);
#3022=DIRECTION('',(0.,0.,1.));
#3023=DIRECTION('',(1.,0.,0.));
#3024=DIRECTION('',(6.12323399573677E-17,0.5,0.866025403784439));
#3025=DIRECTION('',(1.,-3.06161699786838E-17,-5.30287619362454E-17));
#3026=DIRECTION('',(-1.84889274661175E-32,-0.866025403784439,0.5));
#3027=DIRECTION('',(1.,-3.06161699786838E-17,-5.30287619362454E-17));
#3028=DIRECTION('',(-6.75318141499488E-17,0.866025403784439,-0.5));
#3029=DIRECTION('',(-1.,3.06161699786838E-17,5.30287619362454E-17));
#3030=DIRECTION('',(3.39907768361723E-31,-0.866025403784439,0.5));
#3031=DIRECTION('',(6.12323399573677E-17,0.5,0.866025403784439));
#3032=DIRECTION('',(0.,-0.866025403784439,0.5));
#3033=DIRECTION('',(1.,-3.06161699786838E-17,-5.30287619362454E-17));
#3034=DIRECTION('',(6.12323399573677E-17,0.5,0.866025403784439));
#3035=DIRECTION('',(0.,-0.866025403784439,0.5));
#3036=DIRECTION('',(-2.72113486427734E-16,0.866025403784439,-0.5));
#3037=DIRECTION('',(1.,-3.06161699786838E-17,-5.30287619362454E-17));
#3038=DIRECTION('',(0.,-0.866025403784439,0.5));
#3039=DIRECTION('',(-1.,3.06161699786838E-17,5.30287619362454E-17));
#3040=DIRECTION('',(-1.15893391442908E-15,-0.866025403784439,0.5));
#3041=DIRECTION('',(-1.,3.06161699786838E-17,5.30287619362454E-17));
#3042=DIRECTION('',(-3.0591699152555E-32,0.866025403784439,-0.5));
#3043=DIRECTION('',(0.0230353606192449,0.865795604701743,-0.499867325437745));
#3044=DIRECTION('',(0.0315632133996969,0.865593913258356,-0.499750878828613));
#3045=DIRECTION('',(-0.779418314161349,-0.542568261753681,0.313251931977234));
#3046=DIRECTION('',(-0.625676983246866,0.67557104324884,-0.390041123676434));
#3047=DIRECTION('',(0.782318511256077,0.539428688715716,-0.311439298638625));
#3048=DIRECTION('',(1.,-3.06161699786838E-17,-5.30287619362454E-17));
#3049=DIRECTION('',(-1.,3.06161699786838E-17,5.30287619362454E-17));
#3050=DIRECTION('',(-3.05916991525551E-31,0.866025403784439,-0.5));
#3051=DIRECTION('',(1.,-3.06161699786838E-17,-5.30287619362454E-17));
#3052=DIRECTION('',(3.05916991525551E-31,-0.866025403784439,0.5));
#3053=DIRECTION('',(-2.81433380548842E-15,-0.866025403784439,0.5));
#3054=DIRECTION('',(-1.,3.06161699786838E-17,5.30287619362454E-17));
#3055=DIRECTION('',(2.81433380548842E-15,0.866025403784439,-0.5));
#3056=DIRECTION('',(-1.,3.06161699786838E-17,5.30287619362454E-17));
#3057=DIRECTION('',(-4.4188009887024E-32,0.866025403784439,-0.5));
#3058=DIRECTION('',(1.,-3.06161699786838E-17,-5.30287619362454E-17));
#3059=DIRECTION('',(4.4188009887024E-32,-0.866025403784439,0.5));
#3060=DIRECTION('',(-1.,3.06161699786838E-17,5.30287619362454E-17));
#3061=DIRECTION('',(6.12323399573677E-17,0.5,0.866025403784439));
#3062=DIRECTION('',(0.,-0.866025403784439,0.5));
#3063=DIRECTION('',(-2.31786782885817E-15,-0.866025403784439,0.5));
#3064=DIRECTION('',(-1.,3.06161699786838E-17,5.30287619362454E-17));
#3065=DIRECTION('',(-0.498621912531639,0.75068777881185,-0.433409791174383));
#3066=DIRECTION('',(-1.,3.06161699786838E-17,5.30287619362454E-17));
#3067=DIRECTION('',(-2.27738204802355E-31,-0.866025403784439,0.5));
#3068=DIRECTION('',(-1.,3.06161699786838E-17,5.30287619362454E-17));
#3069=DIRECTION('',(2.31786782885817E-15,0.866025403784439,-0.5));
#3070=DIRECTION('',(1.,-3.06161699786838E-17,-5.30287619362454E-17));
#3071=DIRECTION('',(0.50157431202428,-0.749211189944483,0.432557282194326));
#3072=DIRECTION('',(1.,-3.06161699786838E-17,-5.30287619362454E-17));
#3073=DIRECTION('',(-4.07889322034067E-32,0.866025403784439,-0.5));
#3074=DIRECTION('',(1.,-3.06161699786838E-17,-5.30287619362454E-17));
#3075=DIRECTION('',(6.12323399573677E-17,0.5,0.866025403784439));
#3076=DIRECTION('',(1.,-3.06161699786838E-17,-5.30287619362454E-17));
#3077=DIRECTION('',(-6.12323399573677E-17,-0.5,-0.866025403784439));
#3078=DIRECTION('',(0.,0.866025403784439,-0.5));
#3079=DIRECTION('',(-6.12323399573677E-17,-0.5,-0.866025403784439));
#3080=DIRECTION('',(0.,0.866025403784439,-0.5));
#3081=DIRECTION('',(-6.12323399573677E-17,-0.5,-0.866025403784439));
#3082=DIRECTION('',(0.,0.866025403784439,-0.5));
#3083=DIRECTION('',(-6.12323399573677E-17,-0.5,-0.866025403784439));
#3084=DIRECTION('',(0.,0.866025403784439,-0.5));
#3085=DIRECTION('',(6.12323399573677E-17,0.5,0.866025403784439));
#3086=DIRECTION('',(0.,-0.866025403784439,0.5));
#3087=DIRECTION('',(-2.72113486427734E-16,0.866025403784439,-0.5));
#3088=DIRECTION('',(-1.,3.06161699786838E-17,5.30287619362454E-17));
#3089=DIRECTION('',(0.,-0.866025403784439,0.5));
#3090=DIRECTION('',(1.,-3.06161699786838E-17,-5.30287619362454E-17));
#3091=DIRECTION('',(-1.,3.06161699786838E-17,5.30287619362454E-17));
#3092=DIRECTION('',(3.39907768361723E-33,-0.866025403784439,0.5));
#3093=DIRECTION('',(-1.,3.06161699786838E-17,5.30287619362454E-17));
#3094=DIRECTION('',(3.39907768361723E-33,-0.866025403784439,0.5));
#3095=DIRECTION('',(-3.00926553810505E-33,-0.866025403784439,0.5));
#3096=DIRECTION('',(0.,-0.5,-0.866025403784439));
#3097=DIRECTION('',(1.,-3.06161699786838E-17,-5.30287619362454E-17));
#3098=DIRECTION('',(-6.12323399573677E-17,-0.5,-0.866025403784439));
#3099=DIRECTION('',(1.,-3.06161699786838E-17,-5.30287619362454E-17));
#3100=DIRECTION('',(6.12323399573677E-17,0.5,0.866025403784439));
#3101=DIRECTION('',(-1.,3.06161699786838E-17,5.30287619362454E-17));
#3102=DIRECTION('',(5.30287619362454E-17,0.,1.));
#3103=DIRECTION('',(-6.16297582203916E-33,-0.866025403784439,0.5));
#3104=DIRECTION('',(6.12323399573677E-17,0.5,0.866025403784439));
#3105=DIRECTION('',(1.23259516440783E-32,0.866025403784439,-0.5));
#3106=DIRECTION('',(-6.12323399573677E-17,-0.5,-0.866025403784439));
#3107=DIRECTION('',(-6.16297582203916E-33,-0.866025403784439,0.5));
#3108=DIRECTION('',(-6.12323399573677E-17,-0.5,-0.866025403784436));
#3109=DIRECTION('',(-2.77333911991762E-32,0.866025403784439,-0.5));
#3110=DIRECTION('',(6.12323399573677E-17,0.5,0.86602540378444));
#3111=DIRECTION('',(-3.00926553810505E-33,-0.866025403784439,0.5));
#3112=DIRECTION('',(0.,-0.5,-0.866025403784439));
#3113=DIRECTION('',(1.,-3.06161699786838E-17,-5.30287619362454E-17));
#3114=DIRECTION('',(6.12323399573677E-17,0.5,0.866025403784439));
#3115=DIRECTION('',(-1.,3.06161699786838E-17,5.30287619362454E-17));
#3116=DIRECTION('',(-6.12323399573677E-17,-0.5,-0.866025403784439));
#3117=DIRECTION('',(1.,2.05041021980086E-16,-1.89085505150112E-16));
#3118=DIRECTION('',(2.05041021980086E-16,-1.,0.));
#3119=DIRECTION('',(6.12323399573677E-17,0.5,0.866025403784439));
#3120=DIRECTION('',(6.12323399573677E-17,0.5,0.866025403784439));
#3121=DIRECTION('',(3.00926553810505E-33,-0.866025403784439,0.5));
#3122=DIRECTION('',(0.,-0.5,-0.866025403784439));
#3123=DIRECTION('',(6.12323399573677E-17,0.5,0.866025403784439));
#3124=DIRECTION('',(-1.,3.06161699786838E-17,5.30287619362454E-17));
#3125=DIRECTION('',(5.30287619362454E-17,0.,1.));
#3126=DIRECTION('',(6.12323399573677E-17,0.5,0.866025403784439));
#3127=DIRECTION('',(6.12323399573677E-17,0.5,0.866025403784439));
#3128=DIRECTION('',(0.,-0.866025403784439,0.5));
#3129=DIRECTION('',(-3.00926553810505E-33,0.866025403784439,-0.5));
#3130=DIRECTION('',(0.,0.5,0.866025403784439));
#3131=DIRECTION('',(-1.,-2.78680966388213E-17,8.67946690112197E-17));
#3132=DIRECTION('',(8.67946690112197E-17,0.,1.));
#3133=DIRECTION('',(6.75318141499488E-17,-0.866025403784439,0.5));
#3134=DIRECTION('',(-6.12323399573677E-17,-0.5,-0.866025403784439));
#3135=DIRECTION('',(6.75318141499488E-17,-0.866025403784439,0.5));
#3136=DIRECTION('',(6.12323399573677E-17,0.5,0.866025403784439));
#3137=DIRECTION('',(3.27494549106789E-33,0.866025403784439,-0.5));
#3138=DIRECTION('',(0.,0.5,0.866025403784439));
#3139=DIRECTION('',(-1.,3.06161699786838E-17,5.30287619362454E-17));
#3140=DIRECTION('',(6.12323399573677E-17,0.5,0.866025403784439));
#3141=DIRECTION('',(6.12323399573677E-17,0.5,0.866025403784439));
#3142=DIRECTION('',(-1.,3.06161699786838E-17,5.30287619362454E-17));
#3143=DIRECTION('',(5.30287619362454E-17,0.,1.));
#3144=DIRECTION('',(3.08148791101958E-33,-0.866025403784439,0.5));
#3145=DIRECTION('',(6.12323399573677E-17,0.5,0.86602540378444));
#3146=DIRECTION('',(-3.38963670212154E-32,0.866025403784439,-0.5));
#3147=DIRECTION('',(-6.12323399573677E-17,-0.5,-0.866025403784436));
#3148=DIRECTION('',(3.08148791101958E-33,-0.866025403784439,0.5));
#3149=DIRECTION('',(6.12323399573677E-17,0.5,0.866025403784439));
#3150=DIRECTION('',(-1.,3.06161699786838E-17,5.30287619362454E-17));
#3151=DIRECTION('',(5.30287619362454E-17,0.,1.));
#3152=DIRECTION('',(3.08148791101958E-33,-0.866025403784439,0.5));
#3153=DIRECTION('',(6.12323399573677E-17,0.5,0.866025403784439));
#3154=DIRECTION('',(3.27494549106789E-33,0.866025403784439,-0.5));
#3155=DIRECTION('',(0.,0.5,0.866025403784439));
#3156=DIRECTION('',(-1.,3.06161699786838E-17,5.30287619362454E-17));
#3157=DIRECTION('',(-6.12323399573677E-17,-0.5,-0.866025403784439));
#3158=DIRECTION('',(-1.,3.06161699786838E-17,5.30287619362454E-17));
#3159=DIRECTION('',(-6.12323399573677E-17,-0.5,-0.866025403784439));
#3160=DIRECTION('',(0.,0.866025403784439,-0.5));
#3161=DIRECTION('',(-6.12323399573677E-17,-0.5,-0.866025403784439));
#3162=DIRECTION('',(0.,0.866025403784439,-0.5));
#3163=DIRECTION('',(-6.12323399573677E-17,-0.5,-0.866025403784439));
#3164=DIRECTION('',(0.,0.866025403784439,-0.5));
#3165=DIRECTION('',(-6.12323399573677E-17,-0.5,-0.866025403784439));
#3166=DIRECTION('',(0.,0.866025403784439,-0.5));
#3167=DIRECTION('',(-0.707106781186547,-0.612372435695796,0.353553390593274));
#3168=DIRECTION('',(0.707106781186547,-0.612372435695796,0.353553390593274));
#3169=DIRECTION('',(-1.,3.06161699786838E-17,5.30287619362454E-17));
#3170=DIRECTION('',(1.,-3.06161699786838E-17,-5.30287619362454E-17));
#3171=DIRECTION('',(0.707106781186547,0.612372435695796,-0.353553390593274));
#3172=DIRECTION('',(-0.707106781186545,0.612372435695797,-0.353553390593275));
#3173=DIRECTION('',(6.12323399573677E-17,0.5,0.866025403784439));
#3174=DIRECTION('',(0.,-0.866025403784439,0.5));
#3175=DIRECTION('',(-1.,3.06161699786838E-17,5.30287619362454E-17));
#3176=DIRECTION('',(-1.,3.06161699786838E-17,5.30287619362454E-17));
#3177=DIRECTION('',(-7.70371977754894E-32,-0.86602540378444,0.5));
#3178=DIRECTION('',(0.,-0.5,-0.86602540378444));
#3179=DIRECTION('',(-3.50519249878477E-31,0.866025403784436,-0.5));
#3180=DIRECTION('',(0.,0.5,0.866025403784436));
#3181=DIRECTION('',(-6.12323399573677E-17,-0.5,-0.866025403784439));
#3182=DIRECTION('',(0.,0.866025403784439,-0.5));
#3183=DIRECTION('',(-6.12323399573677E-17,-0.5,-0.866025403784439));
#3184=DIRECTION('',(0.,0.866025403784439,-0.5));
#3185=DIRECTION('',(-6.12323399573677E-17,-0.5,-0.866025403784439));
#3186=DIRECTION('',(-1.,3.06161699786838E-17,5.30287619362454E-17));
#3187=DIRECTION('',(-6.12323399573677E-17,-0.5,-0.866025403784439));
#3188=DIRECTION('',(0.,0.866025403784439,-0.5));
#3189=DIRECTION('',(-6.12323399573677E-17,-0.5,-0.866025403784439));
#3190=DIRECTION('',(0.,0.866025403784439,-0.5));
#3191=DIRECTION('',(-6.12323399573677E-17,-0.5,-0.866025403784439));
#3192=DIRECTION('',(-1.,3.06161699786838E-17,5.30287619362454E-17));
#3193=DIRECTION('',(-6.12323399573677E-17,-0.5,-0.866025403784439));
#3194=DIRECTION('',(0.,0.866025403784439,-0.5));
#3195=DIRECTION('',(-6.12323399573677E-17,-0.5,-0.866025403784439));
#3196=DIRECTION('',(0.,0.866025403784439,-0.5));
#3197=DIRECTION('',(-6.12323399573677E-17,-0.5,-0.866025403784439));
#3198=DIRECTION('',(-1.,3.06161699786838E-17,5.30287619362454E-17));
#3199=DIRECTION('',(-6.12323399573677E-17,-0.5,-0.866025403784439));
#3200=DIRECTION('',(0.,0.866025403784439,-0.5));
#3201=DIRECTION('',(-6.12323399573677E-17,-0.5,-0.866025403784439));
#3202=DIRECTION('',(0.,0.866025403784439,-0.5));
#3203=DIRECTION('',(-6.12323399573677E-17,-0.5,-0.866025403784439));
#3204=DIRECTION('',(-1.,3.06161699786838E-17,5.30287619362454E-17));
#3205=DIRECTION('',(-6.12323399573677E-17,-0.5,-0.866025403784439));
#3206=DIRECTION('',(0.,0.866025403784439,-0.5));
#3207=DIRECTION('',(-6.12323399573677E-17,-0.5,-0.866025403784439));
#3208=DIRECTION('',(0.,0.866025403784439,-0.5));
#3209=DIRECTION('',(-6.12323399573677E-17,-0.5,-0.866025403784439));
#3210=DIRECTION('',(-1.,3.06161699786838E-17,5.30287619362454E-17));
#3211=DIRECTION('',(-6.12323399573677E-17,-0.5,-0.866025403784439));
#3212=DIRECTION('',(0.,0.866025403784439,-0.5));
#3213=DIRECTION('',(-6.12323399573677E-17,-0.5,-0.866025403784439));
#3214=DIRECTION('',(0.,0.866025403784439,-0.5));
#3215=DIRECTION('',(-6.12323399573677E-17,-0.5,-0.866025403784439));
#3216=DIRECTION('',(-1.,3.06161699786838E-17,5.30287619362454E-17));
#3217=DIRECTION('',(-6.12323399573677E-17,-0.5,-0.866025403784439));
#3218=DIRECTION('',(0.,0.866025403784439,-0.5));
#3219=DIRECTION('',(-6.12323399573677E-17,-0.5,-0.866025403784439));
#3220=DIRECTION('',(0.,0.866025403784439,-0.5));
#3221=DIRECTION('',(-6.12323399573677E-17,-0.5,-0.866025403784439));
#3222=DIRECTION('',(-1.,3.06161699786838E-17,5.30287619362454E-17));
#3223=DIRECTION('',(-6.12323399573677E-17,-0.5,-0.866025403784439));
#3224=DIRECTION('',(0.,0.866025403784439,-0.5));
#3225=DIRECTION('',(-6.12323399573677E-17,-0.5,-0.866025403784439));
#3226=DIRECTION('',(0.,0.866025403784439,-0.5));
#3227=DIRECTION('',(-6.12323399573677E-17,-0.5,-0.866025403784439));
#3228=DIRECTION('',(-1.,3.06161699786838E-17,5.30287619362454E-17));
#3229=DIRECTION('',(6.12323399573677E-17,0.5,0.866025403784439));
#3230=DIRECTION('',(6.12323399573677E-17,0.5,0.866025403784439));
#3231=DIRECTION('',(6.12323399573677E-17,0.5,0.866025403784439));
#3232=DIRECTION('',(6.12323399573677E-17,0.5,0.866025403784439));
#3233=DIRECTION('',(6.12323399573677E-17,0.5,0.866025403784439));
#3234=DIRECTION('',(6.12323399573677E-17,0.5,0.866025403784439));
#3235=DIRECTION('',(6.12323399573677E-17,0.5,0.866025403784439));
#3236=DIRECTION('',(6.12323399573677E-17,0.5,0.866025403784439));
#3237=DIRECTION('',(6.12323399573677E-17,0.5,0.866025403784439));
#3238=DIRECTION('',(6.12323399573677E-17,0.5,0.866025403784439));
#3239=DIRECTION('',(6.12323399573677E-17,0.5,0.866025403784439));
#3240=DIRECTION('',(6.12323399573677E-17,0.5,0.866025403784439));
#3241=DIRECTION('',(6.12323399573677E-17,0.5,0.866025403784439));
#3242=DIRECTION('',(6.12323399573677E-17,0.5,0.866025403784439));
#3243=DIRECTION('',(6.12323399573677E-17,0.5,0.866025403784439));
#3244=DIRECTION('',(1.,-3.06161699786838E-17,-5.30287619362454E-17));
#3245=DIRECTION('',(3.00926553810505E-33,0.866025403784439,-0.5));
#3246=DIRECTION('',(0.,0.5,0.866025403784439));
#3247=DIRECTION('',(6.12323399573677E-17,0.5,0.866025403784439));
#3248=DIRECTION('',(-1.,3.06161699786838E-17,5.30287619362454E-17));
#3249=DIRECTION('',(6.12323399573677E-17,0.5,0.866025403784439));
#3250=DIRECTION('',(-1.,1.03428238118161E-15,-5.26438195278295E-16));
#3251=DIRECTION('',(1.03428238118161E-15,1.,0.));
#3252=DIRECTION('',(6.12323399573677E-17,0.5,0.866025403784439));
#3253=DIRECTION('',(-1.15893391442908E-15,-0.866025403784439,0.5));
#3254=DIRECTION('',(-3.00926553810505E-33,-0.866025403784439,0.5));
#3255=DIRECTION('',(0.,-0.5,-0.866025403784439));
#3256=DIRECTION('',(6.12323399573677E-17,0.5,0.866025403784439));
#3257=DIRECTION('',(1.,-3.06161699786838E-17,-5.30287619362454E-17));
#3258=DIRECTION('',(0.622878597277251,-0.677507704598585,0.391159255628038));
#3259=DIRECTION('',(-0.736162955436538,-0.676804331430394,0.));
#3260=DIRECTION('',(6.12323399573677E-17,0.5,0.866025403784439));
#3261=DIRECTION('',(0.782318511256077,0.539428688715716,-0.311439298638625));
#3262=DIRECTION('',(0.780082247352868,0.541852162054997,-0.312838491623432));
#3263=DIRECTION('',(0.570486993864792,-0.821306635691636,0.));
#3264=DIRECTION('',(6.12323399573677E-17,0.5,0.866025403784439));
#3265=DIRECTION('',(-0.625676983246866,0.67557104324884,-0.390041123676434));
#3266=DIRECTION('',(-0.626503863954469,0.674996060238569,-0.389709157080674));
#3267=DIRECTION('',(0.732944097176438,0.680288872769661,0.));
#3268=DIRECTION('',(6.12323399573677E-17,0.5,0.866025403784439));
#3269=DIRECTION('',(-0.779418314161349,-0.542568261753681,0.313251931977234));
#3270=DIRECTION('',(6.12323399573677E-17,0.5,0.866025403784439));
#3271=DIRECTION('',(0.999501757657226,-0.027334544629207,0.0157816066998484));
#3272=DIRECTION('',(-0.0273379492238583,-0.999626248420995,0.));
#3273=DIRECTION('',(6.12323399573677E-17,0.5,0.866025403784439));
#3274=DIRECTION('',(0.0315632133996969,0.865593913258356,-0.499750878828613));
#3275=DIRECTION('',(0.999734650875492,-0.0199492074816018,0.0115176803096224));
#3276=DIRECTION('',(-0.0199505308138717,-0.999800968353324,0.));
#3277=DIRECTION('',(6.12323399573677E-17,0.5,0.866025403784439));
#3278=DIRECTION('',(0.0230353606192449,0.865795604701743,-0.499867325437745));
#3279=DIRECTION('',(1.,-3.06161699786838E-17,-5.30287619362454E-17));
#3280=DIRECTION('',(-5.30287619362454E-17,0.,-1.));
#3281=DIRECTION('',(-3.0591699152555E-32,0.866025403784439,-0.5));
#3282=DIRECTION('',(6.12323399573677E-17,0.5,0.866025403784439));
#3283=DIRECTION('',(1.,-3.06161699786838E-17,-5.30287619362454E-17));
#3284=DIRECTION('',(1.,-3.06161699786835E-17,-5.30287619362455E-17));
#3285=DIRECTION('',(-5.30287619362455E-17,0.,-1.));
#3286=DIRECTION('',(6.12323399573677E-17,0.5,0.866025403784439));
#3287=DIRECTION('',(-3.05916991525551E-31,0.866025403784439,-0.5));
#3288=DIRECTION('',(6.12323399573677E-17,0.5,0.866025403784439));
#3289=DIRECTION('',(3.00926553810505E-33,0.866025403784439,-0.5));
#3290=DIRECTION('',(0.,0.5,0.866025403784439));
#3291=DIRECTION('',(6.12323399573677E-17,0.5,0.866025403784439));
#3292=DIRECTION('',(-1.,3.06161699786838E-17,5.30287619362454E-17));
#3293=DIRECTION('',(-1.,3.06161699786835E-17,5.30287619362455E-17));
#3294=DIRECTION('',(5.30287619362455E-17,0.,1.));
#3295=DIRECTION('',(6.12323399573677E-17,0.5,0.866025403784439));
#3296=DIRECTION('',(3.05916991525551E-31,-0.866025403784439,0.5));
#3297=DIRECTION('',(-3.00926553810505E-33,-0.866025403784439,0.5));
#3298=DIRECTION('',(0.,-0.5,-0.866025403784439));
#3299=DIRECTION('',(1.,-3.06161699786838E-17,-5.30287619362454E-17));
#3300=DIRECTION('',(6.12323399573677E-17,0.5,0.866025403784439));
#3301=DIRECTION('',(1.,-3.06161699786838E-17,-5.30287619362454E-17));
#3302=DIRECTION('',(3.00926553810505E-33,0.866025403784439,-0.5));
#3303=DIRECTION('',(0.,0.5,0.866025403784439));
#3304=DIRECTION('',(6.12323399573677E-17,0.5,0.866025403784439));
#3305=DIRECTION('',(-1.,3.06161699786838E-17,5.30287619362454E-17));
#3306=DIRECTION('',(6.12323399573677E-17,0.5,0.866025403784439));
#3307=DIRECTION('',(-1.,2.46790074026099E-15,-1.35413814080796E-15));
#3308=DIRECTION('',(2.46790074026099E-15,1.,0.));
#3309=DIRECTION('',(6.12323399573677E-17,0.5,0.866025403784439));
#3310=DIRECTION('',(-2.81433380548842E-15,-0.866025403784439,0.5));
#3311=DIRECTION('',(3.00926553810505E-33,0.866025403784439,-0.5));
#3312=DIRECTION('',(0.,0.5,0.866025403784439));
#3313=DIRECTION('',(6.12323399573677E-17,0.5,0.866025403784439));
#3314=DIRECTION('',(-1.,3.06161699786838E-17,5.30287619362454E-17));
#3315=DIRECTION('',(-1.,3.06161699786837E-17,5.30287619362454E-17));
#3316=DIRECTION('',(5.30287619362454E-17,0.,1.));
#3317=DIRECTION('',(6.12323399573677E-17,0.5,0.866025403784439));
#3318=DIRECTION('',(4.4188009887024E-32,-0.866025403784439,0.5));
#3319=DIRECTION('',(-3.00926553810505E-33,-0.866025403784439,0.5));
#3320=DIRECTION('',(0.,-0.5,-0.866025403784439));
#3321=DIRECTION('',(6.12323399573677E-17,0.5,0.866025403784439));
#3322=DIRECTION('',(1.,-3.06161699786838E-17,-5.30287619362454E-17));
#3323=DIRECTION('',(1.,-3.06161699786837E-17,-5.30287619362454E-17));
#3324=DIRECTION('',(-5.30287619362454E-17,0.,-1.));
#3325=DIRECTION('',(6.12323399573677E-17,0.5,0.866025403784439));
#3326=DIRECTION('',(-4.4188009887024E-32,0.866025403784439,-0.5));
#3327=DIRECTION('',(3.00926553810505E-33,0.866025403784439,-0.5));
#3328=DIRECTION('',(0.,0.5,0.866025403784439));
#3329=DIRECTION('',(6.12323399573677E-17,0.5,0.866025403784439));
#3330=DIRECTION('',(-1.,3.06161699786838E-17,5.30287619362454E-17));
#3331=DIRECTION('',(1.,-2.46790074026099E-15,1.35413814080796E-15));
#3332=DIRECTION('',(-2.46790074026099E-15,-1.,0.));
#3333=DIRECTION('',(2.81433380548842E-15,0.866025403784439,-0.5));
#3334=DIRECTION('',(6.12323399573677E-17,0.5,0.866025403784439));
#3335=DIRECTION('',(1.,-3.06161699786838E-17,-5.30287619362454E-17));
#3336=DIRECTION('',(6.12323399573677E-17,0.5,0.866025403784439));
#3337=DIRECTION('',(6.12323399573677E-17,0.5,0.866025403784439));
#3338=DIRECTION('',(6.12323399573677E-17,0.5,0.866025403784439));
#3339=DIRECTION('',(6.12323399573677E-17,0.5,0.866025403784439));
#3340=DIRECTION('',(6.12323399573677E-17,0.5,0.866025403784439));
#3341=DIRECTION('',(6.12323399573677E-17,0.5,0.866025403784439));
#3342=DIRECTION('',(6.12323399573677E-17,0.5,0.866025403784439));
#3343=DIRECTION('',(6.12323399573677E-17,0.5,0.866025403784439));
#3344=DIRECTION('',(6.12323399573677E-17,0.5,0.866025403784439));
#3345=DIRECTION('',(6.12323399573677E-17,0.5,0.866025403784439));
#3346=DIRECTION('',(6.12323399573677E-17,0.5,0.866025403784439));
#3347=DIRECTION('',(6.12323399573677E-17,0.5,0.866025403784439));
#3348=DIRECTION('',(6.12323399573677E-17,0.5,0.866025403784439));
#3349=DIRECTION('',(6.12323399573677E-17,0.5,0.866025403784439));
#3350=DIRECTION('',(6.12323399573677E-17,0.5,0.866025403784439));
#3351=DIRECTION('',(6.12323399573677E-17,0.5,0.866025403784439));
#3352=DIRECTION('',(6.12323399573677E-17,0.5,0.866025403784439));
#3353=DIRECTION('',(6.12323399573677E-17,0.5,0.866025403784439));
#3354=DIRECTION('',(-3.00926553810505E-33,-0.866025403784439,0.5));
#3355=DIRECTION('',(0.,-0.5,-0.866025403784439));
#3356=DIRECTION('',(6.12323399573677E-17,0.5,0.866025403784439));
#3357=DIRECTION('',(1.,-3.06161699786838E-17,-5.30287619362454E-17));
#3358=DIRECTION('',(6.12323399573677E-17,0.5,0.866025403784439));
#3359=DIRECTION('',(6.12323399573677E-17,0.5,0.866025403784439));
#3360=DIRECTION('',(6.12323399573677E-17,0.5,0.866025403784439));
#3361=DIRECTION('',(6.12323399573677E-17,0.5,0.866025403784439));
#3362=DIRECTION('',(0.112933090122222,0.860485088695084,-0.496801297591763));
#3363=DIRECTION('',(6.12323399573677E-17,0.5,0.866025403784439));
#3364=DIRECTION('',(6.12323399573677E-17,0.5,0.866025403784439));
#3365=DIRECTION('',(0.,-0.866025403784439,0.5));
#3366=DIRECTION('',(-1.,3.06161699786835E-17,5.30287619362456E-17));
#3367=DIRECTION('',(5.30287619362456E-17,0.,1.));
#3368=DIRECTION('',(6.12323399573677E-17,0.5,0.866025403784439));
#3369=DIRECTION('',(3.39907768361723E-31,-0.866025403784439,0.5));
#3370=DIRECTION('',(6.12323399573677E-17,0.5,0.866025403784439));
#3371=DIRECTION('',(6.12323399573677E-17,0.5,0.866025403784439));
#3372=DIRECTION('',(1.,-3.06161699786838E-17,-5.30287619362454E-17));
#3373=DIRECTION('',(6.12323399573677E-17,0.5,0.866025403784439));
#3374=DIRECTION('',(6.12323399573677E-17,0.5,0.866025403784439));
#3375=DIRECTION('',(6.12323399573677E-17,0.5,0.866025403784439));
#3376=DIRECTION('',(6.12323399573677E-17,0.5,0.866025403784439));
#3377=DIRECTION('',(6.12323399573677E-17,0.5,0.866025403784439));
#3378=DIRECTION('',(0.943385357677286,-0.287259551956184,0.165849379649219));
#3379=DIRECTION('',(6.12323399573677E-17,0.5,0.866025403784439));
#3380=DIRECTION('',(0.,-0.866025403784439,0.5));
#3381=DIRECTION('',(6.12323399573677E-17,0.5,0.866025403784439));
#3382=DIRECTION('',(6.12323399573677E-17,0.5,0.866025403784439));
#3383=DIRECTION('',(0.,-0.866025403784439,0.5));
#3384=DIRECTION('',(6.12323399573677E-17,0.5,0.866025403784439));
#3385=DIRECTION('',(6.12323399573677E-17,0.5,0.866025403784439));
#3386=DIRECTION('',(6.12323399573677E-17,0.5,0.866025403784439));
#3387=DIRECTION('',(-0.941621879582603,-0.291566762369254,0.168336148740658));
#3388=DIRECTION('',(6.12323399573677E-17,0.5,0.866025403784439));
#3389=DIRECTION('',(0.,-0.866025403784439,0.5));
#3390=DIRECTION('',(6.12323399573677E-17,0.5,0.866025403784439));
#3391=DIRECTION('',(6.12323399573677E-17,0.5,0.866025403784439));
#3392=DIRECTION('',(0.,-0.866025403784439,0.5));
#3393=DIRECTION('',(6.12323399573677E-17,0.5,0.866025403784439));
#3394=DIRECTION('',(6.12323399573677E-17,0.5,0.866025403784439));
#3395=DIRECTION('',(6.12323399573677E-17,0.5,0.866025403784439));
#3396=DIRECTION('',(6.12323399573677E-17,0.5,0.866025403784439));
#3397=DIRECTION('',(6.12323399573677E-17,0.5,0.866025403784439));
#3398=DIRECTION('',(6.12323399573677E-17,0.5,0.866025403784439));
#3399=DIRECTION('',(6.12323399573677E-17,0.5,0.866025403784439));
#3400=DIRECTION('',(6.12323399573677E-17,0.5,0.866025403784439));
#3401=DIRECTION('',(6.12323399573677E-17,0.5,0.866025403784439));
#3402=DIRECTION('',(6.12323399573677E-17,0.5,0.866025403784439));
#3403=DIRECTION('',(6.12323399573677E-17,0.5,0.866025403784439));
#3404=DIRECTION('',(6.12323399573677E-17,0.5,0.866025403784439));
#3405=DIRECTION('',(-0.963130719761355,-0.23299015534777,0.134516928908578));
#3406=DIRECTION('',(6.12323399573677E-17,0.5,0.866025403784439));
#3407=DIRECTION('',(6.12323399573677E-17,0.5,0.866025403784439));
#3408=DIRECTION('',(0.,-0.866025403784439,0.5));
#3409=DIRECTION('',(6.12323399573677E-17,0.5,0.866025403784439));
#3410=DIRECTION('',(6.12323399573677E-17,0.5,0.866025403784439));
#3411=DIRECTION('',(6.12323399573677E-17,0.5,0.866025403784439));
#3412=DIRECTION('',(6.12323399573677E-17,0.5,0.866025403784439));
#3413=DIRECTION('',(6.12323399573677E-17,0.5,0.866025403784439));
#3414=DIRECTION('',(6.12323399573677E-17,0.5,0.866025403784439));
#3415=DIRECTION('',(6.12323399573677E-17,0.5,0.866025403784439));
#3416=DIRECTION('',(6.12323399573677E-17,0.5,0.866025403784439));
#3417=DIRECTION('',(6.12323399573677E-17,0.5,0.866025403784439));
#3418=DIRECTION('',(6.12323399573677E-17,0.5,0.866025403784439));
#3419=DIRECTION('',(6.12323399573677E-17,0.5,0.866025403784439));
#3420=DIRECTION('',(6.12323399573677E-17,0.5,0.866025403784439));
#3421=DIRECTION('',(1.,-3.06161699786838E-17,-5.30287619362454E-17));
#3422=DIRECTION('',(6.12323399573677E-17,0.5,0.866025403784439));
#3423=DIRECTION('',(1.,-3.06161699786838E-17,-5.30287619362454E-17));
#3424=DIRECTION('',(3.00926553810505E-33,0.866025403784439,-0.5));
#3425=DIRECTION('',(0.,0.5,0.866025403784439));
#3426=DIRECTION('',(6.12323399573677E-17,0.5,0.866025403784439));
#3427=DIRECTION('',(-1.,3.06161699786838E-17,5.30287619362454E-17));
#3428=DIRECTION('',(6.12323399573677E-17,0.5,0.866025403784439));
#3429=DIRECTION('',(-1.,2.03794859238454E-15,-1.10590515249284E-15));
#3430=DIRECTION('',(2.03794859238454E-15,1.,0.));
#3431=DIRECTION('',(6.12323399573677E-17,0.5,0.866025403784439));
#3432=DIRECTION('',(-2.31786782885817E-15,-0.866025403784439,0.5));
#3433=DIRECTION('',(-3.00926553810505E-33,-0.866025403784439,0.5));
#3434=DIRECTION('',(0.,-0.5,-0.866025403784439));
#3435=DIRECTION('',(6.12323399573677E-17,0.5,0.866025403784439));
#3436=DIRECTION('',(1.,-3.06161699786838E-17,-5.30287619362454E-17));
#3437=DIRECTION('',(1.,-3.06161699786837E-17,-5.30287619362454E-17));
#3438=DIRECTION('',(-5.30287619362454E-17,0.,-1.));
#3439=DIRECTION('',(6.12323399573677E-17,0.5,0.866025403784439));
#3440=DIRECTION('',(-4.07889322034067E-32,0.866025403784439,-0.5));
#3441=DIRECTION('',(6.12323399573677E-17,0.5,0.866025403784439));
#3442=DIRECTION('',(-3.00926553810505E-33,-0.866025403784439,0.5));
#3443=DIRECTION('',(0.,-0.5,-0.866025403784439));
#3444=DIRECTION('',(6.12323399573677E-17,0.5,0.866025403784439));
#3445=DIRECTION('',(1.,-3.06161699786838E-17,-5.30287619362454E-17));
#3446=DIRECTION('',(-0.865114564388654,-0.434376096098729,0.25078715601214));
#3447=DIRECTION('',(-0.448716050393396,0.893674384840111,0.));
#3448=DIRECTION('',(6.12323399573677E-17,0.5,0.866025403784439));
#3449=DIRECTION('',(0.50157431202428,-0.749211189944483,0.432557282194326));
#3450=DIRECTION('',(-3.00926553810505E-33,-0.866025403784439,0.5));
#3451=DIRECTION('',(0.,-0.5,-0.866025403784439));
#3452=DIRECTION('',(6.12323399573677E-17,0.5,0.866025403784439));
#3453=DIRECTION('',(1.,-3.06161699786838E-17,-5.30287619362454E-17));
#3454=DIRECTION('',(1.,-2.03794859238454E-15,1.10590515249284E-15));
#3455=DIRECTION('',(-2.03794859238454E-15,-1.,0.));
#3456=DIRECTION('',(6.12323399573677E-17,0.5,0.866025403784439));
#3457=DIRECTION('',(2.31786782885817E-15,0.866025403784439,-0.5));
#3458=DIRECTION('',(3.00926553810505E-33,0.866025403784439,-0.5));
#3459=DIRECTION('',(0.,0.5,0.866025403784439));
#3460=DIRECTION('',(6.12323399573677E-17,0.5,0.866025403784439));
#3461=DIRECTION('',(-1.,3.06161699786838E-17,5.30287619362454E-17));
#3462=DIRECTION('',(-1.,3.0616169978684E-17,5.30287619362453E-17));
#3463=DIRECTION('',(5.30287619362453E-17,0.,1.));
#3464=DIRECTION('',(6.12323399573677E-17,0.5,0.866025403784439));
#3465=DIRECTION('',(-2.27738204802355E-31,-0.866025403784439,0.5));
#3466=DIRECTION('',(6.12323399573677E-17,0.5,0.866025403784439));
#3467=DIRECTION('',(3.00926553810505E-33,0.866025403784439,-0.5));
#3468=DIRECTION('',(0.,0.5,0.866025403784439));
#3469=DIRECTION('',(6.12323399573677E-17,0.5,0.866025403784439));
#3470=DIRECTION('',(-1.,3.06161699786838E-17,5.30287619362454E-17));
#3471=DIRECTION('',(0.866819582348767,0.431819243135982,-0.249310956265819));
#3472=DIRECTION('',(0.445899185267038,-0.895083189752881,0.));
#3473=DIRECTION('',(-0.498621912531639,0.75068777881185,-0.433409791174383));
#3474=DIRECTION('',(6.12323399573677E-17,0.5,0.866025403784439));
#3475=DIRECTION('',(1.,-3.06161699786838E-17,-5.30287619362454E-17));
#3476=DIRECTION('',(6.12323399573677E-17,0.5,0.866025403784439));
#3477=DIRECTION('',(1.,-3.06161699786838E-17,-5.30287619362454E-17));
#3478=DIRECTION('',(6.12323399573677E-17,0.5,0.866025403784439));
#3479=DIRECTION('',(1.,-3.06161699786838E-17,-5.30287619362454E-17));
#3480=DIRECTION('',(6.12323399573677E-17,0.5,0.866025403784439));
#3481=DIRECTION('',(1.,-3.06161699786838E-17,-5.30287619362454E-17));
#3482=DIRECTION('',(-0.707106781186549,0.612372435695794,-0.353553390593273));
#3483=DIRECTION('',(-6.12323399573677E-17,-0.5,-0.866025403784439));
#3484=DIRECTION('',(-0.707106781186547,-0.612372435695798,0.35355339059327));
#3485=DIRECTION('',(-0.577350269189628,0.78867513459481,0.21132486540519));
#3486=DIRECTION('',(0.806898221355072,0.590690494568875,0.));
#3487=DIRECTION('',(-3.67394759567272E-15,0.258819045102523,-0.965925826289068));
#3488=DIRECTION('',(-0.707106781186545,-0.353553390593272,-0.612372435695799));
#3489=DIRECTION('',(0.707106781186549,0.612372435695794,-0.353553390593273));
#3490=DIRECTION('',(6.12323399573677E-17,0.5,0.866025403784439));
#3491=DIRECTION('',(-0.707106781186547,0.612372435695796,-0.353553390593274));
#3492=DIRECTION('',(0.70710678118655,-0.353553390593272,-0.612372435695793));
#3493=DIRECTION('',(-1.23259516440783E-32,-0.866025403784439,0.5));
#3494=DIRECTION('',(0.707106781186545,0.353553390593276,0.612372435695796));
#3495=DIRECTION('',(4.32978028117747E-17,0.965925826289068,0.258819045102523));
#3496=DIRECTION('',(-1.,3.06161699786838E-17,5.30287619362454E-17));
#3497=DIRECTION('',(-1.1879738911819E-15,-0.258819045102523,0.965925826289068));
#3498=DIRECTION('',(-0.70710678118655,-0.612372435695793,0.353553390593272));
#3499=DIRECTION('',(6.12323399573677E-17,0.5,0.866025403784439));
#3500=DIRECTION('',(0.707106781186545,-0.612372435695799,0.353553390593271));
#3501=DIRECTION('',(-0.577350269189627,-0.211324865405188,0.788675134594812));
#3502=DIRECTION('',(0.806898221355072,0.,0.590690494568874));
#3503=DIRECTION('',(-4.8074067159589E-17,-0.965925826289068,-0.258819045102523));
#3504=DIRECTION('',(0.57735026918963,0.78867513459481,0.211324865405188));
#3505=DIRECTION('',(0.80689822135507,-0.590690494568877,0.));
#3506=DIRECTION('',(0.707106781186545,-0.353553390593275,-0.612372435695797));
#3507=DIRECTION('',(-4.32978028117746E-17,0.258819045102523,-0.965925826289068));
#3508=DIRECTION('',(1.,-3.06161699786838E-17,-5.30287619362454E-17));
#3509=DIRECTION('',(4.98582519678937E-15,0.965925826289068,0.258819045102523));
#3510=DIRECTION('',(0.707106781186551,0.353553390593272,0.612372435695792));
#3511=DIRECTION('',(-6.75318141499488E-17,0.866025403784439,-0.5));
#3512=DIRECTION('',(-0.707106781186545,0.353553390593262,0.612372435695805));
#3513=DIRECTION('',(0.577350269189636,-0.211324865405189,0.788675134594805));
#3514=DIRECTION('',(0.806898221355066,0.,-0.590690494568882));
#3515=DIRECTION('',(0.707106781186547,0.612372435695789,-0.353553390593285));
#3516=DIRECTION('',(0.707106781186549,-0.612372435695794,0.353553390593273));
#3517=DIRECTION('',(-6.12323399573677E-17,-0.5,-0.866025403784439));
#3518=CARTESIAN_POINT('',(0.,0.,0.));
#3519=CARTESIAN_POINT('',(-0.0796737751005933,0.545880908020494,0.210330107946797));
#3520=CARTESIAN_POINT('',(-0.127048775100593,0.545880908020494,0.210330107946797));
#3521=CARTESIAN_POINT('',(-0.127048775100593,0.588640912332351,0.185642607946797));
#3522=CARTESIAN_POINT('',(-0.127048775100593,0.503120903708637,0.235017607946797));
#3523=CARTESIAN_POINT('',(-0.0796737751005933,0.503120903708637,0.235017607946797));
#3524=CARTESIAN_POINT('',(-0.0322987751005933,0.503120903708637,0.235017607946797));
#3525=CARTESIAN_POINT('',(-0.0322987751005933,0.590372963139919,0.184642607946797));
#3526=CARTESIAN_POINT('',(-0.0322987751005933,0.588640912332351,0.185642607946797));
#3527=CARTESIAN_POINT('',(-0.129048775100593,0.588640912332351,0.185642607946797));
#3528=CARTESIAN_POINT('',(-0.0778272017656834,0.511991981711228,0.229895888673999));
#3529=CARTESIAN_POINT('',(-0.0783631634275692,0.513013352794804,0.229306199803954));
#3530=CARTESIAN_POINT('',(-0.0783631634275692,0.514454620879407,0.228474083287334));
#3531=CARTESIAN_POINT('',(-0.0778272017656834,0.511991981711228,0.229895888673999));
#3532=CARTESIAN_POINT('',(-0.0783631634275692,0.514454620879407,0.228474083287334));
#3533=CARTESIAN_POINT('',(-0.0783631634275692,0.514454620879407,0.228474083287334));
#3534=CARTESIAN_POINT('',(-0.0783631634275692,0.517532352411251,0.226697154158931));
#3535=CARTESIAN_POINT('',(-0.0768601120188088,0.519036037617628,0.225829001100253));
#3536=CARTESIAN_POINT('',(-0.0768601120188088,0.519036037617628,0.225829001100253));
#3537=CARTESIAN_POINT('',(-0.0768601120188088,0.519036037617628,0.225829001100253));
#3538=CARTESIAN_POINT('',(-0.0753570606100485,0.520539722824004,0.224960848041574));
#3539=CARTESIAN_POINT('',(-0.0723588203107951,0.520539722824004,0.224960848041574));
#3540=CARTESIAN_POINT('',(-0.0723588203107951,0.520539722824004,0.224960848041574));
#3541=CARTESIAN_POINT('',(-0.0723588203107951,0.520539722824004,0.224960848041574));
#3542=CARTESIAN_POINT('',(-0.0713366929360497,0.520539722824004,0.224960848041574));
#3543=CARTESIAN_POINT('',(-0.0707548665842715,0.520433046288609,0.225022437768001));
#3544=CARTESIAN_POINT('',(-0.0707548665842715,0.520433046288608,0.225022437768001));
#3545=CARTESIAN_POINT('',(-0.0707548665842715,0.519556936870252,0.22552825977653));
#3546=CARTESIAN_POINT('',(-0.0707548665842715,0.518680827451895,0.226034081785057));
#3547=CARTESIAN_POINT('',(-0.0722143644991163,0.513189045830076,0.229204763382746));
#3548=CARTESIAN_POINT('',(-0.0721963282666048,0.518823819403596,0.225951525343251));
#3549=CARTESIAN_POINT('',(-0.0721963282666048,0.518823819403596,0.225951525343251));
#3550=CARTESIAN_POINT('',(-0.0734988854595497,0.518823819403596,0.225951525343251));
#3551=CARTESIAN_POINT('',(-0.0743218290381909,0.518483362375737,0.226148088299933));
#3552=CARTESIAN_POINT('',(-0.0743218290381909,0.518483362375737,0.226148088299933));
#3553=CARTESIAN_POINT('',(-0.0743218290381909,0.518483362375737,0.226148088299933));
#3554=CARTESIAN_POINT('',(-0.0751447726168321,0.518142905347878,0.226344651256615));
#3555=CARTESIAN_POINT('',(-0.0755536235667303,0.517475609573274,0.226729914651711));
#3556=CARTESIAN_POINT('',(-0.0755536235667303,0.517475609573274,0.226729914651711));
#3557=CARTESIAN_POINT('',(-0.0755536235667303,0.517475609573274,0.226729914651711));
#3558=CARTESIAN_POINT('',(-0.0759624745166285,0.516808313798671,0.227115178046808));
#3559=CARTESIAN_POINT('',(-0.0760358580204564,0.515582668498379,0.227822804690862));
#3560=CARTESIAN_POINT('',(-0.0760358580204564,0.515582668498379,0.227822804690862));
#3561=CARTESIAN_POINT('',(-0.0759834412320079,0.515582668498379,0.227822804690862));
#3562=CARTESIAN_POINT('',(-0.0759310244435594,0.515582668498379,0.227822804690862));
#3563=CARTESIAN_POINT('',(-0.0759310244435594,0.515582668498379,0.227822804690862));
#3564=CARTESIAN_POINT('',(-0.0751185642226079,0.516787886377,0.227126971824209));
#3565=CARTESIAN_POINT('',(-0.073333772575937,0.516787886377,0.227126971824209));
#3566=CARTESIAN_POINT('',(-0.073333772575937,0.516787886377,0.227126971824209));
#3567=CARTESIAN_POINT('',(-0.073333772575937,0.516787886377,0.227126971824209));
#3568=CARTESIAN_POINT('',(-0.0717298188494133,0.516787886377,0.227126971824209));
#3569=CARTESIAN_POINT('',(-0.0708203875698321,0.515915181528921,0.22763082820317));
#3570=CARTESIAN_POINT('',(-0.0708203875698321,0.515915181528921,0.22763082820317));
#3571=CARTESIAN_POINT('',(-0.0708203875698321,0.515915181528921,0.22763082820317));
#3572=CARTESIAN_POINT('',(-0.0699109562902509,0.515042476680843,0.228134684582131));
#3573=CARTESIAN_POINT('',(-0.0699109562902509,0.513503610914921,0.229023149146333));
#3574=CARTESIAN_POINT('',(-0.0699109562902509,0.513503610914921,0.229023149146333));
#3575=CARTESIAN_POINT('',(-0.0699109562902509,0.513503610914921,0.229023149146333));
#3576=CARTESIAN_POINT('',(-0.0699109562902509,0.511844450332489,0.229981065955229));
#3577=CARTESIAN_POINT('',(-0.0709920525520009,0.51087528265985,0.230540615171916));
#3578=CARTESIAN_POINT('',(-0.0709920525520009,0.51087528265985,0.230540615171916));
#3579=CARTESIAN_POINT('',(-0.0709920525520009,0.51087528265985,0.230540615171916));
#3580=CARTESIAN_POINT('',(-0.0720731488137509,0.509906114987212,0.231100164388604));
#3581=CARTESIAN_POINT('',(-0.0739889824315431,0.509906114987212,0.231100164388604));
#3582=CARTESIAN_POINT('',(-0.0739889824315431,0.509906114987212,0.231100164388604));
#3583=CARTESIAN_POINT('',(-0.0739889824315431,0.509906114987212,0.231100164388604));
#3584=CARTESIAN_POINT('',(-0.0753151271792897,0.509906114987212,0.231100164388604));
#3585=CARTESIAN_POINT('',(-0.0763031836415437,0.510438362807432,0.230792870966325));
#3586=CARTESIAN_POINT('',(-0.0763031836415437,0.510438362807432,0.230792870966325));
#3587=CARTESIAN_POINT('',(-0.0763031836415437,0.510438362807432,0.230792870966325));
#3588=CARTESIAN_POINT('',(-0.0772912401037976,0.510970610627651,0.230485577544045));
#3589=CARTESIAN_POINT('',(-0.0778272017656834,0.511991981711228,0.229895888673999));
#3590=CARTESIAN_POINT('',(-0.0432987751005932,0.515245259361619,0.228017607946797));
#3591=CARTESIAN_POINT('',(-0.0432987751005932,0.512287782607695,0.229725107946797));
#3592=CARTESIAN_POINT('',(-0.0402487751005932,0.531136825521064,0.218842607946797));
#3593=CARTESIAN_POINT('',(-0.0402487751005932,0.531136825521064,0.218842607946797));
#3594=CARTESIAN_POINT('',(-0.0402487751005932,0.57530412111407,0.193342607946797));
#3595=CARTESIAN_POINT('',(-0.0402487751005932,0.531136825521064,0.218842607946797));
#3596=CARTESIAN_POINT('',(-0.118698775100593,0.531136825521064,0.218842607946797));
#3597=CARTESIAN_POINT('',(-0.118698775100593,0.531136825521064,0.218842607946797));
#3598=CARTESIAN_POINT('',(-0.118698775100593,0.57530412111407,0.193342607946797));
#3599=CARTESIAN_POINT('',(-0.0402487751005932,0.57530412111407,0.193342607946797));
#3600=CARTESIAN_POINT('',(-0.0964993722307451,0.519206266131557,0.225730719621912));
#3601=CARTESIAN_POINT('',(-0.0950369438330324,0.517829684882248,0.226525489176762));
#3602=CARTESIAN_POINT('',(-0.0950369438330324,0.515249020611077,0.22801543638841));
#3603=CARTESIAN_POINT('',(-0.0964993722307451,0.519206266131557,0.225730719621912));
#3604=CARTESIAN_POINT('',(-0.0950369438330324,0.515249020611077,0.22801543638841));
#3605=CARTESIAN_POINT('',(-0.0950369438330324,0.515249020611077,0.22801543638841));
#3606=CARTESIAN_POINT('',(-0.0950369438330324,0.512672895766945,0.229502762760636));
#3607=CARTESIAN_POINT('',(-0.096511166008146,0.511289505377079,0.23030146357462));
#3608=CARTESIAN_POINT('',(-0.096511166008146,0.511289505377079,0.23030146357462));
#3609=CARTESIAN_POINT('',(-0.096511166008146,0.511289505377079,0.23030146357462));
#3610=CARTESIAN_POINT('',(-0.0979853881832597,0.509906114987212,0.231100164388604));
#3611=CARTESIAN_POINT('',(-0.100737269576805,0.509906114987212,0.231100164388604));
#3612=CARTESIAN_POINT('',(-0.100737269576805,0.509906114987212,0.231100164388604));
#3613=CARTESIAN_POINT('',(-0.100737269576805,0.509906114987212,0.231100164388604));
#3614=CARTESIAN_POINT('',(-0.103489150970351,0.509906114987212,0.231100164388604));
#3615=CARTESIAN_POINT('',(-0.104963373145464,0.511289505377079,0.23030146357462));
#3616=CARTESIAN_POINT('',(-0.104963373145464,0.511289505377079,0.23030146357462));
#3617=CARTESIAN_POINT('',(-0.104963373145464,0.511289505377079,0.23030146357462));
#3618=CARTESIAN_POINT('',(-0.106437595320578,0.512672895766945,0.229502762760636));
#3619=CARTESIAN_POINT('',(-0.106437595320578,0.515262638892192,0.228007573870143));
#3620=CARTESIAN_POINT('',(-0.106437595320578,0.515262638892192,0.228007573870143));
#3621=CARTESIAN_POINT('',(-0.106437595320578,0.515262638892192,0.228007573870143));
#3622=CARTESIAN_POINT('',(-0.106437595320578,0.517852382017438,0.22651238497965));
#3623=CARTESIAN_POINT('',(-0.104959441886331,0.519217614699152,0.225724167523356));
#3624=CARTESIAN_POINT('',(-0.104959441886331,0.519217614699152,0.225724167523356));
#3625=CARTESIAN_POINT('',(-0.104959441886331,0.519217614699152,0.225724167523356));
#3626=CARTESIAN_POINT('',(-0.103481288452083,0.520582847380867,0.224935950067061));
#3627=CARTESIAN_POINT('',(-0.100721544540271,0.520582847380866,0.224935950067061));
#3628=CARTESIAN_POINT('',(-0.100721544540271,0.520582847380866,0.224935950067061));
#3629=CARTESIAN_POINT('',(-0.100721544540271,0.520582847380866,0.224935950067061));
#3630=CARTESIAN_POINT('',(-0.0979618006284579,0.520582847380866,0.224935950067061));
#3631=CARTESIAN_POINT('',(-0.0964993722307451,0.519206266131557,0.225730719621912));
#3632=CARTESIAN_POINT('',(-0.062449426454609,0.515234267473203,0.228023954116533));
#3633=CARTESIAN_POINT('',(-0.062449426454609,0.520419428007494,0.225030300286269));
#3634=CARTESIAN_POINT('',(-0.062449426454609,0.510049106938913,0.231017607946797));
#3635=CARTESIAN_POINT('',(-0.0637152918956399,0.510049106938913,0.231017607946797));
#3636=CARTESIAN_POINT('',(-0.0649811573366708,0.510049106938913,0.231017607946797));
#3637=CARTESIAN_POINT('',(-0.0649811573366708,0.513049668211109,0.229285233088575));
#3638=CARTESIAN_POINT('',(-0.0649811573366708,0.516050229483305,0.227552858230352));
#3639=CARTESIAN_POINT('',(-0.0649680531395587,0.516542757316941,0.22726849715302));
#3640=CARTESIAN_POINT('',(-0.0649549489424466,0.517035285150577,0.226984136075686));
#3641=CARTESIAN_POINT('',(-0.0649352926467784,0.517574342111353,0.226672911394274));
#3642=CARTESIAN_POINT('',(-0.0649156363511102,0.51811339907213,0.22636168671286));
#3643=CARTESIAN_POINT('',(-0.0649156363511102,0.51811339907213,0.22636168671286));
#3644=CARTESIAN_POINT('',(-0.065544637812492,0.517568667827556,0.226676187443552));
#3645=CARTESIAN_POINT('',(-0.0657909967181999,0.517398439313626,0.226774468921893));
#3646=CARTESIAN_POINT('',(-0.0657909967181999,0.517398439313626,0.226774468921893));
#3647=CARTESIAN_POINT('',(-0.0664789670665863,0.516919529761105,0.227050967480958));
#3648=CARTESIAN_POINT('',(-0.0671669374149726,0.516440620208583,0.227327466040024));
#3649=CARTESIAN_POINT('',(-0.0677775930003975,0.51709997198587,0.226946789113916));
#3650=CARTESIAN_POINT('',(-0.0683882485858223,0.517759323763157,0.226566112187809));
#3651=CARTESIAN_POINT('',(-0.0664593107709181,0.519089375885325,0.225798206237039));
#3652=CARTESIAN_POINT('',(-0.0645303729560138,0.520419428007494,0.225030300286269));
#3653=CARTESIAN_POINT('',(-0.0634898997053114,0.520419428007494,0.225030300286269));
#3654=CARTESIAN_POINT('',(-0.0816496960632892,0.513056477351666,0.229281301829441));
#3655=CARTESIAN_POINT('',(-0.0794508117878752,0.513056477351666,0.229281301829441));
#3656=CARTESIAN_POINT('',(-0.0838485803387032,0.513056477351666,0.229281301829441));
#3657=CARTESIAN_POINT('',(-0.0838485803387032,0.513942800480859,0.228769582932213));
#3658=CARTESIAN_POINT('',(-0.0838485803387032,0.514829123610051,0.228257864034984));
#3659=CARTESIAN_POINT('',(-0.0816496960632892,0.514829123610051,0.228257864034984));
#3660=CARTESIAN_POINT('',(-0.0794508117878752,0.514829123610051,0.228257864034984));
#3661=CARTESIAN_POINT('',(-0.0794508117878752,0.513942800480859,0.228769582932213));
#3662=CARTESIAN_POINT('',(-0.0879344689982626,0.514319572925023,0.228552053260152));
#3663=CARTESIAN_POINT('',(-0.0879344689982626,0.518590038911132,0.226086498573506));
#3664=CARTESIAN_POINT('',(-0.0879344689982626,0.510049106938913,0.231017607946797));
#3665=CARTESIAN_POINT('',(-0.0892042656984272,0.510049106938913,0.231017607946797));
#3666=CARTESIAN_POINT('',(-0.0904740623985917,0.510049106938913,0.231017607946797));
#3667=CARTESIAN_POINT('',(-0.0904740623985917,0.514319572925023,0.228552053260152));
#3668=CARTESIAN_POINT('',(-0.0904740623985917,0.518590038911132,0.226086498573505));
#3669=CARTESIAN_POINT('',(-0.092100293260206,0.518590038911132,0.226086498573506));
#3670=CARTESIAN_POINT('',(-0.0937265241218202,0.518590038911132,0.226086498573506));
#3671=CARTESIAN_POINT('',(-0.0937265241218202,0.519504733459313,0.225558399429887));
#3672=CARTESIAN_POINT('',(-0.0937265241218202,0.520419428007494,0.225030300286269));
#3673=CARTESIAN_POINT('',(-0.0892055761181384,0.520419428007494,0.225030300286269));
#3674=CARTESIAN_POINT('',(-0.0846846281144565,0.520419428007494,0.225030300286269));
#3675=CARTESIAN_POINT('',(-0.0846846281144565,0.519504733459313,0.225558399429887));
#3676=CARTESIAN_POINT('',(-0.0846846281144565,0.518590038911132,0.226086498573506));
#3677=CARTESIAN_POINT('',(-0.0863095485563595,0.518590038911132,0.226086498573506));
#3678=CARTESIAN_POINT('',(-0.0577817114432713,0.519865617908844,0.225350042695804));
#3679=CARTESIAN_POINT('',(-0.0567176506377671,0.520553341105119,0.224952985523308));
#3680=CARTESIAN_POINT('',(-0.055006242494924,0.520553341105119,0.224952985523308));
#3681=CARTESIAN_POINT('',(-0.0577817114432713,0.519865617908844,0.225350042695804));
#3682=CARTESIAN_POINT('',(-0.055006242494924,0.520553341105119,0.224952985523308));
#3683=CARTESIAN_POINT('',(-0.055006242494924,0.520553341105119,0.224952985523308));
#3684=CARTESIAN_POINT('',(-0.0532843509943913,0.520553341105119,0.224952985523308));
#3685=CARTESIAN_POINT('',(-0.0522320839662879,0.519875831619679,0.225344145807104));
#3686=CARTESIAN_POINT('',(-0.0522320839662879,0.519875831619679,0.225344145807104));
#3687=CARTESIAN_POINT('',(-0.0522320839662879,0.519875831619679,0.225344145807104));
#3688=CARTESIAN_POINT('',(-0.0511798169381846,0.51919832213424,0.225735306090901));
#3689=CARTESIAN_POINT('',(-0.0511798169381846,0.518049847093596,0.226398378464775));
#3690=CARTESIAN_POINT('',(-0.0511798169381846,0.518049847093596,0.226398378464774));
#3691=CARTESIAN_POINT('',(-0.0511798169381846,0.518049847093596,0.226398378464775));
#3692=CARTESIAN_POINT('',(-0.0511798169381846,0.517255447361926,0.226857025363698));
#3693=CARTESIAN_POINT('',(-0.0516882597861349,0.516634680714463,0.227215425154715));
#3694=CARTESIAN_POINT('',(-0.0516882597861349,0.516634680714463,0.227215425154715));
#3695=CARTESIAN_POINT('',(-0.0516882597861349,0.516634680714463,0.227215425154715));
#3696=CARTESIAN_POINT('',(-0.0521967026340852,0.516013914067,0.227573824945732));
#3697=CARTESIAN_POINT('',(-0.0533262844251501,0.515525925660403,0.227855565183643));
#3698=CARTESIAN_POINT('',(-0.0533262844251501,0.515525925660403,0.227855565183643));
#3699=CARTESIAN_POINT('',(-0.0533262844251501,0.515525925660403,0.227855565183643));
#3700=CARTESIAN_POINT('',(-0.0519844146408688,0.514901754442661,0.228215930604226));
#3701=CARTESIAN_POINT('',(-0.051398657029957,0.514224244957222,0.228607090888023));
#3702=CARTESIAN_POINT('',(-0.051398657029957,0.514224244957222,0.228607090888023));
#3703=CARTESIAN_POINT('',(-0.051398657029957,0.514224244957222,0.228607090888023));
#3704=CARTESIAN_POINT('',(-0.0508128994190452,0.513546735471783,0.22899825117182));
#3705=CARTESIAN_POINT('',(-0.0508128994190452,0.512736447745479,0.229466071008722));
#3706=CARTESIAN_POINT('',(-0.0508128994190452,0.512736447745479,0.229466071008722));
#3707=CARTESIAN_POINT('',(-0.0508128994190452,0.512736447745479,0.229466071008722));
#3708=CARTESIAN_POINT('',(-0.0508128994190452,0.511460868747768,0.230202526886423));
#3709=CARTESIAN_POINT('',(-0.0519673791846231,0.51068349186749,0.230651345637513));
#3710=CARTESIAN_POINT('',(-0.0519673791846231,0.51068349186749,0.230651345637513));
#3711=CARTESIAN_POINT('',(-0.0519673791846231,0.51068349186749,0.230651345637513));
#3712=CARTESIAN_POINT('',(-0.053121858950201,0.509906114987212,0.231100164388604));
#3713=CARTESIAN_POINT('',(-0.055006242494924,0.509906114987212,0.231100164388604));
#3714=CARTESIAN_POINT('',(-0.055006242494924,0.509906114987212,0.231100164388604));
#3715=CARTESIAN_POINT('',(-0.055006242494924,0.509906114987212,0.231100164388604));
#3716=CARTESIAN_POINT('',(-0.0569718720617422,0.509906114987212,0.231100164388604));
#3717=CARTESIAN_POINT('',(-0.0580935913345398,0.510630153599792,0.230682140500727));
#3718=CARTESIAN_POINT('',(-0.0580935913345398,0.510630153599792,0.230682140500727));
#3719=CARTESIAN_POINT('',(-0.0580935913345398,0.510630153599792,0.230682140500727));
#3720=CARTESIAN_POINT('',(-0.0592153106073374,0.511354192212372,0.23026411661285));
#3721=CARTESIAN_POINT('',(-0.0592153106073374,0.512679704907502,0.229498831501502));
#3722=CARTESIAN_POINT('',(-0.0592153106073374,0.512679704907502,0.229498831501502));
#3723=CARTESIAN_POINT('',(-0.0592153106073374,0.512679704907502,0.229498831501502));
#3724=CARTESIAN_POINT('',(-0.0592153106073374,0.513567162893455,0.228986457394419));
#3725=CARTESIAN_POINT('',(-0.0586701760074732,0.51425488608973,0.228589400221921));
#3726=CARTESIAN_POINT('',(-0.0586701760074732,0.51425488608973,0.228589400221921));
#3727=CARTESIAN_POINT('',(-0.0586701760074732,0.51425488608973,0.228589400221921));
#3728=CARTESIAN_POINT('',(-0.0581250414076089,0.514942609286004,0.228192343049424));
#3729=CARTESIAN_POINT('',(-0.0569220761127162,0.515469182822426,0.227888325676423));
#3730=CARTESIAN_POINT('',(-0.0569220761127162,0.515469182822426,0.227888325676423));
#3731=CARTESIAN_POINT('',(-0.0569220761127162,0.515469182822426,0.227888325676423));
#3732=CARTESIAN_POINT('',(-0.0579468243268841,0.516027532348115,0.227565962427465));
#3733=CARTESIAN_POINT('',(-0.0583962982878298,0.51666645670373,0.227197079278758));
#3734=CARTESIAN_POINT('',(-0.0583962982878298,0.51666645670373,0.227197079278758));
#3735=CARTESIAN_POINT('',(-0.0558064040415568,0.518043239128485,0.22640219357521));
#3736=CARTESIAN_POINT('',(-0.0588457722487756,0.518063465374711,0.226390515946507));
#3737=CARTESIAN_POINT('',(-0.0588457722487756,0.518063465374711,0.226390515946507));
#3738=CARTESIAN_POINT('',(-0.0588457722487756,0.519177894712569,0.225747099868302));
#3739=CARTESIAN_POINT('',(-0.0577817114432713,0.519865617908844,0.225350042695804));
#3740=CARTESIAN_POINT('',(-0.108919530253614,0.515234267473204,0.228023954116533));
#3741=CARTESIAN_POINT('',(-0.108919530253614,0.520419428007494,0.225030300286269));
#3742=CARTESIAN_POINT('',(-0.108919530253614,0.510049106938913,0.231017607946797));
#3743=CARTESIAN_POINT('',(-0.110532656918116,0.510049106938913,0.231017607946797));
#3744=CARTESIAN_POINT('',(-0.112145783582618,0.510049106938913,0.231017607946797));
#3745=CARTESIAN_POINT('',(-0.114750897968508,0.513971171899847,0.228753202685822));
#3746=CARTESIAN_POINT('',(-0.117356012354398,0.517893236860781,0.226488797424847));
#3747=CARTESIAN_POINT('',(-0.117392704106311,0.517893236860781,0.226488797424848));
#3748=CARTESIAN_POINT('',(-0.117429395858225,0.517893236860781,0.226488797424848));
#3749=CARTESIAN_POINT('',(-0.117429395858225,0.517893236860781,0.226488797424848));
#3750=CARTESIAN_POINT('',(-0.11727214549288,0.515816448990842,0.227687831460607));
#3751=CARTESIAN_POINT('',(-0.11727214549288,0.51492899100489,0.228200205567691));
#3752=CARTESIAN_POINT('',(-0.11727214549288,0.51492899100489,0.228200205567691));
#3753=CARTESIAN_POINT('',(-0.11727214549288,0.512489048971902,0.229608906757244));
#3754=CARTESIAN_POINT('',(-0.11727214549288,0.510049106938913,0.231017607946797));
#3755=CARTESIAN_POINT('',(-0.11840696896279,0.510049106938913,0.231017607946797));
#3756=CARTESIAN_POINT('',(-0.119541792432699,0.510049106938913,0.231017607946797));
#3757=CARTESIAN_POINT('',(-0.119541792432699,0.515234267473204,0.228023954116533));
#3758=CARTESIAN_POINT('',(-0.119541792432699,0.520419428007494,0.225030300286269));
#3759=CARTESIAN_POINT('',(-0.117940459545598,0.520419428007494,0.225030300286269));
#3760=CARTESIAN_POINT('',(-0.116339126658497,0.520419428007494,0.225030300286269));
#3761=CARTESIAN_POINT('',(-0.113739253951452,0.516535948176384,0.227272428412153));
#3762=CARTESIAN_POINT('',(-0.111139381244407,0.512652468345274,0.229514556538037));
#3763=CARTESIAN_POINT('',(-0.11111055201076,0.512652468345274,0.229514556538037));
#3764=CARTESIAN_POINT('',(-0.111081722777114,0.512652468345274,0.229514556538037));
#3765=CARTESIAN_POINT('',(-0.111081722777114,0.512652468345274,0.229514556538037));
#3766=CARTESIAN_POINT('',(-0.111204902229968,0.514674783090755,0.228346972575347));
#3767=CARTESIAN_POINT('',(-0.111204902229968,0.515510037665769,0.227864738121621));
#3768=CARTESIAN_POINT('',(-0.111204902229968,0.515510037665769,0.227864738121621));
#3769=CARTESIAN_POINT('',(-0.111204902229968,0.517964732836632,0.226447519203945));
#3770=CARTESIAN_POINT('',(-0.111204902229968,0.520419428007494,0.225030300286269));
#3771=CARTESIAN_POINT('',(-0.110062216241791,0.520419428007494,0.225030300286269));
#3772=CARTESIAN_POINT('',(-0.0796737751005933,0.543880908020494,0.206866006331659));
#3773=CARTESIAN_POINT('',(-0.123648775100593,0.579366298940562,0.18637850633166));
#3774=CARTESIAN_POINT('',(-0.123648775100593,0.580708638316428,0.18560350633166));
#3775=CARTESIAN_POINT('',(-0.0356987751005933,0.523074647694573,0.21887850633166));
#3776=CARTESIAN_POINT('',(-0.0356987751005933,0.524416987070439,0.21810350633166));
#3777=CARTESIAN_POINT('',(-0.123648775100593,0.523074647694573,0.21887850633166));
#3778=CARTESIAN_POINT('',(-0.123648775100593,0.524416987070439,0.21810350633166));
#3779=CARTESIAN_POINT('',(-0.0356987751005933,0.579366298940562,0.18637850633166));
#3780=CARTESIAN_POINT('',(-0.0356987751005933,0.580708638316428,0.18560350633166));
#3781=CARTESIAN_POINT('',(-0.0432987751005932,0.513245259361619,0.224553506331659));
#3782=CARTESIAN_POINT('',(-0.0432987751005932,0.510287782607695,0.226261006331659));
#3783=CARTESIAN_POINT('',(-0.0402487751005932,0.529136825521064,0.215378506331659));
#3784=CARTESIAN_POINT('',(-0.0402487751005932,0.529136825521064,0.215378506331659));
#3785=CARTESIAN_POINT('',(-0.0402487751005932,0.57330412111407,0.189878506331659));
#3786=CARTESIAN_POINT('',(-0.0402487751005932,0.57330412111407,0.189878506331659));
#3787=CARTESIAN_POINT('',(-0.118698775100593,0.57330412111407,0.189878506331659));
#3788=CARTESIAN_POINT('',(-0.118698775100593,0.529136825521064,0.215378506331659));
#3789=CARTESIAN_POINT('',(-0.118698775100593,0.529136825521064,0.215378506331659));
#3790=CARTESIAN_POINT('',(-0.0402487751005932,0.529136825521064,0.215378506331659));
#3791=CARTESIAN_POINT('',(-0.0796737751005933,0.581444759909644,0.185178506331659));
#3792=CARTESIAN_POINT('',(-0.0332987751005932,0.581444759909644,0.185178506331659));
#3793=CARTESIAN_POINT('',(-0.126048775100593,0.581444759909644,0.185178506331659));
#3794=CARTESIAN_POINT('',(-0.0332987751005932,0.543880908020494,0.206866006331659));
#3795=CARTESIAN_POINT('',(-0.0332987751005932,0.506317056131344,0.228553506331659));
#3796=CARTESIAN_POINT('',(-0.0796737751005933,0.506317056131344,0.228553506331659));
#3797=CARTESIAN_POINT('',(-0.126048775100593,0.506317056131344,0.228553506331659));
#3798=CARTESIAN_POINT('',(-0.126048775100593,0.543880908020494,0.206866006331659));
#3799=CARTESIAN_POINT('',(-0.0796737751005933,0.588372963139919,0.181178506331659));
#3800=CARTESIAN_POINT('',(-0.0302987751005933,0.589372963139919,0.182910557139228));
#3801=CARTESIAN_POINT('',(-0.127048775100593,0.589372963139919,0.182910557139228));
#3802=CARTESIAN_POINT('',(-0.0322987751005933,0.589372963139919,0.182910557139228));
#3803=CARTESIAN_POINT('',(-0.0322987751005933,0.588372963139919,0.181178506331659));
#3804=CARTESIAN_POINT('',(-0.0322987751005933,0.581022963139919,0.168447932896028));
#3805=CARTESIAN_POINT('',(-0.0796737751005933,0.581022963139919,0.168447932896028));
#3806=CARTESIAN_POINT('',(-0.127048775100593,0.581022963139919,0.168447932896028));
#3807=CARTESIAN_POINT('',(-0.127048775100593,0.590372963139919,0.184642607946797));
#3808=CARTESIAN_POINT('',(-0.129048775100593,0.543880908020494,0.206866006331659));
#3809=CARTESIAN_POINT('',(-0.129048775100593,0.536530908020494,0.194135432896028));
#3810=CARTESIAN_POINT('',(-0.129048775100593,0.531248153057409,0.197185432896028));
#3811=CARTESIAN_POINT('',(-0.129048775100593,0.493770903708637,0.218822932896028));
#3812=CARTESIAN_POINT('',(-0.129048775100593,0.501120903708637,0.231553506331659));
#3813=CARTESIAN_POINT('',(-0.129048775100593,0.502120903708637,0.233285557139228));
#3814=CARTESIAN_POINT('',(-0.129048775100593,0.544880908020494,0.208598057139228));
#3815=CARTESIAN_POINT('',(-0.129048775100593,0.587640912332351,0.183910557139228));
#3816=CARTESIAN_POINT('',(-0.129048775100593,0.57929091233235,0.169447932896028));
#3817=CARTESIAN_POINT('',(-0.129048775100593,0.57929091233235,0.169447932896028));
#3818=CARTESIAN_POINT('',(-0.129048775100593,0.536530908020494,0.194135432896028));
#3819=CARTESIAN_POINT('',(-0.129048775100593,0.555280358012427,0.183310432896028));
#3820=CARTESIAN_POINT('',(-0.129048775100593,0.555645358012427,0.183942631440791));
#3821=CARTESIAN_POINT('',(-0.129048775100593,0.556645358012427,0.18567468224836));
#3822=CARTESIAN_POINT('',(-0.129048775100593,0.544629255534918,0.19261218224836));
#3823=CARTESIAN_POINT('',(-0.129048775100593,0.532613153057409,0.19954968224836));
#3824=CARTESIAN_POINT('',(-0.129048775100593,0.531613153057409,0.197817631440791));
#3825=CARTESIAN_POINT('',(-0.0796737751005933,0.499388852901068,0.232553506331659));
#3826=CARTESIAN_POINT('',(-0.0796737751005933,0.492038852901068,0.219822932896028));
#3827=CARTESIAN_POINT('',(-0.127048775100593,0.492038852901068,0.219822932896028));
#3828=CARTESIAN_POINT('',(-0.0322987751005933,0.492038852901068,0.219822932896028));
#3829=CARTESIAN_POINT('',(-0.0322987751005933,0.501388852901068,0.236017607946797));
#3830=CARTESIAN_POINT('',(-0.0322987751005933,0.500388852901068,0.234285557139228));
#3831=CARTESIAN_POINT('',(-0.0796737751005933,0.500388852901068,0.234285557139228));
#3832=CARTESIAN_POINT('',(-0.127048775100593,0.500388852901068,0.234285557139228));
#3833=CARTESIAN_POINT('',(-0.127048775100593,0.499388852901068,0.232553506331659));
#3834=CARTESIAN_POINT('',(-0.0402487751005932,0.529136825521064,0.215378506331659));
#3835=CARTESIAN_POINT('',(-0.0402487751005932,0.57330412111407,0.189878506331659));
#3836=CARTESIAN_POINT('',(-0.0402487751005932,0.529136825521064,0.215378506331659));
#3837=CARTESIAN_POINT('',(-0.0402487751005932,0.529136825521064,0.215378506331659));
#3838=CARTESIAN_POINT('',(-0.118698775100593,0.529136825521064,0.215378506331659));
#3839=CARTESIAN_POINT('',(-0.118698775100593,0.529136825521064,0.215378506331659));
#3840=CARTESIAN_POINT('',(-0.118698775100593,0.57330412111407,0.189878506331659));
#3841=CARTESIAN_POINT('',(-0.0432987751005932,0.513245259361619,0.224553506331659));
#3842=CARTESIAN_POINT('',(-0.0402487751005932,0.57330412111407,0.189878506331659));
#3843=CARTESIAN_POINT('',(-0.0302987751005933,0.543880908020494,0.206866006331659));
#3844=CARTESIAN_POINT('',(-0.0302987751005933,0.500388852901068,0.234285557139228));
#3845=CARTESIAN_POINT('',(-0.0302987751005933,0.587640912332351,0.183910557139228));
#3846=CARTESIAN_POINT('',(-0.0302987751005933,0.502120903708637,0.233285557139228));
#3847=CARTESIAN_POINT('',(-0.0302987751005933,0.493770903708637,0.218822932896028));
#3848=CARTESIAN_POINT('',(-0.0302987751005933,0.493770903708637,0.218822932896028));
#3849=CARTESIAN_POINT('',(-0.0302987751005933,0.536530908020494,0.194135432896028));
#3850=CARTESIAN_POINT('',(-0.0302987751005933,0.57929091233235,0.169447932896028));
#3851=CARTESIAN_POINT('',(-0.0302987751005933,0.586640912332351,0.182178506331659));
#3852=CARTESIAN_POINT('',(-0.0796737751005933,0.574093759909644,0.17244620084522));
#3853=CARTESIAN_POINT('',(-0.0796737751005933,0.574094759909644,0.172447932896028));
#3854=CARTESIAN_POINT('',(-0.0332987751005932,0.574094759909644,0.172447932896028));
#3855=CARTESIAN_POINT('',(-0.126048775100593,0.574094759909644,0.172447932896028));
#3856=CARTESIAN_POINT('',(-0.0332987751005932,0.574093759909644,0.17244620084522));
#3857=CARTESIAN_POINT('',(-0.126048775100593,0.574093759909644,0.17244620084522));
#3858=CARTESIAN_POINT('',(-0.126048775100593,0.536529908020494,0.19413370084522));
#3859=CARTESIAN_POINT('',(-0.126048775100593,0.536530908020494,0.194135432896028));
#3860=CARTESIAN_POINT('',(-0.126048775100593,0.531248153057409,0.197185432896028));
#3861=CARTESIAN_POINT('',(-0.126048775100593,0.498967056131344,0.215822932896028));
#3862=CARTESIAN_POINT('',(-0.126048775100593,0.531247153057409,0.19718370084522));
#3863=CARTESIAN_POINT('',(-0.126048775100593,0.532613153057409,0.19954968224836));
#3864=CARTESIAN_POINT('',(-0.126048775100593,0.537895908020494,0.19649968224836));
#3865=CARTESIAN_POINT('',(-0.126048775100593,0.556645358012427,0.18567468224836));
#3866=CARTESIAN_POINT('',(-0.126048775100593,0.555279358012427,0.18330870084522));
#3867=CARTESIAN_POINT('',(-0.126048775100593,0.555280358012427,0.183310432896028));
#3868=CARTESIAN_POINT('',(-0.126048775100593,0.536530908020494,0.194135432896028));
#3869=CARTESIAN_POINT('',(-0.126048775100593,0.498966056131344,0.21582120084522));
#3870=CARTESIAN_POINT('',(-0.0332987751005932,0.536529908020494,0.19413370084522));
#3871=CARTESIAN_POINT('',(-0.0332987751005932,0.536530908020494,0.194135432896028));
#3872=CARTESIAN_POINT('',(-0.0332987751005932,0.498967056131344,0.215822932896028));
#3873=CARTESIAN_POINT('',(-0.0332987751005932,0.498966056131344,0.21582120084522));
#3874=CARTESIAN_POINT('',(-0.0796737751005933,0.498966056131344,0.21582120084522));
#3875=CARTESIAN_POINT('',(-0.0796737751005933,0.498967056131344,0.215822932896028));
#3876=CARTESIAN_POINT('',(-0.0796737751005933,0.536530908020494,0.194135432896028));
#3877=CARTESIAN_POINT('',(-0.123048775100593,0.576692836120997,0.170947932896028));
#3878=CARTESIAN_POINT('',(-0.123048775100593,0.578424886928566,0.169947932896028));
#3879=CARTESIAN_POINT('',(-0.0362987751005932,0.496368979919991,0.217322932896028));
#3880=CARTESIAN_POINT('',(-0.0362987751005932,0.49810103072756,0.216322932896028));
#3881=CARTESIAN_POINT('',(-0.123048775100593,0.496368979919991,0.217322932896028));
#3882=CARTESIAN_POINT('',(-0.123048775100593,0.49810103072756,0.216322932896028));
#3883=CARTESIAN_POINT('',(-0.0362987751005932,0.576692836120997,0.170947932896028));
#3884=CARTESIAN_POINT('',(-0.0362987751005932,0.578424886928566,0.169947932896028));
#3885=CARTESIAN_POINT('',(-0.0302987751005933,0.493770903708637,0.218822932896028));
#3886=CARTESIAN_POINT('',(-0.129048775100593,0.493770903708637,0.218822932896028));
#3887=CARTESIAN_POINT('',(-0.0796737751005933,0.531248153057409,0.197185432896028));
#3888=CARTESIAN_POINT('',(-0.0796737751005933,0.555280358012427,0.183310432896028));
#3889=CARTESIAN_POINT('',(-0.129048775100593,0.57929091233235,0.169447932896028));
#3890=CARTESIAN_POINT('',(-0.0302987751005931,0.57929091233235,0.169447932896028));
#3891=CARTESIAN_POINT('',(-0.104048775100593,0.544629255534918,0.19261218224836));
#3892=CARTESIAN_POINT('',(-0.104048775100593,0.532613153057409,0.19954968224836));
#3893=CARTESIAN_POINT('',(-0.104048775100593,0.556645358012427,0.18567468224836));
#3894=CARTESIAN_POINT('',(-0.104048775100593,0.531613153057409,0.197817631440791));
#3895=CARTESIAN_POINT('',(-0.104048775100593,0.555645358012427,0.183942631440791));
#3896=CARTESIAN_POINT('',(-0.0356987751005933,0.580366298940562,0.188110557139228));
#3897=CARTESIAN_POINT('',(-0.0356987751005933,0.580366298940562,0.188110557139228));
#3898=CARTESIAN_POINT('',(-0.0356987751005933,0.581708638316428,0.187335557139228));
#3899=CARTESIAN_POINT('',(-0.0796737751005933,0.544880908020494,0.208598057139228));
#3900=CARTESIAN_POINT('',(-0.123648775100593,0.524074647694573,0.220610557139228));
#3901=CARTESIAN_POINT('',(-0.123648775100593,0.524074647694573,0.220610557139228));
#3902=CARTESIAN_POINT('',(-0.123648775100593,0.525416987070439,0.219835557139228));
#3903=CARTESIAN_POINT('',(-0.0796737751005933,0.544880908020494,0.208598057139228));
#3904=CARTESIAN_POINT('',(-0.0356987751005933,0.524074647694573,0.220610557139228));
#3905=CARTESIAN_POINT('',(-0.0356987751005933,0.524074647694573,0.220610557139228));
#3906=CARTESIAN_POINT('',(-0.0356987751005933,0.525416987070439,0.219835557139228));
#3907=CARTESIAN_POINT('',(-0.0796737751005933,0.544880908020494,0.208598057139228));
#3908=CARTESIAN_POINT('',(-0.123648775100593,0.580366298940562,0.188110557139228));
#3909=CARTESIAN_POINT('',(-0.123648775100593,0.580366298940562,0.188110557139228));
#3910=CARTESIAN_POINT('',(-0.123648775100593,0.581708638316428,0.187335557139228));
#3911=CARTESIAN_POINT('',(-0.0796737751005933,0.544880908020494,0.208598057139228));
#3912=CARTESIAN_POINT('',(-0.0362987751005932,0.580192836120997,0.177010110722519));
#3913=CARTESIAN_POINT('',(-0.0362987751005932,0.580192836120997,0.177010110722519));
#3914=CARTESIAN_POINT('',(-0.0362987751005932,0.581924886928566,0.176010110722519));
#3915=CARTESIAN_POINT('',(-0.0796737751005933,0.540030908020494,0.200197610722519));
#3916=CARTESIAN_POINT('',(-0.123048775100593,0.499868979919991,0.223385110722519));
#3917=CARTESIAN_POINT('',(-0.123048775100593,0.499868979919991,0.223385110722519));
#3918=CARTESIAN_POINT('',(-0.123048775100593,0.50160103072756,0.222385110722519));
#3919=CARTESIAN_POINT('',(-0.0796737751005933,0.540030908020494,0.200197610722519));
#3920=CARTESIAN_POINT('',(-0.0362987751005932,0.499868979919991,0.223385110722519));
#3921=CARTESIAN_POINT('',(-0.0362987751005932,0.499868979919991,0.223385110722519));
#3922=CARTESIAN_POINT('',(-0.0362987751005932,0.50160103072756,0.222385110722519));
#3923=CARTESIAN_POINT('',(-0.0796737751005933,0.540030908020494,0.200197610722519));
#3924=CARTESIAN_POINT('',(-0.123048775100593,0.580192836120997,0.177010110722519));
#3925=CARTESIAN_POINT('',(-0.123048775100593,0.580192836120997,0.177010110722519));
#3926=CARTESIAN_POINT('',(-0.123048775100593,0.581924886928566,0.176010110722519));
#3927=CARTESIAN_POINT('',(-0.0796737751005933,0.540030908020494,0.200197610722519));
#3928=CARTESIAN_POINT('',(-0.103774822467395,0.514749020611078,0.227149410984625));
#3929=CARTESIAN_POINT('',(-0.103774822467395,0.515249020611078,0.22801543638841));
#3930=CARTESIAN_POINT('',(-0.103774822467395,0.513589953574011,0.227818598650485));
#3931=CARTESIAN_POINT('',(-0.103774822467395,0.514089953574011,0.228684624054269));
#3932=CARTESIAN_POINT('',(-0.10352103784999,0.512717248725933,0.228322455029446));
#3933=CARTESIAN_POINT('',(-0.10352103784999,0.513217248725933,0.22918848043323));
#3934=CARTESIAN_POINT('',(-0.103013468615181,0.512130906066843,0.228660980121509));
#3935=CARTESIAN_POINT('',(-0.103013468615181,0.512630906066843,0.229527005525294));
#3936=CARTESIAN_POINT('',(-0.103774822467395,0.515249020611078,0.22801543638841));
#3937=CARTESIAN_POINT('',(-0.103774822467395,0.513510420055478,0.229019217887199));
#3938=CARTESIAN_POINT('',(-0.103013468615181,0.512630906066843,0.229527005525294));
#3939=CARTESIAN_POINT('',(-0.103774822467395,0.515249020611078,0.22801543638841));
#3940=CARTESIAN_POINT('',(-0.103013468615181,0.512630906066843,0.229527005525294));
#3941=CARTESIAN_POINT('',(-0.103774822467395,0.514749020611078,0.227149410984625));
#3942=CARTESIAN_POINT('',(-0.103774822467395,0.514749020611078,0.227149410984625));
#3943=CARTESIAN_POINT('',(-0.103774822467395,0.514749020611078,0.227149410984625));
#3944=CARTESIAN_POINT('',(-0.103774822467395,0.513010420055478,0.228153192483414));
#3945=CARTESIAN_POINT('',(-0.103013468615181,0.512130906066843,0.228660980121509));
#3946=CARTESIAN_POINT('',(-0.103013468615181,0.512130906066843,0.228660980121509));
#3947=CARTESIAN_POINT('',(-0.103013468615181,0.512130906066843,0.228660980121509));
#3948=CARTESIAN_POINT('',(-0.103005606096913,0.517368270012072,0.225637186637887));
#3949=CARTESIAN_POINT('',(-0.103005606096913,0.517868270012072,0.226503212041672));
#3950=CARTESIAN_POINT('',(-0.103518417010568,0.516779657639463,0.225977022149661));
#3951=CARTESIAN_POINT('',(-0.103518417010568,0.517279657639463,0.226843047553446));
#3952=CARTESIAN_POINT('',(-0.103774822467395,0.515906574505798,0.226481096931907));
#3953=CARTESIAN_POINT('',(-0.103774822467395,0.516406574505798,0.227347122335692));
#3954=CARTESIAN_POINT('',(-0.103774822467395,0.514749020611078,0.227149410984625));
#3955=CARTESIAN_POINT('',(-0.103774822467395,0.515249020611078,0.22801543638841));
#3956=CARTESIAN_POINT('',(-0.103005606096913,0.517868270012072,0.226503212041672));
#3957=CARTESIAN_POINT('',(-0.103774822467395,0.516985351453158,0.227012965309333));
#3958=CARTESIAN_POINT('',(-0.103774822467395,0.515249020611078,0.22801543638841));
#3959=CARTESIAN_POINT('',(-0.103005606096913,0.517868270012072,0.226503212041672));
#3960=CARTESIAN_POINT('',(-0.103005606096913,0.517368270012072,0.225637186637887));
#3961=CARTESIAN_POINT('',(-0.103005606096913,0.517368270012072,0.225637186637887));
#3962=CARTESIAN_POINT('',(-0.103005606096913,0.517368270012072,0.225637186637887));
#3963=CARTESIAN_POINT('',(-0.103774822467395,0.516485351453158,0.226146939905548));
#3964=CARTESIAN_POINT('',(-0.103774822467395,0.514749020611078,0.227149410984625));
#3965=CARTESIAN_POINT('',(-0.100721544540271,0.518251188570986,0.225127433370225));
#3966=CARTESIAN_POINT('',(-0.100721544540271,0.518751188570986,0.22599345877401));
#3967=CARTESIAN_POINT('',(-0.101731441331045,0.518251188570986,0.225127433370225));
#3968=CARTESIAN_POINT('',(-0.101731441331045,0.518751188570986,0.22599345877401));
#3969=CARTESIAN_POINT('',(-0.102492795183259,0.517956882384681,0.225297351126113));
#3970=CARTESIAN_POINT('',(-0.102492795183259,0.518456882384681,0.226163376529897));
#3971=CARTESIAN_POINT('',(-0.103005606096913,0.517368270012072,0.225637186637887));
#3972=CARTESIAN_POINT('',(-0.103005606096913,0.517868270012072,0.226503212041671));
#3973=CARTESIAN_POINT('',(-0.100721544540271,0.518751188570986,0.22599345877401));
#3974=CARTESIAN_POINT('',(-0.102236389726432,0.518751188570986,0.22599345877401));
#3975=CARTESIAN_POINT('',(-0.103005606096913,0.517868270012072,0.226503212041672));
#3976=CARTESIAN_POINT('',(-0.100721544540271,0.518751188570986,0.22599345877401));
#3977=CARTESIAN_POINT('',(-0.100721544540271,0.518251188570986,0.225127433370225));
#3978=CARTESIAN_POINT('',(-0.100721544540271,0.518251188570986,0.225127433370225));
#3979=CARTESIAN_POINT('',(-0.100721544540271,0.518251188570986,0.225127433370225));
#3980=CARTESIAN_POINT('',(-0.102236389726432,0.518251188570986,0.225127433370225));
#3981=CARTESIAN_POINT('',(-0.103005606096913,0.517368270012072,0.225637186637887));
#3982=CARTESIAN_POINT('',(-0.0976997166862155,0.514749020611077,0.227149410984625));
#3983=CARTESIAN_POINT('',(-0.0976997166862155,0.515249020611077,0.22801543638841));
#3984=CARTESIAN_POINT('',(-0.0976997166862154,0.517083799251016,0.225801425908359));
#3985=CARTESIAN_POINT('',(-0.0976997166862154,0.517583799251016,0.226667451312143));
#3986=CARTESIAN_POINT('',(-0.0987069926375671,0.518251188570986,0.225127433370225));
#3987=CARTESIAN_POINT('',(-0.0987069926375671,0.518751188570986,0.22599345877401));
#3988=CARTESIAN_POINT('',(-0.100721544540271,0.518251188570986,0.225127433370225));
#3989=CARTESIAN_POINT('',(-0.100721544540271,0.518751188570986,0.22599345877401));
#3990=CARTESIAN_POINT('',(-0.0976997166862155,0.515249020611077,0.22801543638841));
#3991=CARTESIAN_POINT('',(-0.0976997166862154,0.518751188570986,0.22599345877401));
#3992=CARTESIAN_POINT('',(-0.100721544540271,0.518751188570986,0.22599345877401));
#3993=CARTESIAN_POINT('',(-0.0976997166862155,0.515249020611077,0.22801543638841));
#3994=CARTESIAN_POINT('',(-0.0976997166862155,0.514749020611077,0.227149410984625));
#3995=CARTESIAN_POINT('',(-0.0976997166862155,0.514749020611077,0.227149410984625));
#3996=CARTESIAN_POINT('',(-0.0976997166862155,0.514749020611077,0.227149410984625));
#3997=CARTESIAN_POINT('',(-0.0976997166862154,0.518251188570986,0.225127433370225));
#3998=CARTESIAN_POINT('',(-0.100721544540271,0.518251188570986,0.225127433370225));
#3999=CARTESIAN_POINT('',(-0.100737269576805,0.511251392078207,0.229168767759603));
#4000=CARTESIAN_POINT('',(-0.100737269576805,0.511751392078207,0.230034793163388));
#4001=CARTESIAN_POINT('',(-0.0987122343164121,0.511251392078207,0.229168767759603));
#4002=CARTESIAN_POINT('',(-0.0987122343164121,0.511751392078207,0.230034793163388));
#4003=CARTESIAN_POINT('',(-0.0976997166862155,0.51241726825583,0.228495648834611));
#4004=CARTESIAN_POINT('',(-0.0976997166862155,0.51291726825583,0.229361674238395));
#4005=CARTESIAN_POINT('',(-0.0976997166862155,0.514749020611077,0.227149410984625));
#4006=CARTESIAN_POINT('',(-0.0976997166862155,0.515249020611077,0.22801543638841));
#4007=CARTESIAN_POINT('',(-0.100737269576805,0.511751392078207,0.230034793163388));
#4008=CARTESIAN_POINT('',(-0.0976997166862155,0.511751392078207,0.230034793163388));
#4009=CARTESIAN_POINT('',(-0.0976997166862155,0.515249020611077,0.22801543638841));
#4010=CARTESIAN_POINT('',(-0.100737269576805,0.511751392078207,0.230034793163388));
#4011=CARTESIAN_POINT('',(-0.100737269576805,0.511251392078207,0.229168767759603));
#4012=CARTESIAN_POINT('',(-0.100737269576805,0.511251392078207,0.229168767759603));
#4013=CARTESIAN_POINT('',(-0.100737269576805,0.511251392078207,0.229168767759603));
#4014=CARTESIAN_POINT('',(-0.0976997166862155,0.511251392078207,0.229168767759603));
#4015=CARTESIAN_POINT('',(-0.0976997166862155,0.514749020611077,0.227149410984625));
#4016=CARTESIAN_POINT('',(-0.0950369438330324,0.514749020611077,0.227149410984625));
#4017=CARTESIAN_POINT('',(-0.0950369438330324,0.515249020611077,0.22801543638841));
#4018=CARTESIAN_POINT('',(-0.0950369438330324,0.513031604048322,0.228140961899443));
#4019=CARTESIAN_POINT('',(-0.0950369438330324,0.513531604048322,0.229006987303227));
#4020=CARTESIAN_POINT('',(-0.0955283512247369,0.51171176563699,0.228902970961513));
#4021=CARTESIAN_POINT('',(-0.0955283512247369,0.51221176563699,0.229768996365297));
#4022=CARTESIAN_POINT('',(-0.096511166008146,0.510789505377079,0.229435438170836));
#4023=CARTESIAN_POINT('',(-0.096511166008146,0.511289505377079,0.23030146357462));
#4024=CARTESIAN_POINT('',(-0.0950369438330324,0.514749020611077,0.227149410984625));
#4025=CARTESIAN_POINT('',(-0.0950369438330324,0.514749020611077,0.227149410984625));
#4026=CARTESIAN_POINT('',(-0.0950369438330324,0.514749020611077,0.227149410984625));
#4027=CARTESIAN_POINT('',(-0.0950369438330324,0.512172895766945,0.228636737356851));
#4028=CARTESIAN_POINT('',(-0.096511166008146,0.510789505377079,0.229435438170836));
#4029=CARTESIAN_POINT('',(-0.096511166008146,0.510789505377079,0.229435438170836));
#4030=CARTESIAN_POINT('',(-0.096511166008146,0.510789505377079,0.229435438170836));
#4031=CARTESIAN_POINT('',(-0.0964993722307451,0.518706266131557,0.224864694218127));
#4032=CARTESIAN_POINT('',(-0.0964993722307451,0.519206266131557,0.225730719621912));
#4033=CARTESIAN_POINT('',(-0.0955244199656033,0.517788545298684,0.225394540588027));
#4034=CARTESIAN_POINT('',(-0.0955244199656033,0.518288545298684,0.226260565991812));
#4035=CARTESIAN_POINT('',(-0.0950369438330324,0.516469463458524,0.226156112843527));
#4036=CARTESIAN_POINT('',(-0.0950369438330324,0.516969463458524,0.227022138247311));
#4037=CARTESIAN_POINT('',(-0.0950369438330324,0.514749020611077,0.227149410984625));
#4038=CARTESIAN_POINT('',(-0.0950369438330324,0.515249020611077,0.22801543638841));
#4039=CARTESIAN_POINT('',(-0.0964993722307451,0.518706266131557,0.224864694218127));
#4040=CARTESIAN_POINT('',(-0.0964993722307451,0.518706266131557,0.224864694218127));
#4041=CARTESIAN_POINT('',(-0.0964993722307451,0.518706266131557,0.224864694218127));
#4042=CARTESIAN_POINT('',(-0.0950369438330324,0.517329684882248,0.225659463772977));
#4043=CARTESIAN_POINT('',(-0.0950369438330324,0.514749020611077,0.227149410984625));
#4044=CARTESIAN_POINT('',(-0.100721544540271,0.520082847380866,0.224069924663277));
#4045=CARTESIAN_POINT('',(-0.100721544540271,0.520582847380866,0.224935950067062));
#4046=CARTESIAN_POINT('',(-0.0988817152657288,0.520082847380866,0.224069924663277));
#4047=CARTESIAN_POINT('',(-0.0988817152657288,0.520582847380866,0.224935950067062));
#4048=CARTESIAN_POINT('',(-0.097474324495887,0.51962398696443,0.224334847848227));
#4049=CARTESIAN_POINT('',(-0.097474324495887,0.52012398696443,0.225200873252012));
#4050=CARTESIAN_POINT('',(-0.0964993722307451,0.518706266131557,0.224864694218127));
#4051=CARTESIAN_POINT('',(-0.0964993722307451,0.519206266131557,0.225730719621912));
#4052=CARTESIAN_POINT('',(-0.100721544540271,0.520082847380866,0.224069924663277));
#4053=CARTESIAN_POINT('',(-0.100721544540271,0.520082847380866,0.224069924663277));
#4054=CARTESIAN_POINT('',(-0.100721544540271,0.520082847380866,0.224069924663277));
#4055=CARTESIAN_POINT('',(-0.0979618006284579,0.520082847380866,0.224069924663277));
#4056=CARTESIAN_POINT('',(-0.0964993722307451,0.518706266131557,0.224864694218127));
#4057=CARTESIAN_POINT('',(-0.104959441886331,0.518717614699152,0.224858142119572));
#4058=CARTESIAN_POINT('',(-0.104959441886331,0.519217614699152,0.225724167523356));
#4059=CARTESIAN_POINT('',(-0.103974006263499,0.519627769820295,0.224332663815375));
#4060=CARTESIAN_POINT('',(-0.103974006263499,0.520127769820295,0.225198689219159));
#4061=CARTESIAN_POINT('',(-0.102561373814812,0.520082847380867,0.224069924663277));
#4062=CARTESIAN_POINT('',(-0.102561373814812,0.520582847380866,0.224935950067061));
#4063=CARTESIAN_POINT('',(-0.100721544540271,0.520082847380866,0.224069924663277));
#4064=CARTESIAN_POINT('',(-0.100721544540271,0.520582847380866,0.224935950067061));
#4065=CARTESIAN_POINT('',(-0.104959441886331,0.518717614699152,0.224858142119572));
#4066=CARTESIAN_POINT('',(-0.104959441886331,0.518717614699152,0.224858142119572));
#4067=CARTESIAN_POINT('',(-0.104959441886331,0.518717614699152,0.224858142119572));
#4068=CARTESIAN_POINT('',(-0.103481288452083,0.520082847380867,0.224069924663277));
#4069=CARTESIAN_POINT('',(-0.100721544540271,0.520082847380866,0.224069924663277));
#4070=CARTESIAN_POINT('',(-0.106437595320578,0.514762638892192,0.227141548466359));
#4071=CARTESIAN_POINT('',(-0.106437595320578,0.515262638892192,0.228007573870143));
#4072=CARTESIAN_POINT('',(-0.106437595320578,0.516489134309023,0.226144755872696));
#4073=CARTESIAN_POINT('',(-0.106437595320578,0.516989134309023,0.227010781276481));
#4074=CARTESIAN_POINT('',(-0.105944877509162,0.517807459578009,0.225383620423768));
#4075=CARTESIAN_POINT('',(-0.105944877509162,0.518307459578009,0.226249645827552));
#4076=CARTESIAN_POINT('',(-0.104959441886331,0.518717614699152,0.224858142119572));
#4077=CARTESIAN_POINT('',(-0.104959441886331,0.519217614699152,0.225724167523356));
#4078=CARTESIAN_POINT('',(-0.106437595320578,0.514762638892192,0.227141548466359));
#4079=CARTESIAN_POINT('',(-0.106437595320578,0.514762638892192,0.227141548466359));
#4080=CARTESIAN_POINT('',(-0.106437595320578,0.514762638892192,0.227141548466359));
#4081=CARTESIAN_POINT('',(-0.106437595320578,0.517352382017438,0.225646359575865));
#4082=CARTESIAN_POINT('',(-0.104959441886331,0.518717614699152,0.224858142119572));
#4083=CARTESIAN_POINT('',(-0.104963373145464,0.510789505377079,0.229435438170836));
#4084=CARTESIAN_POINT('',(-0.104963373145464,0.511289505377079,0.23030146357462));
#4085=CARTESIAN_POINT('',(-0.105946187928873,0.51171176563699,0.228902970961513));
#4086=CARTESIAN_POINT('',(-0.105946187928873,0.512211765636989,0.229768996365297));
#4087=CARTESIAN_POINT('',(-0.106437595320578,0.513036143475361,0.228138341060021));
#4088=CARTESIAN_POINT('',(-0.106437595320578,0.51353614347536,0.229004366463805));
#4089=CARTESIAN_POINT('',(-0.106437595320578,0.514762638892192,0.227141548466359));
#4090=CARTESIAN_POINT('',(-0.106437595320578,0.515262638892192,0.228007573870143));
#4091=CARTESIAN_POINT('',(-0.104963373145464,0.510789505377079,0.229435438170836));
#4092=CARTESIAN_POINT('',(-0.104963373145464,0.510789505377079,0.229435438170836));
#4093=CARTESIAN_POINT('',(-0.104963373145464,0.510789505377079,0.229435438170836));
#4094=CARTESIAN_POINT('',(-0.106437595320578,0.512172895766945,0.228636737356851));
#4095=CARTESIAN_POINT('',(-0.106437595320578,0.514762638892192,0.227141548466359));
#4096=CARTESIAN_POINT('',(-0.100737269576805,0.509406114987212,0.230234138984819));
#4097=CARTESIAN_POINT('',(-0.100737269576805,0.509906114987212,0.231100164388604));
#4098=CARTESIAN_POINT('',(-0.102571857172502,0.509406114987212,0.230234138984819));
#4099=CARTESIAN_POINT('',(-0.102571857172502,0.509906114987212,0.231100164388604));
#4100=CARTESIAN_POINT('',(-0.103980558362055,0.509867245117168,0.229967905380158));
#4101=CARTESIAN_POINT('',(-0.103980558362055,0.510367245117168,0.230833930783942));
#4102=CARTESIAN_POINT('',(-0.104963373145464,0.510789505377079,0.229435438170836));
#4103=CARTESIAN_POINT('',(-0.104963373145464,0.511289505377079,0.23030146357462));
#4104=CARTESIAN_POINT('',(-0.100737269576805,0.509406114987212,0.230234138984819));
#4105=CARTESIAN_POINT('',(-0.100737269576805,0.509406114987212,0.230234138984819));
#4106=CARTESIAN_POINT('',(-0.100737269576805,0.509406114987212,0.230234138984819));
#4107=CARTESIAN_POINT('',(-0.103489150970351,0.509406114987212,0.230234138984819));
#4108=CARTESIAN_POINT('',(-0.104963373145464,0.510789505377079,0.229435438170836));
#4109=CARTESIAN_POINT('',(-0.096511166008146,0.510789505377079,0.229435438170836));
#4110=CARTESIAN_POINT('',(-0.096511166008146,0.511289505377079,0.23030146357462));
#4111=CARTESIAN_POINT('',(-0.0974939807915551,0.509867245117168,0.229967905380158));
#4112=CARTESIAN_POINT('',(-0.0974939807915551,0.510367245117167,0.230833930783942));
#4113=CARTESIAN_POINT('',(-0.0989026819811082,0.509406114987212,0.230234138984819));
#4114=CARTESIAN_POINT('',(-0.0989026819811082,0.509906114987212,0.231100164388603));
#4115=CARTESIAN_POINT('',(-0.100737269576805,0.509406114987212,0.230234138984819));
#4116=CARTESIAN_POINT('',(-0.100737269576805,0.509906114987212,0.231100164388603));
#4117=CARTESIAN_POINT('',(-0.096511166008146,0.510789505377079,0.229435438170836));
#4118=CARTESIAN_POINT('',(-0.0979853881832597,0.509406114987212,0.230234138984819));
#4119=CARTESIAN_POINT('',(-0.100737269576805,0.509406114987212,0.230234138984819));
#4120=CARTESIAN_POINT('',(-0.103013468615181,0.512130906066843,0.228660980121509));
#4121=CARTESIAN_POINT('',(-0.103013468615181,0.512630906066843,0.229527005525294));
#4122=CARTESIAN_POINT('',(-0.102505899380371,0.511544563407752,0.228999505213572));
#4123=CARTESIAN_POINT('',(-0.102505899380371,0.512044563407752,0.229865530617356));
#4124=CARTESIAN_POINT('',(-0.101747166367579,0.511251392078207,0.229168767759603));
#4125=CARTESIAN_POINT('',(-0.101747166367579,0.511751392078207,0.230034793163388));
#4126=CARTESIAN_POINT('',(-0.100737269576805,0.511251392078207,0.229168767759603));
#4127=CARTESIAN_POINT('',(-0.100737269576805,0.511751392078207,0.230034793163388));
#4128=CARTESIAN_POINT('',(-0.103013468615181,0.512630906066843,0.229527005525294));
#4129=CARTESIAN_POINT('',(-0.102252114762966,0.511751392078207,0.230034793163388));
#4130=CARTESIAN_POINT('',(-0.100737269576805,0.511751392078207,0.230034793163388));
#4131=CARTESIAN_POINT('',(-0.103013468615181,0.512130906066843,0.228660980121509));
#4132=CARTESIAN_POINT('',(-0.102252114762966,0.511251392078207,0.229168767759603));
#4133=CARTESIAN_POINT('',(-0.100737269576805,0.511251392078207,0.229168767759603));
#4134=CARTESIAN_POINT('',(-0.0796737751005933,0.545380908020494,0.209464082543013));
#4135=CARTESIAN_POINT('',(-0.0637152918956399,0.509549106938913,0.230151582543013));
#4136=CARTESIAN_POINT('',(-0.062449426454609,0.509549106938913,0.230151582543013));
#4137=CARTESIAN_POINT('',(-0.062449426454609,0.509549106938913,0.230151582543013));
#4138=CARTESIAN_POINT('',(-0.0637152918956399,0.509549106938913,0.230151582543013));
#4139=CARTESIAN_POINT('',(-0.0649811573366708,0.509549106938913,0.230151582543013));
#4140=CARTESIAN_POINT('',(-0.0649811573366708,0.509549106938913,0.230151582543013));
#4141=CARTESIAN_POINT('',(-0.062449426454609,0.514734267473204,0.227157928712749));
#4142=CARTESIAN_POINT('',(-0.062449426454609,0.519919428007494,0.224164274882484));
#4143=CARTESIAN_POINT('',(-0.062449426454609,0.519919428007494,0.224164274882484));
#4144=CARTESIAN_POINT('',(-0.062449426454609,0.514734267473204,0.227157928712749));
#4145=CARTESIAN_POINT('',(-0.0634898997053114,0.519919428007494,0.224164274882484));
#4146=CARTESIAN_POINT('',(-0.0645303729560138,0.519919428007494,0.224164274882484));
#4147=CARTESIAN_POINT('',(-0.0645303729560138,0.519919428007494,0.224164274882484));
#4148=CARTESIAN_POINT('',(-0.0634898997053114,0.519919428007494,0.224164274882484));
#4149=CARTESIAN_POINT('',(-0.0664593107709181,0.518589375885326,0.224932180833255));
#4150=CARTESIAN_POINT('',(-0.0683882485858223,0.517259323763157,0.225700086784025));
#4151=CARTESIAN_POINT('',(-0.0683882485858223,0.517259323763157,0.225700086784025));
#4152=CARTESIAN_POINT('',(-0.0664593107709181,0.518589375885326,0.224932180833255));
#4153=CARTESIAN_POINT('',(-0.0677775930003975,0.51659997198587,0.226080763710132));
#4154=CARTESIAN_POINT('',(-0.0671669374149726,0.515940620208583,0.22646144063624));
#4155=CARTESIAN_POINT('',(-0.0671669374149726,0.515940620208583,0.22646144063624));
#4156=CARTESIAN_POINT('',(-0.0677775930003975,0.51659997198587,0.226080763710132));
#4157=CARTESIAN_POINT('',(-0.0664789670665863,0.516419529761105,0.226184942077173));
#4158=CARTESIAN_POINT('',(-0.0657909967181999,0.516898439313626,0.225908443518108));
#4159=CARTESIAN_POINT('',(-0.0657909967181999,0.516898439313626,0.225908443518108));
#4160=CARTESIAN_POINT('',(-0.0664789670665863,0.516419529761105,0.226184942077173));
#4161=CARTESIAN_POINT('',(-0.0649156363511102,0.51761339907213,0.225495661309076));
#4162=CARTESIAN_POINT('',(-0.0649156363511102,0.51811339907213,0.22636168671286));
#4163=CARTESIAN_POINT('',(-0.0653349706586981,0.517250244909081,0.22570532846287));
#4164=CARTESIAN_POINT('',(-0.0653349706586981,0.517750244909081,0.226571353866654));
#4165=CARTESIAN_POINT('',(-0.065626757447728,0.517011924989579,0.225842922532547));
#4166=CARTESIAN_POINT('',(-0.065626757447728,0.517511924989579,0.226708947936332));
#4167=CARTESIAN_POINT('',(-0.0657909967181999,0.516898439313626,0.225908443518108));
#4168=CARTESIAN_POINT('',(-0.0657909967181999,0.517398439313626,0.226774468921892));
#4169=CARTESIAN_POINT('',(-0.0649156363511102,0.51761339907213,0.225495661309076));
#4170=CARTESIAN_POINT('',(-0.0649156363511102,0.51761339907213,0.225495661309076));
#4171=CARTESIAN_POINT('',(-0.0649156363511102,0.51761339907213,0.225495661309076));
#4172=CARTESIAN_POINT('',(-0.065544637812492,0.517068667827556,0.225810162039767));
#4173=CARTESIAN_POINT('',(-0.0657909967181999,0.516898439313626,0.225908443518108));
#4174=CARTESIAN_POINT('',(-0.0649352926467784,0.517074342111354,0.225806885990489));
#4175=CARTESIAN_POINT('',(-0.0649549489424466,0.516535285150577,0.226118110671902));
#4176=CARTESIAN_POINT('',(-0.0649549489424466,0.516535285150577,0.226118110671902));
#4177=CARTESIAN_POINT('',(-0.0649352926467784,0.517074342111354,0.225806885990489));
#4178=CARTESIAN_POINT('',(-0.0649680531395587,0.516042757316941,0.226402471749235));
#4179=CARTESIAN_POINT('',(-0.0649811573366708,0.515550229483305,0.226686832826568));
#4180=CARTESIAN_POINT('',(-0.0649811573366708,0.515550229483305,0.226686832826568));
#4181=CARTESIAN_POINT('',(-0.0649680531395587,0.516042757316941,0.226402471749235));
#4182=CARTESIAN_POINT('',(-0.0649811573366708,0.512549668211109,0.228419207684791));
#4183=CARTESIAN_POINT('',(-0.0649811573366708,0.512549668211109,0.228419207684791));
#4184=CARTESIAN_POINT('',(-0.0796737751005933,0.545380908020494,0.209464082543013));
#4185=CARTESIAN_POINT('',(-0.0838485803387032,0.513442800480859,0.227903557528429));
#4186=CARTESIAN_POINT('',(-0.0838485803387032,0.512556477351666,0.228415276425657));
#4187=CARTESIAN_POINT('',(-0.0838485803387032,0.512556477351666,0.228415276425657));
#4188=CARTESIAN_POINT('',(-0.0838485803387032,0.513442800480859,0.227903557528429));
#4189=CARTESIAN_POINT('',(-0.0838485803387032,0.514329123610052,0.2273918386312));
#4190=CARTESIAN_POINT('',(-0.0838485803387032,0.514329123610052,0.2273918386312));
#4191=CARTESIAN_POINT('',(-0.0816496960632892,0.512556477351666,0.228415276425657));
#4192=CARTESIAN_POINT('',(-0.0794508117878752,0.512556477351666,0.228415276425657));
#4193=CARTESIAN_POINT('',(-0.0794508117878752,0.512556477351666,0.228415276425657));
#4194=CARTESIAN_POINT('',(-0.0816496960632892,0.512556477351666,0.228415276425657));
#4195=CARTESIAN_POINT('',(-0.0794508117878752,0.513442800480859,0.227903557528429));
#4196=CARTESIAN_POINT('',(-0.0794508117878752,0.514329123610052,0.2273918386312));
#4197=CARTESIAN_POINT('',(-0.0794508117878752,0.514329123610052,0.2273918386312));
#4198=CARTESIAN_POINT('',(-0.0794508117878752,0.513442800480859,0.227903557528429));
#4199=CARTESIAN_POINT('',(-0.0816496960632892,0.514329123610052,0.2273918386312));
#4200=CARTESIAN_POINT('',(-0.0816496960632892,0.514329123610052,0.2273918386312));
#4201=CARTESIAN_POINT('',(-0.0796737751005933,0.545380908020494,0.209464082543013));
#4202=CARTESIAN_POINT('',(-0.0892042656984272,0.509549106938913,0.230151582543013));
#4203=CARTESIAN_POINT('',(-0.0879344689982626,0.509549106938913,0.230151582543013));
#4204=CARTESIAN_POINT('',(-0.0879344689982626,0.509549106938913,0.230151582543013));
#4205=CARTESIAN_POINT('',(-0.0892042656984272,0.509549106938913,0.230151582543013));
#4206=CARTESIAN_POINT('',(-0.0904740623985917,0.509549106938913,0.230151582543013));
#4207=CARTESIAN_POINT('',(-0.0904740623985917,0.509549106938913,0.230151582543013));
#4208=CARTESIAN_POINT('',(-0.0879344689982626,0.513819572925023,0.227686027856367));
#4209=CARTESIAN_POINT('',(-0.0879344689982626,0.518090038911133,0.225220473169721));
#4210=CARTESIAN_POINT('',(-0.0879344689982626,0.518090038911133,0.225220473169721));
#4211=CARTESIAN_POINT('',(-0.0879344689982626,0.513819572925023,0.227686027856367));
#4212=CARTESIAN_POINT('',(-0.0863095485563595,0.518090038911133,0.225220473169721));
#4213=CARTESIAN_POINT('',(-0.0846846281144565,0.518090038911133,0.225220473169721));
#4214=CARTESIAN_POINT('',(-0.0846846281144565,0.518090038911133,0.225220473169721));
#4215=CARTESIAN_POINT('',(-0.0863095485563595,0.518090038911133,0.225220473169721));
#4216=CARTESIAN_POINT('',(-0.0846846281144565,0.519004733459313,0.224692374026103));
#4217=CARTESIAN_POINT('',(-0.0846846281144565,0.519919428007494,0.224164274882484));
#4218=CARTESIAN_POINT('',(-0.0846846281144565,0.519919428007494,0.224164274882484));
#4219=CARTESIAN_POINT('',(-0.0846846281144565,0.519004733459313,0.224692374026103));
#4220=CARTESIAN_POINT('',(-0.0892055761181384,0.519919428007494,0.224164274882484));
#4221=CARTESIAN_POINT('',(-0.0937265241218202,0.519919428007494,0.224164274882484));
#4222=CARTESIAN_POINT('',(-0.0937265241218202,0.519919428007494,0.224164274882484));
#4223=CARTESIAN_POINT('',(-0.0892055761181384,0.519919428007494,0.224164274882484));
#4224=CARTESIAN_POINT('',(-0.0937265241218202,0.519004733459313,0.224692374026103));
#4225=CARTESIAN_POINT('',(-0.0937265241218202,0.518090038911133,0.225220473169721));
#4226=CARTESIAN_POINT('',(-0.0937265241218202,0.518090038911133,0.225220473169721));
#4227=CARTESIAN_POINT('',(-0.0937265241218202,0.519004733459313,0.224692374026103));
#4228=CARTESIAN_POINT('',(-0.092100293260206,0.518090038911133,0.225220473169721));
#4229=CARTESIAN_POINT('',(-0.0904740623985917,0.518090038911133,0.225220473169721));
#4230=CARTESIAN_POINT('',(-0.0904740623985917,0.518090038911133,0.225220473169721));
#4231=CARTESIAN_POINT('',(-0.092100293260206,0.518090038911133,0.225220473169721));
#4232=CARTESIAN_POINT('',(-0.0904740623985917,0.513819572925023,0.227686027856367));
#4233=CARTESIAN_POINT('',(-0.0904740623985917,0.513819572925023,0.227686027856367));
#4234=CARTESIAN_POINT('',(-0.0796737751005933,0.545380908020494,0.209464082543013));
#4235=CARTESIAN_POINT('',(-0.0740387783805691,0.511158333823926,0.229222494967764));
#4236=CARTESIAN_POINT('',(-0.0740387783805691,0.511658333823926,0.230088520371548));
#4237=CARTESIAN_POINT('',(-0.0734988854595497,0.511158333823926,0.229222494967764));
#4238=CARTESIAN_POINT('',(-0.0734988854595497,0.511658333823926,0.230088520371548));
#4239=CARTESIAN_POINT('',(-0.0730839192176659,0.511315700627914,0.229131639201119));
#4240=CARTESIAN_POINT('',(-0.0730839192176659,0.511815700627914,0.229997664604904));
#4241=CARTESIAN_POINT('',(-0.0727938796549176,0.51163043423589,0.228949927667831));
#4242=CARTESIAN_POINT('',(-0.0727938796549176,0.51213043423589,0.229815953071615));
#4243=CARTESIAN_POINT('',(-0.0740387783805691,0.511658333823926,0.230088520371548));
#4244=CARTESIAN_POINT('',(-0.07322893899904,0.511658333823926,0.230088520371548));
#4245=CARTESIAN_POINT('',(-0.0727938796549176,0.51213043423589,0.229815953071615));
#4246=CARTESIAN_POINT('',(-0.0740387783805691,0.511658333823926,0.230088520371548));
#4247=CARTESIAN_POINT('',(-0.0727938796549176,0.51213043423589,0.229815953071615));
#4248=CARTESIAN_POINT('',(-0.0740387783805691,0.511158333823926,0.229222494967764));
#4249=CARTESIAN_POINT('',(-0.0740387783805691,0.511158333823926,0.229222494967764));
#4250=CARTESIAN_POINT('',(-0.0740387783805691,0.511158333823926,0.229222494967764));
#4251=CARTESIAN_POINT('',(-0.07322893899904,0.511158333823926,0.229222494967764));
#4252=CARTESIAN_POINT('',(-0.0727938796549176,0.51163043423589,0.228949927667831));
#4253=CARTESIAN_POINT('',(-0.0727938796549176,0.51163043423589,0.228949927667831));
#4254=CARTESIAN_POINT('',(-0.0727938796549176,0.51163043423589,0.228949927667831));
#4255=CARTESIAN_POINT('',(-0.0753374043143803,0.511740515341565,0.228886372311838));
#4256=CARTESIAN_POINT('',(-0.0753374043143803,0.512240515341565,0.229752397715622));
#4257=CARTESIAN_POINT('',(-0.0749958215763244,0.511352394329806,0.229110454082455));
#4258=CARTESIAN_POINT('',(-0.0749958215763244,0.511852394329806,0.229976479486239));
#4259=CARTESIAN_POINT('',(-0.074562946265054,0.511158333823926,0.229222494967764));
#4260=CARTESIAN_POINT('',(-0.074562946265054,0.511658333823926,0.230088520371548));
#4261=CARTESIAN_POINT('',(-0.0740387783805691,0.511158333823926,0.229222494967764));
#4262=CARTESIAN_POINT('',(-0.0740387783805691,0.511658333823926,0.230088520371548));
#4263=CARTESIAN_POINT('',(-0.0753374043143803,0.512240515341565,0.229752397715622));
#4264=CARTESIAN_POINT('',(-0.0748250302072964,0.511658333823926,0.230088520371548));
#4265=CARTESIAN_POINT('',(-0.0740387783805691,0.511658333823926,0.230088520371548));
#4266=CARTESIAN_POINT('',(-0.0753374043143803,0.512240515341565,0.229752397715622));
#4267=CARTESIAN_POINT('',(-0.0753374043143803,0.511740515341565,0.228886372311838));
#4268=CARTESIAN_POINT('',(-0.0753374043143803,0.511740515341565,0.228886372311838));
#4269=CARTESIAN_POINT('',(-0.0753374043143803,0.511740515341565,0.228886372311838));
#4270=CARTESIAN_POINT('',(-0.0748250302072964,0.511158333823926,0.229222494967764));
#4271=CARTESIAN_POINT('',(-0.0740387783805691,0.511158333823926,0.229222494967764));
#4272=CARTESIAN_POINT('',(-0.0758497784214643,0.513167030288293,0.228062773523341));
#4273=CARTESIAN_POINT('',(-0.0758497784214643,0.513667030288293,0.228928798927125));
#4274=CARTESIAN_POINT('',(-0.0758497784214643,0.512604141335566,0.228387757611721));
#4275=CARTESIAN_POINT('',(-0.0758497784214643,0.513104141335566,0.229253783015506));
#4276=CARTESIAN_POINT('',(-0.0756789870524363,0.512128636353324,0.22866229054122));
#4277=CARTESIAN_POINT('',(-0.0756789870524363,0.512628636353324,0.229528315945005));
#4278=CARTESIAN_POINT('',(-0.0753374043143803,0.511740515341565,0.228886372311838));
#4279=CARTESIAN_POINT('',(-0.0753374043143803,0.512240515341565,0.229752397715622));
#4280=CARTESIAN_POINT('',(-0.0758497784214643,0.513667030288293,0.228928798927125));
#4281=CARTESIAN_POINT('',(-0.0758497784214643,0.512822696859203,0.229416275059696));
#4282=CARTESIAN_POINT('',(-0.0753374043143803,0.512240515341565,0.229752397715622));
#4283=CARTESIAN_POINT('',(-0.0758497784214643,0.513667030288293,0.228928798927125));
#4284=CARTESIAN_POINT('',(-0.0758497784214643,0.513167030288293,0.228062773523341));
#4285=CARTESIAN_POINT('',(-0.0758497784214643,0.513167030288293,0.228062773523341));
#4286=CARTESIAN_POINT('',(-0.0758497784214643,0.513167030288293,0.228062773523341));
#4287=CARTESIAN_POINT('',(-0.0758497784214643,0.512322696859203,0.228550249655912));
#4288=CARTESIAN_POINT('',(-0.0753374043143803,0.511740515341565,0.228886372311838));
#4289=CARTESIAN_POINT('',(-0.0753046438216,0.514173648233996,0.227481602381418));
#4290=CARTESIAN_POINT('',(-0.0753046438216,0.514673648233996,0.228347627785203));
#4291=CARTESIAN_POINT('',(-0.0756680668881762,0.513885394617075,0.227648025684742));
#4292=CARTESIAN_POINT('',(-0.0756680668881762,0.514385394617075,0.228514051088526));
#4293=CARTESIAN_POINT('',(-0.0758497784214643,0.513549855301841,0.227841749398716));
#4294=CARTESIAN_POINT('',(-0.0758497784214643,0.514049855301841,0.228707774802501));
#4295=CARTESIAN_POINT('',(-0.0758497784214643,0.513167030288293,0.228062773523341));
#4296=CARTESIAN_POINT('',(-0.0758497784214643,0.513667030288293,0.228928798927125));
#4297=CARTESIAN_POINT('',(-0.0753046438216,0.514673648233996,0.228347627785202));
#4298=CARTESIAN_POINT('',(-0.0758497784214643,0.514241267808615,0.228597262740188));
#4299=CARTESIAN_POINT('',(-0.0758497784214643,0.513667030288293,0.228928798927125));
#4300=CARTESIAN_POINT('',(-0.0753046438216,0.514673648233996,0.228347627785202));
#4301=CARTESIAN_POINT('',(-0.0753046438216,0.514173648233996,0.227481602381418));
#4302=CARTESIAN_POINT('',(-0.0753046438216,0.514173648233996,0.227481602381418));
#4303=CARTESIAN_POINT('',(-0.0753046438216,0.514173648233996,0.227481602381418));
#4304=CARTESIAN_POINT('',(-0.0758497784214643,0.513741267808615,0.227731237336404));
#4305=CARTESIAN_POINT('',(-0.0758497784214643,0.513167030288293,0.228062773523341));
#4306=CARTESIAN_POINT('',(-0.0739889824315431,0.514606028659377,0.227231967426432));
#4307=CARTESIAN_POINT('',(-0.0739889824315431,0.515106028659377,0.228097992830217));
#4308=CARTESIAN_POINT('',(-0.0745026669583382,0.514606028659377,0.227231967426432));
#4309=CARTESIAN_POINT('',(-0.0745026669583382,0.515106028659377,0.228097992830217));
#4310=CARTESIAN_POINT('',(-0.0749412207550239,0.514461901850917,0.227315179078094));
#4311=CARTESIAN_POINT('',(-0.0749412207550239,0.514961901850917,0.228181204481878));
#4312=CARTESIAN_POINT('',(-0.0753046438216,0.514173648233996,0.227481602381418));
#4313=CARTESIAN_POINT('',(-0.0753046438216,0.514673648233996,0.228347627785203));
#4314=CARTESIAN_POINT('',(-0.0739889824315431,0.515106028659377,0.228097992830217));
#4315=CARTESIAN_POINT('',(-0.0747595092217358,0.515106028659377,0.228097992830217));
#4316=CARTESIAN_POINT('',(-0.0753046438216,0.514673648233996,0.228347627785202));
#4317=CARTESIAN_POINT('',(-0.0739889824315431,0.515106028659377,0.228097992830217));
#4318=CARTESIAN_POINT('',(-0.0739889824315431,0.514606028659377,0.227231967426432));
#4319=CARTESIAN_POINT('',(-0.0739889824315431,0.514606028659377,0.227231967426432));
#4320=CARTESIAN_POINT('',(-0.0739889824315431,0.514606028659377,0.227231967426432));
#4321=CARTESIAN_POINT('',(-0.0747595092217358,0.514606028659377,0.227231967426432));
#4322=CARTESIAN_POINT('',(-0.0753046438216,0.514173648233996,0.227481602381418));
#4323=CARTESIAN_POINT('',(-0.0727650504212709,0.514170243663717,0.227483568010985));
#4324=CARTESIAN_POINT('',(-0.0727650504212709,0.514670243663717,0.228349593414769));
#4325=CARTESIAN_POINT('',(-0.0730358704949214,0.514460766994157,0.22731583428795));
#4326=CARTESIAN_POINT('',(-0.0730358704949214,0.514960766994157,0.228181859691734));
#4327=CARTESIAN_POINT('',(-0.0734438478316788,0.514606028659377,0.227231967426432));
#4328=CARTESIAN_POINT('',(-0.0734438478316788,0.515106028659377,0.228097992830217));
#4329=CARTESIAN_POINT('',(-0.0739889824315431,0.514606028659377,0.227231967426432));
#4330=CARTESIAN_POINT('',(-0.0739889824315431,0.515106028659377,0.228097992830217));
#4331=CARTESIAN_POINT('',(-0.0727650504212709,0.514670243663717,0.228349593414769));
#4332=CARTESIAN_POINT('',(-0.0731712805317467,0.515106028659377,0.228097992830217));
#4333=CARTESIAN_POINT('',(-0.0739889824315431,0.515106028659377,0.228097992830217));
#4334=CARTESIAN_POINT('',(-0.0727650504212709,0.514670243663717,0.228349593414769));
#4335=CARTESIAN_POINT('',(-0.0727650504212709,0.514170243663717,0.227483568010985));
#4336=CARTESIAN_POINT('',(-0.0727650504212709,0.514170243663717,0.227483568010985));
#4337=CARTESIAN_POINT('',(-0.0727650504212709,0.514170243663717,0.227483568010985));
#4338=CARTESIAN_POINT('',(-0.0731712805317467,0.514606028659377,0.227231967426432));
#4339=CARTESIAN_POINT('',(-0.0739889824315431,0.514606028659377,0.227231967426432));
#4340=CARTESIAN_POINT('',(-0.0723588203107951,0.512974104639173,0.228174159198793));
#4341=CARTESIAN_POINT('',(-0.0723588203107951,0.513474104639173,0.229040184602578));
#4342=CARTESIAN_POINT('',(-0.0723588203107951,0.513481007325096,0.227881498796623));
#4343=CARTESIAN_POINT('',(-0.0723588203107951,0.513981007325096,0.228747524200407));
#4344=CARTESIAN_POINT('',(-0.0724942303476204,0.513879720333278,0.22765130173402));
#4345=CARTESIAN_POINT('',(-0.0724942303476204,0.514379720333278,0.228517327137804));
#4346=CARTESIAN_POINT('',(-0.0727650504212709,0.514170243663717,0.227483568010985));
#4347=CARTESIAN_POINT('',(-0.0727650504212709,0.514670243663717,0.228349593414769));
#4348=CARTESIAN_POINT('',(-0.0723588203107951,0.513474104639173,0.229040184602578));
#4349=CARTESIAN_POINT('',(-0.0723588203107951,0.514234458668058,0.228601193999322));
#4350=CARTESIAN_POINT('',(-0.0727650504212709,0.514670243663717,0.228349593414769));
#4351=CARTESIAN_POINT('',(-0.0723588203107951,0.513474104639173,0.229040184602578));
#4352=CARTESIAN_POINT('',(-0.0723588203107951,0.512974104639173,0.228174159198793));
#4353=CARTESIAN_POINT('',(-0.0723588203107951,0.512974104639173,0.228174159198793));
#4354=CARTESIAN_POINT('',(-0.0723588203107951,0.512974104639173,0.228174159198793));
#4355=CARTESIAN_POINT('',(-0.0723588203107951,0.513734458668058,0.227735168595537));
#4356=CARTESIAN_POINT('',(-0.0727650504212709,0.514170243663717,0.227483568010985));
#4357=CARTESIAN_POINT('',(-0.0783631634275692,0.513954620879407,0.22760805788355));
#4358=CARTESIAN_POINT('',(-0.0783631634275692,0.514454620879407,0.228474083287334));
#4359=CARTESIAN_POINT('',(-0.0783631634275692,0.516006441900636,0.226423438464614));
#4360=CARTESIAN_POINT('',(-0.0783631634275692,0.516506441900636,0.227289463868399));
#4361=CARTESIAN_POINT('',(-0.0778621462913157,0.517533580813377,0.225541744402254));
#4362=CARTESIAN_POINT('',(-0.0778621462913157,0.518033580813377,0.226407769806038));
#4363=CARTESIAN_POINT('',(-0.0768601120188088,0.518536037617628,0.224962975696469));
#4364=CARTESIAN_POINT('',(-0.0768601120188088,0.519036037617628,0.225829001100253));
#4365=CARTESIAN_POINT('',(-0.0783631634275692,0.513954620879407,0.22760805788355));
#4366=CARTESIAN_POINT('',(-0.0783631634275692,0.513954620879407,0.22760805788355));
#4367=CARTESIAN_POINT('',(-0.0783631634275692,0.513954620879407,0.22760805788355));
#4368=CARTESIAN_POINT('',(-0.0783631634275692,0.517032352411251,0.225831128755146));
#4369=CARTESIAN_POINT('',(-0.0768601120188088,0.518536037617628,0.224962975696469));
#4370=CARTESIAN_POINT('',(-0.0768601120188088,0.518536037617628,0.224962975696469));
#4371=CARTESIAN_POINT('',(-0.0768601120188088,0.518536037617628,0.224962975696469));
#4372=CARTESIAN_POINT('',(-0.0778272017656834,0.511491981711228,0.229029863270215));
#4373=CARTESIAN_POINT('',(-0.0778272017656834,0.511991981711228,0.229895888673999));
#4374=CARTESIAN_POINT('',(-0.0781845095402739,0.512172895766945,0.228636737356851));
#4375=CARTESIAN_POINT('',(-0.0781845095402739,0.512672895766945,0.229502762760636));
#4376=CARTESIAN_POINT('',(-0.0783631634275692,0.512993775489672,0.228162802227963));
#4377=CARTESIAN_POINT('',(-0.0783631634275692,0.513493775489672,0.229028827631747));
#4378=CARTESIAN_POINT('',(-0.0783631634275692,0.513954620879407,0.22760805788355));
#4379=CARTESIAN_POINT('',(-0.0783631634275692,0.514454620879407,0.228474083287334));
#4380=CARTESIAN_POINT('',(-0.0778272017656834,0.511491981711228,0.229029863270215));
#4381=CARTESIAN_POINT('',(-0.0778272017656834,0.511491981711228,0.229029863270215));
#4382=CARTESIAN_POINT('',(-0.0778272017656834,0.511491981711228,0.229029863270215));
#4383=CARTESIAN_POINT('',(-0.0783631634275692,0.512513352794804,0.22844017440017));
#4384=CARTESIAN_POINT('',(-0.0783631634275692,0.513954620879407,0.22760805788355));
#4385=CARTESIAN_POINT('',(-0.0763031836415437,0.509938362807432,0.22992684556254));
#4386=CARTESIAN_POINT('',(-0.0763031836415437,0.510438362807432,0.230792870966325));
#4387=CARTESIAN_POINT('',(-0.076961887949713,0.510293194687578,0.22972198328102));
#4388=CARTESIAN_POINT('',(-0.076961887949713,0.510793194687578,0.230588008684805));
#4389=CARTESIAN_POINT('',(-0.0774698939910929,0.51081106765551,0.229422989183579));
#4390=CARTESIAN_POINT('',(-0.0774698939910929,0.51131106765551,0.230289014587363));
#4391=CARTESIAN_POINT('',(-0.0778272017656834,0.511491981711228,0.229029863270215));
#4392=CARTESIAN_POINT('',(-0.0778272017656834,0.511991981711228,0.229895888674));
#4393=CARTESIAN_POINT('',(-0.0763031836415437,0.509938362807432,0.22992684556254));
#4394=CARTESIAN_POINT('',(-0.0763031836415437,0.509938362807432,0.22992684556254));
#4395=CARTESIAN_POINT('',(-0.0763031836415437,0.509938362807432,0.22992684556254));
#4396=CARTESIAN_POINT('',(-0.0772912401037976,0.510470610627651,0.229619552140261));
#4397=CARTESIAN_POINT('',(-0.0778272017656834,0.511491981711228,0.229029863270215));
#4398=CARTESIAN_POINT('',(-0.0739889824315431,0.509406114987212,0.230234138984819));
#4399=CARTESIAN_POINT('',(-0.0739889824315431,0.509906114987212,0.231100164388603));
#4400=CARTESIAN_POINT('',(-0.0748730789300408,0.509406114987212,0.230234138984819));
#4401=CARTESIAN_POINT('',(-0.0748730789300408,0.509906114987212,0.231100164388603));
#4402=CARTESIAN_POINT('',(-0.0756444793333744,0.509583530927285,0.230131707844059));
#4403=CARTESIAN_POINT('',(-0.0756444793333744,0.510083530927285,0.230997733247844));
#4404=CARTESIAN_POINT('',(-0.0763031836415437,0.509938362807432,0.22992684556254));
#4405=CARTESIAN_POINT('',(-0.0763031836415437,0.510438362807432,0.230792870966324));
#4406=CARTESIAN_POINT('',(-0.0739889824315431,0.509406114987212,0.230234138984819));
#4407=CARTESIAN_POINT('',(-0.0739889824315431,0.509406114987212,0.230234138984819));
#4408=CARTESIAN_POINT('',(-0.0739889824315431,0.509406114987212,0.230234138984819));
#4409=CARTESIAN_POINT('',(-0.0753151271792897,0.509406114987212,0.230234138984819));
#4410=CARTESIAN_POINT('',(-0.0763031836415437,0.509938362807432,0.22992684556254));
#4411=CARTESIAN_POINT('',(-0.0709920525520009,0.51037528265985,0.229674589768132));
#4412=CARTESIAN_POINT('',(-0.0709920525520009,0.51087528265985,0.230540615171916));
#4413=CARTESIAN_POINT('',(-0.0717127833931676,0.509729170878091,0.230047622579257));
#4414=CARTESIAN_POINT('',(-0.0717127833931676,0.510229170878091,0.230913647983041));
#4415=CARTESIAN_POINT('',(-0.0727117600196816,0.509406114987212,0.230234138984819));
#4416=CARTESIAN_POINT('',(-0.0727117600196816,0.509906114987212,0.231100164388603));
#4417=CARTESIAN_POINT('',(-0.0739889824315431,0.509406114987212,0.230234138984819));
#4418=CARTESIAN_POINT('',(-0.0739889824315431,0.509906114987212,0.231100164388603));
#4419=CARTESIAN_POINT('',(-0.0709920525520009,0.51037528265985,0.229674589768132));
#4420=CARTESIAN_POINT('',(-0.0709920525520009,0.51037528265985,0.229674589768132));
#4421=CARTESIAN_POINT('',(-0.0709920525520009,0.51037528265985,0.229674589768132));
#4422=CARTESIAN_POINT('',(-0.0720731488137509,0.509406114987212,0.230234138984819));
#4423=CARTESIAN_POINT('',(-0.0739889824315431,0.509406114987212,0.230234138984819));
#4424=CARTESIAN_POINT('',(-0.0699109562902509,0.513003610914921,0.228157123742548));
#4425=CARTESIAN_POINT('',(-0.0699109562902509,0.513503610914921,0.229023149146332));
#4426=CARTESIAN_POINT('',(-0.0699109562902509,0.511897503859966,0.228795734948479));
#4427=CARTESIAN_POINT('',(-0.0699109562902509,0.512397503859966,0.229661760352263));
#4428=CARTESIAN_POINT('',(-0.0702713217108342,0.511021394441609,0.229301556957006));
#4429=CARTESIAN_POINT('',(-0.0702713217108342,0.511521394441609,0.230167582360791));
#4430=CARTESIAN_POINT('',(-0.0709920525520009,0.51037528265985,0.229674589768132));
#4431=CARTESIAN_POINT('',(-0.0709920525520009,0.51087528265985,0.230540615171916));
#4432=CARTESIAN_POINT('',(-0.0699109562902509,0.513003610914921,0.228157123742548));
#4433=CARTESIAN_POINT('',(-0.0699109562902509,0.513003610914921,0.228157123742548));
#4434=CARTESIAN_POINT('',(-0.0699109562902509,0.513003610914921,0.228157123742548));
#4435=CARTESIAN_POINT('',(-0.0699109562902509,0.511344450332489,0.229115040551444));
#4436=CARTESIAN_POINT('',(-0.0709920525520009,0.51037528265985,0.229674589768132));
#4437=CARTESIAN_POINT('',(-0.0708203875698321,0.515415181528921,0.226764802799385));
#4438=CARTESIAN_POINT('',(-0.0708203875698321,0.515915181528921,0.22763082820317));
#4439=CARTESIAN_POINT('',(-0.0702141000501113,0.514833378296869,0.227100707052026));
#4440=CARTESIAN_POINT('',(-0.0702141000501113,0.515333378296869,0.22796673245581));
#4441=CARTESIAN_POINT('',(-0.0699109562902509,0.514029521425536,0.22756481403308));
#4442=CARTESIAN_POINT('',(-0.0699109562902509,0.514529521425536,0.228430839436865));
#4443=CARTESIAN_POINT('',(-0.0699109562902509,0.513003610914921,0.228157123742548));
#4444=CARTESIAN_POINT('',(-0.0699109562902509,0.513503610914921,0.229023149146333));
#4445=CARTESIAN_POINT('',(-0.0708203875698321,0.515415181528921,0.226764802799385));
#4446=CARTESIAN_POINT('',(-0.0708203875698321,0.515415181528921,0.226764802799385));
#4447=CARTESIAN_POINT('',(-0.0708203875698321,0.515415181528921,0.226764802799385));
#4448=CARTESIAN_POINT('',(-0.0699109562902509,0.514542476680843,0.227268659178346));
#4449=CARTESIAN_POINT('',(-0.0699109562902509,0.513003610914921,0.228157123742548));
#4450=CARTESIAN_POINT('',(-0.073333772575937,0.516287886377,0.226260946420424));
#4451=CARTESIAN_POINT('',(-0.073333772575937,0.516787886377,0.227126971824209));
#4452=CARTESIAN_POINT('',(-0.0722644700915879,0.516287886377,0.226260946420424));
#4453=CARTESIAN_POINT('',(-0.0722644700915879,0.516787886377,0.227126971824209));
#4454=CARTESIAN_POINT('',(-0.0714266750895529,0.515996984760974,0.226428898546744));
#4455=CARTESIAN_POINT('',(-0.0714266750895529,0.516496984760974,0.227294923950529));
#4456=CARTESIAN_POINT('',(-0.0708203875698321,0.515415181528921,0.226764802799385));
#4457=CARTESIAN_POINT('',(-0.0708203875698321,0.515915181528921,0.22763082820317));
#4458=CARTESIAN_POINT('',(-0.073333772575937,0.516287886377,0.226260946420424));
#4459=CARTESIAN_POINT('',(-0.073333772575937,0.516287886377,0.226260946420424));
#4460=CARTESIAN_POINT('',(-0.073333772575937,0.516287886377,0.226260946420424));
#4461=CARTESIAN_POINT('',(-0.0717298188494133,0.516287886377,0.226260946420424));
#4462=CARTESIAN_POINT('',(-0.0708203875698321,0.515415181528921,0.226764802799385));
#4463=CARTESIAN_POINT('',(-0.0759310244435594,0.515082668498379,0.226956779287077));
#4464=CARTESIAN_POINT('',(-0.0759310244435594,0.515582668498379,0.227822804690862));
#4465=CARTESIAN_POINT('',(-0.0753893842962584,0.515886147084126,0.226492890709309));
#4466=CARTESIAN_POINT('',(-0.0753893842962584,0.516386147084126,0.227358916113093));
#4467=CARTESIAN_POINT('',(-0.0745236336737176,0.516287886377,0.226260946420424));
#4468=CARTESIAN_POINT('',(-0.0745236336737176,0.516787886377,0.227126971824208));
#4469=CARTESIAN_POINT('',(-0.073333772575937,0.516287886377,0.226260946420424));
#4470=CARTESIAN_POINT('',(-0.073333772575937,0.516787886377,0.227126971824208));
#4471=CARTESIAN_POINT('',(-0.0759310244435594,0.515082668498379,0.226956779287077));
#4472=CARTESIAN_POINT('',(-0.0759310244435594,0.515082668498379,0.226956779287077));
#4473=CARTESIAN_POINT('',(-0.0759310244435594,0.515082668498379,0.226956779287077));
#4474=CARTESIAN_POINT('',(-0.0751185642226079,0.516287886377,0.226260946420424));
#4475=CARTESIAN_POINT('',(-0.073333772575937,0.516287886377,0.226260946420424));
#4476=CARTESIAN_POINT('',(-0.0759834412320079,0.515082668498379,0.226956779287077));
#4477=CARTESIAN_POINT('',(-0.0760358580204564,0.515082668498379,0.226956779287077));
#4478=CARTESIAN_POINT('',(-0.0760358580204564,0.515082668498379,0.226956779287077));
#4479=CARTESIAN_POINT('',(-0.0759834412320079,0.515082668498379,0.226956779287077));
#4480=CARTESIAN_POINT('',(-0.0755536235667303,0.516975609573275,0.225863889247927));
#4481=CARTESIAN_POINT('',(-0.0755536235667303,0.517475609573275,0.226729914651711));
#4482=CARTESIAN_POINT('',(-0.0758261908666624,0.516530745723539,0.226120731511324));
#4483=CARTESIAN_POINT('',(-0.0758261908666624,0.517030745723539,0.226986756915108));
#4484=CARTESIAN_POINT('',(-0.0759869356845711,0.51589976536524,0.226485028191041));
#4485=CARTESIAN_POINT('',(-0.0759869356845711,0.51639976536524,0.227351053594825));
#4486=CARTESIAN_POINT('',(-0.0760358580204564,0.515082668498379,0.226956779287077));
#4487=CARTESIAN_POINT('',(-0.0760358580204564,0.515582668498379,0.227822804690862));
#4488=CARTESIAN_POINT('',(-0.0755536235667303,0.516975609573275,0.225863889247927));
#4489=CARTESIAN_POINT('',(-0.0755536235667303,0.516975609573275,0.225863889247927));
#4490=CARTESIAN_POINT('',(-0.0755536235667303,0.516975609573275,0.225863889247927));
#4491=CARTESIAN_POINT('',(-0.0759624745166285,0.516308313798671,0.226249152643023));
#4492=CARTESIAN_POINT('',(-0.0760358580204564,0.515082668498379,0.226956779287077));
#4493=CARTESIAN_POINT('',(-0.0743218290381909,0.517983362375737,0.225282062896148));
#4494=CARTESIAN_POINT('',(-0.0743218290381909,0.518483362375737,0.226148088299933));
#4495=CARTESIAN_POINT('',(-0.0748704580906184,0.517756391023831,0.22541310486727));
#4496=CARTESIAN_POINT('',(-0.0748704580906184,0.518256391023831,0.226279130271054));
#4497=CARTESIAN_POINT('',(-0.0752810562667982,0.51742047342301,0.225607046984529));
#4498=CARTESIAN_POINT('',(-0.0752810562667982,0.51792047342301,0.226473072388314));
#4499=CARTESIAN_POINT('',(-0.0755536235667303,0.516975609573275,0.225863889247927));
#4500=CARTESIAN_POINT('',(-0.0755536235667303,0.517475609573275,0.226729914651711));
#4501=CARTESIAN_POINT('',(-0.0743218290381909,0.517983362375737,0.225282062896148));
#4502=CARTESIAN_POINT('',(-0.0743218290381909,0.517983362375737,0.225282062896148));
#4503=CARTESIAN_POINT('',(-0.0743218290381909,0.517983362375737,0.225282062896148));
#4504=CARTESIAN_POINT('',(-0.0751447726168321,0.517642905347878,0.22547862585283));
#4505=CARTESIAN_POINT('',(-0.0755536235667303,0.516975609573275,0.225863889247927));
#4506=CARTESIAN_POINT('',(-0.0721963282666048,0.518323819403596,0.225085499939466));
#4507=CARTESIAN_POINT('',(-0.0721963282666048,0.518823819403596,0.225951525343251));
#4508=CARTESIAN_POINT('',(-0.0730646997285681,0.518323819403596,0.225085499939466));
#4509=CARTESIAN_POINT('',(-0.0730646997285681,0.518823819403596,0.225951525343251));
#4510=CARTESIAN_POINT('',(-0.0737731999857634,0.518210333727643,0.225151020925027));
#4511=CARTESIAN_POINT('',(-0.0737731999857634,0.518710333727643,0.226017046328812));
#4512=CARTESIAN_POINT('',(-0.0743218290381909,0.517983362375737,0.225282062896148));
#4513=CARTESIAN_POINT('',(-0.0743218290381909,0.518483362375737,0.226148088299933));
#4514=CARTESIAN_POINT('',(-0.0721963282666048,0.518323819403596,0.225085499939466));
#4515=CARTESIAN_POINT('',(-0.0721963282666048,0.518323819403596,0.225085499939466));
#4516=CARTESIAN_POINT('',(-0.0721963282666048,0.518323819403596,0.225085499939466));
#4517=CARTESIAN_POINT('',(-0.0734988854595497,0.518323819403596,0.225085499939466));
#4518=CARTESIAN_POINT('',(-0.0743218290381909,0.517983362375737,0.225282062896148));
#4519=CARTESIAN_POINT('',(-0.0722143644991163,0.512689045830075,0.22833873797896));
#4520=CARTESIAN_POINT('',(-0.0707548665842715,0.518180522822688,0.225168232259028));
#4521=CARTESIAN_POINT('',(-0.0707548665842715,0.518180827451895,0.225168056381273));
#4522=CARTESIAN_POINT('',(-0.0722143644991163,0.512689045830075,0.228338737978961));
#4523=CARTESIAN_POINT('',(-0.0707548665842715,0.519056936870252,0.224662234372745));
#4524=CARTESIAN_POINT('',(-0.0707548665842715,0.519933046288609,0.224156412364217));
#4525=CARTESIAN_POINT('',(-0.0707548665842715,0.519933046288609,0.224156412364217));
#4526=CARTESIAN_POINT('',(-0.0707548665842715,0.519056936870252,0.224662234372745));
#4527=CARTESIAN_POINT('',(-0.0723588203107951,0.520039722824004,0.22409482263779));
#4528=CARTESIAN_POINT('',(-0.0723588203107951,0.520539722824004,0.224960848041574));
#4529=CARTESIAN_POINT('',(-0.0716774020609648,0.520039722824004,0.22409482263779));
#4530=CARTESIAN_POINT('',(-0.0716774020609648,0.520539722824004,0.224960848041574));
#4531=CARTESIAN_POINT('',(-0.0711427508187903,0.520004163978872,0.224115352546599));
#4532=CARTESIAN_POINT('',(-0.0711427508187903,0.520504163978872,0.224981377950383));
#4533=CARTESIAN_POINT('',(-0.0707548665842715,0.519933046288609,0.224156412364217));
#4534=CARTESIAN_POINT('',(-0.0707548665842715,0.520433046288609,0.225022437768001));
#4535=CARTESIAN_POINT('',(-0.0723588203107951,0.520039722824004,0.22409482263779));
#4536=CARTESIAN_POINT('',(-0.0723588203107951,0.520039722824004,0.22409482263779));
#4537=CARTESIAN_POINT('',(-0.0723588203107951,0.520039722824004,0.22409482263779));
#4538=CARTESIAN_POINT('',(-0.0713366929360497,0.520039722824004,0.22409482263779));
#4539=CARTESIAN_POINT('',(-0.0707548665842715,0.519933046288609,0.224156412364217));
#4540=CARTESIAN_POINT('',(-0.0768601120188088,0.518536037617628,0.224962975696469));
#4541=CARTESIAN_POINT('',(-0.0768601120188088,0.519036037617628,0.225829001100253));
#4542=CARTESIAN_POINT('',(-0.0758580777463019,0.519538494421879,0.224384206990683));
#4543=CARTESIAN_POINT('',(-0.0758580777463019,0.520038494421879,0.225250232394467));
#4544=CARTESIAN_POINT('',(-0.074357647176964,0.520039722824004,0.22409482263779));
#4545=CARTESIAN_POINT('',(-0.074357647176964,0.520539722824004,0.224960848041574));
#4546=CARTESIAN_POINT('',(-0.0723588203107951,0.520039722824004,0.22409482263779));
#4547=CARTESIAN_POINT('',(-0.0723588203107951,0.520539722824004,0.224960848041574));
#4548=CARTESIAN_POINT('',(-0.0768601120188088,0.518536037617628,0.224962975696469));
#4549=CARTESIAN_POINT('',(-0.0753570606100485,0.520039722824004,0.22409482263779));
#4550=CARTESIAN_POINT('',(-0.0723588203107951,0.520039722824004,0.22409482263779));
#4551=CARTESIAN_POINT('',(-0.0727938796549176,0.51163043423589,0.228949927667831));
#4552=CARTESIAN_POINT('',(-0.0727938796549176,0.51213043423589,0.229815953071616));
#4553=CARTESIAN_POINT('',(-0.0725038400921693,0.511945167843866,0.228768216134543));
#4554=CARTESIAN_POINT('',(-0.0725038400921693,0.512445167843866,0.229634241538327));
#4555=CARTESIAN_POINT('',(-0.0723588203107951,0.512393057978294,0.228509626644864));
#4556=CARTESIAN_POINT('',(-0.0723588203107951,0.512893057978294,0.229375652048648));
#4557=CARTESIAN_POINT('',(-0.0723588203107951,0.512974104639173,0.228174159198793));
#4558=CARTESIAN_POINT('',(-0.0723588203107951,0.513474104639173,0.229040184602578));
#4559=CARTESIAN_POINT('',(-0.0727938796549176,0.51213043423589,0.229815953071615));
#4560=CARTESIAN_POINT('',(-0.0723588203107951,0.512602534647854,0.229543385771683));
#4561=CARTESIAN_POINT('',(-0.0723588203107951,0.513474104639173,0.229040184602578));
#4562=CARTESIAN_POINT('',(-0.0727938796549176,0.51163043423589,0.228949927667831));
#4563=CARTESIAN_POINT('',(-0.0723588203107951,0.512102534647854,0.228677360367899));
#4564=CARTESIAN_POINT('',(-0.0723588203107951,0.512974104639173,0.228174159198793));
#4565=CARTESIAN_POINT('',(-0.0796737751005933,0.545380908020494,0.209464082543013));
#4566=CARTESIAN_POINT('',(-0.0550219675314586,0.518450923360663,0.225012116435639));
#4567=CARTESIAN_POINT('',(-0.0550219675314586,0.518950923360663,0.225878141839423));
#4568=CARTESIAN_POINT('',(-0.0554535324230178,0.518450923360663,0.225012116435639));
#4569=CARTESIAN_POINT('',(-0.0554535324230178,0.518950923360663,0.225878141839423));
#4570=CARTESIAN_POINT('',(-0.0558016672596298,0.518355217107276,0.225067372466795));
#4571=CARTESIAN_POINT('',(-0.0558016672596298,0.518855217107276,0.225933397870579));
#4572=CARTESIAN_POINT('',(-0.0560663720412946,0.518163804600502,0.225177884529107));
#4573=CARTESIAN_POINT('',(-0.0560663720412946,0.518663804600502,0.226043909932892));
#4574=CARTESIAN_POINT('',(-0.0550219675314586,0.518950923360663,0.225878141839423));
#4575=CARTESIAN_POINT('',(-0.0556693148687974,0.518950923360663,0.225878141839423));
#4576=CARTESIAN_POINT('',(-0.0560663720412946,0.518663804600502,0.226043909932891));
#4577=CARTESIAN_POINT('',(-0.0550219675314586,0.518950923360663,0.225878141839423));
#4578=CARTESIAN_POINT('',(-0.0560663720412946,0.518663804600502,0.226043909932891));
#4579=CARTESIAN_POINT('',(-0.0550219675314586,0.518450923360663,0.225012116435639));
#4580=CARTESIAN_POINT('',(-0.0550219675314586,0.518450923360663,0.225012116435639));
#4581=CARTESIAN_POINT('',(-0.0550219675314586,0.518450923360663,0.225012116435639));
#4582=CARTESIAN_POINT('',(-0.0556693148687974,0.518450923360663,0.225012116435639));
#4583=CARTESIAN_POINT('',(-0.0560663720412946,0.518163804600502,0.225177884529107));
#4584=CARTESIAN_POINT('',(-0.0560663720412946,0.518163804600502,0.225177884529107));
#4585=CARTESIAN_POINT('',(-0.0560663720412946,0.518163804600502,0.225177884529107));
#4586=CARTESIAN_POINT('',(-0.0539736317624889,0.518167209170781,0.225175918899541));
#4587=CARTESIAN_POINT('',(-0.0539736317624889,0.518667209170781,0.226041944303325));
#4588=CARTESIAN_POINT('',(-0.054246199062421,0.518356351964036,0.225066717256939));
#4589=CARTESIAN_POINT('',(-0.054246199062421,0.518856351964035,0.225932742660723));
#4590=CARTESIAN_POINT('',(-0.0545956443187442,0.518450923360663,0.225012116435639));
#4591=CARTESIAN_POINT('',(-0.0545956443187442,0.518950923360663,0.225878141839423));
#4592=CARTESIAN_POINT('',(-0.0550219675314586,0.518450923360663,0.225012116435639));
#4593=CARTESIAN_POINT('',(-0.0550219675314586,0.518950923360663,0.225878141839423));
#4594=CARTESIAN_POINT('',(-0.0539736317624889,0.518667209170781,0.226041944303324));
#4595=CARTESIAN_POINT('',(-0.054382482712387,0.518950923360663,0.225878141839423));
#4596=CARTESIAN_POINT('',(-0.0550219675314586,0.518950923360663,0.225878141839423));
#4597=CARTESIAN_POINT('',(-0.0539736317624889,0.518667209170781,0.226041944303324));
#4598=CARTESIAN_POINT('',(-0.0539736317624889,0.518167209170781,0.225175918899541));
#4599=CARTESIAN_POINT('',(-0.0539736317624889,0.518167209170781,0.225175918899541));
#4600=CARTESIAN_POINT('',(-0.0539736317624889,0.518167209170781,0.225175918899541));
#4601=CARTESIAN_POINT('',(-0.054382482712387,0.518450923360663,0.225012116435639));
#4602=CARTESIAN_POINT('',(-0.0550219675314586,0.518450923360663,0.225012116435639));
#4603=CARTESIAN_POINT('',(-0.0535647808125907,0.517393236860781,0.225622772021064));
#4604=CARTESIAN_POINT('',(-0.0535647808125907,0.517893236860781,0.226488797424848));
#4605=CARTESIAN_POINT('',(-0.0535647808125907,0.517720075607526,0.225434071582649));
#4606=CARTESIAN_POINT('',(-0.0535647808125907,0.518220075607526,0.226300096986434));
#4607=CARTESIAN_POINT('',(-0.0537010644625568,0.517978066377526,0.225285120542141));
#4608=CARTESIAN_POINT('',(-0.0537010644625568,0.518478066377526,0.226151145945926));
#4609=CARTESIAN_POINT('',(-0.0539736317624889,0.518167209170781,0.225175918899541));
#4610=CARTESIAN_POINT('',(-0.0539736317624889,0.518667209170781,0.226041944303325));
#4611=CARTESIAN_POINT('',(-0.0535647808125907,0.517893236860781,0.226488797424848));
#4612=CARTESIAN_POINT('',(-0.0535647808125907,0.518383494980898,0.226205746767226));
#4613=CARTESIAN_POINT('',(-0.0539736317624889,0.518667209170781,0.226041944303324));
#4614=CARTESIAN_POINT('',(-0.0535647808125907,0.517893236860781,0.226488797424848));
#4615=CARTESIAN_POINT('',(-0.0535647808125907,0.517393236860781,0.225622772021064));
#4616=CARTESIAN_POINT('',(-0.0535647808125907,0.517393236860781,0.225622772021064));
#4617=CARTESIAN_POINT('',(-0.0535647808125907,0.517393236860781,0.225622772021064));
#4618=CARTESIAN_POINT('',(-0.0535647808125907,0.517883494980898,0.225339721363442));
#4619=CARTESIAN_POINT('',(-0.0539736317624889,0.518167209170781,0.225175918899541));
#4620=CARTESIAN_POINT('',(-0.0549656861700854,0.517375105671504,0.22563324006807));
#4621=CARTESIAN_POINT('',(-0.0549656861700854,0.517875105671506,0.226499265471857));
#4622=CARTESIAN_POINT('',(-0.0538832128024152,0.517105646269668,0.226943513064639));
#4623=CARTESIAN_POINT('',(-0.0538832128024152,0.516605646269668,0.226077487660854));
#4624=CARTESIAN_POINT('',(-0.0538832128024152,0.516605646269668,0.226077487660854));
#4625=CARTESIAN_POINT('',(-0.0549656861700854,0.517375105671506,0.225633240068073));
#4626=CARTESIAN_POINT('',(-0.055006242494924,0.515940620208583,0.22646144063624));
#4627=CARTESIAN_POINT('',(-0.055006242494924,0.516440620208583,0.227327466040024));
#4628=CARTESIAN_POINT('',(-0.0544698440264679,0.516156999564067,0.226336513957104));
#4629=CARTESIAN_POINT('',(-0.0544698440264679,0.516656999564067,0.227202539360888));
#4630=CARTESIAN_POINT('',(-0.0540955007956316,0.516378674917762,0.226208529631975));
#4631=CARTESIAN_POINT('',(-0.0540955007956316,0.516878674917762,0.22707455503576));
#4632=CARTESIAN_POINT('',(-0.0538832128024152,0.516605646269668,0.226077487660854));
#4633=CARTESIAN_POINT('',(-0.0538832128024152,0.517105646269668,0.226943513064639));
#4634=CARTESIAN_POINT('',(-0.055006242494924,0.516440620208583,0.227327466040024));
#4635=CARTESIAN_POINT('',(-0.0542016447922398,0.516765189241809,0.22714007602132));
#4636=CARTESIAN_POINT('',(-0.0538832128024152,0.517105646269668,0.226943513064639));
#4637=CARTESIAN_POINT('',(-0.055006242494924,0.516440620208583,0.227327466040024));
#4638=CARTESIAN_POINT('',(-0.055006242494924,0.515940620208583,0.22646144063624));
#4639=CARTESIAN_POINT('',(-0.055006242494924,0.515940620208583,0.22646144063624));
#4640=CARTESIAN_POINT('',(-0.055006242494924,0.515940620208583,0.22646144063624));
#4641=CARTESIAN_POINT('',(-0.0542016447922398,0.516265189241809,0.226274050617536));
#4642=CARTESIAN_POINT('',(-0.0538832128024152,0.516605646269668,0.226077487660854));
#4643=CARTESIAN_POINT('',(-0.0561476180633898,0.516631747975137,0.226062417834175));
#4644=CARTESIAN_POINT('',(-0.0561476180633898,0.517131747975137,0.22692844323796));
#4645=CARTESIAN_POINT('',(-0.0559370772964551,0.51640704633675,0.226192149385586));
#4646=CARTESIAN_POINT('',(-0.0559370772964551,0.51690704633675,0.22705817478937));
#4647=CARTESIAN_POINT('',(-0.0555566187736331,0.516176670414566,0.226325156986274));
#4648=CARTESIAN_POINT('',(-0.0555566187736331,0.516676670414566,0.227191182390058));
#4649=CARTESIAN_POINT('',(-0.055006242494924,0.515940620208583,0.22646144063624));
#4650=CARTESIAN_POINT('',(-0.055006242494924,0.516440620208583,0.227327466040024));
#4651=CARTESIAN_POINT('',(-0.0561476180633898,0.517131747975137,0.22692844323796));
#4652=CARTESIAN_POINT('',(-0.0558318069129877,0.516794695517557,0.227123040565074));
#4653=CARTESIAN_POINT('',(-0.055006242494924,0.516440620208583,0.227327466040024));
#4654=CARTESIAN_POINT('',(-0.0561476180633898,0.517131747975137,0.22692844323796));
#4655=CARTESIAN_POINT('',(-0.0561476180633898,0.516631747975137,0.226062417834175));
#4656=CARTESIAN_POINT('',(-0.0561476180633898,0.516631747975137,0.226062417834175));
#4657=CARTESIAN_POINT('',(-0.0561476180633898,0.516631747975137,0.226062417834175));
#4658=CARTESIAN_POINT('',(-0.0558318069129877,0.516294695517557,0.226257015161291));
#4659=CARTESIAN_POINT('',(-0.055006242494924,0.515940620208583,0.22646144063624));
#4660=CARTESIAN_POINT('',(-0.0551073620041898,0.51738609615444,0.225626894709791));
#4661=CARTESIAN_POINT('',(-0.0551073620041898,0.51788609615444,0.226492920113576));
#4662=CARTESIAN_POINT('',(-0.0564634292137919,0.517893236860781,0.226488797424848));
#4663=CARTESIAN_POINT('',(-0.0564634292137919,0.517393236860781,0.225622772021064));
#4664=CARTESIAN_POINT('',(-0.0564634292137919,0.517393236860781,0.225622772021064));
#4665=CARTESIAN_POINT('',(-0.0551073620041898,0.517386096154441,0.225626894709791));
#4666=CARTESIAN_POINT('',(-0.0568722801636901,0.512309078578089,0.228558112174179));
#4667=CARTESIAN_POINT('',(-0.0568722801636901,0.512809078578089,0.229424137577963));
#4668=CARTESIAN_POINT('',(-0.0568722801636901,0.511902043287004,0.228793114109056));
#4669=CARTESIAN_POINT('',(-0.0568722801636901,0.512402043287004,0.22965913951284));
#4670=CARTESIAN_POINT('',(-0.0567084776997886,0.511585039965509,0.228976136062055));
#4671=CARTESIAN_POINT('',(-0.0567084776997886,0.512085039965509,0.22984216146584));
#4672=CARTESIAN_POINT('',(-0.0563808727719856,0.511358068613603,0.229107178033176));
#4673=CARTESIAN_POINT('',(-0.0563808727719856,0.511858068613603,0.229973203436961));
#4674=CARTESIAN_POINT('',(-0.0568722801636901,0.512809078578089,0.229424137577963));
#4675=CARTESIAN_POINT('',(-0.0568722801636901,0.512198525641462,0.22977664048028));
#4676=CARTESIAN_POINT('',(-0.0563808727719856,0.511858068613603,0.229973203436961));
#4677=CARTESIAN_POINT('',(-0.0568722801636901,0.512809078578089,0.229424137577963));
#4678=CARTESIAN_POINT('',(-0.0563808727719856,0.511858068613603,0.229973203436961));
#4679=CARTESIAN_POINT('',(-0.0568722801636901,0.512309078578089,0.228558112174179));
#4680=CARTESIAN_POINT('',(-0.0568722801636901,0.512309078578089,0.228558112174179));
#4681=CARTESIAN_POINT('',(-0.0568722801636901,0.512309078578089,0.228558112174179));
#4682=CARTESIAN_POINT('',(-0.0568722801636901,0.511698525641462,0.228910615076495));
#4683=CARTESIAN_POINT('',(-0.0563808727719856,0.511358068613603,0.229107178033176));
#4684=CARTESIAN_POINT('',(-0.0563808727719856,0.511358068613603,0.229107178033176));
#4685=CARTESIAN_POINT('',(-0.0563808727719856,0.511358068613603,0.229107178033176));
#4686=CARTESIAN_POINT('',(-0.055129421947778,0.51406810655536,0.227542536897989));
#4687=CARTESIAN_POINT('',(-0.055129421947778,0.51456810655536,0.228408562301774));
#4688=CARTESIAN_POINT('',(-0.0562913274250527,0.513603571855126,0.227810736132217));
#4689=CARTESIAN_POINT('',(-0.0562913274250527,0.514103571855126,0.228676761536002));
#4690=CARTESIAN_POINT('',(-0.0568722801636901,0.513017229196036,0.228149261224281));
#4691=CARTESIAN_POINT('',(-0.0568722801636901,0.513517229196036,0.229015286628065));
#4692=CARTESIAN_POINT('',(-0.0568722801636901,0.512309078578089,0.228558112174179));
#4693=CARTESIAN_POINT('',(-0.0568722801636901,0.512809078578089,0.229424137577964));
#4694=CARTESIAN_POINT('',(-0.055129421947778,0.51456810655536,0.228408562301774));
#4695=CARTESIAN_POINT('',(-0.0568722801636901,0.513871304505008,0.228810861153116));
#4696=CARTESIAN_POINT('',(-0.0568722801636901,0.512809078578089,0.229424137577963));
#4697=CARTESIAN_POINT('',(-0.055129421947778,0.51456810655536,0.228408562301774));
#4698=CARTESIAN_POINT('',(-0.055129421947778,0.51406810655536,0.227542536897989));
#4699=CARTESIAN_POINT('',(-0.055129421947778,0.51406810655536,0.227542536897989));
#4700=CARTESIAN_POINT('',(-0.055129421947778,0.51406810655536,0.227542536897989));
#4701=CARTESIAN_POINT('',(-0.0568722801636901,0.513371304505009,0.227944835749332));
#4702=CARTESIAN_POINT('',(-0.0568722801636901,0.512309078578089,0.228558112174179));
#4703=CARTESIAN_POINT('',(-0.0536263705390177,0.513184053139686,0.228052945375506));
#4704=CARTESIAN_POINT('',(-0.0536263705390177,0.513684053139686,0.228918970779291));
#4705=CARTESIAN_POINT('',(-0.0539347559777229,0.513460201617838,0.227893510977309));
#4706=CARTESIAN_POINT('',(-0.0539347559777229,0.513960201617838,0.228759536381094));
#4707=CARTESIAN_POINT('',(-0.0544357731139763,0.513754886089729,0.227723374818137));
#4708=CARTESIAN_POINT('',(-0.0544357731139763,0.514254886089729,0.228589400221921));
#4709=CARTESIAN_POINT('',(-0.055129421947778,0.51406810655536,0.227542536897989));
#4710=CARTESIAN_POINT('',(-0.055129421947778,0.51456810655536,0.228408562301774));
#4711=CARTESIAN_POINT('',(-0.0536263705390177,0.513684053139686,0.228918970779291));
#4712=CARTESIAN_POINT('',(-0.0540889486970755,0.514098275856914,0.228679819181995));
#4713=CARTESIAN_POINT('',(-0.055129421947778,0.51456810655536,0.228408562301774));
#4714=CARTESIAN_POINT('',(-0.0536263705390177,0.513684053139686,0.228918970779291));
#4715=CARTESIAN_POINT('',(-0.0536263705390177,0.513184053139686,0.228052945375506));
#4716=CARTESIAN_POINT('',(-0.0536263705390177,0.513184053139686,0.228052945375506));
#4717=CARTESIAN_POINT('',(-0.0536263705390177,0.513184053139686,0.228052945375506));
#4718=CARTESIAN_POINT('',(-0.0540889486970755,0.513598275856914,0.22781379377821));
#4719=CARTESIAN_POINT('',(-0.055129421947778,0.51406810655536,0.227542536897989));
#4720=CARTESIAN_POINT('',(-0.0531637923809598,0.512293190583455,0.228567285112158));
#4721=CARTESIAN_POINT('',(-0.0531637923809598,0.512793190583455,0.229433310515942));
#4722=CARTESIAN_POINT('',(-0.0531637923809598,0.512610950476124,0.228383826352588));
#4723=CARTESIAN_POINT('',(-0.0531637923809598,0.513110950476123,0.229249851756372));
#4724=CARTESIAN_POINT('',(-0.0533179851003124,0.512907904661534,0.228212379773704));
#4725=CARTESIAN_POINT('',(-0.0533179851003124,0.513407904661534,0.229078405177488));
#4726=CARTESIAN_POINT('',(-0.0536263705390177,0.513184053139686,0.228052945375506));
#4727=CARTESIAN_POINT('',(-0.0536263705390177,0.513684053139686,0.228918970779291));
#4728=CARTESIAN_POINT('',(-0.0531637923809598,0.512793190583455,0.229433310515942));
#4729=CARTESIAN_POINT('',(-0.0531637923809598,0.513269830422458,0.229158122376587));
#4730=CARTESIAN_POINT('',(-0.0536263705390177,0.513684053139686,0.228918970779291));
#4731=CARTESIAN_POINT('',(-0.0531637923809598,0.512793190583455,0.229433310515942));
#4732=CARTESIAN_POINT('',(-0.0531637923809598,0.512293190583455,0.228567285112158));
#4733=CARTESIAN_POINT('',(-0.0531637923809598,0.512293190583455,0.228567285112158));
#4734=CARTESIAN_POINT('',(-0.0531637923809598,0.512293190583455,0.228567285112158));
#4735=CARTESIAN_POINT('',(-0.0531637923809598,0.512769830422458,0.228292096972803));
#4736=CARTESIAN_POINT('',(-0.0536263705390177,0.513184053139686,0.228052945375506));
#4737=CARTESIAN_POINT('',(-0.0536303017981513,0.511368282324439,0.229101281144476));
#4738=CARTESIAN_POINT('',(-0.0536303017981513,0.511868282324439,0.229967306548261));
#4739=CARTESIAN_POINT('',(-0.0533192955200236,0.511602062816902,0.228966307914221));
#4740=CARTESIAN_POINT('',(-0.0533192955200236,0.512102062816902,0.229832333318006));
#4741=CARTESIAN_POINT('',(-0.0531637923809598,0.511910365569907,0.228788309236782));
#4742=CARTESIAN_POINT('',(-0.0531637923809598,0.512410365569907,0.229654334640566));
#4743=CARTESIAN_POINT('',(-0.0531637923809598,0.512293190583455,0.228567285112158));
#4744=CARTESIAN_POINT('',(-0.0531637923809598,0.512793190583455,0.229433310515942));
#4745=CARTESIAN_POINT('',(-0.0536303017981513,0.511868282324439,0.229967306548261));
#4746=CARTESIAN_POINT('',(-0.0531637923809598,0.512218953063133,0.229764846702879));
#4747=CARTESIAN_POINT('',(-0.0531637923809598,0.512793190583455,0.229433310515942));
#4748=CARTESIAN_POINT('',(-0.0536303017981513,0.511868282324439,0.229967306548261));
#4749=CARTESIAN_POINT('',(-0.0536303017981513,0.511368282324439,0.229101281144476));
#4750=CARTESIAN_POINT('',(-0.0536303017981513,0.511368282324439,0.229101281144476));
#4751=CARTESIAN_POINT('',(-0.0536303017981513,0.511368282324439,0.229101281144476));
#4752=CARTESIAN_POINT('',(-0.0531637923809598,0.511718953063133,0.228898821299094));
#4753=CARTESIAN_POINT('',(-0.0531637923809598,0.512293190583455,0.228567285112158));
#4754=CARTESIAN_POINT('',(-0.0550376925679931,0.511017611585744,0.229303740989859));
#4755=CARTESIAN_POINT('',(-0.0550376925679931,0.511517611585744,0.230169766393643));
#4756=CARTESIAN_POINT('',(-0.0544104383328929,0.511017611585744,0.229303740989859));
#4757=CARTESIAN_POINT('',(-0.0544104383328929,0.511517611585744,0.230169766393643));
#4758=CARTESIAN_POINT('',(-0.053941308076279,0.511134501831976,0.229236254374731));
#4759=CARTESIAN_POINT('',(-0.053941308076279,0.511634501831976,0.230102279778516));
#4760=CARTESIAN_POINT('',(-0.0536303017981513,0.511368282324439,0.229101281144476));
#4761=CARTESIAN_POINT('',(-0.0536303017981513,0.511868282324439,0.229967306548261));
#4762=CARTESIAN_POINT('',(-0.0550376925679931,0.511517611585744,0.230169766393643));
#4763=CARTESIAN_POINT('',(-0.0540968112153428,0.511517611585744,0.230169766393643));
#4764=CARTESIAN_POINT('',(-0.0536303017981513,0.511868282324439,0.229967306548261));
#4765=CARTESIAN_POINT('',(-0.0550376925679931,0.511517611585744,0.230169766393643));
#4766=CARTESIAN_POINT('',(-0.0550376925679931,0.511017611585744,0.229303740989859));
#4767=CARTESIAN_POINT('',(-0.0550376925679931,0.511017611585744,0.229303740989859));
#4768=CARTESIAN_POINT('',(-0.0550376925679931,0.511017611585744,0.229303740989859));
#4769=CARTESIAN_POINT('',(-0.0540968112153428,0.511017611585744,0.229303740989859));
#4770=CARTESIAN_POINT('',(-0.0536303017981513,0.511368282324439,0.229101281144476));
#4771=CARTESIAN_POINT('',(-0.055006242494924,0.520053341105119,0.224086960119523));
#4772=CARTESIAN_POINT('',(-0.055006242494924,0.520553341105119,0.224952985523308));
#4773=CARTESIAN_POINT('',(-0.0538583148279022,0.520053341105119,0.224086960119523));
#4774=CARTESIAN_POINT('',(-0.0538583148279022,0.520553341105119,0.224952985523308));
#4775=CARTESIAN_POINT('',(-0.0529335953183568,0.519827504609973,0.224217346880789));
#4776=CARTESIAN_POINT('',(-0.0529335953183568,0.520327504609973,0.225083372284573));
#4777=CARTESIAN_POINT('',(-0.0522320839662879,0.51937583161968,0.22447812040332));
#4778=CARTESIAN_POINT('',(-0.0522320839662879,0.51987583161968,0.225344145807104));
#4779=CARTESIAN_POINT('',(-0.055006242494924,0.520053341105119,0.224086960119523));
#4780=CARTESIAN_POINT('',(-0.055006242494924,0.520053341105119,0.224086960119523));
#4781=CARTESIAN_POINT('',(-0.055006242494924,0.520053341105119,0.224086960119523));
#4782=CARTESIAN_POINT('',(-0.0532843509943913,0.520053341105119,0.224086960119523));
#4783=CARTESIAN_POINT('',(-0.0522320839662879,0.51937583161968,0.22447812040332));
#4784=CARTESIAN_POINT('',(-0.0522320839662879,0.51937583161968,0.22447812040332));
#4785=CARTESIAN_POINT('',(-0.0522320839662879,0.51937583161968,0.22447812040332));
#4786=CARTESIAN_POINT('',(-0.0577817114432713,0.519365617908844,0.22448401729202));
#4787=CARTESIAN_POINT('',(-0.0577817114432713,0.519865617908844,0.225350042695805));
#4788=CARTESIAN_POINT('',(-0.0570723375729352,0.519824100039694,0.224219312510356));
#4789=CARTESIAN_POINT('',(-0.0570723375729352,0.520324100039694,0.22508533791414));
#4790=CARTESIAN_POINT('',(-0.0561471812568194,0.520053341105119,0.224086960119523));
#4791=CARTESIAN_POINT('',(-0.0561471812568194,0.520553341105119,0.224952985523307));
#4792=CARTESIAN_POINT('',(-0.055006242494924,0.520053341105119,0.224086960119523));
#4793=CARTESIAN_POINT('',(-0.055006242494924,0.520553341105119,0.224952985523307));
#4794=CARTESIAN_POINT('',(-0.0577817114432713,0.519365617908844,0.22448401729202));
#4795=CARTESIAN_POINT('',(-0.0577817114432713,0.519365617908844,0.22448401729202));
#4796=CARTESIAN_POINT('',(-0.0577817114432713,0.519365617908844,0.22448401729202));
#4797=CARTESIAN_POINT('',(-0.0567176506377671,0.520053341105119,0.224086960119523));
#4798=CARTESIAN_POINT('',(-0.055006242494924,0.520053341105119,0.224086960119523));
#4799=CARTESIAN_POINT('',(-0.0588457722487756,0.517563465374711,0.225524490542722));
#4800=CARTESIAN_POINT('',(-0.0588457722487756,0.518063465374711,0.226390515946507));
#4801=CARTESIAN_POINT('',(-0.0588457722487756,0.518306418266616,0.225095546490586));
#4802=CARTESIAN_POINT('',(-0.0588457722487756,0.518806418266616,0.22596157189437));
#4803=CARTESIAN_POINT('',(-0.0584910853136075,0.518907135777994,0.224748722073685));
#4804=CARTESIAN_POINT('',(-0.0584910853136075,0.519407135777994,0.22561474747747));
#4805=CARTESIAN_POINT('',(-0.0577817114432713,0.519365617908844,0.22448401729202));
#4806=CARTESIAN_POINT('',(-0.0577817114432713,0.519865617908844,0.225350042695805));
#4807=CARTESIAN_POINT('',(-0.0588457722487756,0.517563465374711,0.225524490542722));
#4808=CARTESIAN_POINT('',(-0.0588457722487756,0.517563465374711,0.225524490542722));
#4809=CARTESIAN_POINT('',(-0.0588457722487756,0.517563465374711,0.225524490542722));
#4810=CARTESIAN_POINT('',(-0.0588457722487756,0.518677894712569,0.224881074464517));
#4811=CARTESIAN_POINT('',(-0.0577817114432713,0.519365617908844,0.22448401729202));
#4812=CARTESIAN_POINT('',(-0.0558064040415568,0.517543239128487,0.225536168171427));
#4813=CARTESIAN_POINT('',(-0.0583962982878298,0.51616645670373,0.226331053874974));
#4814=CARTESIAN_POINT('',(-0.0583962982878298,0.51616645670373,0.226331053874974));
#4815=CARTESIAN_POINT('',(-0.0558064040415568,0.517543239128486,0.225536168171426));
#4816=CARTESIAN_POINT('',(-0.0569220761127162,0.514969182822426,0.227022300272638));
#4817=CARTESIAN_POINT('',(-0.0569220761127162,0.515469182822426,0.227888325676423));
#4818=CARTESIAN_POINT('',(-0.0576052415888281,0.515341415839552,0.226807391439999));
#4819=CARTESIAN_POINT('',(-0.0576052415888281,0.515841415839552,0.227673416843784));
#4820=CARTESIAN_POINT('',(-0.0580966489805327,0.51574050713332,0.226576975974111));
#4821=CARTESIAN_POINT('',(-0.0580966489805327,0.51624050713332,0.227443001377896));
#4822=CARTESIAN_POINT('',(-0.0583962982878298,0.51616645670373,0.226331053874974));
#4823=CARTESIAN_POINT('',(-0.0583962982878298,0.51666645670373,0.227197079278759));
#4824=CARTESIAN_POINT('',(-0.0569220761127162,0.514969182822426,0.227022300272638));
#4825=CARTESIAN_POINT('',(-0.0569220761127162,0.514969182822426,0.227022300272638));
#4826=CARTESIAN_POINT('',(-0.0569220761127162,0.514969182822426,0.227022300272638));
#4827=CARTESIAN_POINT('',(-0.0579468243268841,0.515527532348115,0.22669993702368));
#4828=CARTESIAN_POINT('',(-0.0583962982878298,0.51616645670373,0.226331053874974));
#4829=CARTESIAN_POINT('',(-0.0586701760074732,0.51375488608973,0.227723374818137));
#4830=CARTESIAN_POINT('',(-0.0586701760074732,0.51425488608973,0.228589400221921));
#4831=CARTESIAN_POINT('',(-0.058306752940897,0.514213368220579,0.227458670036472));
#4832=CARTESIAN_POINT('',(-0.058306752940897,0.514713368220579,0.228324695440256));
#4833=CARTESIAN_POINT('',(-0.057724052975978,0.514618133798145,0.227224978521306));
#4834=CARTESIAN_POINT('',(-0.057724052975978,0.515118133798145,0.22809100392509));
#4835=CARTESIAN_POINT('',(-0.0569220761127162,0.514969182822426,0.227022300272638));
#4836=CARTESIAN_POINT('',(-0.0569220761127162,0.515469182822426,0.227888325676423));
#4837=CARTESIAN_POINT('',(-0.0586701760074732,0.51375488608973,0.227723374818137));
#4838=CARTESIAN_POINT('',(-0.0586701760074732,0.51375488608973,0.227723374818137));
#4839=CARTESIAN_POINT('',(-0.0586701760074732,0.51375488608973,0.227723374818137));
#4840=CARTESIAN_POINT('',(-0.0581250414076089,0.514442609286004,0.227326317645639));
#4841=CARTESIAN_POINT('',(-0.0569220761127162,0.514969182822426,0.227022300272638));
#4842=CARTESIAN_POINT('',(-0.0592153106073374,0.512179704907502,0.228632806097718));
#4843=CARTESIAN_POINT('',(-0.0592153106073374,0.512679704907502,0.229498831501502));
#4844=CARTESIAN_POINT('',(-0.0592153106073374,0.512771343564804,0.228291223359662));
#4845=CARTESIAN_POINT('',(-0.0592153106073374,0.513271343564804,0.229157248763446));
#4846=CARTESIAN_POINT('',(-0.0590335990740493,0.51329640395888,0.227988079599801));
#4847=CARTESIAN_POINT('',(-0.0590335990740493,0.51379640395888,0.228854105003586));
#4848=CARTESIAN_POINT('',(-0.0586701760074732,0.51375488608973,0.227723374818137));
#4849=CARTESIAN_POINT('',(-0.0586701760074732,0.51425488608973,0.228589400221921));
#4850=CARTESIAN_POINT('',(-0.0592153106073374,0.512179704907502,0.228632806097718));
#4851=CARTESIAN_POINT('',(-0.0592153106073374,0.512179704907502,0.228632806097718));
#4852=CARTESIAN_POINT('',(-0.0592153106073374,0.512179704907502,0.228632806097718));
#4853=CARTESIAN_POINT('',(-0.0592153106073374,0.513067162893455,0.228120431990634));
#4854=CARTESIAN_POINT('',(-0.0586701760074732,0.51375488608973,0.227723374818137));
#4855=CARTESIAN_POINT('',(-0.0580935913345398,0.510130153599792,0.229816115096942));
#4856=CARTESIAN_POINT('',(-0.0580935913345398,0.510630153599792,0.230682140500727));
#4857=CARTESIAN_POINT('',(-0.0588414041830715,0.510612846008179,0.229537432505025));
#4858=CARTESIAN_POINT('',(-0.0588414041830715,0.511112846008179,0.230403457908809));
#4859=CARTESIAN_POINT('',(-0.0592153106073374,0.511296029777415,0.22914299617195));
#4860=CARTESIAN_POINT('',(-0.0592153106073374,0.511796029777415,0.230009021575734));
#4861=CARTESIAN_POINT('',(-0.0592153106073374,0.512179704907502,0.228632806097718));
#4862=CARTESIAN_POINT('',(-0.0592153106073374,0.512679704907502,0.229498831501502));
#4863=CARTESIAN_POINT('',(-0.0580935913345398,0.510130153599792,0.229816115096942));
#4864=CARTESIAN_POINT('',(-0.0580935913345398,0.510130153599792,0.229816115096942));
#4865=CARTESIAN_POINT('',(-0.0580935913345398,0.510130153599792,0.229816115096942));
#4866=CARTESIAN_POINT('',(-0.0592153106073374,0.510854192212372,0.229398091209066));
#4867=CARTESIAN_POINT('',(-0.0592153106073374,0.512179704907502,0.228632806097718));
#4868=CARTESIAN_POINT('',(-0.055006242494924,0.509406114987212,0.230234138984819));
#4869=CARTESIAN_POINT('',(-0.055006242494924,0.509906114987212,0.231100164388603));
#4870=CARTESIAN_POINT('',(-0.0563166622061361,0.509406114987212,0.230234138984819));
#4871=CARTESIAN_POINT('',(-0.0563166622061361,0.509906114987212,0.231100164388603));
#4872=CARTESIAN_POINT('',(-0.0573457784860081,0.509647461191405,0.23009479768886));
#4873=CARTESIAN_POINT('',(-0.0573457784860081,0.510147461191405,0.230960823092645));
#4874=CARTESIAN_POINT('',(-0.0580935913345398,0.510130153599792,0.229816115096942));
#4875=CARTESIAN_POINT('',(-0.0580935913345398,0.510630153599792,0.230682140500727));
#4876=CARTESIAN_POINT('',(-0.055006242494924,0.509406114987212,0.230234138984819));
#4877=CARTESIAN_POINT('',(-0.055006242494924,0.509406114987212,0.230234138984819));
#4878=CARTESIAN_POINT('',(-0.055006242494924,0.509406114987212,0.230234138984819));
#4879=CARTESIAN_POINT('',(-0.0569718720617422,0.509406114987212,0.230234138984819));
#4880=CARTESIAN_POINT('',(-0.0580935913345398,0.510130153599792,0.229816115096942));
#4881=CARTESIAN_POINT('',(-0.0519673791846231,0.51018349186749,0.229785320233729));
#4882=CARTESIAN_POINT('',(-0.0519673791846231,0.51068349186749,0.230651345637513));
#4883=CARTESIAN_POINT('',(-0.052737032361675,0.509665240613971,0.230084532734456));
#4884=CARTESIAN_POINT('',(-0.052737032361675,0.510165240613971,0.23095055813824));
#4885=CARTESIAN_POINT('',(-0.053749986798442,0.509406114987212,0.230234138984819));
#4886=CARTESIAN_POINT('',(-0.053749986798442,0.509906114987212,0.231100164388604));
#4887=CARTESIAN_POINT('',(-0.055006242494924,0.509406114987212,0.230234138984819));
#4888=CARTESIAN_POINT('',(-0.055006242494924,0.509906114987212,0.231100164388604));
#4889=CARTESIAN_POINT('',(-0.0519673791846231,0.51018349186749,0.229785320233729));
#4890=CARTESIAN_POINT('',(-0.0519673791846231,0.51018349186749,0.229785320233729));
#4891=CARTESIAN_POINT('',(-0.0519673791846231,0.51018349186749,0.229785320233729));
#4892=CARTESIAN_POINT('',(-0.053121858950201,0.509406114987212,0.230234138984819));
#4893=CARTESIAN_POINT('',(-0.055006242494924,0.509406114987212,0.230234138984819));
#4894=CARTESIAN_POINT('',(-0.0508128994190452,0.512236447745479,0.228600045604937));
#4895=CARTESIAN_POINT('',(-0.0508128994190452,0.512736447745479,0.229466071008722));
#4896=CARTESIAN_POINT('',(-0.0508128994190452,0.511386061747005,0.229091016190072));
#4897=CARTESIAN_POINT('',(-0.0508128994190452,0.511886061747005,0.229957041593856));
#4898=CARTESIAN_POINT('',(-0.0511977260075712,0.510701743121009,0.229486107733002));
#4899=CARTESIAN_POINT('',(-0.0511977260075712,0.511201743121009,0.230352133136787));
#4900=CARTESIAN_POINT('',(-0.0519673791846231,0.51018349186749,0.229785320233729));
#4901=CARTESIAN_POINT('',(-0.0519673791846231,0.51068349186749,0.230651345637513));
#4902=CARTESIAN_POINT('',(-0.0508128994190452,0.512236447745479,0.228600045604937));
#4903=CARTESIAN_POINT('',(-0.0508128994190452,0.512236447745479,0.228600045604937));
#4904=CARTESIAN_POINT('',(-0.0508128994190452,0.512236447745479,0.228600045604937));
#4905=CARTESIAN_POINT('',(-0.0508128994190452,0.510960868747768,0.229336501482639));
#4906=CARTESIAN_POINT('',(-0.0519673791846231,0.51018349186749,0.229785320233729));
#4907=CARTESIAN_POINT('',(-0.051398657029957,0.513724244957222,0.227741065484238));
#4908=CARTESIAN_POINT('',(-0.051398657029957,0.514224244957222,0.228607090888023));
#4909=CARTESIAN_POINT('',(-0.0510081519560158,0.513272571966929,0.228001839006769));
#4910=CARTESIAN_POINT('',(-0.0510081519560158,0.513772571966929,0.228867864410554));
#4911=CARTESIAN_POINT('',(-0.0508128994190452,0.512776639563015,0.228288165713669));
#4912=CARTESIAN_POINT('',(-0.0508128994190452,0.513276639563015,0.229154191117454));
#4913=CARTESIAN_POINT('',(-0.0508128994190452,0.512236447745479,0.228600045604937));
#4914=CARTESIAN_POINT('',(-0.0508128994190452,0.512736447745479,0.229466071008722));
#4915=CARTESIAN_POINT('',(-0.051398657029957,0.513724244957222,0.227741065484238));
#4916=CARTESIAN_POINT('',(-0.051398657029957,0.513724244957222,0.227741065484238));
#4917=CARTESIAN_POINT('',(-0.051398657029957,0.513724244957222,0.227741065484238));
#4918=CARTESIAN_POINT('',(-0.0508128994190452,0.513046735471783,0.228132225768035));
#4919=CARTESIAN_POINT('',(-0.0508128994190452,0.512236447745479,0.228600045604937));
#4920=CARTESIAN_POINT('',(-0.0533262844251501,0.515025925660403,0.226989539779858));
#4921=CARTESIAN_POINT('',(-0.0533262844251501,0.515525925660403,0.227855565183643));
#4922=CARTESIAN_POINT('',(-0.0524317045689626,0.514609811515242,0.22722978339358));
#4923=CARTESIAN_POINT('',(-0.0524317045689626,0.515109811515242,0.228095808797365));
#4924=CARTESIAN_POINT('',(-0.0517891621038982,0.514175917947515,0.227480291961707));
#4925=CARTESIAN_POINT('',(-0.0517891621038982,0.514675917947515,0.228346317365491));
#4926=CARTESIAN_POINT('',(-0.051398657029957,0.513724244957222,0.227741065484238));
#4927=CARTESIAN_POINT('',(-0.051398657029957,0.514224244957222,0.228607090888023));
#4928=CARTESIAN_POINT('',(-0.0533262844251501,0.515025925660403,0.226989539779858));
#4929=CARTESIAN_POINT('',(-0.0533262844251501,0.515025925660403,0.226989539779858));
#4930=CARTESIAN_POINT('',(-0.0533262844251501,0.515025925660403,0.226989539779858));
#4931=CARTESIAN_POINT('',(-0.0519844146408688,0.514401754442661,0.227349905200441));
#4932=CARTESIAN_POINT('',(-0.051398657029957,0.513724244957222,0.227741065484238));
#4933=CARTESIAN_POINT('',(-0.0516882597861349,0.516134680714463,0.226349399750931));
#4934=CARTESIAN_POINT('',(-0.0516882597861349,0.516634680714463,0.227215425154715));
#4935=CARTESIAN_POINT('',(-0.0520272216847684,0.515720836282821,0.226588332944942));
#4936=CARTESIAN_POINT('',(-0.0520272216847684,0.516220836282821,0.227454358348726));
#4937=CARTESIAN_POINT('',(-0.0525732298977735,0.515351251264801,0.226801712954584));
#4938=CARTESIAN_POINT('',(-0.0525732298977735,0.515851251264801,0.227667738358369));
#4939=CARTESIAN_POINT('',(-0.0533262844251501,0.515025925660403,0.226989539779858));
#4940=CARTESIAN_POINT('',(-0.0533262844251501,0.515525925660403,0.227855565183642));
#4941=CARTESIAN_POINT('',(-0.0516882597861349,0.516134680714463,0.226349399750931));
#4942=CARTESIAN_POINT('',(-0.0516882597861349,0.516134680714463,0.226349399750931));
#4943=CARTESIAN_POINT('',(-0.0516882597861349,0.516134680714463,0.226349399750931));
#4944=CARTESIAN_POINT('',(-0.0521967026340852,0.515513914067,0.226707799541947));
#4945=CARTESIAN_POINT('',(-0.0533262844251501,0.515025925660403,0.226989539779858));
#4946=CARTESIAN_POINT('',(-0.0511798169381846,0.517549847093596,0.22553235306099));
#4947=CARTESIAN_POINT('',(-0.0511798169381846,0.518049847093596,0.226398378464774));
#4948=CARTESIAN_POINT('',(-0.0511798169381846,0.517020247272483,0.225838117660273));
#4949=CARTESIAN_POINT('',(-0.0511798169381846,0.517520247272482,0.226704143064057));
#4950=CARTESIAN_POINT('',(-0.0513492978875014,0.516548525146105,0.226110466556919));
#4951=CARTESIAN_POINT('',(-0.0513492978875014,0.517048525146105,0.226976491960704));
#4952=CARTESIAN_POINT('',(-0.0516882597861349,0.516134680714463,0.226349399750931));
#4953=CARTESIAN_POINT('',(-0.0516882597861349,0.516634680714463,0.227215425154715));
#4954=CARTESIAN_POINT('',(-0.0511798169381846,0.517549847093596,0.22553235306099));
#4955=CARTESIAN_POINT('',(-0.0511798169381846,0.517549847093596,0.22553235306099));
#4956=CARTESIAN_POINT('',(-0.0511798169381846,0.517549847093596,0.22553235306099));
#4957=CARTESIAN_POINT('',(-0.0511798169381846,0.516755447361926,0.225990999959914));
#4958=CARTESIAN_POINT('',(-0.0516882597861349,0.516134680714463,0.226349399750931));
#4959=CARTESIAN_POINT('',(-0.0563808727719856,0.511358068613603,0.229107178033176));
#4960=CARTESIAN_POINT('',(-0.0563808727719856,0.511858068613603,0.229973203436961));
#4961=CARTESIAN_POINT('',(-0.0560532678441825,0.511131097261697,0.229238220004298));
#4962=CARTESIAN_POINT('',(-0.0560532678441825,0.511631097261697,0.230104245408082));
#4963=CARTESIAN_POINT('',(-0.0556055411095184,0.511017611585744,0.229303740989859));
#4964=CARTESIAN_POINT('',(-0.0556055411095184,0.511517611585744,0.230169766393643));
#4965=CARTESIAN_POINT('',(-0.0550376925679931,0.511017611585744,0.229303740989859));
#4966=CARTESIAN_POINT('',(-0.0550376925679931,0.511517611585744,0.230169766393643));
#4967=CARTESIAN_POINT('',(-0.0563808727719856,0.511858068613603,0.229973203436961));
#4968=CARTESIAN_POINT('',(-0.055889465380281,0.511517611585744,0.230169766393643));
#4969=CARTESIAN_POINT('',(-0.0550376925679931,0.511517611585744,0.230169766393643));
#4970=CARTESIAN_POINT('',(-0.0563808727719856,0.511358068613603,0.229107178033176));
#4971=CARTESIAN_POINT('',(-0.055889465380281,0.511017611585744,0.229303740989859));
#4972=CARTESIAN_POINT('',(-0.0550376925679931,0.511017611585744,0.229303740989859));
#4973=CARTESIAN_POINT('',(-0.0522320839662879,0.51937583161968,0.22447812040332));
#4974=CARTESIAN_POINT('',(-0.0522320839662879,0.51987583161968,0.225344145807104));
#4975=CARTESIAN_POINT('',(-0.051530572614219,0.518924158629387,0.224738893925851));
#4976=CARTESIAN_POINT('',(-0.051530572614219,0.519424158629386,0.225604919329635));
#4977=CARTESIAN_POINT('',(-0.0511798169381846,0.518315497120692,0.225090304811741));
#4978=CARTESIAN_POINT('',(-0.0511798169381846,0.518815497120692,0.225956330215525));
#4979=CARTESIAN_POINT('',(-0.0511798169381846,0.517549847093596,0.22553235306099));
#4980=CARTESIAN_POINT('',(-0.0511798169381846,0.518049847093596,0.226398378464774));
#4981=CARTESIAN_POINT('',(-0.0522320839662879,0.51937583161968,0.22447812040332));
#4982=CARTESIAN_POINT('',(-0.0511798169381846,0.51869832213424,0.224869280687117));
#4983=CARTESIAN_POINT('',(-0.0511798169381846,0.517549847093596,0.22553235306099));
#4984=CARTESIAN_POINT('',(-0.0560663720412946,0.518163804600502,0.225177884529107));
#4985=CARTESIAN_POINT('',(-0.0560663720412946,0.518663804600502,0.226043909932892));
#4986=CARTESIAN_POINT('',(-0.0563310768229595,0.517972392093728,0.225288396591419));
#4987=CARTESIAN_POINT('',(-0.0563310768229595,0.518472392093728,0.226154421995204));
#4988=CARTESIAN_POINT('',(-0.0564634292137919,0.517715536180488,0.225436692422072));
#4989=CARTESIAN_POINT('',(-0.0564634292137919,0.518215536180488,0.226302717825856));
#4990=CARTESIAN_POINT('',(-0.0564634292137919,0.517393236860781,0.225622772021064));
#4991=CARTESIAN_POINT('',(-0.0564634292137919,0.517893236860781,0.226488797424848));
#4992=CARTESIAN_POINT('',(-0.0560663720412946,0.518663804600502,0.226043909932891));
#4993=CARTESIAN_POINT('',(-0.0564634292137919,0.518376685840341,0.22620967802636));
#4994=CARTESIAN_POINT('',(-0.0564634292137919,0.517893236860781,0.226488797424848));
#4995=CARTESIAN_POINT('',(-0.0560663720412946,0.518163804600502,0.225177884529107));
#4996=CARTESIAN_POINT('',(-0.0564634292137919,0.517876685840341,0.225343652622575));
#4997=CARTESIAN_POINT('',(-0.0564634292137919,0.517393236860781,0.225622772021064));
#4998=CARTESIAN_POINT('',(-0.0796737751005933,0.545380908020494,0.209464082543013));
#4999=CARTESIAN_POINT('',(-0.0796737751005933,0.545880908020494,0.210330107946797));
#5000=CARTESIAN_POINT('',(-0.110532656918116,0.509549106938913,0.230151582543012));
#5001=CARTESIAN_POINT('',(-0.108919530253614,0.509549106938913,0.230151582543012));
#5002=CARTESIAN_POINT('',(-0.108919530253614,0.509549106938913,0.230151582543012));
#5003=CARTESIAN_POINT('',(-0.110532656918116,0.509549106938913,0.230151582543012));
#5004=CARTESIAN_POINT('',(-0.112145783582618,0.509549106938913,0.230151582543013));
#5005=CARTESIAN_POINT('',(-0.112145783582618,0.509549106938913,0.230151582543013));
#5006=CARTESIAN_POINT('',(-0.108919530253614,0.514734267473204,0.227157928712749));
#5007=CARTESIAN_POINT('',(-0.108919530253614,0.519919428007494,0.224164274882484));
#5008=CARTESIAN_POINT('',(-0.108919530253614,0.519919428007494,0.224164274882484));
#5009=CARTESIAN_POINT('',(-0.108919530253614,0.514734267473204,0.227157928712749));
#5010=CARTESIAN_POINT('',(-0.110062216241791,0.519919428007494,0.224164274882484));
#5011=CARTESIAN_POINT('',(-0.111204902229968,0.519919428007494,0.224164274882484));
#5012=CARTESIAN_POINT('',(-0.111204902229968,0.519919428007494,0.224164274882484));
#5013=CARTESIAN_POINT('',(-0.110062216241791,0.519919428007494,0.224164274882484));
#5014=CARTESIAN_POINT('',(-0.111204902229968,0.517464732836632,0.22558149380016));
#5015=CARTESIAN_POINT('',(-0.111204902229968,0.515010037665769,0.226998712717837));
#5016=CARTESIAN_POINT('',(-0.111204902229968,0.515010037665769,0.226998712717837));
#5017=CARTESIAN_POINT('',(-0.111204902229968,0.517464732836632,0.22558149380016));
#5018=CARTESIAN_POINT('',(-0.111081722777114,0.512152468345274,0.228648531134252));
#5019=CARTESIAN_POINT('',(-0.111081722777114,0.512652468345274,0.229514556538037));
#5020=CARTESIAN_POINT('',(-0.11116384241235,0.513500678175595,0.227870141825792));
#5021=CARTESIAN_POINT('',(-0.11116384241235,0.514000678175595,0.228736167229577));
#5022=CARTESIAN_POINT('',(-0.111204902229968,0.514453201282427,0.227320202353654));
#5023=CARTESIAN_POINT('',(-0.111204902229968,0.514953201282427,0.228186227757438));
#5024=CARTESIAN_POINT('',(-0.111204902229968,0.515010037665769,0.226998712717837));
#5025=CARTESIAN_POINT('',(-0.111204902229968,0.515510037665769,0.227864738121621));
#5026=CARTESIAN_POINT('',(-0.111081722777114,0.512152468345274,0.228648531134252));
#5027=CARTESIAN_POINT('',(-0.111081722777114,0.512152468345274,0.228648531134252));
#5028=CARTESIAN_POINT('',(-0.111081722777114,0.512152468345274,0.228648531134252));
#5029=CARTESIAN_POINT('',(-0.111204902229968,0.514174783090756,0.227480947171562));
#5030=CARTESIAN_POINT('',(-0.111204902229968,0.515010037665769,0.226998712717837));
#5031=CARTESIAN_POINT('',(-0.11111055201076,0.512152468345274,0.228648531134252));
#5032=CARTESIAN_POINT('',(-0.111139381244407,0.512152468345274,0.228648531134252));
#5033=CARTESIAN_POINT('',(-0.111139381244407,0.512152468345274,0.228648531134252));
#5034=CARTESIAN_POINT('',(-0.11111055201076,0.512152468345274,0.228648531134252));
#5035=CARTESIAN_POINT('',(-0.113739253951452,0.516035948176384,0.226406403008369));
#5036=CARTESIAN_POINT('',(-0.116339126658497,0.519919428007494,0.224164274882484));
#5037=CARTESIAN_POINT('',(-0.116339126658497,0.519919428007494,0.224164274882484));
#5038=CARTESIAN_POINT('',(-0.113739253951452,0.516035948176384,0.226406403008369));
#5039=CARTESIAN_POINT('',(-0.117940459545598,0.519919428007494,0.224164274882484));
#5040=CARTESIAN_POINT('',(-0.119541792432699,0.519919428007494,0.224164274882484));
#5041=CARTESIAN_POINT('',(-0.119541792432699,0.519919428007494,0.224164274882484));
#5042=CARTESIAN_POINT('',(-0.117940459545598,0.519919428007494,0.224164274882484));
#5043=CARTESIAN_POINT('',(-0.119541792432699,0.514734267473204,0.227157928712749));
#5044=CARTESIAN_POINT('',(-0.119541792432699,0.509549106938913,0.230151582543012));
#5045=CARTESIAN_POINT('',(-0.119541792432699,0.509549106938913,0.230151582543012));
#5046=CARTESIAN_POINT('',(-0.119541792432699,0.514734267473204,0.227157928712749));
#5047=CARTESIAN_POINT('',(-0.11840696896279,0.509549106938913,0.230151582543012));
#5048=CARTESIAN_POINT('',(-0.11727214549288,0.509549106938913,0.230151582543012));
#5049=CARTESIAN_POINT('',(-0.11727214549288,0.509549106938913,0.230151582543012));
#5050=CARTESIAN_POINT('',(-0.11840696896279,0.509549106938913,0.230151582543012));
#5051=CARTESIAN_POINT('',(-0.11727214549288,0.511989048971902,0.22874288135346));
#5052=CARTESIAN_POINT('',(-0.11727214549288,0.51442899100489,0.227334180163906));
#5053=CARTESIAN_POINT('',(-0.11727214549288,0.51442899100489,0.227334180163906));
#5054=CARTESIAN_POINT('',(-0.11727214549288,0.511989048971902,0.22874288135346));
#5055=CARTESIAN_POINT('',(-0.117429395858225,0.517393236860781,0.225622772021064));
#5056=CARTESIAN_POINT('',(-0.117429395858225,0.517893236860781,0.226488797424848));
#5057=CARTESIAN_POINT('',(-0.117324562281328,0.516008711614155,0.226422128044903));
#5058=CARTESIAN_POINT('',(-0.117324562281328,0.516508711614155,0.227288153448687));
#5059=CARTESIAN_POINT('',(-0.11727214549288,0.515020629662191,0.226992597425851));
#5060=CARTESIAN_POINT('',(-0.11727214549288,0.515520629662191,0.227858622829635));
#5061=CARTESIAN_POINT('',(-0.11727214549288,0.51442899100489,0.227334180163906));
#5062=CARTESIAN_POINT('',(-0.11727214549288,0.51492899100489,0.228200205567691));
#5063=CARTESIAN_POINT('',(-0.117429395858225,0.517393236860781,0.225622772021064));
#5064=CARTESIAN_POINT('',(-0.117429395858225,0.517393236860781,0.225622772021064));
#5065=CARTESIAN_POINT('',(-0.117429395858225,0.517393236860781,0.225622772021064));
#5066=CARTESIAN_POINT('',(-0.11727214549288,0.515316448990842,0.226821806056822));
#5067=CARTESIAN_POINT('',(-0.11727214549288,0.51442899100489,0.227334180163906));
#5068=CARTESIAN_POINT('',(-0.117392704106311,0.517393236860781,0.225622772021064));
#5069=CARTESIAN_POINT('',(-0.117356012354397,0.517393236860781,0.225622772021064));
#5070=CARTESIAN_POINT('',(-0.117356012354397,0.517393236860781,0.225622772021064));
#5071=CARTESIAN_POINT('',(-0.117392704106311,0.517393236860781,0.225622772021064));
#5072=CARTESIAN_POINT('',(-0.114750897968508,0.513471171899847,0.227887177282038));
#5073=CARTESIAN_POINT('',(-0.114750897968508,0.513471171899847,0.227887177282038));
#5074=CARTESIAN_POINT('',(-0.0796737751005933,0.545380908020494,0.209464082543013));
#5075=CARTESIAN_POINT('',(-0.0796737751005933,0.545880908020494,0.210330107946797));
#5076=CARTESIAN_POINT('',(-0.0796737751005933,0.545880908020494,0.210330107946797));
#5077=CARTESIAN_POINT('',(-0.0796737751005933,0.545880908020494,0.210330107946797));
#5078=CARTESIAN_POINT('',(-0.127048775100593,0.588372963139919,0.181178506331659));
#5079=CARTESIAN_POINT('',(-0.127048775100593,0.589372963139919,0.182910557139228));
#5080=CARTESIAN_POINT('',(-0.127048775100593,0.589372963139919,0.182910557139228));
#5081=CARTESIAN_POINT('',(-0.127048775100593,0.589372963139919,0.182910557139228));
#5082=CARTESIAN_POINT('',(-0.128048775100593,0.58814091233235,0.184776582543013));
#5083=CARTESIAN_POINT('',(-0.129048775100593,0.501120903708637,0.231553506331659));
#5084=CARTESIAN_POINT('',(-0.129048775100593,0.502120903708637,0.233285557139228));
#5085=CARTESIAN_POINT('',(-0.127048775100593,0.545880908020494,0.210330107946797));
#5086=CARTESIAN_POINT('',(-0.129048775100593,0.502120903708637,0.233285557139228));
#5087=CARTESIAN_POINT('',(-0.0796737751005933,0.589372963139919,0.182910557139228));
#5088=CARTESIAN_POINT('',(-0.0322987751005933,0.589006937736135,0.184276582543013));
#5089=CARTESIAN_POINT('',(-0.0302987751005933,0.586640912332351,0.182178506331659));
#5090=CARTESIAN_POINT('',(-0.0302987751005933,0.587640912332351,0.183910557139228));
#5091=CARTESIAN_POINT('',(-0.129048775100593,0.502120903708637,0.233285557139228));
#5092=CARTESIAN_POINT('',(-0.127048775100593,0.501754878304853,0.234651582543012));
#5093=CARTESIAN_POINT('',(-0.0302987751005933,0.587640912332351,0.183910557139228));
#5094=CARTESIAN_POINT('',(-0.0302987751005933,0.587640912332351,0.183910557139228));
#5095=CARTESIAN_POINT('',(-0.0796737751005933,0.503120903708637,0.235017607946797));
#5096=CARTESIAN_POINT('',(-0.0322987751005933,0.500388852901068,0.234285557139228));
#5097=CARTESIAN_POINT('',(-0.0302987751005933,0.544880908020494,0.208598057139228));
#5098=CARTESIAN_POINT('',(-0.0312987751005932,0.502620903708637,0.234151582543012));
#5099=CARTESIAN_POINT('',(-0.0322987751005933,0.500388852901068,0.234285557139228));
#5100=CARTESIAN_POINT('',(-0.0322987751005933,0.500388852901068,0.234285557139228));
#5101=CARTESIAN_POINT('',(-0.0322987751005933,0.499388852901068,0.232553506331659));
#5102=MECHANICAL_DESIGN_GEOMETRIC_PRESENTATION_REPRESENTATION('',(#2887),
#5103);
#5103=(
GEOMETRIC_REPRESENTATION_CONTEXT(3)
GLOBAL_UNCERTAINTY_ASSIGNED_CONTEXT((#5104))
GLOBAL_UNIT_ASSIGNED_CONTEXT((#5107,#5106,#5105))
REPRESENTATION_CONTEXT('LCD Front','TOP_LEVEL_ASSEMBLY_PART')
);
#5104=UNCERTAINTY_MEASURE_WITH_UNIT(LENGTH_MEASURE(2.E-5),#5107,
'DISTANCE_ACCURACY_VALUE','Maximum Tolerance applied to model');
#5105=(
NAMED_UNIT(*)
SI_UNIT($,.STERADIAN.)
SOLID_ANGLE_UNIT()
);
#5106=(
NAMED_UNIT(*)
PLANE_ANGLE_UNIT()
SI_UNIT($,.RADIAN.)
);
#5107=(
LENGTH_UNIT()
NAMED_UNIT(*)
SI_UNIT($,.METRE.)
);
#5108=PRODUCT_DEFINITION_SHAPE('','',#5109);
#5109=PRODUCT_DEFINITION('','',#5111,#5110);
#5110=PRODUCT_DEFINITION_CONTEXT('',#5117,'design');
#5111=PRODUCT_DEFINITION_FORMATION_WITH_SPECIFIED_SOURCE('','',#5113,
 .NOT_KNOWN.);
#5112=PRODUCT_RELATED_PRODUCT_CATEGORY('','',(#5113));
#5113=PRODUCT('LCD Front','LCD Front','LCD Front',(#5115));
#5114=PRODUCT_CATEGORY('','');
#5115=PRODUCT_CONTEXT('',#5117,'mechanical');
#5116=APPLICATION_PROTOCOL_DEFINITION('international standard',
'ap242_managed_model_based_3d_engineering',2020,#5117);
#5117=APPLICATION_CONTEXT('managed model based 3d engineering');
ENDSEC;
END-ISO-10303-21;
