ISO-10303-21;
HEADER;
/* Generated by software containing ST-Developer
 * from STEP Tools, Inc. (www.steptools.com) 
 */
/* OPTION: using custom renumber hook */

FILE_DESCRIPTION(
/* description */ ('STEP AP242 Edition 2',
'CAx-IF Rec.Pracs.---Representation and Presentation of Product Manufa
cturing Information (PMI)---4.0---2014-10-13',
'CAx-IF Rec.Pracs.---3D Tessellated Geometry---0.4---2014-09-14','2;1',
'CAx-IF Rec.Pracs.---User Defined Attributes---1.5---2016-08-15'),
/* implementation_level */ '2;1');

FILE_NAME(
/* name */ 'NOT-618 - TBR-Rod Mount',
/* time_stamp */ '2026-07-26T08:51:50Z',
/* author */ (''),
/* organization */ (''),
/* preprocessor_version */ 'ST-DEVELOPER v20',
/* originating_system */ 'ONSHAPE BY PTC INC, 1.218',
/* authorisation */ '  ');

FILE_SCHEMA (('AP242_MANAGED_MODEL_BASED_3D_ENGINEERING_MIM_LF { 1 0 10303 442 3 1 4 }'));
ENDSEC;

DATA;
#10=SHAPE_REPRESENTATION_RELATIONSHIP('','',#2193,#11);
#11=ADVANCED_BREP_SHAPE_REPRESENTATION('',(#2191),#3520);
#12=CONICAL_SURFACE('',#2247,0.0045,0.785398163397448);
#13=CONICAL_SURFACE('',#2248,0.0045,0.785398163397448);
#14=CONICAL_SURFACE('',#2338,0.0055,0.785398163397421);
#15=CONICAL_SURFACE('',#2339,0.0055,0.785398163397421);
#16=CONICAL_SURFACE('',#2340,0.0055,0.785398163397467);
#17=CONICAL_SURFACE('',#2341,0.013,0.785398163397448);
#18=CYLINDRICAL_SURFACE('',#2201,0.0025);
#19=CYLINDRICAL_SURFACE('',#2227,0.005);
#20=CYLINDRICAL_SURFACE('',#2243,0.0025);
#21=CYLINDRICAL_SURFACE('',#2245,0.0025);
#22=CYLINDRICAL_SURFACE('',#2273,0.0025);
#23=CYLINDRICAL_SURFACE('',#2274,0.0025);
#24=CYLINDRICAL_SURFACE('',#2290,0.0025);
#25=CYLINDRICAL_SURFACE('',#2291,0.0025);
#26=CYLINDRICAL_SURFACE('',#2301,0.004);
#27=CYLINDRICAL_SURFACE('',#2312,0.0025);
#28=CYLINDRICAL_SURFACE('',#2314,0.0025);
#29=CYLINDRICAL_SURFACE('',#2316,0.013);
#30=CYLINDRICAL_SURFACE('',#2318,0.0025);
#31=CYLINDRICAL_SURFACE('',#2346,0.0095);
#32=LINE('',#2924,#287);
#33=LINE('',#2927,#288);
#34=LINE('',#2929,#289);
#35=LINE('',#2931,#290);
#36=LINE('',#2933,#291);
#37=LINE('',#2935,#292);
#38=LINE('',#2937,#293);
#39=LINE('',#2939,#294);
#40=LINE('',#2941,#295);
#41=LINE('',#2943,#296);
#42=LINE('',#2945,#297);
#43=LINE('',#2948,#298);
#44=LINE('',#2949,#299);
#45=LINE('',#2956,#300);
#46=LINE('',#2959,#301);
#47=LINE('',#2961,#302);
#48=LINE('',#2963,#303);
#49=LINE('',#2965,#304);
#50=LINE('',#2967,#305);
#51=LINE('',#2969,#306);
#52=LINE('',#2971,#307);
#53=LINE('',#2973,#308);
#54=LINE('',#2976,#309);
#55=LINE('',#2977,#310);
#56=LINE('',#2979,#311);
#57=LINE('',#2981,#312);
#58=LINE('',#2982,#313);
#59=LINE('',#2984,#314);
#60=LINE('',#2986,#315);
#61=LINE('',#2988,#316);
#62=LINE('',#2990,#317);
#63=LINE('',#2992,#318);
#64=LINE('',#2994,#319);
#65=LINE('',#2997,#320);
#66=LINE('',#2999,#321);
#67=LINE('',#3001,#322);
#68=LINE('',#3003,#323);
#69=LINE('',#3005,#324);
#70=LINE('',#3007,#325);
#71=LINE('',#3009,#326);
#72=LINE('',#3012,#327);
#73=LINE('',#3014,#328);
#74=LINE('',#3018,#329);
#75=LINE('',#3020,#330);
#76=LINE('',#3022,#331);
#77=LINE('',#3024,#332);
#78=LINE('',#3026,#333);
#79=LINE('',#3028,#334);
#80=LINE('',#3030,#335);
#81=LINE('',#3032,#336);
#82=LINE('',#3034,#337);
#83=LINE('',#3036,#338);
#84=LINE('',#3038,#339);
#85=LINE('',#3040,#340);
#86=LINE('',#3042,#341);
#87=LINE('',#3044,#342);
#88=LINE('',#3049,#343);
#89=LINE('',#3051,#344);
#90=LINE('',#3053,#345);
#91=LINE('',#3055,#346);
#92=LINE('',#3061,#347);
#93=LINE('',#3064,#348);
#94=LINE('',#3065,#349);
#95=LINE('',#3067,#350);
#96=LINE('',#3069,#351);
#97=LINE('',#3071,#352);
#98=LINE('',#3073,#353);
#99=LINE('',#3075,#354);
#100=LINE('',#3077,#355);
#101=LINE('',#3079,#356);
#102=LINE('',#3081,#357);
#103=LINE('',#3083,#358);
#104=LINE('',#3085,#359);
#105=LINE('',#3087,#360);
#106=LINE('',#3089,#361);
#107=LINE('',#3091,#362);
#108=LINE('',#3093,#363);
#109=LINE('',#3095,#364);
#110=LINE('',#3097,#365);
#111=LINE('',#3098,#366);
#112=LINE('',#3100,#367);
#113=LINE('',#3102,#368);
#114=LINE('',#3103,#369);
#115=LINE('',#3104,#370);
#116=LINE('',#3108,#371);
#117=LINE('',#3110,#372);
#118=LINE('',#3112,#373);
#119=LINE('',#3114,#374);
#120=LINE('',#3116,#375);
#121=LINE('',#3118,#376);
#122=LINE('',#3120,#377);
#123=LINE('',#3122,#378);
#124=LINE('',#3124,#379);
#125=LINE('',#3126,#380);
#126=LINE('',#3128,#381);
#127=LINE('',#3130,#382);
#128=LINE('',#3132,#383);
#129=LINE('',#3134,#384);
#130=LINE('',#3136,#385);
#131=LINE('',#3138,#386);
#132=LINE('',#3140,#387);
#133=LINE('',#3142,#388);
#134=LINE('',#3143,#389);
#135=LINE('',#3145,#390);
#136=LINE('',#3149,#391);
#137=LINE('',#3151,#392);
#138=LINE('',#3152,#393);
#139=LINE('',#3154,#394);
#140=LINE('',#3156,#395);
#141=LINE('',#3157,#396);
#142=LINE('',#3159,#397);
#143=LINE('',#3161,#398);
#144=LINE('',#3163,#399);
#145=LINE('',#3165,#400);
#146=LINE('',#3169,#401);
#147=LINE('',#3172,#402);
#148=LINE('',#3173,#403);
#149=LINE('',#3174,#404);
#150=LINE('',#3176,#405);
#151=LINE('',#3178,#406);
#152=LINE('',#3183,#407);
#153=LINE('',#3187,#408);
#154=LINE('',#3189,#409);
#155=LINE('',#3191,#410);
#156=LINE('',#3192,#411);
#157=LINE('',#3194,#412);
#158=LINE('',#3197,#413);
#159=LINE('',#3199,#414);
#160=LINE('',#3200,#415);
#161=LINE('',#3202,#416);
#162=LINE('',#3205,#417);
#163=LINE('',#3206,#418);
#164=LINE('',#3208,#419);
#165=LINE('',#3210,#420);
#166=LINE('',#3212,#421);
#167=LINE('',#3214,#422);
#168=LINE('',#3215,#423);
#169=LINE('',#3217,#424);
#170=LINE('',#3219,#425);
#171=LINE('',#3220,#426);
#172=LINE('',#3226,#427);
#173=LINE('',#3229,#428);
#174=LINE('',#3230,#429);
#175=LINE('',#3232,#430);
#176=LINE('',#3233,#431);
#177=LINE('',#3235,#432);
#178=LINE('',#3237,#433);
#179=LINE('',#3239,#434);
#180=LINE('',#3240,#435);
#181=LINE('',#3242,#436);
#182=LINE('',#3245,#437);
#183=LINE('',#3246,#438);
#184=LINE('',#3248,#439);
#185=LINE('',#3250,#440);
#186=LINE('',#3261,#441);
#187=LINE('',#3263,#442);
#188=LINE('',#3265,#443);
#189=LINE('',#3268,#444);
#190=LINE('',#3271,#445);
#191=LINE('',#3272,#446);
#192=LINE('',#3274,#447);
#193=LINE('',#3276,#448);
#194=LINE('',#3278,#449);
#195=LINE('',#3280,#450);
#196=LINE('',#3281,#451);
#197=LINE('',#3283,#452);
#198=LINE('',#3284,#453);
#199=LINE('',#3286,#454);
#200=LINE('',#3288,#455);
#201=LINE('',#3290,#456);
#202=LINE('',#3292,#457);
#203=LINE('',#3295,#458);
#204=LINE('',#3297,#459);
#205=LINE('',#3299,#460);
#206=LINE('',#3301,#461);
#207=LINE('',#3303,#462);
#208=LINE('',#3305,#463);
#209=LINE('',#3309,#464);
#210=LINE('',#3310,#465);
#211=LINE('',#3313,#466);
#212=LINE('',#3314,#467);
#213=LINE('',#3316,#468);
#214=LINE('',#3318,#469);
#215=LINE('',#3320,#470);
#216=LINE('',#3322,#471);
#217=LINE('',#3324,#472);
#218=LINE('',#3326,#473);
#219=LINE('',#3328,#474);
#220=LINE('',#3332,#475);
#221=LINE('',#3333,#476);
#222=LINE('',#3346,#477);
#223=LINE('',#3348,#478);
#224=LINE('',#3350,#479);
#225=LINE('',#3351,#480);
#226=LINE('',#3352,#481);
#227=LINE('',#3354,#482);
#228=LINE('',#3355,#483);
#229=LINE('',#3359,#484);
#230=LINE('',#3361,#485);
#231=LINE('',#3363,#486);
#232=LINE('',#3365,#487);
#233=LINE('',#3366,#488);
#234=LINE('',#3368,#489);
#235=LINE('',#3369,#490);
#236=LINE('',#3373,#491);
#237=LINE('',#3385,#492);
#238=LINE('',#3388,#493);
#239=LINE('',#3390,#494);
#240=LINE('',#3392,#495);
#241=LINE('',#3394,#496);
#242=LINE('',#3396,#497);
#243=LINE('',#3398,#498);
#244=LINE('',#3400,#499);
#245=LINE('',#3402,#500);
#246=LINE('',#3404,#501);
#247=LINE('',#3406,#502);
#248=LINE('',#3409,#503);
#249=LINE('',#3411,#504);
#250=LINE('',#3413,#505);
#251=LINE('',#3415,#506);
#252=LINE('',#3416,#507);
#253=LINE('',#3419,#508);
#254=LINE('',#3421,#509);
#255=LINE('',#3423,#510);
#256=LINE('',#3429,#511);
#257=LINE('',#3432,#512);
#258=LINE('',#3433,#513);
#259=LINE('',#3435,#514);
#260=LINE('',#3437,#515);
#261=LINE('',#3439,#516);
#262=LINE('',#3441,#517);
#263=LINE('',#3451,#518);
#264=LINE('',#3466,#519);
#265=LINE('',#3468,#520);
#266=LINE('',#3470,#521);
#267=LINE('',#3472,#522);
#268=LINE('',#3474,#523);
#269=LINE('',#3476,#524);
#270=LINE('',#3477,#525);
#271=LINE('',#3479,#526);
#272=LINE('',#3481,#527);
#273=LINE('',#3482,#528);
#274=LINE('',#3484,#529);
#275=LINE('',#3486,#530);
#276=LINE('',#3488,#531);
#277=LINE('',#3490,#532);
#278=LINE('',#3492,#533);
#279=LINE('',#3494,#534);
#280=LINE('',#3496,#535);
#281=LINE('',#3498,#536);
#282=LINE('',#3500,#537);
#283=LINE('',#3502,#538);
#284=LINE('',#3509,#539);
#285=LINE('',#3511,#540);
#286=LINE('',#3512,#541);
#287=VECTOR('',#2361,1.);
#288=VECTOR('',#2362,1.);
#289=VECTOR('',#2363,1.);
#290=VECTOR('',#2364,1.);
#291=VECTOR('',#2365,1.);
#292=VECTOR('',#2366,1.);
#293=VECTOR('',#2367,1.);
#294=VECTOR('',#2368,1.);
#295=VECTOR('',#2369,1.);
#296=VECTOR('',#2370,1.);
#297=VECTOR('',#2373,1.);
#298=VECTOR('',#2374,1.);
#299=VECTOR('',#2375,1.);
#300=VECTOR('',#2384,1.);
#301=VECTOR('',#2385,1.);
#302=VECTOR('',#2386,1.);
#303=VECTOR('',#2387,1.);
#304=VECTOR('',#2388,1.);
#305=VECTOR('',#2389,1.);
#306=VECTOR('',#2390,1.);
#307=VECTOR('',#2391,1.);
#308=VECTOR('',#2394,1.);
#309=VECTOR('',#2395,1.);
#310=VECTOR('',#2396,1.);
#311=VECTOR('',#2399,1.);
#312=VECTOR('',#2400,1.);
#313=VECTOR('',#2401,1.);
#314=VECTOR('',#2402,1.);
#315=VECTOR('',#2403,1.);
#316=VECTOR('',#2404,1.);
#317=VECTOR('',#2405,1.);
#318=VECTOR('',#2406,1.);
#319=VECTOR('',#2409,1.);
#320=VECTOR('',#2410,1.);
#321=VECTOR('',#2411,1.);
#322=VECTOR('',#2412,1.);
#323=VECTOR('',#2415,1.);
#324=VECTOR('',#2416,1.);
#325=VECTOR('',#2417,1.);
#326=VECTOR('',#2420,1.);
#327=VECTOR('',#2421,1.);
#328=VECTOR('',#2422,1.);
#329=VECTOR('',#2427,1.);
#330=VECTOR('',#2428,1.);
#331=VECTOR('',#2429,1.);
#332=VECTOR('',#2430,1.);
#333=VECTOR('',#2431,1.);
#334=VECTOR('',#2432,1.);
#335=VECTOR('',#2433,1.);
#336=VECTOR('',#2434,1.);
#337=VECTOR('',#2435,1.);
#338=VECTOR('',#2436,1.);
#339=VECTOR('',#2439,1.);
#340=VECTOR('',#2440,1.);
#341=VECTOR('',#2441,1.);
#342=VECTOR('',#2444,1.);
#343=VECTOR('',#2447,1.);
#344=VECTOR('',#2448,1.);
#345=VECTOR('',#2449,1.);
#346=VECTOR('',#2450,1.);
#347=VECTOR('',#2457,1.);
#348=VECTOR('',#2458,1.);
#349=VECTOR('',#2459,1.);
#350=VECTOR('',#2460,1.);
#351=VECTOR('',#2461,1.);
#352=VECTOR('',#2462,1.);
#353=VECTOR('',#2463,1.);
#354=VECTOR('',#2464,1.);
#355=VECTOR('',#2465,1.);
#356=VECTOR('',#2466,1.);
#357=VECTOR('',#2467,1.);
#358=VECTOR('',#2468,1.);
#359=VECTOR('',#2469,1.);
#360=VECTOR('',#2470,1.);
#361=VECTOR('',#2471,1.);
#362=VECTOR('',#2472,1.);
#363=VECTOR('',#2473,1.);
#364=VECTOR('',#2474,1.);
#365=VECTOR('',#2475,1.);
#366=VECTOR('',#2476,1.);
#367=VECTOR('',#2477,1.);
#368=VECTOR('',#2478,1.);
#369=VECTOR('',#2479,1.);
#370=VECTOR('',#2480,1.);
#371=VECTOR('',#2485,1.);
#372=VECTOR('',#2486,1.);
#373=VECTOR('',#2489,1.);
#374=VECTOR('',#2490,1.);
#375=VECTOR('',#2491,1.);
#376=VECTOR('',#2492,1.);
#377=VECTOR('',#2493,1.);
#378=VECTOR('',#2494,1.);
#379=VECTOR('',#2495,1.);
#380=VECTOR('',#2496,1.);
#381=VECTOR('',#2497,1.);
#382=VECTOR('',#2498,1.);
#383=VECTOR('',#2499,1.);
#384=VECTOR('',#2500,1.);
#385=VECTOR('',#2501,1.);
#386=VECTOR('',#2502,1.);
#387=VECTOR('',#2503,1.);
#388=VECTOR('',#2504,1.);
#389=VECTOR('',#2505,1.);
#390=VECTOR('',#2506,1.);
#391=VECTOR('',#2511,1.);
#392=VECTOR('',#2512,1.);
#393=VECTOR('',#2513,1.);
#394=VECTOR('',#2514,1.);
#395=VECTOR('',#2517,1.);
#396=VECTOR('',#2518,1.);
#397=VECTOR('',#2519,1.);
#398=VECTOR('',#2520,1.);
#399=VECTOR('',#2523,1.);
#400=VECTOR('',#2524,1.);
#401=VECTOR('',#2529,1.);
#402=VECTOR('',#2530,1.);
#403=VECTOR('',#2531,1.);
#404=VECTOR('',#2532,1.);
#405=VECTOR('',#2533,1.);
#406=VECTOR('',#2534,1.);
#407=VECTOR('',#2539,1.);
#408=VECTOR('',#2542,1.);
#409=VECTOR('',#2545,1.);
#410=VECTOR('',#2546,1.);
#411=VECTOR('',#2547,1.);
#412=VECTOR('',#2550,1.);
#413=VECTOR('',#2551,1.);
#414=VECTOR('',#2552,1.);
#415=VECTOR('',#2553,1.);
#416=VECTOR('',#2556,1.);
#417=VECTOR('',#2557,1.);
#418=VECTOR('',#2558,1.);
#419=VECTOR('',#2559,1.);
#420=VECTOR('',#2560,1.);
#421=VECTOR('',#2561,1.);
#422=VECTOR('',#2564,1.);
#423=VECTOR('',#2565,1.);
#424=VECTOR('',#2566,1.);
#425=VECTOR('',#2567,1.);
#426=VECTOR('',#2568,1.);
#427=VECTOR('',#2575,1.);
#428=VECTOR('',#2576,1.);
#429=VECTOR('',#2577,1.);
#430=VECTOR('',#2580,1.);
#431=VECTOR('',#2581,1.);
#432=VECTOR('',#2582,1.);
#433=VECTOR('',#2585,1.);
#434=VECTOR('',#2586,1.);
#435=VECTOR('',#2587,1.);
#436=VECTOR('',#2590,1.);
#437=VECTOR('',#2591,1.);
#438=VECTOR('',#2592,1.);
#439=VECTOR('',#2595,1.);
#440=VECTOR('',#2598,1.);
#441=VECTOR('',#2615,1.);
#442=VECTOR('',#2618,1.);
#443=VECTOR('',#2621,1.);
#444=VECTOR('',#2626,1.);
#445=VECTOR('',#2627,1.);
#446=VECTOR('',#2628,1.);
#447=VECTOR('',#2631,1.);
#448=VECTOR('',#2632,1.);
#449=VECTOR('',#2633,1.);
#450=VECTOR('',#2636,1.);
#451=VECTOR('',#2637,1.);
#452=VECTOR('',#2640,1.);
#453=VECTOR('',#2641,1.);
#454=VECTOR('',#2644,1.);
#455=VECTOR('',#2645,1.);
#456=VECTOR('',#2646,1.);
#457=VECTOR('',#2649,1.);
#458=VECTOR('',#2650,1.);
#459=VECTOR('',#2651,1.);
#460=VECTOR('',#2652,1.);
#461=VECTOR('',#2655,1.);
#462=VECTOR('',#2656,1.);
#463=VECTOR('',#2657,1.);
#464=VECTOR('',#2662,1.);
#465=VECTOR('',#2663,1.);
#466=VECTOR('',#2668,1.);
#467=VECTOR('',#2669,1.);
#468=VECTOR('',#2672,1.);
#469=VECTOR('',#2673,1.);
#470=VECTOR('',#2676,1.);
#471=VECTOR('',#2677,1.);
#472=VECTOR('',#2680,1.);
#473=VECTOR('',#2681,1.);
#474=VECTOR('',#2682,1.);
#475=VECTOR('',#2687,1.);
#476=VECTOR('',#2688,1.);
#477=VECTOR('',#2711,1.);
#478=VECTOR('',#2712,1.);
#479=VECTOR('',#2713,1.);
#480=VECTOR('',#2714,1.);
#481=VECTOR('',#2715,1.);
#482=VECTOR('',#2718,1.);
#483=VECTOR('',#2719,1.);
#484=VECTOR('',#2724,1.);
#485=VECTOR('',#2725,1.);
#486=VECTOR('',#2726,1.);
#487=VECTOR('',#2727,1.);
#488=VECTOR('',#2728,1.);
#489=VECTOR('',#2731,1.);
#490=VECTOR('',#2732,1.);
#491=VECTOR('',#2739,1.);
#492=VECTOR('',#2762,1.);
#493=VECTOR('',#2763,1.);
#494=VECTOR('',#2764,1.);
#495=VECTOR('',#2765,1.);
#496=VECTOR('',#2768,1.);
#497=VECTOR('',#2769,1.);
#498=VECTOR('',#2770,1.);
#499=VECTOR('',#2773,1.);
#500=VECTOR('',#2774,1.);
#501=VECTOR('',#2775,1.);
#502=VECTOR('',#2778,1.);
#503=VECTOR('',#2779,1.);
#504=VECTOR('',#2780,1.);
#505=VECTOR('',#2781,1.);
#506=VECTOR('',#2782,1.);
#507=VECTOR('',#2783,1.);
#508=VECTOR('',#2784,1.);
#509=VECTOR('',#2785,1.);
#510=VECTOR('',#2786,1.);
#511=VECTOR('',#2795,1.);
#512=VECTOR('',#2796,1.);
#513=VECTOR('',#2797,1.);
#514=VECTOR('',#2800,1.);
#515=VECTOR('',#2801,1.);
#516=VECTOR('',#2804,1.);
#517=VECTOR('',#2805,1.);
#518=VECTOR('',#2816,1.);
#519=VECTOR('',#2837,1.);
#520=VECTOR('',#2838,1.);
#521=VECTOR('',#2839,1.);
#522=VECTOR('',#2842,1.);
#523=VECTOR('',#2845,1.);
#524=VECTOR('',#2848,1.);
#525=VECTOR('',#2849,1.);
#526=VECTOR('',#2852,1.);
#527=VECTOR('',#2855,1.);
#528=VECTOR('',#2856,1.);
#529=VECTOR('',#2859,1.);
#530=VECTOR('',#2862,1.);
#531=VECTOR('',#2865,1.);
#532=VECTOR('',#2868,1.);
#533=VECTOR('',#2871,1.);
#534=VECTOR('',#2874,1.);
#535=VECTOR('',#2877,1.);
#536=VECTOR('',#2880,1.);
#537=VECTOR('',#2883,1.);
#538=VECTOR('',#2886,1.);
#539=VECTOR('',#2899,1.);
#540=VECTOR('',#2902,1.);
#541=VECTOR('',#2903,1.);
#542=ORIENTED_EDGE('',*,*,#1124,.T.);
#543=ORIENTED_EDGE('',*,*,#1125,.T.);
#544=ORIENTED_EDGE('',*,*,#1126,.T.);
#545=ORIENTED_EDGE('',*,*,#1127,.T.);
#546=ORIENTED_EDGE('',*,*,#1128,.T.);
#547=ORIENTED_EDGE('',*,*,#1129,.T.);
#548=ORIENTED_EDGE('',*,*,#1130,.T.);
#549=ORIENTED_EDGE('',*,*,#1131,.T.);
#550=ORIENTED_EDGE('',*,*,#1132,.T.);
#551=ORIENTED_EDGE('',*,*,#1133,.T.);
#552=ORIENTED_EDGE('',*,*,#1134,.T.);
#553=ORIENTED_EDGE('',*,*,#1135,.T.);
#554=ORIENTED_EDGE('',*,*,#1136,.T.);
#555=ORIENTED_EDGE('',*,*,#1137,.T.);
#556=ORIENTED_EDGE('',*,*,#1138,.F.);
#557=ORIENTED_EDGE('',*,*,#1139,.T.);
#558=ORIENTED_EDGE('',*,*,#1128,.F.);
#559=ORIENTED_EDGE('',*,*,#1140,.F.);
#560=ORIENTED_EDGE('',*,*,#1141,.F.);
#561=ORIENTED_EDGE('',*,*,#1142,.T.);
#562=ORIENTED_EDGE('',*,*,#1143,.T.);
#563=ORIENTED_EDGE('',*,*,#1144,.T.);
#564=ORIENTED_EDGE('',*,*,#1145,.T.);
#565=ORIENTED_EDGE('',*,*,#1146,.T.);
#566=ORIENTED_EDGE('',*,*,#1147,.F.);
#567=ORIENTED_EDGE('',*,*,#1148,.T.);
#568=ORIENTED_EDGE('',*,*,#1149,.T.);
#569=ORIENTED_EDGE('',*,*,#1150,.F.);
#570=ORIENTED_EDGE('',*,*,#1151,.F.);
#571=ORIENTED_EDGE('',*,*,#1152,.T.);
#572=ORIENTED_EDGE('',*,*,#1143,.F.);
#573=ORIENTED_EDGE('',*,*,#1153,.F.);
#574=ORIENTED_EDGE('',*,*,#1154,.T.);
#575=ORIENTED_EDGE('',*,*,#1155,.T.);
#576=ORIENTED_EDGE('',*,*,#1134,.F.);
#577=ORIENTED_EDGE('',*,*,#1156,.T.);
#578=ORIENTED_EDGE('',*,*,#1157,.T.);
#579=ORIENTED_EDGE('',*,*,#1158,.F.);
#580=ORIENTED_EDGE('',*,*,#1159,.F.);
#581=ORIENTED_EDGE('',*,*,#1160,.F.);
#582=ORIENTED_EDGE('',*,*,#1161,.T.);
#583=ORIENTED_EDGE('',*,*,#1145,.F.);
#584=ORIENTED_EDGE('',*,*,#1162,.F.);
#585=ORIENTED_EDGE('',*,*,#1163,.T.);
#586=ORIENTED_EDGE('',*,*,#1164,.F.);
#587=ORIENTED_EDGE('',*,*,#1165,.F.);
#588=ORIENTED_EDGE('',*,*,#1133,.F.);
#589=ORIENTED_EDGE('',*,*,#1166,.F.);
#590=ORIENTED_EDGE('',*,*,#1167,.F.);
#591=ORIENTED_EDGE('',*,*,#1168,.F.);
#592=ORIENTED_EDGE('',*,*,#1157,.F.);
#593=ORIENTED_EDGE('',*,*,#1156,.F.);
#594=ORIENTED_EDGE('',*,*,#1169,.F.);
#595=ORIENTED_EDGE('',*,*,#1170,.T.);
#596=ORIENTED_EDGE('',*,*,#1171,.F.);
#597=ORIENTED_EDGE('',*,*,#1172,.F.);
#598=ORIENTED_EDGE('',*,*,#1158,.T.);
#599=ORIENTED_EDGE('',*,*,#1168,.T.);
#600=ORIENTED_EDGE('',*,*,#1173,.T.);
#601=ORIENTED_EDGE('',*,*,#1174,.T.);
#602=ORIENTED_EDGE('',*,*,#1175,.F.);
#603=ORIENTED_EDGE('',*,*,#1176,.F.);
#604=ORIENTED_EDGE('',*,*,#1177,.T.);
#605=ORIENTED_EDGE('',*,*,#1178,.F.);
#606=ORIENTED_EDGE('',*,*,#1179,.T.);
#607=ORIENTED_EDGE('',*,*,#1180,.T.);
#608=ORIENTED_EDGE('',*,*,#1181,.T.);
#609=ORIENTED_EDGE('',*,*,#1182,.F.);
#610=ORIENTED_EDGE('',*,*,#1175,.T.);
#611=ORIENTED_EDGE('',*,*,#1183,.T.);
#612=ORIENTED_EDGE('',*,*,#1184,.F.);
#613=ORIENTED_EDGE('',*,*,#1185,.T.);
#614=ORIENTED_EDGE('',*,*,#1186,.F.);
#615=ORIENTED_EDGE('',*,*,#1187,.T.);
#616=ORIENTED_EDGE('',*,*,#1188,.F.);
#617=ORIENTED_EDGE('',*,*,#1189,.T.);
#618=ORIENTED_EDGE('',*,*,#1190,.T.);
#619=ORIENTED_EDGE('',*,*,#1191,.T.);
#620=ORIENTED_EDGE('',*,*,#1192,.T.);
#621=ORIENTED_EDGE('',*,*,#1193,.T.);
#622=ORIENTED_EDGE('',*,*,#1194,.F.);
#623=ORIENTED_EDGE('',*,*,#1195,.T.);
#624=ORIENTED_EDGE('',*,*,#1169,.T.);
#625=ORIENTED_EDGE('',*,*,#1196,.T.);
#626=ORIENTED_EDGE('',*,*,#1197,.T.);
#627=ORIENTED_EDGE('',*,*,#1198,.F.);
#628=ORIENTED_EDGE('',*,*,#1199,.F.);
#629=ORIENTED_EDGE('',*,*,#1200,.T.);
#630=ORIENTED_EDGE('',*,*,#1201,.T.);
#631=ORIENTED_EDGE('',*,*,#1202,.T.);
#632=ORIENTED_EDGE('',*,*,#1203,.T.);
#633=ORIENTED_EDGE('',*,*,#1204,.T.);
#634=ORIENTED_EDGE('',*,*,#1205,.T.);
#635=ORIENTED_EDGE('',*,*,#1206,.F.);
#636=ORIENTED_EDGE('',*,*,#1207,.T.);
#637=ORIENTED_EDGE('',*,*,#1208,.T.);
#638=ORIENTED_EDGE('',*,*,#1209,.T.);
#639=ORIENTED_EDGE('',*,*,#1210,.T.);
#640=ORIENTED_EDGE('',*,*,#1211,.T.);
#641=ORIENTED_EDGE('',*,*,#1212,.F.);
#642=ORIENTED_EDGE('',*,*,#1178,.T.);
#643=ORIENTED_EDGE('',*,*,#1213,.T.);
#644=ORIENTED_EDGE('',*,*,#1214,.T.);
#645=ORIENTED_EDGE('',*,*,#1215,.F.);
#646=ORIENTED_EDGE('',*,*,#1188,.T.);
#647=ORIENTED_EDGE('',*,*,#1216,.T.);
#648=ORIENTED_EDGE('',*,*,#1186,.T.);
#649=ORIENTED_EDGE('',*,*,#1217,.T.);
#650=ORIENTED_EDGE('',*,*,#1218,.T.);
#651=ORIENTED_EDGE('',*,*,#1219,.F.);
#652=ORIENTED_EDGE('',*,*,#1220,.T.);
#653=ORIENTED_EDGE('',*,*,#1176,.T.);
#654=ORIENTED_EDGE('',*,*,#1185,.F.);
#655=ORIENTED_EDGE('',*,*,#1221,.F.);
#656=ORIENTED_EDGE('',*,*,#1162,.T.);
#657=ORIENTED_EDGE('',*,*,#1222,.T.);
#658=ORIENTED_EDGE('',*,*,#1223,.T.);
#659=ORIENTED_EDGE('',*,*,#1224,.T.);
#660=ORIENTED_EDGE('',*,*,#1225,.T.);
#661=ORIENTED_EDGE('',*,*,#1226,.F.);
#662=ORIENTED_EDGE('',*,*,#1227,.T.);
#663=ORIENTED_EDGE('',*,*,#1228,.T.);
#664=ORIENTED_EDGE('',*,*,#1229,.F.);
#665=ORIENTED_EDGE('',*,*,#1230,.T.);
#666=ORIENTED_EDGE('',*,*,#1231,.T.);
#667=ORIENTED_EDGE('',*,*,#1232,.T.);
#668=ORIENTED_EDGE('',*,*,#1233,.F.);
#669=ORIENTED_EDGE('',*,*,#1234,.T.);
#670=ORIENTED_EDGE('',*,*,#1235,.T.);
#671=ORIENTED_EDGE('',*,*,#1236,.T.);
#672=ORIENTED_EDGE('',*,*,#1173,.F.);
#673=ORIENTED_EDGE('',*,*,#1167,.T.);
#674=ORIENTED_EDGE('',*,*,#1166,.T.);
#675=ORIENTED_EDGE('',*,*,#1132,.F.);
#676=ORIENTED_EDGE('',*,*,#1237,.T.);
#677=ORIENTED_EDGE('',*,*,#1238,.T.);
#678=ORIENTED_EDGE('',*,*,#1239,.F.);
#679=ORIENTED_EDGE('',*,*,#1240,.T.);
#680=ORIENTED_EDGE('',*,*,#1170,.F.);
#681=ORIENTED_EDGE('',*,*,#1195,.F.);
#682=ORIENTED_EDGE('',*,*,#1241,.F.);
#683=ORIENTED_EDGE('',*,*,#1234,.F.);
#684=ORIENTED_EDGE('',*,*,#1242,.F.);
#685=ORIENTED_EDGE('',*,*,#1243,.T.);
#686=ORIENTED_EDGE('',*,*,#1243,.F.);
#687=ORIENTED_EDGE('',*,*,#1244,.T.);
#688=ORIENTED_EDGE('',*,*,#1232,.F.);
#689=ORIENTED_EDGE('',*,*,#1245,.F.);
#690=ORIENTED_EDGE('',*,*,#1246,.F.);
#691=ORIENTED_EDGE('',*,*,#1247,.F.);
#692=ORIENTED_EDGE('',*,*,#1196,.F.);
#693=ORIENTED_EDGE('',*,*,#1171,.T.);
#694=ORIENTED_EDGE('',*,*,#1240,.F.);
#695=ORIENTED_EDGE('',*,*,#1247,.T.);
#696=ORIENTED_EDGE('',*,*,#1248,.F.);
#697=ORIENTED_EDGE('',*,*,#1249,.F.);
#698=ORIENTED_EDGE('',*,*,#1250,.F.);
#699=ORIENTED_EDGE('',*,*,#1251,.T.);
#700=ORIENTED_EDGE('',*,*,#1252,.F.);
#701=ORIENTED_EDGE('',*,*,#1197,.F.);
#702=ORIENTED_EDGE('',*,*,#1249,.T.);
#703=ORIENTED_EDGE('',*,*,#1253,.T.);
#704=ORIENTED_EDGE('',*,*,#1245,.T.);
#705=ORIENTED_EDGE('',*,*,#1231,.F.);
#706=ORIENTED_EDGE('',*,*,#1254,.F.);
#707=ORIENTED_EDGE('',*,*,#1255,.T.);
#708=ORIENTED_EDGE('',*,*,#1256,.F.);
#709=ORIENTED_EDGE('',*,*,#1257,.F.);
#710=ORIENTED_EDGE('',*,*,#1258,.F.);
#711=ORIENTED_EDGE('',*,*,#1259,.F.);
#712=ORIENTED_EDGE('',*,*,#1260,.F.);
#713=ORIENTED_EDGE('',*,*,#1204,.F.);
#714=ORIENTED_EDGE('',*,*,#1261,.T.);
#715=ORIENTED_EDGE('',*,*,#1262,.T.);
#716=ORIENTED_EDGE('',*,*,#1223,.F.);
#717=ORIENTED_EDGE('',*,*,#1263,.F.);
#718=ORIENTED_EDGE('',*,*,#1141,.T.);
#719=ORIENTED_EDGE('',*,*,#1264,.F.);
#720=ORIENTED_EDGE('',*,*,#1265,.T.);
#721=ORIENTED_EDGE('',*,*,#1266,.F.);
#722=ORIENTED_EDGE('',*,*,#1153,.T.);
#723=ORIENTED_EDGE('',*,*,#1150,.T.);
#724=ORIENTED_EDGE('',*,*,#1267,.F.);
#725=ORIENTED_EDGE('',*,*,#1268,.T.);
#726=ORIENTED_EDGE('',*,*,#1269,.T.);
#727=ORIENTED_EDGE('',*,*,#1264,.T.);
#728=ORIENTED_EDGE('',*,*,#1270,.F.);
#729=ORIENTED_EDGE('',*,*,#1271,.T.);
#730=ORIENTED_EDGE('',*,*,#1272,.T.);
#731=ORIENTED_EDGE('',*,*,#1273,.T.);
#732=ORIENTED_EDGE('',*,*,#1274,.T.);
#733=ORIENTED_EDGE('',*,*,#1138,.T.);
#734=ORIENTED_EDGE('',*,*,#1275,.T.);
#735=ORIENTED_EDGE('',*,*,#1276,.T.);
#736=ORIENTED_EDGE('',*,*,#1277,.T.);
#737=ORIENTED_EDGE('',*,*,#1151,.T.);
#738=ORIENTED_EDGE('',*,*,#1266,.T.);
#739=ORIENTED_EDGE('',*,*,#1278,.T.);
#740=ORIENTED_EDGE('',*,*,#1164,.T.);
#741=ORIENTED_EDGE('',*,*,#1279,.T.);
#742=ORIENTED_EDGE('',*,*,#1280,.T.);
#743=ORIENTED_EDGE('',*,*,#1281,.F.);
#744=ORIENTED_EDGE('',*,*,#1282,.T.);
#745=ORIENTED_EDGE('',*,*,#1270,.T.);
#746=ORIENTED_EDGE('',*,*,#1267,.T.);
#747=ORIENTED_EDGE('',*,*,#1149,.F.);
#748=ORIENTED_EDGE('',*,*,#1283,.T.);
#749=ORIENTED_EDGE('',*,*,#1146,.F.);
#750=ORIENTED_EDGE('',*,*,#1284,.T.);
#751=ORIENTED_EDGE('',*,*,#1209,.F.);
#752=ORIENTED_EDGE('',*,*,#1208,.F.);
#753=ORIENTED_EDGE('',*,*,#1285,.T.);
#754=ORIENTED_EDGE('',*,*,#1286,.T.);
#755=ORIENTED_EDGE('',*,*,#1147,.T.);
#756=ORIENTED_EDGE('',*,*,#1272,.F.);
#757=ORIENTED_EDGE('',*,*,#1287,.T.);
#758=ORIENTED_EDGE('',*,*,#1288,.T.);
#759=ORIENTED_EDGE('',*,*,#1206,.T.);
#760=ORIENTED_EDGE('',*,*,#1205,.F.);
#761=ORIENTED_EDGE('',*,*,#1289,.F.);
#762=ORIENTED_EDGE('',*,*,#1273,.F.);
#763=ORIENTED_EDGE('',*,*,#1290,.T.);
#764=ORIENTED_EDGE('',*,*,#1291,.T.);
#765=ORIENTED_EDGE('',*,*,#1281,.T.);
#766=ORIENTED_EDGE('',*,*,#1292,.T.);
#767=ORIENTED_EDGE('',*,*,#1148,.F.);
#768=ORIENTED_EDGE('',*,*,#1286,.F.);
#769=ORIENTED_EDGE('',*,*,#1293,.F.);
#770=ORIENTED_EDGE('',*,*,#1292,.F.);
#771=ORIENTED_EDGE('',*,*,#1283,.F.);
#772=ORIENTED_EDGE('',*,*,#1207,.F.);
#773=ORIENTED_EDGE('',*,*,#1288,.F.);
#774=ORIENTED_EDGE('',*,*,#1294,.F.);
#775=ORIENTED_EDGE('',*,*,#1290,.F.);
#776=ORIENTED_EDGE('',*,*,#1293,.T.);
#777=ORIENTED_EDGE('',*,*,#1285,.F.);
#778=ORIENTED_EDGE('',*,*,#1282,.F.);
#779=ORIENTED_EDGE('',*,*,#1291,.F.);
#780=ORIENTED_EDGE('',*,*,#1294,.T.);
#781=ORIENTED_EDGE('',*,*,#1287,.F.);
#782=ORIENTED_EDGE('',*,*,#1271,.F.);
#783=ORIENTED_EDGE('',*,*,#1295,.T.);
#784=ORIENTED_EDGE('',*,*,#1280,.F.);
#785=ORIENTED_EDGE('',*,*,#1296,.T.);
#786=ORIENTED_EDGE('',*,*,#1279,.F.);
#787=ORIENTED_EDGE('',*,*,#1295,.F.);
#788=ORIENTED_EDGE('',*,*,#1192,.F.);
#789=ORIENTED_EDGE('',*,*,#1296,.F.);
#790=ORIENTED_EDGE('',*,*,#1193,.F.);
#791=ORIENTED_EDGE('',*,*,#1265,.F.);
#792=ORIENTED_EDGE('',*,*,#1269,.F.);
#793=ORIENTED_EDGE('',*,*,#1297,.F.);
#794=ORIENTED_EDGE('',*,*,#1278,.F.);
#795=ORIENTED_EDGE('',*,*,#1165,.T.);
#796=ORIENTED_EDGE('',*,*,#1297,.T.);
#797=ORIENTED_EDGE('',*,*,#1298,.F.);
#798=ORIENTED_EDGE('',*,*,#1289,.T.);
#799=ORIENTED_EDGE('',*,*,#1263,.T.);
#800=ORIENTED_EDGE('',*,*,#1299,.F.);
#801=ORIENTED_EDGE('',*,*,#1298,.T.);
#802=ORIENTED_EDGE('',*,*,#1268,.F.);
#803=ORIENTED_EDGE('',*,*,#1299,.T.);
#804=ORIENTED_EDGE('',*,*,#1222,.F.);
#805=ORIENTED_EDGE('',*,*,#1300,.T.);
#806=ORIENTED_EDGE('',*,*,#1301,.F.);
#807=ORIENTED_EDGE('',*,*,#1260,.T.);
#808=ORIENTED_EDGE('',*,*,#1302,.T.);
#809=ORIENTED_EDGE('',*,*,#1303,.T.);
#810=ORIENTED_EDGE('',*,*,#1304,.T.);
#811=ORIENTED_EDGE('',*,*,#1305,.F.);
#812=ORIENTED_EDGE('',*,*,#1258,.T.);
#813=ORIENTED_EDGE('',*,*,#1306,.F.);
#814=ORIENTED_EDGE('',*,*,#1300,.F.);
#815=ORIENTED_EDGE('',*,*,#1307,.F.);
#816=ORIENTED_EDGE('',*,*,#1200,.F.);
#817=ORIENTED_EDGE('',*,*,#1308,.F.);
#818=ORIENTED_EDGE('',*,*,#1228,.F.);
#819=ORIENTED_EDGE('',*,*,#1309,.F.);
#820=ORIENTED_EDGE('',*,*,#1304,.F.);
#821=ORIENTED_EDGE('',*,*,#1310,.T.);
#822=ORIENTED_EDGE('',*,*,#1311,.T.);
#823=ORIENTED_EDGE('',*,*,#1312,.F.);
#824=ORIENTED_EDGE('',*,*,#1226,.T.);
#825=ORIENTED_EDGE('',*,*,#1313,.T.);
#826=ORIENTED_EDGE('',*,*,#1314,.T.);
#827=ORIENTED_EDGE('',*,*,#1315,.F.);
#828=ORIENTED_EDGE('',*,*,#1316,.T.);
#829=ORIENTED_EDGE('',*,*,#1317,.F.);
#830=ORIENTED_EDGE('',*,*,#1318,.T.);
#831=ORIENTED_EDGE('',*,*,#1319,.T.);
#832=ORIENTED_EDGE('',*,*,#1202,.F.);
#833=ORIENTED_EDGE('',*,*,#1320,.F.);
#834=ORIENTED_EDGE('',*,*,#1315,.T.);
#835=ORIENTED_EDGE('',*,*,#1321,.T.);
#836=ORIENTED_EDGE('',*,*,#1317,.T.);
#837=ORIENTED_EDGE('',*,*,#1201,.F.);
#838=ORIENTED_EDGE('',*,*,#1307,.T.);
#839=ORIENTED_EDGE('',*,*,#1302,.F.);
#840=ORIENTED_EDGE('',*,*,#1259,.T.);
#841=ORIENTED_EDGE('',*,*,#1305,.T.);
#842=ORIENTED_EDGE('',*,*,#1309,.T.);
#843=ORIENTED_EDGE('',*,*,#1227,.F.);
#844=ORIENTED_EDGE('',*,*,#1312,.T.);
#845=ORIENTED_EDGE('',*,*,#1322,.T.);
#846=ORIENTED_EDGE('',*,*,#1225,.F.);
#847=ORIENTED_EDGE('',*,*,#1323,.T.);
#848=ORIENTED_EDGE('',*,*,#1261,.F.);
#849=ORIENTED_EDGE('',*,*,#1203,.F.);
#850=ORIENTED_EDGE('',*,*,#1319,.F.);
#851=ORIENTED_EDGE('',*,*,#1324,.T.);
#852=ORIENTED_EDGE('',*,*,#1313,.F.);
#853=ORIENTED_EDGE('',*,*,#1325,.T.);
#854=ORIENTED_EDGE('',*,*,#1310,.F.);
#855=ORIENTED_EDGE('',*,*,#1326,.F.);
#856=ORIENTED_EDGE('',*,*,#1327,.T.);
#857=ORIENTED_EDGE('',*,*,#1254,.T.);
#858=ORIENTED_EDGE('',*,*,#1230,.F.);
#859=ORIENTED_EDGE('',*,*,#1252,.T.);
#860=ORIENTED_EDGE('',*,*,#1328,.T.);
#861=ORIENTED_EDGE('',*,*,#1329,.F.);
#862=ORIENTED_EDGE('',*,*,#1198,.T.);
#863=ORIENTED_EDGE('',*,*,#1256,.T.);
#864=ORIENTED_EDGE('',*,*,#1330,.T.);
#865=ORIENTED_EDGE('',*,*,#1331,.F.);
#866=ORIENTED_EDGE('',*,*,#1332,.T.);
#867=ORIENTED_EDGE('',*,*,#1333,.F.);
#868=ORIENTED_EDGE('',*,*,#1331,.T.);
#869=ORIENTED_EDGE('',*,*,#1334,.T.);
#870=ORIENTED_EDGE('',*,*,#1326,.T.);
#871=ORIENTED_EDGE('',*,*,#1229,.T.);
#872=ORIENTED_EDGE('',*,*,#1308,.T.);
#873=ORIENTED_EDGE('',*,*,#1303,.F.);
#874=ORIENTED_EDGE('',*,*,#1257,.T.);
#875=ORIENTED_EDGE('',*,*,#1301,.T.);
#876=ORIENTED_EDGE('',*,*,#1306,.T.);
#877=ORIENTED_EDGE('',*,*,#1199,.T.);
#878=ORIENTED_EDGE('',*,*,#1329,.T.);
#879=ORIENTED_EDGE('',*,*,#1335,.T.);
#880=ORIENTED_EDGE('',*,*,#1334,.F.);
#881=ORIENTED_EDGE('',*,*,#1330,.F.);
#882=ORIENTED_EDGE('',*,*,#1255,.F.);
#883=ORIENTED_EDGE('',*,*,#1327,.F.);
#884=ORIENTED_EDGE('',*,*,#1335,.F.);
#885=ORIENTED_EDGE('',*,*,#1328,.F.);
#886=ORIENTED_EDGE('',*,*,#1251,.F.);
#887=ORIENTED_EDGE('',*,*,#1332,.F.);
#888=ORIENTED_EDGE('',*,*,#1321,.F.);
#889=ORIENTED_EDGE('',*,*,#1314,.F.);
#890=ORIENTED_EDGE('',*,*,#1324,.F.);
#891=ORIENTED_EDGE('',*,*,#1318,.F.);
#892=ORIENTED_EDGE('',*,*,#1322,.F.);
#893=ORIENTED_EDGE('',*,*,#1311,.F.);
#894=ORIENTED_EDGE('',*,*,#1325,.F.);
#895=ORIENTED_EDGE('',*,*,#1316,.F.);
#896=ORIENTED_EDGE('',*,*,#1333,.T.);
#897=ORIENTED_EDGE('',*,*,#1250,.T.);
#898=ORIENTED_EDGE('',*,*,#1320,.T.);
#899=ORIENTED_EDGE('',*,*,#1323,.F.);
#900=ORIENTED_EDGE('',*,*,#1336,.F.);
#901=ORIENTED_EDGE('',*,*,#1336,.T.);
#902=ORIENTED_EDGE('',*,*,#1224,.F.);
#903=ORIENTED_EDGE('',*,*,#1262,.F.);
#904=ORIENTED_EDGE('',*,*,#1253,.F.);
#905=ORIENTED_EDGE('',*,*,#1248,.T.);
#906=ORIENTED_EDGE('',*,*,#1246,.T.);
#907=ORIENTED_EDGE('',*,*,#1337,.T.);
#908=ORIENTED_EDGE('',*,*,#1235,.F.);
#909=ORIENTED_EDGE('',*,*,#1241,.T.);
#910=ORIENTED_EDGE('',*,*,#1194,.T.);
#911=ORIENTED_EDGE('',*,*,#1338,.T.);
#912=ORIENTED_EDGE('',*,*,#1339,.F.);
#913=ORIENTED_EDGE('',*,*,#1340,.T.);
#914=ORIENTED_EDGE('',*,*,#1214,.F.);
#915=ORIENTED_EDGE('',*,*,#1341,.T.);
#916=ORIENTED_EDGE('',*,*,#1219,.T.);
#917=ORIENTED_EDGE('',*,*,#1184,.T.);
#918=ORIENTED_EDGE('',*,*,#1342,.T.);
#919=ORIENTED_EDGE('',*,*,#1339,.T.);
#920=ORIENTED_EDGE('',*,*,#1343,.T.);
#921=ORIENTED_EDGE('',*,*,#1190,.F.);
#922=ORIENTED_EDGE('',*,*,#1344,.T.);
#923=ORIENTED_EDGE('',*,*,#1345,.F.);
#924=ORIENTED_EDGE('',*,*,#1160,.T.);
#925=ORIENTED_EDGE('',*,*,#1346,.T.);
#926=ORIENTED_EDGE('',*,*,#1347,.T.);
#927=ORIENTED_EDGE('',*,*,#1348,.F.);
#928=ORIENTED_EDGE('',*,*,#1349,.T.);
#929=ORIENTED_EDGE('',*,*,#1211,.F.);
#930=ORIENTED_EDGE('',*,*,#1350,.T.);
#931=ORIENTED_EDGE('',*,*,#1348,.T.);
#932=ORIENTED_EDGE('',*,*,#1351,.T.);
#933=ORIENTED_EDGE('',*,*,#1180,.F.);
#934=ORIENTED_EDGE('',*,*,#1352,.T.);
#935=ORIENTED_EDGE('',*,*,#1191,.F.);
#936=ORIENTED_EDGE('',*,*,#1343,.F.);
#937=ORIENTED_EDGE('',*,*,#1338,.F.);
#938=ORIENTED_EDGE('',*,*,#1217,.F.);
#939=ORIENTED_EDGE('',*,*,#1189,.F.);
#940=ORIENTED_EDGE('',*,*,#1215,.T.);
#941=ORIENTED_EDGE('',*,*,#1340,.F.);
#942=ORIENTED_EDGE('',*,*,#1344,.F.);
#943=ORIENTED_EDGE('',*,*,#1347,.F.);
#944=ORIENTED_EDGE('',*,*,#1353,.F.);
#945=ORIENTED_EDGE('',*,*,#1181,.F.);
#946=ORIENTED_EDGE('',*,*,#1351,.F.);
#947=ORIENTED_EDGE('',*,*,#1179,.F.);
#948=ORIENTED_EDGE('',*,*,#1212,.T.);
#949=ORIENTED_EDGE('',*,*,#1349,.F.);
#950=ORIENTED_EDGE('',*,*,#1352,.F.);
#951=ORIENTED_EDGE('',*,*,#1350,.F.);
#952=ORIENTED_EDGE('',*,*,#1210,.F.);
#953=ORIENTED_EDGE('',*,*,#1284,.F.);
#954=ORIENTED_EDGE('',*,*,#1161,.F.);
#955=ORIENTED_EDGE('',*,*,#1341,.F.);
#956=ORIENTED_EDGE('',*,*,#1213,.F.);
#957=ORIENTED_EDGE('',*,*,#1177,.F.);
#958=ORIENTED_EDGE('',*,*,#1220,.F.);
#959=ORIENTED_EDGE('',*,*,#1172,.T.);
#960=ORIENTED_EDGE('',*,*,#1345,.T.);
#961=ORIENTED_EDGE('',*,*,#1354,.F.);
#962=ORIENTED_EDGE('',*,*,#1187,.F.);
#963=ORIENTED_EDGE('',*,*,#1337,.F.);
#964=ORIENTED_EDGE('',*,*,#1354,.T.);
#965=ORIENTED_EDGE('',*,*,#1216,.F.);
#966=ORIENTED_EDGE('',*,*,#1244,.F.);
#967=ORIENTED_EDGE('',*,*,#1242,.T.);
#968=ORIENTED_EDGE('',*,*,#1233,.T.);
#969=ORIENTED_EDGE('',*,*,#1159,.T.);
#970=ORIENTED_EDGE('',*,*,#1182,.T.);
#971=ORIENTED_EDGE('',*,*,#1353,.T.);
#972=ORIENTED_EDGE('',*,*,#1346,.F.);
#973=ORIENTED_EDGE('',*,*,#1342,.F.);
#974=ORIENTED_EDGE('',*,*,#1183,.F.);
#975=ORIENTED_EDGE('',*,*,#1174,.F.);
#976=ORIENTED_EDGE('',*,*,#1236,.F.);
#977=ORIENTED_EDGE('',*,*,#1355,.T.);
#978=ORIENTED_EDGE('',*,*,#1356,.T.);
#979=ORIENTED_EDGE('',*,*,#1357,.T.);
#980=ORIENTED_EDGE('',*,*,#1358,.T.);
#981=ORIENTED_EDGE('',*,*,#1275,.F.);
#982=ORIENTED_EDGE('',*,*,#1359,.T.);
#983=ORIENTED_EDGE('',*,*,#1360,.T.);
#984=ORIENTED_EDGE('',*,*,#1361,.T.);
#985=ORIENTED_EDGE('',*,*,#1362,.T.);
#986=ORIENTED_EDGE('',*,*,#1363,.T.);
#987=ORIENTED_EDGE('',*,*,#1364,.T.);
#988=ORIENTED_EDGE('',*,*,#1144,.F.);
#989=ORIENTED_EDGE('',*,*,#1365,.T.);
#990=ORIENTED_EDGE('',*,*,#1366,.T.);
#991=ORIENTED_EDGE('',*,*,#1367,.T.);
#992=ORIENTED_EDGE('',*,*,#1368,.T.);
#993=ORIENTED_EDGE('',*,*,#1369,.T.);
#994=ORIENTED_EDGE('',*,*,#1370,.F.);
#995=ORIENTED_EDGE('',*,*,#1371,.T.);
#996=ORIENTED_EDGE('',*,*,#1372,.T.);
#997=ORIENTED_EDGE('',*,*,#1373,.F.);
#998=ORIENTED_EDGE('',*,*,#1374,.F.);
#999=ORIENTED_EDGE('',*,*,#1239,.T.);
#1000=ORIENTED_EDGE('',*,*,#1142,.F.);
#1001=ORIENTED_EDGE('',*,*,#1374,.T.);
#1002=ORIENTED_EDGE('',*,*,#1375,.F.);
#1003=ORIENTED_EDGE('',*,*,#1376,.F.);
#1004=ORIENTED_EDGE('',*,*,#1370,.T.);
#1005=ORIENTED_EDGE('',*,*,#1377,.T.);
#1006=ORIENTED_EDGE('',*,*,#1378,.T.);
#1007=ORIENTED_EDGE('',*,*,#1379,.F.);
#1008=ORIENTED_EDGE('',*,*,#1371,.F.);
#1009=ORIENTED_EDGE('',*,*,#1376,.T.);
#1010=ORIENTED_EDGE('',*,*,#1380,.F.);
#1011=ORIENTED_EDGE('',*,*,#1377,.F.);
#1012=ORIENTED_EDGE('',*,*,#1373,.T.);
#1013=ORIENTED_EDGE('',*,*,#1381,.T.);
#1014=ORIENTED_EDGE('',*,*,#1382,.F.);
#1015=ORIENTED_EDGE('',*,*,#1383,.F.);
#1016=ORIENTED_EDGE('',*,*,#1384,.F.);
#1017=ORIENTED_EDGE('',*,*,#1385,.T.);
#1018=ORIENTED_EDGE('',*,*,#1378,.F.);
#1019=ORIENTED_EDGE('',*,*,#1375,.T.);
#1020=ORIENTED_EDGE('',*,*,#1380,.T.);
#1021=ORIENTED_EDGE('',*,*,#1386,.F.);
#1022=ORIENTED_EDGE('',*,*,#1387,.T.);
#1023=ORIENTED_EDGE('',*,*,#1383,.T.);
#1024=ORIENTED_EDGE('',*,*,#1388,.T.);
#1025=ORIENTED_EDGE('',*,*,#1384,.T.);
#1026=ORIENTED_EDGE('',*,*,#1389,.T.);
#1027=ORIENTED_EDGE('',*,*,#1385,.F.);
#1028=ORIENTED_EDGE('',*,*,#1390,.T.);
#1029=ORIENTED_EDGE('',*,*,#1382,.T.);
#1030=ORIENTED_EDGE('',*,*,#1379,.T.);
#1031=ORIENTED_EDGE('',*,*,#1386,.T.);
#1032=ORIENTED_EDGE('',*,*,#1381,.F.);
#1033=ORIENTED_EDGE('',*,*,#1372,.F.);
#1034=ORIENTED_EDGE('',*,*,#1364,.F.);
#1035=ORIENTED_EDGE('',*,*,#1391,.T.);
#1036=ORIENTED_EDGE('',*,*,#1392,.T.);
#1037=ORIENTED_EDGE('',*,*,#1393,.T.);
#1038=ORIENTED_EDGE('',*,*,#1154,.F.);
#1039=ORIENTED_EDGE('',*,*,#1152,.F.);
#1040=ORIENTED_EDGE('',*,*,#1277,.F.);
#1041=ORIENTED_EDGE('',*,*,#1394,.F.);
#1042=ORIENTED_EDGE('',*,*,#1362,.F.);
#1043=ORIENTED_EDGE('',*,*,#1155,.F.);
#1044=ORIENTED_EDGE('',*,*,#1393,.F.);
#1045=ORIENTED_EDGE('',*,*,#1395,.F.);
#1046=ORIENTED_EDGE('',*,*,#1135,.F.);
#1047=ORIENTED_EDGE('',*,*,#1396,.F.);
#1048=ORIENTED_EDGE('',*,*,#1136,.F.);
#1049=ORIENTED_EDGE('',*,*,#1397,.F.);
#1050=ORIENTED_EDGE('',*,*,#1355,.F.);
#1051=ORIENTED_EDGE('',*,*,#1140,.T.);
#1052=ORIENTED_EDGE('',*,*,#1137,.F.);
#1053=ORIENTED_EDGE('',*,*,#1398,.F.);
#1054=ORIENTED_EDGE('',*,*,#1359,.F.);
#1055=ORIENTED_EDGE('',*,*,#1399,.F.);
#1056=ORIENTED_EDGE('',*,*,#1400,.F.);
#1057=ORIENTED_EDGE('',*,*,#1394,.T.);
#1058=ORIENTED_EDGE('',*,*,#1400,.T.);
#1059=ORIENTED_EDGE('',*,*,#1367,.F.);
#1060=ORIENTED_EDGE('',*,*,#1401,.F.);
#1061=ORIENTED_EDGE('',*,*,#1363,.F.);
#1062=ORIENTED_EDGE('',*,*,#1397,.T.);
#1063=ORIENTED_EDGE('',*,*,#1395,.T.);
#1064=ORIENTED_EDGE('',*,*,#1402,.F.);
#1065=ORIENTED_EDGE('',*,*,#1398,.T.);
#1066=ORIENTED_EDGE('',*,*,#1396,.T.);
#1067=ORIENTED_EDGE('',*,*,#1403,.F.);
#1068=ORIENTED_EDGE('',*,*,#1399,.T.);
#1069=ORIENTED_EDGE('',*,*,#1276,.F.);
#1070=ORIENTED_EDGE('',*,*,#1404,.F.);
#1071=ORIENTED_EDGE('',*,*,#1368,.F.);
#1072=ORIENTED_EDGE('',*,*,#1401,.T.);
#1073=ORIENTED_EDGE('',*,*,#1366,.F.);
#1074=ORIENTED_EDGE('',*,*,#1405,.F.);
#1075=ORIENTED_EDGE('',*,*,#1391,.F.);
#1076=ORIENTED_EDGE('',*,*,#1402,.T.);
#1077=ORIENTED_EDGE('',*,*,#1392,.F.);
#1078=ORIENTED_EDGE('',*,*,#1406,.F.);
#1079=ORIENTED_EDGE('',*,*,#1356,.F.);
#1080=ORIENTED_EDGE('',*,*,#1403,.T.);
#1081=ORIENTED_EDGE('',*,*,#1358,.F.);
#1082=ORIENTED_EDGE('',*,*,#1407,.F.);
#1083=ORIENTED_EDGE('',*,*,#1360,.F.);
#1084=ORIENTED_EDGE('',*,*,#1404,.T.);
#1085=ORIENTED_EDGE('',*,*,#1361,.F.);
#1086=ORIENTED_EDGE('',*,*,#1408,.F.);
#1087=ORIENTED_EDGE('',*,*,#1369,.F.);
#1088=ORIENTED_EDGE('',*,*,#1406,.T.);
#1089=ORIENTED_EDGE('',*,*,#1405,.T.);
#1090=ORIENTED_EDGE('',*,*,#1409,.F.);
#1091=ORIENTED_EDGE('',*,*,#1408,.T.);
#1092=ORIENTED_EDGE('',*,*,#1407,.T.);
#1093=ORIENTED_EDGE('',*,*,#1410,.F.);
#1094=ORIENTED_EDGE('',*,*,#1409,.T.);
#1095=ORIENTED_EDGE('',*,*,#1365,.F.);
#1096=ORIENTED_EDGE('',*,*,#1410,.T.);
#1097=ORIENTED_EDGE('',*,*,#1357,.F.);
#1098=ORIENTED_EDGE('',*,*,#1390,.F.);
#1099=ORIENTED_EDGE('',*,*,#1125,.F.);
#1100=ORIENTED_EDGE('',*,*,#1387,.F.);
#1101=ORIENTED_EDGE('',*,*,#1126,.F.);
#1102=ORIENTED_EDGE('',*,*,#1388,.F.);
#1103=ORIENTED_EDGE('',*,*,#1127,.F.);
#1104=ORIENTED_EDGE('',*,*,#1124,.F.);
#1105=ORIENTED_EDGE('',*,*,#1389,.F.);
#1106=ORIENTED_EDGE('',*,*,#1131,.F.);
#1107=ORIENTED_EDGE('',*,*,#1411,.T.);
#1108=ORIENTED_EDGE('',*,*,#1237,.F.);
#1109=ORIENTED_EDGE('',*,*,#1221,.T.);
#1110=ORIENTED_EDGE('',*,*,#1412,.T.);
#1111=ORIENTED_EDGE('',*,*,#1129,.F.);
#1112=ORIENTED_EDGE('',*,*,#1413,.T.);
#1113=ORIENTED_EDGE('',*,*,#1130,.F.);
#1114=ORIENTED_EDGE('',*,*,#1412,.F.);
#1115=ORIENTED_EDGE('',*,*,#1238,.F.);
#1116=ORIENTED_EDGE('',*,*,#1411,.F.);
#1117=ORIENTED_EDGE('',*,*,#1163,.F.);
#1118=ORIENTED_EDGE('',*,*,#1413,.F.);
#1119=ORIENTED_EDGE('',*,*,#1139,.F.);
#1120=ORIENTED_EDGE('',*,*,#1274,.F.);
#1121=ORIENTED_EDGE('',*,*,#1218,.F.);
#1122=ORIENTED_EDGE('',*,*,#1414,.F.);
#1123=ORIENTED_EDGE('',*,*,#1414,.T.);
#1124=EDGE_CURVE('',#1415,#1415,#1610,.F.);
#1125=EDGE_CURVE('',#1416,#1416,#1611,.F.);
#1126=EDGE_CURVE('',#1417,#1417,#1612,.F.);
#1127=EDGE_CURVE('',#1418,#1418,#1613,.F.);
#1128=EDGE_CURVE('',#1419,#1420,#32,.T.);
#1129=EDGE_CURVE('',#1420,#1421,#33,.T.);
#1130=EDGE_CURVE('',#1421,#1422,#34,.T.);
#1131=EDGE_CURVE('',#1422,#1423,#35,.T.);
#1132=EDGE_CURVE('',#1423,#1424,#36,.T.);
#1133=EDGE_CURVE('',#1424,#1425,#37,.F.);
#1134=EDGE_CURVE('',#1425,#1426,#38,.T.);
#1135=EDGE_CURVE('',#1426,#1427,#39,.T.);
#1136=EDGE_CURVE('',#1427,#1428,#40,.T.);
#1137=EDGE_CURVE('',#1428,#1419,#41,.T.);
#1138=EDGE_CURVE('',#1429,#1430,#42,.T.);
#1139=EDGE_CURVE('',#1429,#1420,#43,.T.);
#1140=EDGE_CURVE('',#1430,#1419,#44,.F.);
#1141=EDGE_CURVE('',#1431,#1431,#1614,.T.);
#1142=EDGE_CURVE('',#1432,#1432,#1615,.T.);
#1143=EDGE_CURVE('',#1433,#1434,#45,.T.);
#1144=EDGE_CURVE('',#1434,#1435,#46,.T.);
#1145=EDGE_CURVE('',#1435,#1436,#47,.T.);
#1146=EDGE_CURVE('',#1436,#1437,#48,.T.);
#1147=EDGE_CURVE('',#1438,#1437,#49,.T.);
#1148=EDGE_CURVE('',#1438,#1439,#50,.T.);
#1149=EDGE_CURVE('',#1439,#1440,#51,.T.);
#1150=EDGE_CURVE('',#1433,#1440,#52,.T.);
#1151=EDGE_CURVE('',#1441,#1442,#53,.T.);
#1152=EDGE_CURVE('',#1441,#1434,#54,.F.);
#1153=EDGE_CURVE('',#1442,#1433,#55,.F.);
#1154=EDGE_CURVE('',#1435,#1443,#56,.T.);
#1155=EDGE_CURVE('',#1443,#1426,#57,.T.);
#1156=EDGE_CURVE('',#1425,#1444,#58,.T.);
#1157=EDGE_CURVE('',#1444,#1445,#59,.T.);
#1158=EDGE_CURVE('',#1446,#1445,#60,.T.);
#1159=EDGE_CURVE('',#1447,#1446,#61,.T.);
#1160=EDGE_CURVE('',#1448,#1447,#62,.T.);
#1161=EDGE_CURVE('',#1448,#1436,#63,.T.);
#1162=EDGE_CURVE('',#1449,#1450,#64,.T.);
#1163=EDGE_CURVE('',#1449,#1451,#65,.T.);
#1164=EDGE_CURVE('',#1452,#1451,#66,.T.);
#1165=EDGE_CURVE('',#1450,#1452,#67,.F.);
#1166=EDGE_CURVE('',#1453,#1424,#68,.T.);
#1167=EDGE_CURVE('',#1454,#1453,#69,.T.);
#1168=EDGE_CURVE('',#1445,#1454,#70,.F.);
#1169=EDGE_CURVE('',#1455,#1456,#71,.T.);
#1170=EDGE_CURVE('',#1455,#1457,#72,.T.);
#1171=EDGE_CURVE('',#1456,#1457,#73,.T.);
#1172=EDGE_CURVE('',#1458,#1458,#1616,.T.);
#1173=EDGE_CURVE('',#1454,#1459,#74,.T.);
#1174=EDGE_CURVE('',#1459,#1460,#75,.F.);
#1175=EDGE_CURVE('',#1461,#1460,#76,.T.);
#1176=EDGE_CURVE('',#1462,#1461,#77,.T.);
#1177=EDGE_CURVE('',#1462,#1463,#78,.F.);
#1178=EDGE_CURVE('',#1464,#1463,#79,.T.);
#1179=EDGE_CURVE('',#1464,#1465,#80,.T.);
#1180=EDGE_CURVE('',#1465,#1466,#81,.T.);
#1181=EDGE_CURVE('',#1466,#1467,#82,.T.);
#1182=EDGE_CURVE('',#1446,#1467,#83,.T.);
#1183=EDGE_CURVE('',#1460,#1468,#84,.T.);
#1184=EDGE_CURVE('',#1469,#1468,#85,.T.);
#1185=EDGE_CURVE('',#1469,#1461,#86,.T.);
#1186=EDGE_CURVE('',#1470,#1471,#87,.T.);
#1187=EDGE_CURVE('',#1470,#1472,#1617,.T.);
#1188=EDGE_CURVE('',#1473,#1472,#88,.T.);
#1189=EDGE_CURVE('',#1473,#1474,#89,.T.);
#1190=EDGE_CURVE('',#1474,#1475,#90,.T.);
#1191=EDGE_CURVE('',#1475,#1471,#91,.F.);
#1192=EDGE_CURVE('',#1476,#1476,#1618,.T.);
#1193=EDGE_CURVE('',#1477,#1477,#1619,.T.);
#1194=EDGE_CURVE('',#1478,#1479,#92,.T.);
#1195=EDGE_CURVE('',#1478,#1455,#93,.T.);
#1196=EDGE_CURVE('',#1456,#1480,#94,.T.);
#1197=EDGE_CURVE('',#1480,#1481,#95,.T.);
#1198=EDGE_CURVE('',#1482,#1481,#96,.T.);
#1199=EDGE_CURVE('',#1483,#1482,#97,.T.);
#1200=EDGE_CURVE('',#1483,#1484,#98,.T.);
#1201=EDGE_CURVE('',#1484,#1485,#99,.T.);
#1202=EDGE_CURVE('',#1485,#1486,#100,.T.);
#1203=EDGE_CURVE('',#1486,#1487,#101,.T.);
#1204=EDGE_CURVE('',#1487,#1488,#102,.T.);
#1205=EDGE_CURVE('',#1488,#1489,#103,.T.);
#1206=EDGE_CURVE('',#1490,#1489,#104,.T.);
#1207=EDGE_CURVE('',#1490,#1491,#105,.T.);
#1208=EDGE_CURVE('',#1491,#1492,#106,.T.);
#1209=EDGE_CURVE('',#1492,#1493,#107,.T.);
#1210=EDGE_CURVE('',#1493,#1494,#108,.T.);
#1211=EDGE_CURVE('',#1494,#1495,#109,.T.);
#1212=EDGE_CURVE('',#1464,#1495,#110,.T.);
#1213=EDGE_CURVE('',#1463,#1496,#111,.T.);
#1214=EDGE_CURVE('',#1496,#1497,#112,.T.);
#1215=EDGE_CURVE('',#1473,#1497,#113,.T.);
#1216=EDGE_CURVE('',#1472,#1470,#114,.T.);
#1217=EDGE_CURVE('',#1471,#1479,#115,.T.);
#1218=EDGE_CURVE('',#1498,#1498,#1620,.T.);
#1219=EDGE_CURVE('',#1499,#1469,#116,.T.);
#1220=EDGE_CURVE('',#1499,#1462,#117,.T.);
#1221=EDGE_CURVE('',#1449,#1500,#118,.T.);
#1222=EDGE_CURVE('',#1450,#1501,#119,.T.);
#1223=EDGE_CURVE('',#1501,#1502,#120,.T.);
#1224=EDGE_CURVE('',#1502,#1503,#121,.T.);
#1225=EDGE_CURVE('',#1503,#1504,#122,.T.);
#1226=EDGE_CURVE('',#1505,#1504,#123,.T.);
#1227=EDGE_CURVE('',#1505,#1506,#124,.T.);
#1228=EDGE_CURVE('',#1506,#1507,#125,.T.);
#1229=EDGE_CURVE('',#1508,#1507,#126,.T.);
#1230=EDGE_CURVE('',#1508,#1509,#127,.T.);
#1231=EDGE_CURVE('',#1509,#1510,#128,.T.);
#1232=EDGE_CURVE('',#1510,#1511,#129,.F.);
#1233=EDGE_CURVE('',#1512,#1511,#130,.T.);
#1234=EDGE_CURVE('',#1512,#1513,#131,.T.);
#1235=EDGE_CURVE('',#1513,#1514,#132,.T.);
#1236=EDGE_CURVE('',#1514,#1459,#133,.T.);
#1237=EDGE_CURVE('',#1423,#1515,#134,.T.);
#1238=EDGE_CURVE('',#1515,#1500,#135,.T.);
#1239=EDGE_CURVE('',#1516,#1516,#1621,.T.);
#1240=EDGE_CURVE('',#1517,#1457,#136,.T.);
#1241=EDGE_CURVE('',#1513,#1478,#137,.T.);
#1242=EDGE_CURVE('',#1518,#1512,#138,.T.);
#1243=EDGE_CURVE('',#1518,#1517,#139,.F.);
#1244=EDGE_CURVE('',#1518,#1511,#140,.F.);
#1245=EDGE_CURVE('',#1519,#1510,#141,.F.);
#1246=EDGE_CURVE('',#1520,#1519,#142,.T.);
#1247=EDGE_CURVE('',#1517,#1520,#143,.T.);
#1248=EDGE_CURVE('',#1521,#1520,#144,.T.);
#1249=EDGE_CURVE('',#1480,#1521,#145,.T.);
#1250=EDGE_CURVE('',#1522,#1522,#1622,.T.);
#1251=EDGE_CURVE('',#1523,#1524,#146,.F.);
#1252=EDGE_CURVE('',#1481,#1524,#147,.T.);
#1253=EDGE_CURVE('',#1521,#1519,#148,.T.);
#1254=EDGE_CURVE('',#1525,#1509,#149,.T.);
#1255=EDGE_CURVE('',#1525,#1526,#150,.F.);
#1256=EDGE_CURVE('',#1523,#1526,#151,.T.);
#1257=EDGE_CURVE('',#1527,#1528,#1623,.F.);
#1258=EDGE_CURVE('',#1529,#1527,#152,.F.);
#1259=EDGE_CURVE('',#1530,#1529,#1624,.T.);
#1260=EDGE_CURVE('',#1528,#1530,#153,.T.);
#1261=EDGE_CURVE('',#1487,#1531,#154,.T.);
#1262=EDGE_CURVE('',#1531,#1502,#155,.T.);
#1263=EDGE_CURVE('',#1488,#1501,#156,.T.);
#1264=EDGE_CURVE('',#1532,#1533,#157,.T.);
#1265=EDGE_CURVE('',#1532,#1534,#158,.T.);
#1266=EDGE_CURVE('',#1442,#1534,#159,.T.);
#1267=EDGE_CURVE('',#1533,#1440,#160,.T.);
#1268=EDGE_CURVE('',#1535,#1536,#161,.T.);
#1269=EDGE_CURVE('',#1536,#1532,#162,.T.);
#1270=EDGE_CURVE('',#1537,#1533,#163,.T.);
#1271=EDGE_CURVE('',#1537,#1538,#164,.T.);
#1272=EDGE_CURVE('',#1538,#1539,#165,.T.);
#1273=EDGE_CURVE('',#1539,#1535,#166,.T.);
#1274=EDGE_CURVE('',#1451,#1429,#167,.T.);
#1275=EDGE_CURVE('',#1430,#1540,#168,.T.);
#1276=EDGE_CURVE('',#1540,#1541,#169,.T.);
#1277=EDGE_CURVE('',#1541,#1441,#170,.T.);
#1278=EDGE_CURVE('',#1534,#1452,#171,.T.);
#1279=EDGE_CURVE('',#1542,#1542,#1625,.T.);
#1280=EDGE_CURVE('',#1543,#1543,#1626,.T.);
#1281=EDGE_CURVE('',#1544,#1545,#172,.T.);
#1282=EDGE_CURVE('',#1544,#1537,#173,.F.);
#1283=EDGE_CURVE('',#1439,#1545,#174,.T.);
#1284=EDGE_CURVE('',#1436,#1493,#175,.F.);
#1285=EDGE_CURVE('',#1491,#1546,#176,.T.);
#1286=EDGE_CURVE('',#1546,#1438,#177,.T.);
#1287=EDGE_CURVE('',#1538,#1547,#178,.F.);
#1288=EDGE_CURVE('',#1547,#1490,#179,.T.);
#1289=EDGE_CURVE('',#1535,#1488,#180,.F.);
#1290=EDGE_CURVE('',#1548,#1549,#181,.T.);
#1291=EDGE_CURVE('',#1549,#1544,#182,.T.);
#1292=EDGE_CURVE('',#1545,#1548,#183,.T.);
#1293=EDGE_CURVE('',#1548,#1546,#184,.T.);
#1294=EDGE_CURVE('',#1549,#1547,#185,.F.);
#1295=EDGE_CURVE('',#1550,#1550,#1627,.F.);
#1296=EDGE_CURVE('',#1551,#1551,#1628,.F.);
#1297=EDGE_CURVE('',#1452,#1536,#186,.T.);
#1298=EDGE_CURVE('',#1450,#1536,#187,.F.);
#1299=EDGE_CURVE('',#1535,#1501,#188,.F.);
#1300=EDGE_CURVE('',#1552,#1553,#189,.T.);
#1301=EDGE_CURVE('',#1528,#1553,#190,.T.);
#1302=EDGE_CURVE('',#1530,#1552,#191,.T.);
#1303=EDGE_CURVE('',#1527,#1554,#192,.T.);
#1304=EDGE_CURVE('',#1554,#1555,#193,.T.);
#1305=EDGE_CURVE('',#1529,#1555,#194,.T.);
#1306=EDGE_CURVE('',#1553,#1483,#195,.F.);
#1307=EDGE_CURVE('',#1484,#1552,#196,.F.);
#1308=EDGE_CURVE('',#1507,#1554,#197,.F.);
#1309=EDGE_CURVE('',#1555,#1506,#198,.F.);
#1310=EDGE_CURVE('',#1504,#1556,#199,.T.);
#1311=EDGE_CURVE('',#1556,#1557,#200,.T.);
#1312=EDGE_CURVE('',#1505,#1557,#201,.T.);
#1313=EDGE_CURVE('',#1558,#1559,#202,.T.);
#1314=EDGE_CURVE('',#1559,#1560,#203,.T.);
#1315=EDGE_CURVE('',#1561,#1560,#204,.T.);
#1316=EDGE_CURVE('',#1561,#1558,#205,.T.);
#1317=EDGE_CURVE('',#1562,#1485,#206,.T.);
#1318=EDGE_CURVE('',#1562,#1563,#207,.T.);
#1319=EDGE_CURVE('',#1563,#1486,#208,.T.);
#1320=EDGE_CURVE('',#1564,#1564,#1629,.T.);
#1321=EDGE_CURVE('',#1560,#1562,#209,.F.);
#1322=EDGE_CURVE('',#1557,#1561,#210,.F.);
#1323=EDGE_CURVE('',#1503,#1531,#1630,.T.);
#1324=EDGE_CURVE('',#1563,#1559,#211,.F.);
#1325=EDGE_CURVE('',#1558,#1556,#212,.F.);
#1326=EDGE_CURVE('',#1565,#1508,#213,.T.);
#1327=EDGE_CURVE('',#1565,#1525,#214,.T.);
#1328=EDGE_CURVE('',#1524,#1566,#215,.T.);
#1329=EDGE_CURVE('',#1482,#1566,#216,.T.);
#1330=EDGE_CURVE('',#1526,#1567,#217,.T.);
#1331=EDGE_CURVE('',#1568,#1567,#218,.T.);
#1332=EDGE_CURVE('',#1568,#1523,#219,.T.);
#1333=EDGE_CURVE('',#1569,#1569,#1631,.T.);
#1334=EDGE_CURVE('',#1567,#1565,#220,.F.);
#1335=EDGE_CURVE('',#1566,#1568,#221,.F.);
#1336=EDGE_CURVE('',#1531,#1503,#1632,.T.);
#1337=EDGE_CURVE('',#1570,#1570,#1633,.T.);
#1338=EDGE_CURVE('',#1479,#1571,#222,.F.);
#1339=EDGE_CURVE('',#1572,#1571,#223,.T.);
#1340=EDGE_CURVE('',#1572,#1497,#224,.T.);
#1341=EDGE_CURVE('',#1496,#1499,#225,.F.);
#1342=EDGE_CURVE('',#1468,#1514,#226,.F.);
#1343=EDGE_CURVE('',#1571,#1475,#227,.T.);
#1344=EDGE_CURVE('',#1474,#1572,#228,.T.);
#1345=EDGE_CURVE('',#1573,#1573,#1634,.T.);
#1346=EDGE_CURVE('',#1447,#1574,#229,.T.);
#1347=EDGE_CURVE('',#1574,#1575,#230,.T.);
#1348=EDGE_CURVE('',#1576,#1575,#231,.T.);
#1349=EDGE_CURVE('',#1576,#1495,#232,.T.);
#1350=EDGE_CURVE('',#1494,#1448,#233,.F.);
#1351=EDGE_CURVE('',#1575,#1466,#234,.T.);
#1352=EDGE_CURVE('',#1465,#1576,#235,.T.);
#1353=EDGE_CURVE('',#1467,#1574,#236,.T.);
#1354=EDGE_CURVE('',#1472,#1470,#1635,.T.);
#1355=EDGE_CURVE('',#1577,#1578,#237,.T.);
#1356=EDGE_CURVE('',#1578,#1579,#238,.T.);
#1357=EDGE_CURVE('',#1579,#1580,#239,.T.);
#1358=EDGE_CURVE('',#1580,#1577,#240,.T.);
#1359=EDGE_CURVE('',#1430,#1581,#241,.T.);
#1360=EDGE_CURVE('',#1581,#1582,#242,.T.);
#1361=EDGE_CURVE('',#1582,#1540,#243,.T.);
#1362=EDGE_CURVE('',#1434,#1583,#244,.T.);
#1363=EDGE_CURVE('',#1583,#1584,#245,.T.);
#1364=EDGE_CURVE('',#1584,#1435,#246,.T.);
#1365=EDGE_CURVE('',#1585,#1586,#247,.T.);
#1366=EDGE_CURVE('',#1586,#1587,#248,.T.);
#1367=EDGE_CURVE('',#1587,#1588,#249,.T.);
#1368=EDGE_CURVE('',#1588,#1589,#250,.T.);
#1369=EDGE_CURVE('',#1589,#1585,#251,.T.);
#1370=EDGE_CURVE('',#1590,#1591,#252,.T.);
#1371=EDGE_CURVE('',#1590,#1592,#253,.T.);
#1372=EDGE_CURVE('',#1592,#1593,#254,.T.);
#1373=EDGE_CURVE('',#1591,#1593,#255,.T.);
#1374=EDGE_CURVE('',#1594,#1594,#1636,.T.);
#1375=EDGE_CURVE('',#1595,#1596,#256,.T.);
#1376=EDGE_CURVE('',#1590,#1595,#257,.T.);
#1377=EDGE_CURVE('',#1591,#1596,#258,.T.);
#1378=EDGE_CURVE('',#1595,#1597,#259,.T.);
#1379=EDGE_CURVE('',#1592,#1597,#260,.T.);
#1380=EDGE_CURVE('',#1596,#1598,#261,.T.);
#1381=EDGE_CURVE('',#1593,#1598,#262,.T.);
#1382=EDGE_CURVE('',#1599,#1599,#1637,.T.);
#1383=EDGE_CURVE('',#1600,#1600,#1638,.T.);
#1384=EDGE_CURVE('',#1601,#1601,#1639,.T.);
#1385=EDGE_CURVE('',#1602,#1602,#1640,.T.);
#1386=EDGE_CURVE('',#1597,#1598,#263,.T.);
#1387=EDGE_CURVE('',#1603,#1603,#1641,.T.);
#1388=EDGE_CURVE('',#1604,#1604,#1642,.T.);
#1389=EDGE_CURVE('',#1605,#1605,#1643,.T.);
#1390=EDGE_CURVE('',#1606,#1606,#1644,.T.);
#1391=EDGE_CURVE('',#1584,#1607,#264,.F.);
#1392=EDGE_CURVE('',#1607,#1608,#265,.F.);
#1393=EDGE_CURVE('',#1608,#1443,#266,.F.);
#1394=EDGE_CURVE('',#1583,#1541,#267,.T.);
#1395=EDGE_CURVE('',#1427,#1608,#268,.T.);
#1396=EDGE_CURVE('',#1428,#1577,#269,.T.);
#1397=EDGE_CURVE('',#1578,#1427,#270,.T.);
#1398=EDGE_CURVE('',#1581,#1428,#271,.F.);
#1399=EDGE_CURVE('',#1588,#1541,#272,.F.);
#1400=EDGE_CURVE('',#1583,#1588,#273,.T.);
#1401=EDGE_CURVE('',#1584,#1587,#274,.T.);
#1402=EDGE_CURVE('',#1578,#1608,#275,.T.);
#1403=EDGE_CURVE('',#1581,#1577,#276,.F.);
#1404=EDGE_CURVE('',#1589,#1540,#277,.F.);
#1405=EDGE_CURVE('',#1607,#1586,#278,.F.);
#1406=EDGE_CURVE('',#1579,#1607,#279,.F.);
#1407=EDGE_CURVE('',#1582,#1580,#280,.T.);
#1408=EDGE_CURVE('',#1585,#1582,#281,.T.);
#1409=EDGE_CURVE('',#1579,#1586,#282,.T.);
#1410=EDGE_CURVE('',#1585,#1580,#283,.T.);
#1411=EDGE_CURVE('',#1422,#1515,#284,.T.);
#1412=EDGE_CURVE('',#1500,#1421,#285,.T.);
#1413=EDGE_CURVE('',#1420,#1449,#286,.T.);
#1414=EDGE_CURVE('',#1609,#1609,#1645,.T.);
#1415=VERTEX_POINT('',#2917);
#1416=VERTEX_POINT('',#2919);
#1417=VERTEX_POINT('',#2921);
#1418=VERTEX_POINT('',#2923);
#1419=VERTEX_POINT('',#2925);
#1420=VERTEX_POINT('',#2926);
#1421=VERTEX_POINT('',#2928);
#1422=VERTEX_POINT('',#2930);
#1423=VERTEX_POINT('',#2932);
#1424=VERTEX_POINT('',#2934);
#1425=VERTEX_POINT('',#2936);
#1426=VERTEX_POINT('',#2938);
#1427=VERTEX_POINT('',#2940);
#1428=VERTEX_POINT('',#2942);
#1429=VERTEX_POINT('',#2946);
#1430=VERTEX_POINT('',#2947);
#1431=VERTEX_POINT('',#2952);
#1432=VERTEX_POINT('',#2954);
#1433=VERTEX_POINT('',#2957);
#1434=VERTEX_POINT('',#2958);
#1435=VERTEX_POINT('',#2960);
#1436=VERTEX_POINT('',#2962);
#1437=VERTEX_POINT('',#2964);
#1438=VERTEX_POINT('',#2966);
#1439=VERTEX_POINT('',#2968);
#1440=VERTEX_POINT('',#2970);
#1441=VERTEX_POINT('',#2974);
#1442=VERTEX_POINT('',#2975);
#1443=VERTEX_POINT('',#2980);
#1444=VERTEX_POINT('',#2983);
#1445=VERTEX_POINT('',#2985);
#1446=VERTEX_POINT('',#2987);
#1447=VERTEX_POINT('',#2989);
#1448=VERTEX_POINT('',#2991);
#1449=VERTEX_POINT('',#2995);
#1450=VERTEX_POINT('',#2996);
#1451=VERTEX_POINT('',#2998);
#1452=VERTEX_POINT('',#3000);
#1453=VERTEX_POINT('',#3004);
#1454=VERTEX_POINT('',#3006);
#1455=VERTEX_POINT('',#3010);
#1456=VERTEX_POINT('',#3011);
#1457=VERTEX_POINT('',#3013);
#1458=VERTEX_POINT('',#3017);
#1459=VERTEX_POINT('',#3019);
#1460=VERTEX_POINT('',#3021);
#1461=VERTEX_POINT('',#3023);
#1462=VERTEX_POINT('',#3025);
#1463=VERTEX_POINT('',#3027);
#1464=VERTEX_POINT('',#3029);
#1465=VERTEX_POINT('',#3031);
#1466=VERTEX_POINT('',#3033);
#1467=VERTEX_POINT('',#3035);
#1468=VERTEX_POINT('',#3039);
#1469=VERTEX_POINT('',#3041);
#1470=VERTEX_POINT('',#3045);
#1471=VERTEX_POINT('',#3046);
#1472=VERTEX_POINT('',#3048);
#1473=VERTEX_POINT('',#3050);
#1474=VERTEX_POINT('',#3052);
#1475=VERTEX_POINT('',#3054);
#1476=VERTEX_POINT('',#3058);
#1477=VERTEX_POINT('',#3060);
#1478=VERTEX_POINT('',#3062);
#1479=VERTEX_POINT('',#3063);
#1480=VERTEX_POINT('',#3066);
#1481=VERTEX_POINT('',#3068);
#1482=VERTEX_POINT('',#3070);
#1483=VERTEX_POINT('',#3072);
#1484=VERTEX_POINT('',#3074);
#1485=VERTEX_POINT('',#3076);
#1486=VERTEX_POINT('',#3078);
#1487=VERTEX_POINT('',#3080);
#1488=VERTEX_POINT('',#3082);
#1489=VERTEX_POINT('',#3084);
#1490=VERTEX_POINT('',#3086);
#1491=VERTEX_POINT('',#3088);
#1492=VERTEX_POINT('',#3090);
#1493=VERTEX_POINT('',#3092);
#1494=VERTEX_POINT('',#3094);
#1495=VERTEX_POINT('',#3096);
#1496=VERTEX_POINT('',#3099);
#1497=VERTEX_POINT('',#3101);
#1498=VERTEX_POINT('',#3106);
#1499=VERTEX_POINT('',#3109);
#1500=VERTEX_POINT('',#3113);
#1501=VERTEX_POINT('',#3115);
#1502=VERTEX_POINT('',#3117);
#1503=VERTEX_POINT('',#3119);
#1504=VERTEX_POINT('',#3121);
#1505=VERTEX_POINT('',#3123);
#1506=VERTEX_POINT('',#3125);
#1507=VERTEX_POINT('',#3127);
#1508=VERTEX_POINT('',#3129);
#1509=VERTEX_POINT('',#3131);
#1510=VERTEX_POINT('',#3133);
#1511=VERTEX_POINT('',#3135);
#1512=VERTEX_POINT('',#3137);
#1513=VERTEX_POINT('',#3139);
#1514=VERTEX_POINT('',#3141);
#1515=VERTEX_POINT('',#3144);
#1516=VERTEX_POINT('',#3147);
#1517=VERTEX_POINT('',#3150);
#1518=VERTEX_POINT('',#3153);
#1519=VERTEX_POINT('',#3158);
#1520=VERTEX_POINT('',#3160);
#1521=VERTEX_POINT('',#3164);
#1522=VERTEX_POINT('',#3168);
#1523=VERTEX_POINT('',#3170);
#1524=VERTEX_POINT('',#3171);
#1525=VERTEX_POINT('',#3175);
#1526=VERTEX_POINT('',#3177);
#1527=VERTEX_POINT('',#3181);
#1528=VERTEX_POINT('',#3182);
#1529=VERTEX_POINT('',#3184);
#1530=VERTEX_POINT('',#3186);
#1531=VERTEX_POINT('',#3190);
#1532=VERTEX_POINT('',#3195);
#1533=VERTEX_POINT('',#3196);
#1534=VERTEX_POINT('',#3198);
#1535=VERTEX_POINT('',#3203);
#1536=VERTEX_POINT('',#3204);
#1537=VERTEX_POINT('',#3207);
#1538=VERTEX_POINT('',#3209);
#1539=VERTEX_POINT('',#3211);
#1540=VERTEX_POINT('',#3216);
#1541=VERTEX_POINT('',#3218);
#1542=VERTEX_POINT('',#3223);
#1543=VERTEX_POINT('',#3225);
#1544=VERTEX_POINT('',#3227);
#1545=VERTEX_POINT('',#3228);
#1546=VERTEX_POINT('',#3234);
#1547=VERTEX_POINT('',#3238);
#1548=VERTEX_POINT('',#3243);
#1549=VERTEX_POINT('',#3244);
#1550=VERTEX_POINT('',#3254);
#1551=VERTEX_POINT('',#3257);
#1552=VERTEX_POINT('',#3269);
#1553=VERTEX_POINT('',#3270);
#1554=VERTEX_POINT('',#3275);
#1555=VERTEX_POINT('',#3277);
#1556=VERTEX_POINT('',#3287);
#1557=VERTEX_POINT('',#3289);
#1558=VERTEX_POINT('',#3293);
#1559=VERTEX_POINT('',#3294);
#1560=VERTEX_POINT('',#3296);
#1561=VERTEX_POINT('',#3298);
#1562=VERTEX_POINT('',#3302);
#1563=VERTEX_POINT('',#3304);
#1564=VERTEX_POINT('',#3308);
#1565=VERTEX_POINT('',#3317);
#1566=VERTEX_POINT('',#3321);
#1567=VERTEX_POINT('',#3325);
#1568=VERTEX_POINT('',#3327);
#1569=VERTEX_POINT('',#3331);
#1570=VERTEX_POINT('',#3345);
#1571=VERTEX_POINT('',#3347);
#1572=VERTEX_POINT('',#3349);
#1573=VERTEX_POINT('',#3358);
#1574=VERTEX_POINT('',#3360);
#1575=VERTEX_POINT('',#3362);
#1576=VERTEX_POINT('',#3364);
#1577=VERTEX_POINT('',#3386);
#1578=VERTEX_POINT('',#3387);
#1579=VERTEX_POINT('',#3389);
#1580=VERTEX_POINT('',#3391);
#1581=VERTEX_POINT('',#3395);
#1582=VERTEX_POINT('',#3397);
#1583=VERTEX_POINT('',#3401);
#1584=VERTEX_POINT('',#3403);
#1585=VERTEX_POINT('',#3407);
#1586=VERTEX_POINT('',#3408);
#1587=VERTEX_POINT('',#3410);
#1588=VERTEX_POINT('',#3412);
#1589=VERTEX_POINT('',#3414);
#1590=VERTEX_POINT('',#3417);
#1591=VERTEX_POINT('',#3418);
#1592=VERTEX_POINT('',#3420);
#1593=VERTEX_POINT('',#3422);
#1594=VERTEX_POINT('',#3426);
#1595=VERTEX_POINT('',#3430);
#1596=VERTEX_POINT('',#3431);
#1597=VERTEX_POINT('',#3436);
#1598=VERTEX_POINT('',#3440);
#1599=VERTEX_POINT('',#3444);
#1600=VERTEX_POINT('',#3446);
#1601=VERTEX_POINT('',#3448);
#1602=VERTEX_POINT('',#3450);
#1603=VERTEX_POINT('',#3454);
#1604=VERTEX_POINT('',#3457);
#1605=VERTEX_POINT('',#3460);
#1606=VERTEX_POINT('',#3463);
#1607=VERTEX_POINT('',#3467);
#1608=VERTEX_POINT('',#3469);
#1609=VERTEX_POINT('',#3517);
#1610=CIRCLE('',#2196,0.016);
#1611=CIRCLE('',#2197,0.0055);
#1612=CIRCLE('',#2198,0.0055);
#1613=CIRCLE('',#2199,0.0055);
#1614=CIRCLE('',#2202,0.0025);
#1615=CIRCLE('',#2203,0.0025);
#1616=CIRCLE('',#2211,0.0025);
#1617=CIRCLE('',#2214,0.0025);
#1618=CIRCLE('',#2216,0.0045);
#1619=CIRCLE('',#2217,0.0045);
#1620=CIRCLE('',#2218,0.0095);
#1621=CIRCLE('',#2221,0.004);
#1622=CIRCLE('',#2226,0.0025);
#1623=CIRCLE('',#2228,0.005);
#1624=CIRCLE('',#2229,0.005);
#1625=CIRCLE('',#2235,0.0025);
#1626=CIRCLE('',#2236,0.0025);
#1627=CIRCLE('',#2244,0.0025);
#1628=CIRCLE('',#2246,0.0025);
#1629=CIRCLE('',#2261,0.0025);
#1630=CIRCLE('',#2263,0.0025);
#1631=CIRCLE('',#2268,0.0025);
#1632=CIRCLE('',#2275,0.0025);
#1633=CIRCLE('',#2279,0.0025);
#1634=CIRCLE('',#2282,0.0025);
#1635=CIRCLE('',#2292,0.0025);
#1636=CIRCLE('',#2302,0.004);
#1637=CIRCLE('',#2308,0.0025);
#1638=CIRCLE('',#2309,0.0025);
#1639=CIRCLE('',#2310,0.0025);
#1640=CIRCLE('',#2311,0.013);
#1641=CIRCLE('',#2313,0.0025);
#1642=CIRCLE('',#2315,0.0025);
#1643=CIRCLE('',#2317,0.013);
#1644=CIRCLE('',#2319,0.0025);
#1645=CIRCLE('',#2347,0.0095);
#1646=EDGE_LOOP('',(#542));
#1647=EDGE_LOOP('',(#543));
#1648=EDGE_LOOP('',(#544));
#1649=EDGE_LOOP('',(#545));
#1650=EDGE_LOOP('',(#546,#547,#548,#549,#550,#551,#552,#553,#554,#555));
#1651=EDGE_LOOP('',(#556,#557,#558,#559));
#1652=EDGE_LOOP('',(#560));
#1653=EDGE_LOOP('',(#561));
#1654=EDGE_LOOP('',(#562,#563,#564,#565,#566,#567,#568,#569));
#1655=EDGE_LOOP('',(#570,#571,#572,#573));
#1656=EDGE_LOOP('',(#574,#575,#576,#577,#578,#579,#580,#581,#582,#583));
#1657=EDGE_LOOP('',(#584,#585,#586,#587));
#1658=EDGE_LOOP('',(#588,#589,#590,#591,#592,#593));
#1659=EDGE_LOOP('',(#594,#595,#596));
#1660=EDGE_LOOP('',(#597));
#1661=EDGE_LOOP('',(#598,#599,#600,#601,#602,#603,#604,#605,#606,#607,#608,
#609));
#1662=EDGE_LOOP('',(#610,#611,#612,#613));
#1663=EDGE_LOOP('',(#614,#615,#616,#617,#618,#619));
#1664=EDGE_LOOP('',(#620));
#1665=EDGE_LOOP('',(#621));
#1666=EDGE_LOOP('',(#622,#623,#624,#625,#626,#627,#628,#629,#630,#631,#632,
#633,#634,#635,#636,#637,#638,#639,#640,#641,#642,#643,#644,#645,#646,#647,
#648,#649));
#1667=EDGE_LOOP('',(#650));
#1668=EDGE_LOOP('',(#651,#652,#653,#654));
#1669=EDGE_LOOP('',(#655,#656,#657,#658,#659,#660,#661,#662,#663,#664,#665,
#666,#667,#668,#669,#670,#671,#672,#673,#674,#675,#676,#677));
#1670=EDGE_LOOP('',(#678));
#1671=EDGE_LOOP('',(#679,#680,#681,#682,#683,#684,#685));
#1672=EDGE_LOOP('',(#686,#687,#688,#689,#690,#691));
#1673=EDGE_LOOP('',(#692,#693,#694,#695,#696,#697));
#1674=EDGE_LOOP('',(#698));
#1675=EDGE_LOOP('',(#699,#700,#701,#702,#703,#704,#705,#706,#707,#708));
#1676=EDGE_LOOP('',(#709,#710,#711,#712));
#1677=EDGE_LOOP('',(#713,#714,#715,#716,#717));
#1678=EDGE_LOOP('',(#718));
#1679=EDGE_LOOP('',(#719,#720,#721,#722,#723,#724));
#1680=EDGE_LOOP('',(#725,#726,#727,#728,#729,#730,#731));
#1681=EDGE_LOOP('',(#732,#733,#734,#735,#736,#737,#738,#739,#740));
#1682=EDGE_LOOP('',(#741));
#1683=EDGE_LOOP('',(#742));
#1684=EDGE_LOOP('',(#743,#744,#745,#746,#747,#748));
#1685=EDGE_LOOP('',(#749,#750,#751,#752,#753,#754,#755));
#1686=EDGE_LOOP('',(#756,#757,#758,#759,#760,#761,#762));
#1687=EDGE_LOOP('',(#763,#764,#765,#766));
#1688=EDGE_LOOP('',(#767,#768,#769,#770,#771));
#1689=EDGE_LOOP('',(#772,#773,#774,#775,#776,#777));
#1690=EDGE_LOOP('',(#778,#779,#780,#781,#782));
#1691=EDGE_LOOP('',(#783));
#1692=EDGE_LOOP('',(#784));
#1693=EDGE_LOOP('',(#785));
#1694=EDGE_LOOP('',(#786));
#1695=EDGE_LOOP('',(#787));
#1696=EDGE_LOOP('',(#788));
#1697=EDGE_LOOP('',(#789));
#1698=EDGE_LOOP('',(#790));
#1699=EDGE_LOOP('',(#791,#792,#793,#794));
#1700=EDGE_LOOP('',(#795,#796,#797));
#1701=EDGE_LOOP('',(#798,#799,#800));
#1702=EDGE_LOOP('',(#801,#802,#803,#804));
#1703=EDGE_LOOP('',(#805,#806,#807,#808));
#1704=EDGE_LOOP('',(#809,#810,#811,#812));
#1705=EDGE_LOOP('',(#813,#814,#815,#816));
#1706=EDGE_LOOP('',(#817,#818,#819,#820));
#1707=EDGE_LOOP('',(#821,#822,#823,#824));
#1708=EDGE_LOOP('',(#825,#826,#827,#828));
#1709=EDGE_LOOP('',(#829,#830,#831,#832));
#1710=EDGE_LOOP('',(#833));
#1711=EDGE_LOOP('',(#834,#835,#836,#837,#838,#839,#840,#841,#842,#843,#844,
#845));
#1712=EDGE_LOOP('',(#846,#847,#848,#849,#850,#851,#852,#853,#854));
#1713=EDGE_LOOP('',(#855,#856,#857,#858));
#1714=EDGE_LOOP('',(#859,#860,#861,#862));
#1715=EDGE_LOOP('',(#863,#864,#865,#866));
#1716=EDGE_LOOP('',(#867));
#1717=EDGE_LOOP('',(#868,#869,#870,#871,#872,#873,#874,#875,#876,#877,#878,
#879));
#1718=EDGE_LOOP('',(#880,#881,#882,#883));
#1719=EDGE_LOOP('',(#884,#885,#886,#887));
#1720=EDGE_LOOP('',(#888,#889,#890,#891));
#1721=EDGE_LOOP('',(#892,#893,#894,#895));
#1722=EDGE_LOOP('',(#896));
#1723=EDGE_LOOP('',(#897));
#1724=EDGE_LOOP('',(#898));
#1725=EDGE_LOOP('',(#899,#900));
#1726=EDGE_LOOP('',(#901,#902,#903));
#1727=EDGE_LOOP('',(#904,#905,#906));
#1728=EDGE_LOOP('',(#907));
#1729=EDGE_LOOP('',(#908,#909,#910,#911,#912,#913,#914,#915,#916,#917,#918));
#1730=EDGE_LOOP('',(#919,#920,#921,#922));
#1731=EDGE_LOOP('',(#923));
#1732=EDGE_LOOP('',(#924,#925,#926,#927,#928,#929,#930));
#1733=EDGE_LOOP('',(#931,#932,#933,#934));
#1734=EDGE_LOOP('',(#935,#936,#937,#938));
#1735=EDGE_LOOP('',(#939,#940,#941,#942));
#1736=EDGE_LOOP('',(#943,#944,#945,#946));
#1737=EDGE_LOOP('',(#947,#948,#949,#950));
#1738=EDGE_LOOP('',(#951,#952,#953,#954));
#1739=EDGE_LOOP('',(#955,#956,#957,#958));
#1740=EDGE_LOOP('',(#959));
#1741=EDGE_LOOP('',(#960));
#1742=EDGE_LOOP('',(#961,#962));
#1743=EDGE_LOOP('',(#963));
#1744=EDGE_LOOP('',(#964,#965));
#1745=EDGE_LOOP('',(#966,#967,#968));
#1746=EDGE_LOOP('',(#969,#970,#971,#972));
#1747=EDGE_LOOP('',(#973,#974,#975,#976));
#1748=EDGE_LOOP('',(#977,#978,#979,#980));
#1749=EDGE_LOOP('',(#981,#982,#983,#984));
#1750=EDGE_LOOP('',(#985,#986,#987,#988));
#1751=EDGE_LOOP('',(#989,#990,#991,#992,#993));
#1752=EDGE_LOOP('',(#994,#995,#996,#997));
#1753=EDGE_LOOP('',(#998));
#1754=EDGE_LOOP('',(#999));
#1755=EDGE_LOOP('',(#1000));
#1756=EDGE_LOOP('',(#1001));
#1757=EDGE_LOOP('',(#1002,#1003,#1004,#1005));
#1758=EDGE_LOOP('',(#1006,#1007,#1008,#1009));
#1759=EDGE_LOOP('',(#1010,#1011,#1012,#1013));
#1760=EDGE_LOOP('',(#1014));
#1761=EDGE_LOOP('',(#1015));
#1762=EDGE_LOOP('',(#1016));
#1763=EDGE_LOOP('',(#1017));
#1764=EDGE_LOOP('',(#1018,#1019,#1020,#1021));
#1765=EDGE_LOOP('',(#1022));
#1766=EDGE_LOOP('',(#1023));
#1767=EDGE_LOOP('',(#1024));
#1768=EDGE_LOOP('',(#1025));
#1769=EDGE_LOOP('',(#1026));
#1770=EDGE_LOOP('',(#1027));
#1771=EDGE_LOOP('',(#1028));
#1772=EDGE_LOOP('',(#1029));
#1773=EDGE_LOOP('',(#1030,#1031,#1032,#1033));
#1774=EDGE_LOOP('',(#1034,#1035,#1036,#1037,#1038));
#1775=EDGE_LOOP('',(#1039,#1040,#1041,#1042));
#1776=EDGE_LOOP('',(#1043,#1044,#1045,#1046));
#1777=EDGE_LOOP('',(#1047,#1048,#1049,#1050));
#1778=EDGE_LOOP('',(#1051,#1052,#1053,#1054));
#1779=EDGE_LOOP('',(#1055,#1056,#1057));
#1780=EDGE_LOOP('',(#1058,#1059,#1060,#1061));
#1781=EDGE_LOOP('',(#1062,#1063,#1064));
#1782=EDGE_LOOP('',(#1065,#1066,#1067));
#1783=EDGE_LOOP('',(#1068,#1069,#1070,#1071));
#1784=EDGE_LOOP('',(#1072,#1073,#1074,#1075));
#1785=EDGE_LOOP('',(#1076,#1077,#1078,#1079));
#1786=EDGE_LOOP('',(#1080,#1081,#1082,#1083));
#1787=EDGE_LOOP('',(#1084,#1085,#1086,#1087));
#1788=EDGE_LOOP('',(#1088,#1089,#1090));
#1789=EDGE_LOOP('',(#1091,#1092,#1093));
#1790=EDGE_LOOP('',(#1094,#1095,#1096,#1097));
#1791=EDGE_LOOP('',(#1098));
#1792=EDGE_LOOP('',(#1099));
#1793=EDGE_LOOP('',(#1100));
#1794=EDGE_LOOP('',(#1101));
#1795=EDGE_LOOP('',(#1102));
#1796=EDGE_LOOP('',(#1103));
#1797=EDGE_LOOP('',(#1104));
#1798=EDGE_LOOP('',(#1105));
#1799=EDGE_LOOP('',(#1106,#1107,#1108));
#1800=EDGE_LOOP('',(#1109,#1110,#1111,#1112));
#1801=EDGE_LOOP('',(#1113,#1114,#1115,#1116));
#1802=EDGE_LOOP('',(#1117,#1118,#1119,#1120));
#1803=EDGE_LOOP('',(#1121));
#1804=EDGE_LOOP('',(#1122));
#1805=EDGE_LOOP('',(#1123));
#1806=FACE_BOUND('',#1646,.T.);
#1807=FACE_BOUND('',#1647,.T.);
#1808=FACE_BOUND('',#1648,.T.);
#1809=FACE_BOUND('',#1649,.T.);
#1810=FACE_BOUND('',#1650,.T.);
#1811=FACE_BOUND('',#1651,.T.);
#1812=FACE_BOUND('',#1652,.T.);
#1813=FACE_BOUND('',#1653,.T.);
#1814=FACE_BOUND('',#1654,.T.);
#1815=FACE_BOUND('',#1655,.T.);
#1816=FACE_BOUND('',#1656,.T.);
#1817=FACE_BOUND('',#1657,.T.);
#1818=FACE_BOUND('',#1658,.T.);
#1819=FACE_BOUND('',#1659,.T.);
#1820=FACE_BOUND('',#1660,.T.);
#1821=FACE_BOUND('',#1661,.T.);
#1822=FACE_BOUND('',#1662,.T.);
#1823=FACE_BOUND('',#1663,.T.);
#1824=FACE_BOUND('',#1664,.T.);
#1825=FACE_BOUND('',#1665,.T.);
#1826=FACE_BOUND('',#1666,.T.);
#1827=FACE_BOUND('',#1667,.T.);
#1828=FACE_BOUND('',#1668,.T.);
#1829=FACE_BOUND('',#1669,.T.);
#1830=FACE_BOUND('',#1670,.T.);
#1831=FACE_BOUND('',#1671,.T.);
#1832=FACE_BOUND('',#1672,.T.);
#1833=FACE_BOUND('',#1673,.T.);
#1834=FACE_BOUND('',#1674,.T.);
#1835=FACE_BOUND('',#1675,.T.);
#1836=FACE_BOUND('',#1676,.T.);
#1837=FACE_BOUND('',#1677,.T.);
#1838=FACE_BOUND('',#1678,.T.);
#1839=FACE_BOUND('',#1679,.T.);
#1840=FACE_BOUND('',#1680,.T.);
#1841=FACE_BOUND('',#1681,.T.);
#1842=FACE_BOUND('',#1682,.T.);
#1843=FACE_BOUND('',#1683,.T.);
#1844=FACE_BOUND('',#1684,.T.);
#1845=FACE_BOUND('',#1685,.T.);
#1846=FACE_BOUND('',#1686,.T.);
#1847=FACE_BOUND('',#1687,.T.);
#1848=FACE_BOUND('',#1688,.T.);
#1849=FACE_BOUND('',#1689,.T.);
#1850=FACE_BOUND('',#1690,.T.);
#1851=FACE_BOUND('',#1691,.T.);
#1852=FACE_BOUND('',#1692,.T.);
#1853=FACE_BOUND('',#1693,.T.);
#1854=FACE_BOUND('',#1694,.T.);
#1855=FACE_BOUND('',#1695,.T.);
#1856=FACE_BOUND('',#1696,.T.);
#1857=FACE_BOUND('',#1697,.T.);
#1858=FACE_BOUND('',#1698,.T.);
#1859=FACE_BOUND('',#1699,.T.);
#1860=FACE_BOUND('',#1700,.T.);
#1861=FACE_BOUND('',#1701,.T.);
#1862=FACE_BOUND('',#1702,.T.);
#1863=FACE_BOUND('',#1703,.T.);
#1864=FACE_BOUND('',#1704,.T.);
#1865=FACE_BOUND('',#1705,.T.);
#1866=FACE_BOUND('',#1706,.T.);
#1867=FACE_BOUND('',#1707,.T.);
#1868=FACE_BOUND('',#1708,.T.);
#1869=FACE_BOUND('',#1709,.T.);
#1870=FACE_BOUND('',#1710,.T.);
#1871=FACE_BOUND('',#1711,.T.);
#1872=FACE_BOUND('',#1712,.T.);
#1873=FACE_BOUND('',#1713,.T.);
#1874=FACE_BOUND('',#1714,.T.);
#1875=FACE_BOUND('',#1715,.T.);
#1876=FACE_BOUND('',#1716,.T.);
#1877=FACE_BOUND('',#1717,.T.);
#1878=FACE_BOUND('',#1718,.T.);
#1879=FACE_BOUND('',#1719,.T.);
#1880=FACE_BOUND('',#1720,.T.);
#1881=FACE_BOUND('',#1721,.T.);
#1882=FACE_BOUND('',#1722,.T.);
#1883=FACE_BOUND('',#1723,.T.);
#1884=FACE_BOUND('',#1724,.T.);
#1885=FACE_BOUND('',#1725,.T.);
#1886=FACE_BOUND('',#1726,.T.);
#1887=FACE_BOUND('',#1727,.T.);
#1888=FACE_BOUND('',#1728,.T.);
#1889=FACE_BOUND('',#1729,.T.);
#1890=FACE_BOUND('',#1730,.T.);
#1891=FACE_BOUND('',#1731,.T.);
#1892=FACE_BOUND('',#1732,.T.);
#1893=FACE_BOUND('',#1733,.T.);
#1894=FACE_BOUND('',#1734,.T.);
#1895=FACE_BOUND('',#1735,.T.);
#1896=FACE_BOUND('',#1736,.T.);
#1897=FACE_BOUND('',#1737,.T.);
#1898=FACE_BOUND('',#1738,.T.);
#1899=FACE_BOUND('',#1739,.T.);
#1900=FACE_BOUND('',#1740,.T.);
#1901=FACE_BOUND('',#1741,.T.);
#1902=FACE_BOUND('',#1742,.T.);
#1903=FACE_BOUND('',#1743,.T.);
#1904=FACE_BOUND('',#1744,.T.);
#1905=FACE_BOUND('',#1745,.T.);
#1906=FACE_BOUND('',#1746,.T.);
#1907=FACE_BOUND('',#1747,.T.);
#1908=FACE_BOUND('',#1748,.T.);
#1909=FACE_BOUND('',#1749,.T.);
#1910=FACE_BOUND('',#1750,.T.);
#1911=FACE_BOUND('',#1751,.T.);
#1912=FACE_BOUND('',#1752,.T.);
#1913=FACE_BOUND('',#1753,.T.);
#1914=FACE_BOUND('',#1754,.T.);
#1915=FACE_BOUND('',#1755,.T.);
#1916=FACE_BOUND('',#1756,.T.);
#1917=FACE_BOUND('',#1757,.T.);
#1918=FACE_BOUND('',#1758,.T.);
#1919=FACE_BOUND('',#1759,.T.);
#1920=FACE_BOUND('',#1760,.T.);
#1921=FACE_BOUND('',#1761,.T.);
#1922=FACE_BOUND('',#1762,.T.);
#1923=FACE_BOUND('',#1763,.T.);
#1924=FACE_BOUND('',#1764,.T.);
#1925=FACE_BOUND('',#1765,.T.);
#1926=FACE_BOUND('',#1766,.T.);
#1927=FACE_BOUND('',#1767,.T.);
#1928=FACE_BOUND('',#1768,.T.);
#1929=FACE_BOUND('',#1769,.T.);
#1930=FACE_BOUND('',#1770,.T.);
#1931=FACE_BOUND('',#1771,.T.);
#1932=FACE_BOUND('',#1772,.T.);
#1933=FACE_BOUND('',#1773,.T.);
#1934=FACE_BOUND('',#1774,.T.);
#1935=FACE_BOUND('',#1775,.T.);
#1936=FACE_BOUND('',#1776,.T.);
#1937=FACE_BOUND('',#1777,.T.);
#1938=FACE_BOUND('',#1778,.T.);
#1939=FACE_BOUND('',#1779,.T.);
#1940=FACE_BOUND('',#1780,.T.);
#1941=FACE_BOUND('',#1781,.T.);
#1942=FACE_BOUND('',#1782,.T.);
#1943=FACE_BOUND('',#1783,.T.);
#1944=FACE_BOUND('',#1784,.T.);
#1945=FACE_BOUND('',#1785,.T.);
#1946=FACE_BOUND('',#1786,.T.);
#1947=FACE_BOUND('',#1787,.T.);
#1948=FACE_BOUND('',#1788,.T.);
#1949=FACE_BOUND('',#1789,.T.);
#1950=FACE_BOUND('',#1790,.T.);
#1951=FACE_BOUND('',#1791,.T.);
#1952=FACE_BOUND('',#1792,.T.);
#1953=FACE_BOUND('',#1793,.T.);
#1954=FACE_BOUND('',#1794,.T.);
#1955=FACE_BOUND('',#1795,.T.);
#1956=FACE_BOUND('',#1796,.T.);
#1957=FACE_BOUND('',#1797,.T.);
#1958=FACE_BOUND('',#1798,.T.);
#1959=FACE_BOUND('',#1799,.T.);
#1960=FACE_BOUND('',#1800,.T.);
#1961=FACE_BOUND('',#1801,.T.);
#1962=FACE_BOUND('',#1802,.T.);
#1963=FACE_BOUND('',#1803,.T.);
#1964=FACE_BOUND('',#1804,.T.);
#1965=FACE_BOUND('',#1805,.T.);
#1966=PLANE('',#2195);
#1967=PLANE('',#2200);
#1968=PLANE('',#2204);
#1969=PLANE('',#2205);
#1970=PLANE('',#2206);
#1971=PLANE('',#2207);
#1972=PLANE('',#2208);
#1973=PLANE('',#2209);
#1974=PLANE('',#2210);
#1975=PLANE('',#2212);
#1976=PLANE('',#2213);
#1977=PLANE('',#2215);
#1978=PLANE('',#2219);
#1979=PLANE('',#2220);
#1980=PLANE('',#2222);
#1981=PLANE('',#2223);
#1982=PLANE('',#2224);
#1983=PLANE('',#2225);
#1984=PLANE('',#2230);
#1985=PLANE('',#2231);
#1986=PLANE('',#2232);
#1987=PLANE('',#2233);
#1988=PLANE('',#2234);
#1989=PLANE('',#2237);
#1990=PLANE('',#2238);
#1991=PLANE('',#2239);
#1992=PLANE('',#2240);
#1993=PLANE('',#2241);
#1994=PLANE('',#2242);
#1995=PLANE('',#2249);
#1996=PLANE('',#2250);
#1997=PLANE('',#2251);
#1998=PLANE('',#2252);
#1999=PLANE('',#2253);
#2000=PLANE('',#2254);
#2001=PLANE('',#2255);
#2002=PLANE('',#2256);
#2003=PLANE('',#2257);
#2004=PLANE('',#2258);
#2005=PLANE('',#2259);
#2006=PLANE('',#2260);
#2007=PLANE('',#2262);
#2008=PLANE('',#2264);
#2009=PLANE('',#2265);
#2010=PLANE('',#2266);
#2011=PLANE('',#2267);
#2012=PLANE('',#2269);
#2013=PLANE('',#2270);
#2014=PLANE('',#2271);
#2015=PLANE('',#2272);
#2016=PLANE('',#2276);
#2017=PLANE('',#2277);
#2018=PLANE('',#2278);
#2019=PLANE('',#2280);
#2020=PLANE('',#2281);
#2021=PLANE('',#2283);
#2022=PLANE('',#2284);
#2023=PLANE('',#2285);
#2024=PLANE('',#2286);
#2025=PLANE('',#2287);
#2026=PLANE('',#2288);
#2027=PLANE('',#2289);
#2028=PLANE('',#2293);
#2029=PLANE('',#2294);
#2030=PLANE('',#2295);
#2031=PLANE('',#2296);
#2032=PLANE('',#2297);
#2033=PLANE('',#2298);
#2034=PLANE('',#2299);
#2035=PLANE('',#2300);
#2036=PLANE('',#2303);
#2037=PLANE('',#2304);
#2038=PLANE('',#2305);
#2039=PLANE('',#2306);
#2040=PLANE('',#2307);
#2041=PLANE('',#2320);
#2042=PLANE('',#2321);
#2043=PLANE('',#2322);
#2044=PLANE('',#2323);
#2045=PLANE('',#2324);
#2046=PLANE('',#2325);
#2047=PLANE('',#2326);
#2048=PLANE('',#2327);
#2049=PLANE('',#2328);
#2050=PLANE('',#2329);
#2051=PLANE('',#2330);
#2052=PLANE('',#2331);
#2053=PLANE('',#2332);
#2054=PLANE('',#2333);
#2055=PLANE('',#2334);
#2056=PLANE('',#2335);
#2057=PLANE('',#2336);
#2058=PLANE('',#2337);
#2059=PLANE('',#2342);
#2060=PLANE('',#2343);
#2061=PLANE('',#2344);
#2062=PLANE('',#2345);
#2063=PLANE('',#2348);
#2064=ADVANCED_FACE('',(#1806,#1807,#1808,#1809,#1810),#1966,.T.);
#2065=ADVANCED_FACE('',(#1811),#1967,.F.);
#2066=ADVANCED_FACE('',(#1812,#1813),#18,.F.);
#2067=ADVANCED_FACE('',(#1814),#1968,.T.);
#2068=ADVANCED_FACE('',(#1815),#1969,.F.);
#2069=ADVANCED_FACE('',(#1816),#1970,.T.);
#2070=ADVANCED_FACE('',(#1817),#1971,.F.);
#2071=ADVANCED_FACE('',(#1818),#1972,.F.);
#2072=ADVANCED_FACE('',(#1819),#1973,.T.);
#2073=ADVANCED_FACE('',(#1820,#1821),#1974,.T.);
#2074=ADVANCED_FACE('',(#1822),#1975,.T.);
#2075=ADVANCED_FACE('',(#1823),#1976,.T.);
#2076=ADVANCED_FACE('',(#1824,#1825,#1826,#1827),#1977,.F.);
#2077=ADVANCED_FACE('',(#1828),#1978,.F.);
#2078=ADVANCED_FACE('',(#1829,#1830),#1979,.T.);
#2079=ADVANCED_FACE('',(#1831),#1980,.T.);
#2080=ADVANCED_FACE('',(#1832),#1981,.F.);
#2081=ADVANCED_FACE('',(#1833),#1982,.T.);
#2082=ADVANCED_FACE('',(#1834,#1835),#1983,.F.);
#2083=ADVANCED_FACE('',(#1836),#19,.F.);
#2084=ADVANCED_FACE('',(#1837),#1984,.T.);
#2085=ADVANCED_FACE('',(#1838,#1839),#1985,.F.);
#2086=ADVANCED_FACE('',(#1840),#1986,.F.);
#2087=ADVANCED_FACE('',(#1841),#1987,.T.);
#2088=ADVANCED_FACE('',(#1842,#1843,#1844),#1988,.F.);
#2089=ADVANCED_FACE('',(#1845),#1989,.F.);
#2090=ADVANCED_FACE('',(#1846),#1990,.F.);
#2091=ADVANCED_FACE('',(#1847),#1991,.T.);
#2092=ADVANCED_FACE('',(#1848),#1992,.T.);
#2093=ADVANCED_FACE('',(#1849),#1993,.T.);
#2094=ADVANCED_FACE('',(#1850),#1994,.F.);
#2095=ADVANCED_FACE('',(#1851,#1852),#20,.F.);
#2096=ADVANCED_FACE('',(#1853,#1854),#21,.F.);
#2097=ADVANCED_FACE('',(#1855,#1856),#12,.F.);
#2098=ADVANCED_FACE('',(#1857,#1858),#13,.F.);
#2099=ADVANCED_FACE('',(#1859),#1995,.T.);
#2100=ADVANCED_FACE('',(#1860),#1996,.T.);
#2101=ADVANCED_FACE('',(#1861),#1997,.T.);
#2102=ADVANCED_FACE('',(#1862),#1998,.T.);
#2103=ADVANCED_FACE('',(#1863),#1999,.F.);
#2104=ADVANCED_FACE('',(#1864),#2000,.T.);
#2105=ADVANCED_FACE('',(#1865),#2001,.F.);
#2106=ADVANCED_FACE('',(#1866),#2002,.F.);
#2107=ADVANCED_FACE('',(#1867),#2003,.F.);
#2108=ADVANCED_FACE('',(#1868),#2004,.F.);
#2109=ADVANCED_FACE('',(#1869),#2005,.F.);
#2110=ADVANCED_FACE('',(#1870,#1871),#2006,.T.);
#2111=ADVANCED_FACE('',(#1872),#2007,.F.);
#2112=ADVANCED_FACE('',(#1873),#2008,.F.);
#2113=ADVANCED_FACE('',(#1874),#2009,.F.);
#2114=ADVANCED_FACE('',(#1875),#2010,.F.);
#2115=ADVANCED_FACE('',(#1876,#1877),#2011,.T.);
#2116=ADVANCED_FACE('',(#1878),#2012,.F.);
#2117=ADVANCED_FACE('',(#1879),#2013,.F.);
#2118=ADVANCED_FACE('',(#1880),#2014,.F.);
#2119=ADVANCED_FACE('',(#1881),#2015,.F.);
#2120=ADVANCED_FACE('',(#1882,#1883),#22,.F.);
#2121=ADVANCED_FACE('',(#1884,#1885),#23,.F.);
#2122=ADVANCED_FACE('',(#1886),#2016,.T.);
#2123=ADVANCED_FACE('',(#1887),#2017,.T.);
#2124=ADVANCED_FACE('',(#1888,#1889),#2018,.F.);
#2125=ADVANCED_FACE('',(#1890),#2019,.T.);
#2126=ADVANCED_FACE('',(#1891,#1892),#2020,.F.);
#2127=ADVANCED_FACE('',(#1893),#2021,.T.);
#2128=ADVANCED_FACE('',(#1894),#2022,.F.);
#2129=ADVANCED_FACE('',(#1895),#2023,.T.);
#2130=ADVANCED_FACE('',(#1896),#2024,.T.);
#2131=ADVANCED_FACE('',(#1897),#2025,.T.);
#2132=ADVANCED_FACE('',(#1898),#2026,.F.);
#2133=ADVANCED_FACE('',(#1899),#2027,.F.);
#2134=ADVANCED_FACE('',(#1900,#1901),#24,.F.);
#2135=ADVANCED_FACE('',(#1902,#1903),#25,.F.);
#2136=ADVANCED_FACE('',(#1904),#2028,.T.);
#2137=ADVANCED_FACE('',(#1905),#2029,.T.);
#2138=ADVANCED_FACE('',(#1906),#2030,.F.);
#2139=ADVANCED_FACE('',(#1907),#2031,.F.);
#2140=ADVANCED_FACE('',(#1908),#2032,.F.);
#2141=ADVANCED_FACE('',(#1909),#2033,.T.);
#2142=ADVANCED_FACE('',(#1910),#2034,.F.);
#2143=ADVANCED_FACE('',(#1911,#1912),#2035,.F.);
#2144=ADVANCED_FACE('',(#1913,#1914),#26,.F.);
#2145=ADVANCED_FACE('',(#1915,#1916),#2036,.T.);
#2146=ADVANCED_FACE('',(#1917),#2037,.T.);
#2147=ADVANCED_FACE('',(#1918),#2038,.F.);
#2148=ADVANCED_FACE('',(#1919),#2039,.T.);
#2149=ADVANCED_FACE('',(#1920,#1921,#1922,#1923,#1924),#2040,.F.);
#2150=ADVANCED_FACE('',(#1925,#1926),#27,.F.);
#2151=ADVANCED_FACE('',(#1927,#1928),#28,.F.);
#2152=ADVANCED_FACE('',(#1929,#1930),#29,.F.);
#2153=ADVANCED_FACE('',(#1931,#1932),#30,.F.);
#2154=ADVANCED_FACE('',(#1933),#2041,.T.);
#2155=ADVANCED_FACE('',(#1934),#2042,.F.);
#2156=ADVANCED_FACE('',(#1935),#2043,.T.);
#2157=ADVANCED_FACE('',(#1936),#2044,.T.);
#2158=ADVANCED_FACE('',(#1937),#2045,.T.);
#2159=ADVANCED_FACE('',(#1938),#2046,.F.);
#2160=ADVANCED_FACE('',(#1939),#2047,.T.);
#2161=ADVANCED_FACE('',(#1940),#2048,.F.);
#2162=ADVANCED_FACE('',(#1941),#2049,.T.);
#2163=ADVANCED_FACE('',(#1942),#2050,.T.);
#2164=ADVANCED_FACE('',(#1943),#2051,.T.);
#2165=ADVANCED_FACE('',(#1944),#2052,.F.);
#2166=ADVANCED_FACE('',(#1945),#2053,.F.);
#2167=ADVANCED_FACE('',(#1946),#2054,.T.);
#2168=ADVANCED_FACE('',(#1947),#2055,.T.);
#2169=ADVANCED_FACE('',(#1948),#2056,.T.);
#2170=ADVANCED_FACE('',(#1949),#2057,.T.);
#2171=ADVANCED_FACE('',(#1950),#2058,.F.);
#2172=ADVANCED_FACE('',(#1951,#1952),#14,.F.);
#2173=ADVANCED_FACE('',(#1953,#1954),#15,.F.);
#2174=ADVANCED_FACE('',(#1955,#1956),#16,.F.);
#2175=ADVANCED_FACE('',(#1957,#1958),#17,.F.);
#2176=ADVANCED_FACE('',(#1959),#2059,.F.);
#2177=ADVANCED_FACE('',(#1960),#2060,.T.);
#2178=ADVANCED_FACE('',(#1961),#2061,.T.);
#2179=ADVANCED_FACE('',(#1962),#2062,.F.);
#2180=ADVANCED_FACE('',(#1963,#1964),#31,.F.);
#2181=ADVANCED_FACE('',(#1965),#2063,.F.);
#2182=CLOSED_SHELL('',(#2064,#2065,#2066,#2067,#2068,#2069,#2070,#2071,
#2072,#2073,#2074,#2075,#2076,#2077,#2078,#2079,#2080,#2081,#2082,#2083,
#2084,#2085,#2086,#2087,#2088,#2089,#2090,#2091,#2092,#2093,#2094,#2095,
#2096,#2097,#2098,#2099,#2100,#2101,#2102,#2103,#2104,#2105,#2106,#2107,
#2108,#2109,#2110,#2111,#2112,#2113,#2114,#2115,#2116,#2117,#2118,#2119,
#2120,#2121,#2122,#2123,#2124,#2125,#2126,#2127,#2128,#2129,#2130,#2131,
#2132,#2133,#2134,#2135,#2136,#2137,#2138,#2139,#2140,#2141,#2142,#2143,
#2144,#2145,#2146,#2147,#2148,#2149,#2150,#2151,#2152,#2153,#2154,#2155,
#2156,#2157,#2158,#2159,#2160,#2161,#2162,#2163,#2164,#2165,#2166,#2167,
#2168,#2169,#2170,#2171,#2172,#2173,#2174,#2175,#2176,#2177,#2178,#2179,
#2180,#2181));
#2183=STYLED_ITEM('',(#2184),#2191);
#2184=PRESENTATION_STYLE_ASSIGNMENT((#2185));
#2185=SURFACE_STYLE_USAGE(.BOTH.,#2186);
#2186=SURFACE_SIDE_STYLE('',(#2187));
#2187=SURFACE_STYLE_FILL_AREA(#2188);
#2188=FILL_AREA_STYLE('',(#2189));
#2189=FILL_AREA_STYLE_COLOUR('',#2190);
#2190=COLOUR_RGB('',0.866666666666667,0.32156862745098,0.156862745098039);
#2191=MANIFOLD_SOLID_BREP('TBR-Rod Mount',#2182);
#2192=SHAPE_DEFINITION_REPRESENTATION(#3525,#2193);
#2193=SHAPE_REPRESENTATION('TBR-Rod Mount',(#2194),#3520);
#2194=AXIS2_PLACEMENT_3D('',#2914,#2349,#2350);
#2195=AXIS2_PLACEMENT_3D('',#2915,#2351,#2352);
#2196=AXIS2_PLACEMENT_3D('',#2916,#2353,#2354);
#2197=AXIS2_PLACEMENT_3D('',#2918,#2355,#2356);
#2198=AXIS2_PLACEMENT_3D('',#2920,#2357,#2358);
#2199=AXIS2_PLACEMENT_3D('',#2922,#2359,#2360);
#2200=AXIS2_PLACEMENT_3D('',#2944,#2371,#2372);
#2201=AXIS2_PLACEMENT_3D('',#2950,#2376,#2377);
#2202=AXIS2_PLACEMENT_3D('',#2951,#2378,#2379);
#2203=AXIS2_PLACEMENT_3D('',#2953,#2380,#2381);
#2204=AXIS2_PLACEMENT_3D('',#2955,#2382,#2383);
#2205=AXIS2_PLACEMENT_3D('',#2972,#2392,#2393);
#2206=AXIS2_PLACEMENT_3D('',#2978,#2397,#2398);
#2207=AXIS2_PLACEMENT_3D('',#2993,#2407,#2408);
#2208=AXIS2_PLACEMENT_3D('',#3002,#2413,#2414);
#2209=AXIS2_PLACEMENT_3D('',#3008,#2418,#2419);
#2210=AXIS2_PLACEMENT_3D('',#3015,#2423,#2424);
#2211=AXIS2_PLACEMENT_3D('',#3016,#2425,#2426);
#2212=AXIS2_PLACEMENT_3D('',#3037,#2437,#2438);
#2213=AXIS2_PLACEMENT_3D('',#3043,#2442,#2443);
#2214=AXIS2_PLACEMENT_3D('',#3047,#2445,#2446);
#2215=AXIS2_PLACEMENT_3D('',#3056,#2451,#2452);
#2216=AXIS2_PLACEMENT_3D('',#3057,#2453,#2454);
#2217=AXIS2_PLACEMENT_3D('',#3059,#2455,#2456);
#2218=AXIS2_PLACEMENT_3D('',#3105,#2481,#2482);
#2219=AXIS2_PLACEMENT_3D('',#3107,#2483,#2484);
#2220=AXIS2_PLACEMENT_3D('',#3111,#2487,#2488);
#2221=AXIS2_PLACEMENT_3D('',#3146,#2507,#2508);
#2222=AXIS2_PLACEMENT_3D('',#3148,#2509,#2510);
#2223=AXIS2_PLACEMENT_3D('',#3155,#2515,#2516);
#2224=AXIS2_PLACEMENT_3D('',#3162,#2521,#2522);
#2225=AXIS2_PLACEMENT_3D('',#3166,#2525,#2526);
#2226=AXIS2_PLACEMENT_3D('',#3167,#2527,#2528);
#2227=AXIS2_PLACEMENT_3D('',#3179,#2535,#2536);
#2228=AXIS2_PLACEMENT_3D('',#3180,#2537,#2538);
#2229=AXIS2_PLACEMENT_3D('',#3185,#2540,#2541);
#2230=AXIS2_PLACEMENT_3D('',#3188,#2543,#2544);
#2231=AXIS2_PLACEMENT_3D('',#3193,#2548,#2549);
#2232=AXIS2_PLACEMENT_3D('',#3201,#2554,#2555);
#2233=AXIS2_PLACEMENT_3D('',#3213,#2562,#2563);
#2234=AXIS2_PLACEMENT_3D('',#3221,#2569,#2570);
#2235=AXIS2_PLACEMENT_3D('',#3222,#2571,#2572);
#2236=AXIS2_PLACEMENT_3D('',#3224,#2573,#2574);
#2237=AXIS2_PLACEMENT_3D('',#3231,#2578,#2579);
#2238=AXIS2_PLACEMENT_3D('',#3236,#2583,#2584);
#2239=AXIS2_PLACEMENT_3D('',#3241,#2588,#2589);
#2240=AXIS2_PLACEMENT_3D('',#3247,#2593,#2594);
#2241=AXIS2_PLACEMENT_3D('',#3249,#2596,#2597);
#2242=AXIS2_PLACEMENT_3D('',#3251,#2599,#2600);
#2243=AXIS2_PLACEMENT_3D('',#3252,#2601,#2602);
#2244=AXIS2_PLACEMENT_3D('',#3253,#2603,#2604);
#2245=AXIS2_PLACEMENT_3D('',#3255,#2605,#2606);
#2246=AXIS2_PLACEMENT_3D('',#3256,#2607,#2608);
#2247=AXIS2_PLACEMENT_3D('',#3258,#2609,#2610);
#2248=AXIS2_PLACEMENT_3D('',#3259,#2611,#2612);
#2249=AXIS2_PLACEMENT_3D('',#3260,#2613,#2614);
#2250=AXIS2_PLACEMENT_3D('',#3262,#2616,#2617);
#2251=AXIS2_PLACEMENT_3D('',#3264,#2619,#2620);
#2252=AXIS2_PLACEMENT_3D('',#3266,#2622,#2623);
#2253=AXIS2_PLACEMENT_3D('',#3267,#2624,#2625);
#2254=AXIS2_PLACEMENT_3D('',#3273,#2629,#2630);
#2255=AXIS2_PLACEMENT_3D('',#3279,#2634,#2635);
#2256=AXIS2_PLACEMENT_3D('',#3282,#2638,#2639);
#2257=AXIS2_PLACEMENT_3D('',#3285,#2642,#2643);
#2258=AXIS2_PLACEMENT_3D('',#3291,#2647,#2648);
#2259=AXIS2_PLACEMENT_3D('',#3300,#2653,#2654);
#2260=AXIS2_PLACEMENT_3D('',#3306,#2658,#2659);
#2261=AXIS2_PLACEMENT_3D('',#3307,#2660,#2661);
#2262=AXIS2_PLACEMENT_3D('',#3311,#2664,#2665);
#2263=AXIS2_PLACEMENT_3D('',#3312,#2666,#2667);
#2264=AXIS2_PLACEMENT_3D('',#3315,#2670,#2671);
#2265=AXIS2_PLACEMENT_3D('',#3319,#2674,#2675);
#2266=AXIS2_PLACEMENT_3D('',#3323,#2678,#2679);
#2267=AXIS2_PLACEMENT_3D('',#3329,#2683,#2684);
#2268=AXIS2_PLACEMENT_3D('',#3330,#2685,#2686);
#2269=AXIS2_PLACEMENT_3D('',#3334,#2689,#2690);
#2270=AXIS2_PLACEMENT_3D('',#3335,#2691,#2692);
#2271=AXIS2_PLACEMENT_3D('',#3336,#2693,#2694);
#2272=AXIS2_PLACEMENT_3D('',#3337,#2695,#2696);
#2273=AXIS2_PLACEMENT_3D('',#3338,#2697,#2698);
#2274=AXIS2_PLACEMENT_3D('',#3339,#2699,#2700);
#2275=AXIS2_PLACEMENT_3D('',#3340,#2701,#2702);
#2276=AXIS2_PLACEMENT_3D('',#3341,#2703,#2704);
#2277=AXIS2_PLACEMENT_3D('',#3342,#2705,#2706);
#2278=AXIS2_PLACEMENT_3D('',#3343,#2707,#2708);
#2279=AXIS2_PLACEMENT_3D('',#3344,#2709,#2710);
#2280=AXIS2_PLACEMENT_3D('',#3353,#2716,#2717);
#2281=AXIS2_PLACEMENT_3D('',#3356,#2720,#2721);
#2282=AXIS2_PLACEMENT_3D('',#3357,#2722,#2723);
#2283=AXIS2_PLACEMENT_3D('',#3367,#2729,#2730);
#2284=AXIS2_PLACEMENT_3D('',#3370,#2733,#2734);
#2285=AXIS2_PLACEMENT_3D('',#3371,#2735,#2736);
#2286=AXIS2_PLACEMENT_3D('',#3372,#2737,#2738);
#2287=AXIS2_PLACEMENT_3D('',#3374,#2740,#2741);
#2288=AXIS2_PLACEMENT_3D('',#3375,#2742,#2743);
#2289=AXIS2_PLACEMENT_3D('',#3376,#2744,#2745);
#2290=AXIS2_PLACEMENT_3D('',#3377,#2746,#2747);
#2291=AXIS2_PLACEMENT_3D('',#3378,#2748,#2749);
#2292=AXIS2_PLACEMENT_3D('',#3379,#2750,#2751);
#2293=AXIS2_PLACEMENT_3D('',#3380,#2752,#2753);
#2294=AXIS2_PLACEMENT_3D('',#3381,#2754,#2755);
#2295=AXIS2_PLACEMENT_3D('',#3382,#2756,#2757);
#2296=AXIS2_PLACEMENT_3D('',#3383,#2758,#2759);
#2297=AXIS2_PLACEMENT_3D('',#3384,#2760,#2761);
#2298=AXIS2_PLACEMENT_3D('',#3393,#2766,#2767);
#2299=AXIS2_PLACEMENT_3D('',#3399,#2771,#2772);
#2300=AXIS2_PLACEMENT_3D('',#3405,#2776,#2777);
#2301=AXIS2_PLACEMENT_3D('',#3424,#2787,#2788);
#2302=AXIS2_PLACEMENT_3D('',#3425,#2789,#2790);
#2303=AXIS2_PLACEMENT_3D('',#3427,#2791,#2792);
#2304=AXIS2_PLACEMENT_3D('',#3428,#2793,#2794);
#2305=AXIS2_PLACEMENT_3D('',#3434,#2798,#2799);
#2306=AXIS2_PLACEMENT_3D('',#3438,#2802,#2803);
#2307=AXIS2_PLACEMENT_3D('',#3442,#2806,#2807);
#2308=AXIS2_PLACEMENT_3D('',#3443,#2808,#2809);
#2309=AXIS2_PLACEMENT_3D('',#3445,#2810,#2811);
#2310=AXIS2_PLACEMENT_3D('',#3447,#2812,#2813);
#2311=AXIS2_PLACEMENT_3D('',#3449,#2814,#2815);
#2312=AXIS2_PLACEMENT_3D('',#3452,#2817,#2818);
#2313=AXIS2_PLACEMENT_3D('',#3453,#2819,#2820);
#2314=AXIS2_PLACEMENT_3D('',#3455,#2821,#2822);
#2315=AXIS2_PLACEMENT_3D('',#3456,#2823,#2824);
#2316=AXIS2_PLACEMENT_3D('',#3458,#2825,#2826);
#2317=AXIS2_PLACEMENT_3D('',#3459,#2827,#2828);
#2318=AXIS2_PLACEMENT_3D('',#3461,#2829,#2830);
#2319=AXIS2_PLACEMENT_3D('',#3462,#2831,#2832);
#2320=AXIS2_PLACEMENT_3D('',#3464,#2833,#2834);
#2321=AXIS2_PLACEMENT_3D('',#3465,#2835,#2836);
#2322=AXIS2_PLACEMENT_3D('',#3471,#2840,#2841);
#2323=AXIS2_PLACEMENT_3D('',#3473,#2843,#2844);
#2324=AXIS2_PLACEMENT_3D('',#3475,#2846,#2847);
#2325=AXIS2_PLACEMENT_3D('',#3478,#2850,#2851);
#2326=AXIS2_PLACEMENT_3D('',#3480,#2853,#2854);
#2327=AXIS2_PLACEMENT_3D('',#3483,#2857,#2858);
#2328=AXIS2_PLACEMENT_3D('',#3485,#2860,#2861);
#2329=AXIS2_PLACEMENT_3D('',#3487,#2863,#2864);
#2330=AXIS2_PLACEMENT_3D('',#3489,#2866,#2867);
#2331=AXIS2_PLACEMENT_3D('',#3491,#2869,#2870);
#2332=AXIS2_PLACEMENT_3D('',#3493,#2872,#2873);
#2333=AXIS2_PLACEMENT_3D('',#3495,#2875,#2876);
#2334=AXIS2_PLACEMENT_3D('',#3497,#2878,#2879);
#2335=AXIS2_PLACEMENT_3D('',#3499,#2881,#2882);
#2336=AXIS2_PLACEMENT_3D('',#3501,#2884,#2885);
#2337=AXIS2_PLACEMENT_3D('',#3503,#2887,#2888);
#2338=AXIS2_PLACEMENT_3D('',#3504,#2889,#2890);
#2339=AXIS2_PLACEMENT_3D('',#3505,#2891,#2892);
#2340=AXIS2_PLACEMENT_3D('',#3506,#2893,#2894);
#2341=AXIS2_PLACEMENT_3D('',#3507,#2895,#2896);
#2342=AXIS2_PLACEMENT_3D('',#3508,#2897,#2898);
#2343=AXIS2_PLACEMENT_3D('',#3510,#2900,#2901);
#2344=AXIS2_PLACEMENT_3D('',#3513,#2904,#2905);
#2345=AXIS2_PLACEMENT_3D('',#3514,#2906,#2907);
#2346=AXIS2_PLACEMENT_3D('',#3515,#2908,#2909);
#2347=AXIS2_PLACEMENT_3D('',#3516,#2910,#2911);
#2348=AXIS2_PLACEMENT_3D('',#3518,#2912,#2913);
#2349=DIRECTION('',(0.,0.,1.));
#2350=DIRECTION('',(1.,0.,0.));
#2351=DIRECTION('',(6.12323399573677E-17,-1.,0.));
#2352=DIRECTION('',(1.,6.12323399573677E-17,0.));
#2353=DIRECTION('',(6.12323399573677E-17,-1.,0.));
#2354=DIRECTION('',(-1.,-6.12323399573677E-17,0.));
#2355=DIRECTION('',(6.12323399573677E-17,-1.,0.));
#2356=DIRECTION('',(-1.,-6.12323399573677E-17,0.));
#2357=DIRECTION('',(6.12323399573677E-17,-1.,0.));
#2358=DIRECTION('',(-1.,-6.12323399573677E-17,0.));
#2359=DIRECTION('',(6.12323399573677E-17,-1.,0.));
#2360=DIRECTION('',(-1.,-6.12323399573677E-17,0.));
#2361=DIRECTION('',(1.,6.12323399573677E-17,0.));
#2362=DIRECTION('',(0.,0.,1.));
#2363=DIRECTION('',(0.956978348834214,5.8598023587657E-17,0.290159335301384));
#2364=DIRECTION('',(1.,6.12323399573677E-17,0.));
#2365=DIRECTION('',(0.,0.,1.));
#2366=DIRECTION('',(-0.707106781186548,-4.32978028117747E-17,-0.707106781186548));
#2367=DIRECTION('',(1.,6.12323399573677E-17,0.));
#2368=DIRECTION('',(-0.371390676354105,-2.27411201515112E-17,0.928476690885259));
#2369=DIRECTION('',(-1.,-6.12323399573677E-17,0.));
#2370=DIRECTION('',(0.,0.,-1.));
#2371=DIRECTION('',(-4.32978028117746E-17,0.707106781186547,0.707106781186549));
#2372=DIRECTION('',(-1.,-6.12323399573677E-17,0.));
#2373=DIRECTION('',(-1.,-6.12323399573677E-17,0.));
#2374=DIRECTION('',(-0.109127005024141,-0.702883808596579,0.702883808596577));
#2375=DIRECTION('',(-0.577350269189626,0.577350269189626,-0.577350269189625));
#2376=DIRECTION('',(1.,0.,0.));
#2377=DIRECTION('',(0.,-1.,0.));
#2378=DIRECTION('',(-1.,0.,0.));
#2379=DIRECTION('',(0.,1.,0.));
#2380=DIRECTION('',(-1.,0.,0.));
#2381=DIRECTION('',(0.,1.,0.));
#2382=DIRECTION('',(0.,1.,0.));
#2383=DIRECTION('',(1.,0.,0.));
#2384=DIRECTION('',(-1.,0.,0.));
#2385=DIRECTION('',(0.,0.,1.));
#2386=DIRECTION('',(1.,0.,0.));
#2387=DIRECTION('',(1.,0.,0.));
#2388=DIRECTION('',(-1.,0.,0.));
#2389=DIRECTION('',(0.,0.,-1.));
#2390=DIRECTION('',(-1.,0.,0.));
#2391=DIRECTION('',(0.,0.,1.));
#2392=DIRECTION('',(0.,-0.707106781186548,0.707106781186548));
#2393=DIRECTION('',(-1.,0.,0.));
#2394=DIRECTION('',(1.,0.,0.));
#2395=DIRECTION('',(-0.577350269189633,-0.577350269189622,-0.577350269189622));
#2396=DIRECTION('',(0.,-0.707106781186548,-0.707106781186548));
#2397=DIRECTION('',(0.,0.,1.));
#2398=DIRECTION('',(1.,0.,0.));
#2399=DIRECTION('',(6.12323399573677E-17,-1.,0.));
#2400=DIRECTION('',(-0.73282810879294,-0.680413817439772,0.));
#2401=DIRECTION('',(0.,-1.,0.));
#2402=DIRECTION('',(0.,-1.,0.));
#2403=DIRECTION('',(-1.,0.,0.));
#2404=DIRECTION('',(0.,-1.,0.));
#2405=DIRECTION('',(-1.,0.,0.));
#2406=DIRECTION('',(0.,1.,0.));
#2407=DIRECTION('',(0.707106781186548,0.,0.707106781186548));
#2408=DIRECTION('',(0.,-1.,0.));
#2409=DIRECTION('',(0.,-1.,0.));
#2410=DIRECTION('',(0.628113994521014,0.459288166376743,-0.628113994521014));
#2411=DIRECTION('',(0.,1.,0.));
#2412=DIRECTION('',(-0.707106781186548,0.,0.707106781186548));
#2413=DIRECTION('',(0.707106781186548,0.,-0.707106781186548));
#2414=DIRECTION('',(0.,1.,0.));
#2415=DIRECTION('',(0.,1.,0.));
#2416=DIRECTION('',(0.,1.,0.));
#2417=DIRECTION('',(0.707106781186548,0.,0.707106781186548));
#2418=DIRECTION('',(0.,-1.,0.));
#2419=DIRECTION('',(-1.,0.,0.));
#2420=DIRECTION('',(1.,0.,0.));
#2421=DIRECTION('',(-0.707106781186548,0.,-0.707106781186548));
#2422=DIRECTION('',(-0.884334551575699,0.,-0.466853725367387));
#2423=DIRECTION('',(0.,-1.,0.));
#2424=DIRECTION('',(-1.,0.,0.));
#2425=DIRECTION('',(0.,-1.,0.));
#2426=DIRECTION('',(-1.,0.,0.));
#2427=DIRECTION('',(0.,0.,-1.));
#2428=DIRECTION('',(-0.707106781186548,0.,-0.707106781186548));
#2429=DIRECTION('',(-1.,0.,0.));
#2430=DIRECTION('',(0.,0.,-1.));
#2431=DIRECTION('',(-0.707106781186548,0.,-0.707106781186548));
#2432=DIRECTION('',(1.,0.,0.));
#2433=DIRECTION('',(-0.707106781186548,0.,0.707106781186548));
#2434=DIRECTION('',(-1.,0.,0.));
#2435=DIRECTION('',(-0.707106781186548,0.,-0.707106781186548));
#2436=DIRECTION('',(0.,0.,1.));
#2437=DIRECTION('',(0.,0.,1.));
#2438=DIRECTION('',(1.,0.,0.));
#2439=DIRECTION('',(0.,-1.,0.));
#2440=DIRECTION('',(-1.,0.,0.));
#2441=DIRECTION('',(0.,1.,0.));
#2442=DIRECTION('',(0.,-1.,0.));
#2443=DIRECTION('',(-1.,0.,0.));
#2444=DIRECTION('',(-1.,0.,0.));
#2445=DIRECTION('',(0.,1.,0.));
#2446=DIRECTION('',(1.,0.,0.));
#2447=DIRECTION('',(-1.,0.,0.));
#2448=DIRECTION('',(-0.707106781186548,0.,0.707106781186548));
#2449=DIRECTION('',(-1.,0.,0.));
#2450=DIRECTION('',(0.707106781186548,0.,0.707106781186548));
#2451=DIRECTION('',(0.,0.,-1.));
#2452=DIRECTION('',(-1.,0.,0.));
#2453=DIRECTION('',(0.,0.,-1.));
#2454=DIRECTION('',(0.,1.,0.));
#2455=DIRECTION('',(0.,0.,-1.));
#2456=DIRECTION('',(0.,1.,0.));
#2457=DIRECTION('',(1.,0.,0.));
#2458=DIRECTION('',(0.,-1.,0.));
#2459=DIRECTION('',(0.242535625036335,-0.970142500145332,0.));
#2460=DIRECTION('',(-1.,0.,0.));
#2461=DIRECTION('',(0.,1.,0.));
#2462=DIRECTION('',(-1.,0.,0.));
#2463=DIRECTION('',(0.,-1.,0.));
#2464=DIRECTION('',(-1.,0.,0.));
#2465=DIRECTION('',(0.,-1.,0.));
#2466=DIRECTION('',(-1.,0.,0.));
#2467=DIRECTION('',(0.,-1.,0.));
#2468=DIRECTION('',(1.,0.,0.));
#2469=DIRECTION('',(-1.,0.,0.));
#2470=DIRECTION('',(0.,1.,0.));
#2471=DIRECTION('',(-1.,0.,0.));
#2472=DIRECTION('',(-1.,0.,0.));
#2473=DIRECTION('',(0.,-1.,0.));
#2474=DIRECTION('',(-1.,0.,0.));
#2475=DIRECTION('',(0.,1.,0.));
#2476=DIRECTION('',(0.,-1.,0.));
#2477=DIRECTION('',(-1.,0.,0.));
#2478=DIRECTION('',(0.,1.,0.));
#2479=DIRECTION('',(-1.,0.,0.));
#2480=DIRECTION('',(0.,1.,0.));
#2481=DIRECTION('',(0.,0.,-1.));
#2482=DIRECTION('',(0.,1.,0.));
#2483=DIRECTION('',(1.,0.,0.));
#2484=DIRECTION('',(0.,-1.,0.));
#2485=DIRECTION('',(0.,0.,-1.));
#2486=DIRECTION('',(0.,1.,0.));
#2487=DIRECTION('',(-1.,0.,0.));
#2488=DIRECTION('',(0.,1.,0.));
#2489=DIRECTION('',(0.,0.,1.));
#2490=DIRECTION('',(0.,0.,1.));
#2491=DIRECTION('',(0.,1.,0.));
#2492=DIRECTION('',(0.,0.,-1.));
#2493=DIRECTION('',(0.,0.,-1.));
#2494=DIRECTION('',(0.,-1.,0.));
#2495=DIRECTION('',(0.,0.,-1.));
#2496=DIRECTION('',(0.,1.,0.));
#2497=DIRECTION('',(0.,0.,-1.));
#2498=DIRECTION('',(0.,1.,0.));
#2499=DIRECTION('',(0.,0.,-1.));
#2500=DIRECTION('',(0.,-0.936329177569043,-0.351123441588395));
#2501=DIRECTION('',(0.,0.,-1.));
#2502=DIRECTION('',(0.,1.,0.));
#2503=DIRECTION('',(0.,0.,-1.));
#2504=DIRECTION('',(0.,1.,0.));
#2505=DIRECTION('',(0.,-1.,0.));
#2506=DIRECTION('',(0.,-0.723940924484564,-0.689861970147967));
#2507=DIRECTION('',(-1.,0.,0.));
#2508=DIRECTION('',(0.,1.,0.));
#2509=DIRECTION('',(-0.707106781186548,0.,0.707106781186548));
#2510=DIRECTION('',(0.,1.,0.));
#2511=DIRECTION('',(0.259983844841863,0.929955268194382,0.259983844841863));
#2512=DIRECTION('',(0.707106781186548,0.,0.707106781186548));
#2513=DIRECTION('',(-0.707106781186548,0.,-0.707106781186548));
#2514=DIRECTION('',(-0.156206073450905,0.975294481289678,-0.156206073450905));
#2515=DIRECTION('',(0.952526398574485,0.1069016408865,-0.285071042363998));
#2516=DIRECTION('',(0.,0.936329177569043,0.351123441588395));
#2517=DIRECTION('',(0.28671402818722,0.,0.958016213871487));
#2518=DIRECTION('',(0.28671402818722,0.,0.958016213871487));
#2519=DIRECTION('',(0.,-0.936329177569043,-0.351123441588395));
#2520=DIRECTION('',(0.0857409992641766,-0.992621258129384,-0.0857409992641779));
#2521=DIRECTION('',(-0.463706100307872,-0.115926525076969,0.878372183826904));
#2522=DIRECTION('',(0.242535625036335,-0.970142500145331,0.));
#2523=DIRECTION('',(-0.242535625036335,0.970142500145331,-2.89511577667351E-17));
#2524=DIRECTION('',(-0.884334551575699,0.,-0.466853725367387));
#2525=DIRECTION('',(0.,-1.,0.));
#2526=DIRECTION('',(1.,0.,0.));
#2527=DIRECTION('',(0.,1.,0.));
#2528=DIRECTION('',(1.,0.,0.));
#2529=DIRECTION('',(-0.980580675690919,0.,-0.196116135138188));
#2530=DIRECTION('',(-0.832050294337847,0.,0.554700196225225));
#2531=DIRECTION('',(-0.554700196225228,0.,-0.832050294337845));
#2532=DIRECTION('',(0.832050294337845,0.,-0.554700196225228));
#2533=DIRECTION('',(0.196116135138175,0.,-0.980580675690922));
#2534=DIRECTION('',(-0.554700196225227,0.,-0.832050294337845));
#2535=DIRECTION('',(0.,-1.,0.));
#2536=DIRECTION('',(-1.,0.,0.));
#2537=DIRECTION('',(0.,1.,0.));
#2538=DIRECTION('',(1.,0.,0.));
#2539=DIRECTION('',(0.,-1.,0.));
#2540=DIRECTION('',(0.,1.,0.));
#2541=DIRECTION('',(1.,0.,0.));
#2542=DIRECTION('',(0.,-1.,0.));
#2543=DIRECTION('',(-0.707106781186548,0.,0.707106781186548));
#2544=DIRECTION('',(0.,1.,0.));
#2545=DIRECTION('',(-0.707106781186548,0.,-0.707106781186548));
#2546=DIRECTION('',(-0.707106781186548,0.,-0.707106781186548));
#2547=DIRECTION('',(-0.707106781186548,0.,-0.707106781186548));
#2548=DIRECTION('',(-1.,0.,0.));
#2549=DIRECTION('',(0.,1.,0.));
#2550=DIRECTION('',(0.,0.,1.));
#2551=DIRECTION('',(0.,0.707106781186548,-0.707106781186548));
#2552=DIRECTION('',(0.,-1.,0.));
#2553=DIRECTION('',(0.,1.,0.));
#2554=DIRECTION('',(0.,1.,0.));
#2555=DIRECTION('',(1.,0.,0.));
#2556=DIRECTION('',(0.,0.,-1.));
#2557=DIRECTION('',(1.,0.,0.));
#2558=DIRECTION('',(-1.,0.,0.));
#2559=DIRECTION('',(0.,0.,1.));
#2560=DIRECTION('',(-1.,0.,0.));
#2561=DIRECTION('',(-1.,0.,0.));
#2562=DIRECTION('',(0.,0.,-1.));
#2563=DIRECTION('',(-1.,0.,0.));
#2564=DIRECTION('',(-0.952925780013262,0.303203657276948,0.));
#2565=DIRECTION('',(-6.12323399573677E-17,1.,0.));
#2566=DIRECTION('',(1.,6.12323399573677E-17,0.));
#2567=DIRECTION('',(6.12323399573677E-17,-1.,0.));
#2568=DIRECTION('',(-1.,0.,0.));
#2569=DIRECTION('',(0.,0.,1.));
#2570=DIRECTION('',(0.,-1.,0.));
#2571=DIRECTION('',(0.,0.,1.));
#2572=DIRECTION('',(0.,-1.,0.));
#2573=DIRECTION('',(0.,0.,1.));
#2574=DIRECTION('',(0.,-1.,0.));
#2575=DIRECTION('',(0.,1.,0.));
#2576=DIRECTION('',(0.707106781186548,0.707106781186548,0.));
#2577=DIRECTION('',(0.707106781186548,-0.707106781186548,0.));
#2578=DIRECTION('',(0.,-0.707106781186548,-0.707106781186548));
#2579=DIRECTION('',(0.,0.707106781186548,-0.707106781186548));
#2580=DIRECTION('',(-0.577350269189626,0.577350269189626,-0.577350269189626));
#2581=DIRECTION('',(0.577350269189626,0.577350269189626,-0.577350269189626));
#2582=DIRECTION('',(-0.577350269189626,0.577350269189626,-0.577350269189626));
#2583=DIRECTION('',(0.,0.707106781186548,-0.707106781186548));
#2584=DIRECTION('',(0.,0.707106781186548,0.707106781186548));
#2585=DIRECTION('',(-0.577350269189626,-0.577350269189626,-0.577350269189626));
#2586=DIRECTION('',(-0.577350269189626,0.577350269189626,0.577350269189626));
#2587=DIRECTION('',(0.,-0.707106781186548,-0.707106781186548));
#2588=DIRECTION('',(1.,0.,0.));
#2589=DIRECTION('',(0.,0.,-1.));
#2590=DIRECTION('',(0.,-1.,0.));
#2591=DIRECTION('',(0.,0.,-1.));
#2592=DIRECTION('',(0.,0.,1.));
#2593=DIRECTION('',(0.707106781186548,0.707106781186548,0.));
#2594=DIRECTION('',(0.,0.,-1.));
#2595=DIRECTION('',(-0.577350269189626,0.577350269189626,0.577350269189626));
#2596=DIRECTION('',(0.707106781186548,0.,0.707106781186548));
#2597=DIRECTION('',(0.,1.,0.));
#2598=DIRECTION('',(0.577350269189626,0.577350269189626,-0.577350269189626));
#2599=DIRECTION('',(-0.707106781186548,0.707106781186548,0.));
#2600=DIRECTION('',(0.,0.,1.));
#2601=DIRECTION('',(0.,0.,-1.));
#2602=DIRECTION('',(0.,1.,0.));
#2603=DIRECTION('',(0.,0.,-1.));
#2604=DIRECTION('',(0.,1.,0.));
#2605=DIRECTION('',(0.,0.,-1.));
#2606=DIRECTION('',(0.,1.,0.));
#2607=DIRECTION('',(0.,0.,-1.));
#2608=DIRECTION('',(0.,1.,0.));
#2609=DIRECTION('',(0.,0.,1.));
#2610=DIRECTION('',(0.,-1.,0.));
#2611=DIRECTION('',(0.,0.,1.));
#2612=DIRECTION('',(0.,-1.,0.));
#2613=DIRECTION('',(0.,-0.707106781186548,-0.707106781186548));
#2614=DIRECTION('',(1.,0.,0.));
#2615=DIRECTION('',(0.,-0.707106781186548,0.707106781186548));
#2616=DIRECTION('',(-0.577350269189626,-0.577350269189626,-0.577350269189626));
#2617=DIRECTION('',(-0.707106781186548,0.707106781186548,0.));
#2618=DIRECTION('',(-0.707106781186548,0.707106781186548,0.));
#2619=DIRECTION('',(-0.577350269189626,-0.577350269189626,0.577350269189626));
#2620=DIRECTION('',(-0.707106781186548,0.707106781186548,0.));
#2621=DIRECTION('',(0.707106781186548,-0.707106781186548,0.));
#2622=DIRECTION('',(-0.707106781186548,-0.707106781186548,0.));
#2623=DIRECTION('',(0.,0.,-1.));
#2624=DIRECTION('',(1.,0.,0.));
#2625=DIRECTION('',(0.,-1.,0.));
#2626=DIRECTION('',(0.,1.,0.));
#2627=DIRECTION('',(0.,0.,1.));
#2628=DIRECTION('',(0.,0.,1.));
#2629=DIRECTION('',(0.,0.,1.));
#2630=DIRECTION('',(1.,0.,0.));
#2631=DIRECTION('',(-1.,0.,0.));
#2632=DIRECTION('',(0.,-1.,0.));
#2633=DIRECTION('',(-1.,0.,0.));
#2634=DIRECTION('',(0.707106781186548,0.,-0.707106781186548));
#2635=DIRECTION('',(0.,1.,0.));
#2636=DIRECTION('',(-0.707106781186548,0.,-0.707106781186548));
#2637=DIRECTION('',(0.707106781186548,0.,0.707106781186548));
#2638=DIRECTION('',(0.707106781186548,0.,-0.707106781186548));
#2639=DIRECTION('',(0.,1.,0.));
#2640=DIRECTION('',(-0.707106781186548,0.,-0.707106781186548));
#2641=DIRECTION('',(0.707106781186548,0.,0.707106781186548));
#2642=DIRECTION('',(0.554700196225228,0.,0.832050294337845));
#2643=DIRECTION('',(0.832050294337845,0.,-0.554700196225228));
#2644=DIRECTION('',(-0.832050294337845,0.,0.554700196225228));
#2645=DIRECTION('',(0.,1.,0.));
#2646=DIRECTION('',(-0.832050294337845,0.,0.554700196225228));
#2647=DIRECTION('',(0.832050294337845,0.,-0.554700196225227));
#2648=DIRECTION('',(-0.554700196225227,0.,-0.832050294337845));
#2649=DIRECTION('',(0.554700196225227,0.,0.832050294337845));
#2650=DIRECTION('',(0.,1.,0.));
#2651=DIRECTION('',(0.554700196225227,0.,0.832050294337845));
#2652=DIRECTION('',(0.,-1.,0.));
#2653=DIRECTION('',(-0.554700196225225,0.,-0.832050294337847));
#2654=DIRECTION('',(-0.832050294337847,0.,0.554700196225225));
#2655=DIRECTION('',(0.832050294337847,0.,-0.554700196225225));
#2656=DIRECTION('',(0.,-1.,0.));
#2657=DIRECTION('',(0.832050294337847,0.,-0.554700196225225));
#2658=DIRECTION('',(0.,1.,0.));
#2659=DIRECTION('',(1.,0.,0.));
#2660=DIRECTION('',(0.,1.,0.));
#2661=DIRECTION('',(1.,0.,0.));
#2662=DIRECTION('',(-0.98058067569092,0.,-0.196116135138187));
#2663=DIRECTION('',(0.196116135138182,0.,-0.980580675690921));
#2664=DIRECTION('',(0.,1.,0.));
#2665=DIRECTION('',(1.,0.,0.));
#2666=DIRECTION('',(0.,1.,0.));
#2667=DIRECTION('',(1.,0.,0.));
#2668=DIRECTION('',(0.98058067569092,0.,0.196116135138187));
#2669=DIRECTION('',(-0.196116135138182,0.,0.980580675690921));
#2670=DIRECTION('',(0.554700196225228,0.,0.832050294337845));
#2671=DIRECTION('',(0.832050294337845,0.,-0.554700196225228));
#2672=DIRECTION('',(0.832050294337845,0.,-0.554700196225228));
#2673=DIRECTION('',(0.,1.,0.));
#2674=DIRECTION('',(-0.554700196225225,0.,-0.832050294337847));
#2675=DIRECTION('',(-0.832050294337847,0.,0.554700196225225));
#2676=DIRECTION('',(0.,-1.,0.));
#2677=DIRECTION('',(-0.832050294337847,0.,0.554700196225225));
#2678=DIRECTION('',(0.832050294337845,0.,-0.554700196225227));
#2679=DIRECTION('',(-0.554700196225227,0.,-0.832050294337845));
#2680=DIRECTION('',(0.,-1.,0.));
#2681=DIRECTION('',(-0.554700196225227,0.,-0.832050294337845));
#2682=DIRECTION('',(0.,1.,0.));
#2683=DIRECTION('',(0.,-1.,0.));
#2684=DIRECTION('',(1.,0.,0.));
#2685=DIRECTION('',(0.,-1.,0.));
#2686=DIRECTION('',(-1.,0.,0.));
#2687=DIRECTION('',(-0.196116135138175,0.,0.980580675690922));
#2688=DIRECTION('',(0.980580675690919,0.,0.196116135138188));
#2689=DIRECTION('',(0.980580675690922,0.,0.196116135138175));
#2690=DIRECTION('',(0.,1.,0.));
#2691=DIRECTION('',(0.196116135138188,0.,-0.980580675690919));
#2692=DIRECTION('',(0.,1.,0.));
#2693=DIRECTION('',(0.196116135138187,0.,-0.98058067569092));
#2694=DIRECTION('',(0.,-1.,0.));
#2695=DIRECTION('',(0.980580675690921,0.,0.196116135138182));
#2696=DIRECTION('',(0.,-1.,0.));
#2697=DIRECTION('',(0.,1.,0.));
#2698=DIRECTION('',(1.,0.,0.));
#2699=DIRECTION('',(0.,1.,0.));
#2700=DIRECTION('',(1.,0.,0.));
#2701=DIRECTION('',(0.,1.,0.));
#2702=DIRECTION('',(1.,0.,0.));
#2703=DIRECTION('',(0.,1.,0.));
#2704=DIRECTION('',(1.,0.,0.));
#2705=DIRECTION('',(-0.814613079962557,-0.203653269990641,0.543075386641703));
#2706=DIRECTION('',(0.554700196225228,0.,0.832050294337845));
#2707=DIRECTION('',(0.,-1.,0.));
#2708=DIRECTION('',(-1.,0.,0.));
#2709=DIRECTION('',(0.,-1.,0.));
#2710=DIRECTION('',(-1.,0.,0.));
#2711=DIRECTION('',(-0.707106781186548,0.,-0.707106781186548));
#2712=DIRECTION('',(-1.,0.,0.));
#2713=DIRECTION('',(0.707106781186548,0.,-0.707106781186548));
#2714=DIRECTION('',(0.707106781186548,0.,0.707106781186548));
#2715=DIRECTION('',(0.707106781186548,0.,0.707106781186548));
#2716=DIRECTION('',(0.,0.,1.));
#2717=DIRECTION('',(1.,0.,0.));
#2718=DIRECTION('',(0.,-1.,0.));
#2719=DIRECTION('',(0.,1.,0.));
#2720=DIRECTION('',(0.,-1.,0.));
#2721=DIRECTION('',(-1.,0.,0.));
#2722=DIRECTION('',(0.,1.,0.));
#2723=DIRECTION('',(1.,0.,0.));
#2724=DIRECTION('',(0.,0.,1.));
#2725=DIRECTION('',(0.707106781186548,0.,0.707106781186548));
#2726=DIRECTION('',(-1.,0.,0.));
#2727=DIRECTION('',(0.707106781186548,0.,-0.707106781186548));
#2728=DIRECTION('',(0.707106781186548,0.,0.707106781186548));
#2729=DIRECTION('',(0.,0.,1.));
#2730=DIRECTION('',(1.,0.,0.));
#2731=DIRECTION('',(0.,-1.,0.));
#2732=DIRECTION('',(0.,1.,0.));
#2733=DIRECTION('',(0.707106781186548,0.,-0.707106781186548));
#2734=DIRECTION('',(0.,1.,0.));
#2735=DIRECTION('',(0.707106781186548,0.,0.707106781186548));
#2736=DIRECTION('',(0.,-1.,0.));
#2737=DIRECTION('',(-0.707106781186548,0.,0.707106781186548));
#2738=DIRECTION('',(0.,1.,0.));
#2739=DIRECTION('',(0.,1.,0.));
#2740=DIRECTION('',(0.707106781186548,0.,0.707106781186548));
#2741=DIRECTION('',(0.,-1.,0.));
#2742=DIRECTION('',(0.707106781186548,0.,-0.707106781186548));
#2743=DIRECTION('',(0.,1.,0.));
#2744=DIRECTION('',(0.707106781186548,0.,-0.707106781186548));
#2745=DIRECTION('',(0.,1.,0.));
#2746=DIRECTION('',(0.,1.,0.));
#2747=DIRECTION('',(1.,0.,0.));
#2748=DIRECTION('',(0.,1.,0.));
#2749=DIRECTION('',(1.,0.,0.));
#2750=DIRECTION('',(0.,1.,0.));
#2751=DIRECTION('',(1.,0.,0.));
#2752=DIRECTION('',(0.,1.,0.));
#2753=DIRECTION('',(1.,0.,0.));
#2754=DIRECTION('',(0.,-1.,0.));
#2755=DIRECTION('',(-1.,0.,0.));
#2756=DIRECTION('',(1.,0.,0.));
#2757=DIRECTION('',(0.,-1.,0.));
#2758=DIRECTION('',(0.707106781186548,0.,-0.707106781186548));
#2759=DIRECTION('',(0.,1.,0.));
#2760=DIRECTION('',(0.,0.,-1.));
#2761=DIRECTION('',(0.,1.,0.));
#2762=DIRECTION('',(1.,6.12323399573677E-17,0.));
#2763=DIRECTION('',(-6.12323399573677E-17,1.,0.));
#2764=DIRECTION('',(-1.,-6.12323399573677E-17,0.));
#2765=DIRECTION('',(6.12323399573677E-17,-1.,0.));
#2766=DIRECTION('',(-1.,-6.12323399573677E-17,0.));
#2767=DIRECTION('',(-6.12323399573677E-17,1.,0.));
#2768=DIRECTION('',(0.,0.,1.));
#2769=DIRECTION('',(-6.12323399573677E-17,1.,0.));
#2770=DIRECTION('',(0.,0.,-1.));
#2771=DIRECTION('',(-1.,-6.12323399573677E-17,0.));
#2772=DIRECTION('',(-6.12323399573677E-17,1.,0.));
#2773=DIRECTION('',(-6.12323399573677E-17,1.,0.));
#2774=DIRECTION('',(0.,0.,1.));
#2775=DIRECTION('',(6.12323399573677E-17,-1.,0.));
#2776=DIRECTION('',(6.12323399573677E-17,-1.,0.));
#2777=DIRECTION('',(-1.,-6.12323399573677E-17,0.));
#2778=DIRECTION('',(1.,6.12323399573677E-17,0.));
#2779=DIRECTION('',(0.371390676354105,2.27411201515112E-17,-0.928476690885259));
#2780=DIRECTION('',(0.,0.,-1.));
#2781=DIRECTION('',(-1.,-6.12323399573677E-17,0.));
#2782=DIRECTION('',(0.,0.,1.));
#2783=DIRECTION('',(0.,0.,1.));
#2784=DIRECTION('',(1.,6.12323399573677E-17,0.));
#2785=DIRECTION('',(0.,0.,1.));
#2786=DIRECTION('',(1.,6.12323399573677E-17,0.));
#2787=DIRECTION('',(-1.,0.,0.));
#2788=DIRECTION('',(0.,1.,0.));
#2789=DIRECTION('',(-1.,0.,0.));
#2790=DIRECTION('',(0.,1.,0.));
#2791=DIRECTION('',(-1.,0.,0.));
#2792=DIRECTION('',(0.,0.,1.));
#2793=DIRECTION('',(1.,6.12323399573677E-17,0.));
#2794=DIRECTION('',(6.12323399573677E-17,-1.,0.));
#2795=DIRECTION('',(0.,0.,1.));
#2796=DIRECTION('',(6.12323399573677E-17,-1.,0.));
#2797=DIRECTION('',(6.12323399573677E-17,-1.,0.));
#2798=DIRECTION('',(0.,0.,-1.));
#2799=DIRECTION('',(0.,1.,0.));
#2800=DIRECTION('',(1.,6.12323399573677E-17,0.));
#2801=DIRECTION('',(6.12323399573677E-17,-1.,0.));
#2802=DIRECTION('',(0.,0.,-1.));
#2803=DIRECTION('',(0.,1.,0.));
#2804=DIRECTION('',(1.,6.12323399573677E-17,0.));
#2805=DIRECTION('',(6.12323399573677E-17,-1.,0.));
#2806=DIRECTION('',(6.12323399573677E-17,-1.,0.));
#2807=DIRECTION('',(1.,6.12323399573677E-17,0.));
#2808=DIRECTION('',(-6.12323399573677E-17,1.,-6.98296267768627E-15));
#2809=DIRECTION('',(-1.,-6.12323399573677E-17,1.11022302462516E-14));
#2810=DIRECTION('',(-6.12323399573677E-17,1.,-6.98296267768627E-15));
#2811=DIRECTION('',(-1.,-6.12323399573677E-17,5.55111512312578E-15));
#2812=DIRECTION('',(-6.12323399573677E-17,1.,-6.98296267768627E-15));
#2813=DIRECTION('',(-1.,-6.12323399573677E-17,9.71445146547011E-15));
#2814=DIRECTION('',(6.12323399573677E-17,-1.,0.));
#2815=DIRECTION('',(-1.,-6.12323399573677E-17,0.));
#2816=DIRECTION('',(0.,0.,1.));
#2817=DIRECTION('',(-6.12323399573677E-17,1.,0.));
#2818=DIRECTION('',(1.,6.12323399573677E-17,0.));
#2819=DIRECTION('',(0.,-1.,0.));
#2820=DIRECTION('',(-1.,0.,0.));
#2821=DIRECTION('',(-6.12323399573677E-17,1.,0.));
#2822=DIRECTION('',(1.,6.12323399573677E-17,0.));
#2823=DIRECTION('',(0.,-1.,0.));
#2824=DIRECTION('',(-1.,0.,0.));
#2825=DIRECTION('',(-6.12323399573677E-17,1.,0.));
#2826=DIRECTION('',(1.,6.12323399573677E-17,0.));
#2827=DIRECTION('',(0.,-1.,0.));
#2828=DIRECTION('',(-1.,0.,0.));
#2829=DIRECTION('',(-6.12323399573677E-17,1.,0.));
#2830=DIRECTION('',(1.,6.12323399573677E-17,0.));
#2831=DIRECTION('',(0.,-1.,0.));
#2832=DIRECTION('',(-1.,0.,0.));
#2833=DIRECTION('',(-1.,0.,0.));
#2834=DIRECTION('',(0.,1.,0.));
#2835=DIRECTION('',(-0.928476690885259,-5.68528003787779E-17,-0.371390676354105));
#2836=DIRECTION('',(6.12323399573677E-17,-1.,0.));
#2837=DIRECTION('',(0.371390676354105,2.27411201515112E-17,-0.928476690885259));
#2838=DIRECTION('',(-6.12323399573677E-17,1.,-2.20398212393191E-34));
#2839=DIRECTION('',(-0.371390676354105,-2.27411201515112E-17,0.928476690885259));
#2840=DIRECTION('',(0.707106781186541,4.32978028117742E-17,-0.707106781186554));
#2841=DIRECTION('',(-6.12323399573677E-17,1.,0.));
#2842=DIRECTION('',(-0.707106781186555,4.59271659142072E-16,-0.707106781186541));
#2843=DIRECTION('',(0.656532164298612,-0.707106781186548,0.262612865719446));
#2844=DIRECTION('',(0.371390676354105,2.27411201515112E-17,-0.928476690885259));
#2845=DIRECTION('',(0.72274014913695,0.689358884226067,0.0493052285674891));
#2846=DIRECTION('',(4.32978028117746E-17,-0.707106781186548,0.707106781186548));
#2847=DIRECTION('',(1.,6.12323399573677E-17,0.));
#2848=DIRECTION('',(0.,0.707106781186548,0.707106781186548));
#2849=DIRECTION('',(0.222640197352553,-0.689358884226067,-0.689358884226067));
#2850=DIRECTION('',(0.707106781186548,0.707106781186548,0.));
#2851=DIRECTION('',(0.,0.,1.));
#2852=DIRECTION('',(-0.707106781186548,0.707106781186548,0.));
#2853=DIRECTION('',(0.57735026918962,0.577350269189626,-0.577350269189631));
#2854=DIRECTION('',(0.,0.707106781186551,0.707106781186544));
#2855=DIRECTION('',(9.23022089464119E-15,0.707106781186546,0.707106781186549));
#2856=DIRECTION('',(-0.707106781186551,0.707106781186544,-6.83925587035484E-17));
#2857=DIRECTION('',(-0.707106781186544,-0.707106781186551,0.));
#2858=DIRECTION('',(0.,0.,1.));
#2859=DIRECTION('',(-0.700640288494486,0.700640288494479,-0.13493099079432));
#2860=DIRECTION('',(0.470699286600398,-0.543218006577111,0.695238361228915));
#2861=DIRECTION('',(0.,-0.787989710702808,-0.615688408065724));
#2862=DIRECTION('',(0.828067230469273,3.50802228834372E-33,-0.560628809305184));
#2863=DIRECTION('',(-0.577350269189626,-0.577350269189626,0.577350269189626));
#2864=DIRECTION('',(-0.707106781186548,0.707106781186548,0.));
#2865=DIRECTION('',(-0.707106781186548,0.,-0.707106781186548));
#2866=DIRECTION('',(-4.32978028117747E-17,0.707106781186549,-0.707106781186546));
#2867=DIRECTION('',(1.,6.12323399573677E-17,0.));
#2868=DIRECTION('',(0.577350269189625,0.577350269189625,0.577350269189627));
#2869=DIRECTION('',(-0.65653216429861,-0.707106781186551,-0.262612865719444));
#2870=DIRECTION('',(0.371390676354105,2.27411201515112E-17,-0.928476690885259));
#2871=DIRECTION('',(0.722740149136951,-0.689358884226065,0.0493052285674952));
#2872=DIRECTION('',(-0.560628809305184,-3.43286138412693E-17,-0.828067230469273));
#2873=DIRECTION('',(-6.12323399573677E-17,1.,-2.46519032881567E-33));
#2874=DIRECTION('',(-0.828067230469273,-1.55301523446569E-16,0.560628809305184));
#2875=DIRECTION('',(-0.707106781186548,-4.32978028117747E-17,0.707106781186548));
#2876=DIRECTION('',(6.12323399573677E-17,-1.,0.));
#2877=DIRECTION('',(0.707106781186548,0.,0.707106781186548));
#2878=DIRECTION('',(-0.707106781186548,0.707106781186548,0.));
#2879=DIRECTION('',(0.,0.,-1.));
#2880=DIRECTION('',(-0.707106781186548,-0.707106781186548,0.));
#2881=DIRECTION('',(0.470699286600395,0.543218006577117,0.695238361228912));
#2882=DIRECTION('',(0.,-0.787989710702803,0.61568840806573));
#2883=DIRECTION('',(0.222640197352542,0.689358884226069,-0.689358884226069));
#2884=DIRECTION('',(-0.577350269189626,0.577350269189626,0.577350269189626));
#2885=DIRECTION('',(0.707106781186548,0.707106781186548,0.));
#2886=DIRECTION('',(5.76888805915069E-16,-0.707106781186547,0.707106781186548));
#2887=DIRECTION('',(4.32978028117747E-17,-0.707106781186548,-0.707106781186547));
#2888=DIRECTION('',(-1.,-6.12323399573677E-17,0.));
#2889=DIRECTION('',(0.,-1.,0.));
#2890=DIRECTION('',(-1.,0.,0.));
#2891=DIRECTION('',(0.,-1.,0.));
#2892=DIRECTION('',(-1.,0.,0.));
#2893=DIRECTION('',(0.,-1.,0.));
#2894=DIRECTION('',(-1.,0.,0.));
#2895=DIRECTION('',(0.,-1.,0.));
#2896=DIRECTION('',(-1.,0.,0.));
#2897=DIRECTION('',(0.,0.,-1.));
#2898=DIRECTION('',(-1.,0.,0.));
#2899=DIRECTION('',(0.952925780013262,-0.303203657276948,0.));
#2900=DIRECTION('',(-0.303203657276948,-0.952925780013262,0.));
#2901=DIRECTION('',(0.,0.,1.));
#2902=DIRECTION('',(-0.952925780013262,0.303203657276948,0.));
#2903=DIRECTION('',(0.952925780013262,-0.303203657276948,0.));
#2904=DIRECTION('',(-0.21439736214109,-0.673820281014854,0.707106781186552));
#2905=DIRECTION('',(-0.952925780013262,0.303203657276948,0.));
#2906=DIRECTION('',(0.21439736214109,0.673820281014853,0.707106781186552));
#2907=DIRECTION('',(-0.952925780013262,0.303203657276948,0.));
#2908=DIRECTION('',(0.,0.,-1.));
#2909=DIRECTION('',(0.,1.,0.));
#2910=DIRECTION('',(0.,0.,1.));
#2911=DIRECTION('',(0.,-1.,0.));
#2912=DIRECTION('',(0.,0.,-1.));
#2913=DIRECTION('',(-1.,0.,0.));
#2914=CARTESIAN_POINT('',(0.,0.,0.));
#2915=CARTESIAN_POINT('',(0.110163524404355,0.430256029657602,-0.1445));
#2916=CARTESIAN_POINT('',(0.107163524404355,0.430256029657602,-0.1445));
#2917=CARTESIAN_POINT('',(0.107163524404355,0.430256029657601,-0.1605));
#2918=CARTESIAN_POINT('',(0.122663524404355,0.430256029657602,-0.129));
#2919=CARTESIAN_POINT('',(0.117163524404355,0.430256029657602,-0.129));
#2920=CARTESIAN_POINT('',(0.0916635244043552,0.430256029657602,-0.129));
#2921=CARTESIAN_POINT('',(0.0861635244043552,0.430256029657602,-0.129));
#2922=CARTESIAN_POINT('',(0.0916635244043549,0.430256029657602,-0.16));
#2923=CARTESIAN_POINT('',(0.0861635244043549,0.430256029657602,-0.16));
#2924=CARTESIAN_POINT('',(0.110163524404355,0.430256029657602,-0.1685));
#2925=CARTESIAN_POINT('',(0.0831635244043551,0.430256029657602,-0.1685));
#2926=CARTESIAN_POINT('',(0.106313524404355,0.430256029657602,-0.1685));
#2927=CARTESIAN_POINT('',(0.106313524404355,0.430256029657602,-0.1445));
#2928=CARTESIAN_POINT('',(0.106313524404355,0.430256029657602,-0.1635));
#2929=CARTESIAN_POINT('',(-0.0173253434636746,0.430256029657602,-0.200987756919168));
#2930=CARTESIAN_POINT('',(0.116207864159168,0.430256029657602,-0.1605));
#2931=CARTESIAN_POINT('',(0.110163524404355,0.430256029657602,-0.1605));
#2932=CARTESIAN_POINT('',(0.128313524404355,0.430256029657602,-0.1605));
#2933=CARTESIAN_POINT('',(0.128313524404355,0.430256029657602,-0.1715));
#2934=CARTESIAN_POINT('',(0.128313524404355,0.430256029657602,-0.1505));
#2935=CARTESIAN_POINT('',(0.128313524404355,0.430256029657602,-0.1505));
#2936=CARTESIAN_POINT('',(0.131313524404355,0.430256029657602,-0.1475));
#2937=CARTESIAN_POINT('',(-0.029461303952946,0.430256029657602,-0.1475));
#2938=CARTESIAN_POINT('',(0.141932425520075,0.430256029657602,-0.1475));
#2939=CARTESIAN_POINT('',(0.136516025366182,0.430256029657602,-0.133958999615268));
#2940=CARTESIAN_POINT('',(0.131132425520074,0.430256029657602,-0.120499999999999));
#2941=CARTESIAN_POINT('',(0.0801635244043551,0.430256029657602,-0.120499999999999));
#2942=CARTESIAN_POINT('',(0.0831635244043551,0.430256029657602,-0.120499999999999));
#2943=CARTESIAN_POINT('',(0.0831635244043551,0.430256029657602,-0.1445));
#2944=CARTESIAN_POINT('',(-0.0397380590567294,0.433256029657602,-0.1715));
#2945=CARTESIAN_POINT('',(-0.0397380590567294,0.433256029657602,-0.1715));
#2946=CARTESIAN_POINT('',(0.106779292730596,0.433256029657602,-0.1715));
#2947=CARTESIAN_POINT('',(0.0801635244043551,0.433256029657602,-0.1715));
#2948=CARTESIAN_POINT('',(0.108316513808622,0.443157225110904,-0.181401195453302));
#2949=CARTESIAN_POINT('',(0.0401963299173268,0.47322322414463,-0.211467194487028));
#2950=CARTESIAN_POINT('',(-0.678295754346114,0.367506029657602,-0.161118497997991));
#2951=CARTESIAN_POINT('',(0.163313524404355,0.367506029657602,-0.161118497997991));
#2952=CARTESIAN_POINT('',(0.163313524404355,0.370006029657602,-0.161118497997991));
#2953=CARTESIAN_POINT('',(0.158313524404355,0.367506029657602,-0.161118497997991));
#2954=CARTESIAN_POINT('',(0.158313524404355,0.370006029657602,-0.161118497997991));
#2955=CARTESIAN_POINT('',(0.145813524404355,0.439506029657602,-0.1715));
#2956=CARTESIAN_POINT('',(0.145813524404355,0.439506029657602,-0.1685));
#2957=CARTESIAN_POINT('',(0.163313524404355,0.439506029657602,-0.1685));
#2958=CARTESIAN_POINT('',(0.145163524404355,0.439506029657602,-0.1685));
#2959=CARTESIAN_POINT('',(0.145163524404355,0.439506029657602,-0.1715));
#2960=CARTESIAN_POINT('',(0.145163524404355,0.439506029657602,-0.1475));
#2961=CARTESIAN_POINT('',(0.163313524404355,0.439506029657602,-0.1475));
#2962=CARTESIAN_POINT('',(0.159813524404355,0.439506029657602,-0.1475));
#2963=CARTESIAN_POINT('',(0.163313524404355,0.439506029657602,-0.1475));
#2964=CARTESIAN_POINT('',(0.163313524404355,0.439506029657602,-0.1475));
#2965=CARTESIAN_POINT('',(0.183313524404355,0.439506029657602,-0.1475));
#2966=CARTESIAN_POINT('',(0.180313524404355,0.439506029657602,-0.1475));
#2967=CARTESIAN_POINT('',(0.180313524404355,0.439506029657602,-0.151119923881154));
#2968=CARTESIAN_POINT('',(0.180313524404355,0.439506029657602,-0.151119923881154));
#2969=CARTESIAN_POINT('',(0.183313524404355,0.439506029657602,-0.151119923881154));
#2970=CARTESIAN_POINT('',(0.163313524404355,0.439506029657602,-0.151119923881154));
#2971=CARTESIAN_POINT('',(0.163313524404355,0.439506029657602,-0.1715));
#2972=CARTESIAN_POINT('',(0.145813524404355,0.439506029657602,-0.1685));
#2973=CARTESIAN_POINT('',(-0.0397380590567294,0.436506029657602,-0.1715));
#2974=CARTESIAN_POINT('',(0.142163524404355,0.436506029657602,-0.1715));
#2975=CARTESIAN_POINT('',(0.163313524404355,0.436506029657602,-0.1715));
#2976=CARTESIAN_POINT('',(0.129496857737688,0.423839362990935,-0.184166666666667));
#2977=CARTESIAN_POINT('',(0.163313524404355,0.439506029657602,-0.1685));
#2978=CARTESIAN_POINT('',(-0.029461303952946,0.398506029657602,-0.1475));
#2979=CARTESIAN_POINT('',(0.145163524404355,0.398506029657602,-0.1475));
#2980=CARTESIAN_POINT('',(0.145163524404355,0.433256029657602,-0.1475));
#2981=CARTESIAN_POINT('',(0.139023618030021,0.427555269704815,-0.1475));
#2982=CARTESIAN_POINT('',(0.131313524404355,0.398506029657602,-0.1475));
#2983=CARTESIAN_POINT('',(0.131313524404355,0.427006029657602,-0.1475));
#2984=CARTESIAN_POINT('',(0.131313524404355,0.398506029657602,-0.1475));
#2985=CARTESIAN_POINT('',(0.131313524404355,0.425006029657602,-0.1475));
#2986=CARTESIAN_POINT('',(0.128311524404355,0.425006029657602,-0.1475));
#2987=CARTESIAN_POINT('',(0.137813524404355,0.425006029657602,-0.1475));
#2988=CARTESIAN_POINT('',(0.137813524404355,0.427006029657602,-0.1475));
#2989=CARTESIAN_POINT('',(0.137813524404355,0.427006029657602,-0.1475));
#2990=CARTESIAN_POINT('',(0.144063524404355,0.427006029657602,-0.1475));
#2991=CARTESIAN_POINT('',(0.159813524404355,0.427006029657602,-0.1475));
#2992=CARTESIAN_POINT('',(0.159813524404355,0.433256029657602,-0.1475));
#2993=CARTESIAN_POINT('',(0.128313524404355,0.398506029657602,-0.1685));
#2994=CARTESIAN_POINT('',(0.128313524404355,0.398506029657602,-0.1685));
#2995=CARTESIAN_POINT('',(0.128313524404355,0.423256029657602,-0.1685));
#2996=CARTESIAN_POINT('',(0.128313524404355,0.360506029657602,-0.1685));
#2997=CARTESIAN_POINT('',(0.086647327342343,0.392788962508275,-0.126833802937988));
#2998=CARTESIAN_POINT('',(0.131313524404355,0.425449683215952,-0.1715));
#2999=CARTESIAN_POINT('',(0.131313524404355,0.398506029657602,-0.1715));
#3000=CARTESIAN_POINT('',(0.131313524404355,0.360506029657602,-0.1715));
#3001=CARTESIAN_POINT('',(0.129813524404355,0.360506029657602,-0.17));
#3002=CARTESIAN_POINT('',(0.128313524404355,0.398506029657602,-0.1505));
#3003=CARTESIAN_POINT('',(0.128313524404355,0.398506029657602,-0.1505));
#3004=CARTESIAN_POINT('',(0.128313524404355,0.427006029657602,-0.1505));
#3005=CARTESIAN_POINT('',(0.128313524404355,0.398506029657602,-0.1505));
#3006=CARTESIAN_POINT('',(0.128313524404355,0.425006029657602,-0.1505));
#3007=CARTESIAN_POINT('',(0.144563524404355,0.425006029657602,-0.13425));
#3008=CARTESIAN_POINT('',(0.128311524404355,0.413006029657602,-0.1385));
#3009=CARTESIAN_POINT('',(0.128311524404355,0.413006029657602,-0.1445));
#3010=CARTESIAN_POINT('',(0.131313524404355,0.413006029657602,-0.1445));
#3011=CARTESIAN_POINT('',(0.131402965420366,0.413006029657602,-0.1445));
#3012=CARTESIAN_POINT('',(0.132812524404355,0.413006029657602,-0.143001));
#3013=CARTESIAN_POINT('',(0.131213505747439,0.413006029657602,-0.144600018656915));
#3014=CARTESIAN_POINT('',(0.130679961494381,0.413006029657602,-0.144881684822446));
#3015=CARTESIAN_POINT('',(0.148813524404355,0.425006029657602,-0.1385));
#3016=CARTESIAN_POINT('',(0.148813524404355,0.425006029657602,-0.1445));
#3017=CARTESIAN_POINT('',(0.146313524404355,0.425006029657602,-0.1445));
#3018=CARTESIAN_POINT('',(0.128313524404355,0.425006029657602,-0.1385));
#3019=CARTESIAN_POINT('',(0.128313524404355,0.425006029657602,-0.1575));
#3020=CARTESIAN_POINT('',(0.128313524404355,0.425006029657602,-0.1575));
#3021=CARTESIAN_POINT('',(0.131313524404355,0.425006029657602,-0.1545));
#3022=CARTESIAN_POINT('',(0.148813524404355,0.425006029657602,-0.1545));
#3023=CARTESIAN_POINT('',(0.159813524404355,0.425006029657602,-0.1545));
#3024=CARTESIAN_POINT('',(0.159813524404355,0.425006029657602,-0.1385));
#3025=CARTESIAN_POINT('',(0.159813524404355,0.425006029657602,-0.1475));
#3026=CARTESIAN_POINT('',(0.159813524404355,0.425006029657602,-0.1475));
#3027=CARTESIAN_POINT('',(0.162813524404355,0.425006029657602,-0.1445));
#3028=CARTESIAN_POINT('',(0.148813524404355,0.425006029657602,-0.1445));
#3029=CARTESIAN_POINT('',(0.159813524404355,0.425006029657602,-0.1445));
#3030=CARTESIAN_POINT('',(0.151313524404355,0.425006029657602,-0.136));
#3031=CARTESIAN_POINT('',(0.153813524404355,0.425006029657602,-0.1385));
#3032=CARTESIAN_POINT('',(0.148813524404355,0.425006029657602,-0.1385));
#3033=CARTESIAN_POINT('',(0.143813524404355,0.425006029657602,-0.1385));
#3034=CARTESIAN_POINT('',(0.146313524404355,0.425006029657602,-0.136));
#3035=CARTESIAN_POINT('',(0.137813524404355,0.425006029657602,-0.1445));
#3036=CARTESIAN_POINT('',(0.137813524404355,0.425006029657602,-0.147502));
#3037=CARTESIAN_POINT('',(-0.029461303952946,0.398506029657602,-0.1545));
#3038=CARTESIAN_POINT('',(0.131313524404355,0.398506029657602,-0.1545));
#3039=CARTESIAN_POINT('',(0.131313524404355,0.415006029657602,-0.1545));
#3040=CARTESIAN_POINT('',(0.148813524404355,0.415006029657602,-0.1545));
#3041=CARTESIAN_POINT('',(0.159813524404355,0.415006029657602,-0.1545));
#3042=CARTESIAN_POINT('',(0.159813524404355,0.420006029657602,-0.1545));
#3043=CARTESIAN_POINT('',(0.144063524404355,0.413006029657602,-0.1385));
#3044=CARTESIAN_POINT('',(0.144063524404355,0.413006029657602,-0.1445));
#3045=CARTESIAN_POINT('',(0.146313524404355,0.413006029657602,-0.1445));
#3046=CARTESIAN_POINT('',(0.137813524404355,0.413006029657602,-0.1445));
#3047=CARTESIAN_POINT('',(0.148813524404355,0.413006029657602,-0.1445));
#3048=CARTESIAN_POINT('',(0.151313524404355,0.413006029657602,-0.1445));
#3049=CARTESIAN_POINT('',(0.144063524404355,0.413006029657602,-0.1445));
#3050=CARTESIAN_POINT('',(0.159813524404355,0.413006029657602,-0.1445));
#3051=CARTESIAN_POINT('',(0.148938524404355,0.413006029657602,-0.133625));
#3052=CARTESIAN_POINT('',(0.153813524404355,0.413006029657602,-0.1385));
#3053=CARTESIAN_POINT('',(0.144063524404355,0.413006029657602,-0.1385));
#3054=CARTESIAN_POINT('',(0.143813524404355,0.413006029657602,-0.1385));
#3055=CARTESIAN_POINT('',(0.143938524404355,0.413006029657602,-0.138375));
#3056=CARTESIAN_POINT('',(-0.0397380590567294,0.398506029657602,-0.1445));
#3057=CARTESIAN_POINT('',(0.173313524404355,0.386552546262741,-0.1445));
#3058=CARTESIAN_POINT('',(0.173313524404355,0.391052546262741,-0.1445));
#3059=CARTESIAN_POINT('',(0.173313524404355,0.431552546262741,-0.1445));
#3060=CARTESIAN_POINT('',(0.173313524404355,0.436052546262741,-0.1445));
#3061=CARTESIAN_POINT('',(0.128311524404355,0.415006029657602,-0.1445));
#3062=CARTESIAN_POINT('',(0.131313524404355,0.415006029657602,-0.1445));
#3063=CARTESIAN_POINT('',(0.137813524404355,0.415006029657602,-0.1445));
#3064=CARTESIAN_POINT('',(0.131313524404355,0.413006029657602,-0.1445));
#3065=CARTESIAN_POINT('',(0.135329176743917,0.397301184363396,-0.1445));
#3066=CARTESIAN_POINT('',(0.137890465420366,0.387056029657602,-0.1445));
#3067=CARTESIAN_POINT('',(-0.0397380590567294,0.387056029657602,-0.1445));
#3068=CARTESIAN_POINT('',(0.135313524404355,0.387056029657602,-0.1445));
#3069=CARTESIAN_POINT('',(0.135313524404355,0.385056029657602,-0.1445));
#3070=CARTESIAN_POINT('',(0.135313524404355,0.385056029657602,-0.1445));
#3071=CARTESIAN_POINT('',(0.128313524404355,0.385056029657602,-0.1445));
#3072=CARTESIAN_POINT('',(0.139313524404355,0.385056029657602,-0.1445));
#3073=CARTESIAN_POINT('',(0.139313524404355,0.398506029657602,-0.1445));
#3074=CARTESIAN_POINT('',(0.139313524404355,0.375056029657602,-0.1445));
#3075=CARTESIAN_POINT('',(0.128313524404355,0.375056029657602,-0.1445));
#3076=CARTESIAN_POINT('',(0.135313524404355,0.375056029657602,-0.1445));
#3077=CARTESIAN_POINT('',(0.135313524404355,0.375056029657602,-0.1445));
#3078=CARTESIAN_POINT('',(0.135313524404355,0.373056029657602,-0.1445));
#3079=CARTESIAN_POINT('',(0.128313524404355,0.373056029657602,-0.1445));
#3080=CARTESIAN_POINT('',(0.131313524404355,0.373056029657602,-0.1445));
#3081=CARTESIAN_POINT('',(0.131313524404355,0.357506029657602,-0.1445));
#3082=CARTESIAN_POINT('',(0.131313524404355,0.360506029657602,-0.1445));
#3083=CARTESIAN_POINT('',(-0.0397380590567294,0.360506029657602,-0.1445));
#3084=CARTESIAN_POINT('',(0.163313524404355,0.360506029657602,-0.1445));
#3085=CARTESIAN_POINT('',(0.183313524404355,0.360506029657602,-0.1445));
#3086=CARTESIAN_POINT('',(0.180313524404355,0.360506029657602,-0.1445));
#3087=CARTESIAN_POINT('',(0.180313524404355,0.436506029657602,-0.1445));
#3088=CARTESIAN_POINT('',(0.180313524404355,0.436506029657602,-0.1445));
#3089=CARTESIAN_POINT('',(0.183313524404355,0.436506029657602,-0.1445));
#3090=CARTESIAN_POINT('',(0.163313524404355,0.436506029657602,-0.1445));
#3091=CARTESIAN_POINT('',(0.128313524404355,0.436506029657602,-0.1445));
#3092=CARTESIAN_POINT('',(0.162813524404355,0.436506029657602,-0.1445));
#3093=CARTESIAN_POINT('',(0.162813524404355,0.398506029657602,-0.1445));
#3094=CARTESIAN_POINT('',(0.162813524404355,0.427006029657602,-0.1445));
#3095=CARTESIAN_POINT('',(-0.0397380590567294,0.427006029657602,-0.1445));
#3096=CARTESIAN_POINT('',(0.159813524404355,0.427006029657602,-0.1445));
#3097=CARTESIAN_POINT('',(0.159813524404355,0.420006029657602,-0.1445));
#3098=CARTESIAN_POINT('',(0.162813524404355,0.398506029657602,-0.1445));
#3099=CARTESIAN_POINT('',(0.162813524404355,0.415006029657602,-0.1445));
#3100=CARTESIAN_POINT('',(-0.0397380590567294,0.415006029657602,-0.1445));
#3101=CARTESIAN_POINT('',(0.159813524404355,0.415006029657602,-0.1445));
#3102=CARTESIAN_POINT('',(0.159813524404355,0.420006029657602,-0.1445));
#3103=CARTESIAN_POINT('',(0.144063524404355,0.413006029657602,-0.1445));
#3104=CARTESIAN_POINT('',(0.137813524404355,0.414006029657602,-0.1445));
#3105=CARTESIAN_POINT('',(0.147313524404355,0.400052546262742,-0.1445));
#3106=CARTESIAN_POINT('',(0.147313524404355,0.409552546262742,-0.1445));
#3107=CARTESIAN_POINT('',(0.159813524404355,0.420006029657602,-0.1545));
#3108=CARTESIAN_POINT('',(0.159813524404355,0.415006029657602,-0.1385));
#3109=CARTESIAN_POINT('',(0.159813524404355,0.415006029657602,-0.1475));
#3110=CARTESIAN_POINT('',(0.159813524404355,0.420006029657602,-0.1475));
#3111=CARTESIAN_POINT('',(0.128313524404355,0.398506029657602,-0.1715));
#3112=CARTESIAN_POINT('',(0.128313524404355,0.423256029657602,-0.1715));
#3113=CARTESIAN_POINT('',(0.128313524404355,0.423256029657602,-0.1635));
#3114=CARTESIAN_POINT('',(0.128313524404355,0.360506029657602,-0.1445));
#3115=CARTESIAN_POINT('',(0.128313524404355,0.360506029657602,-0.1475));
#3116=CARTESIAN_POINT('',(0.128313524404355,0.439506029657602,-0.1475));
#3117=CARTESIAN_POINT('',(0.128313524404355,0.373056029657602,-0.1475));
#3118=CARTESIAN_POINT('',(0.128313524404355,0.373056029657602,-0.1715));
#3119=CARTESIAN_POINT('',(0.128313524404355,0.373056029657602,-0.149991987158875));
#3120=CARTESIAN_POINT('',(0.128313524404355,0.373056029657602,-0.1715));
#3121=CARTESIAN_POINT('',(0.128313524404355,0.373056029657602,-0.155));
#3122=CARTESIAN_POINT('',(0.128313524404355,0.375056029657602,-0.155));
#3123=CARTESIAN_POINT('',(0.128313524404355,0.375056029657602,-0.155));
#3124=CARTESIAN_POINT('',(0.128313524404355,0.375056029657602,-0.1715));
#3125=CARTESIAN_POINT('',(0.128313524404355,0.375056029657602,-0.16));
#3126=CARTESIAN_POINT('',(0.128313524404355,0.398506029657602,-0.16));
#3127=CARTESIAN_POINT('',(0.128313524404355,0.385056029657602,-0.16));
#3128=CARTESIAN_POINT('',(0.128313524404355,0.385056029657602,-0.1715));
#3129=CARTESIAN_POINT('',(0.128313524404355,0.385056029657602,-0.155));
#3130=CARTESIAN_POINT('',(0.128313524404355,0.385056029657602,-0.155));
#3131=CARTESIAN_POINT('',(0.128313524404355,0.387056029657602,-0.155));
#3132=CARTESIAN_POINT('',(0.128313524404355,0.387056029657602,-0.149476499018874));
#3133=CARTESIAN_POINT('',(0.128313524404355,0.387056029657602,-0.157670001170412));
#3134=CARTESIAN_POINT('',(0.128313524404355,0.39254753689171,-0.155610685957621));
#3135=CARTESIAN_POINT('',(0.128313524404355,0.413006029657602,-0.147938751170412));
#3136=CARTESIAN_POINT('',(0.128313524404355,0.413006029657602,-0.1385));
#3137=CARTESIAN_POINT('',(0.128313524404355,0.413006029657602,-0.1475));
#3138=CARTESIAN_POINT('',(0.128313524404355,0.415006029657602,-0.1475));
#3139=CARTESIAN_POINT('',(0.128313524404355,0.415006029657602,-0.1475));
#3140=CARTESIAN_POINT('',(0.128313524404355,0.415006029657602,-0.1385));
#3141=CARTESIAN_POINT('',(0.128313524404355,0.415006029657602,-0.1575));
#3142=CARTESIAN_POINT('',(0.128313524404355,0.398506029657602,-0.1575));
#3143=CARTESIAN_POINT('',(0.128313524404355,0.398506029657602,-0.1605));
#3144=CARTESIAN_POINT('',(0.128313524404355,0.426404228670497,-0.1605));
#3145=CARTESIAN_POINT('',(0.128313524404355,0.452737495240188,-0.135406351413781));
#3146=CARTESIAN_POINT('',(0.128313524404355,0.367506029657602,-0.161118497997991));
#3147=CARTESIAN_POINT('',(0.128313524404355,0.371506029657602,-0.161118497997991));
#3148=CARTESIAN_POINT('',(0.131313524404355,0.398506029657602,-0.1445));
#3149=CARTESIAN_POINT('',(0.127721313070193,0.400514549736107,-0.148092211334162));
#3150=CARTESIAN_POINT('',(0.129488925434365,0.406837251945498,-0.14632459896999));
#3151=CARTESIAN_POINT('',(0.128313524404355,0.415006029657602,-0.1475));
#3152=CARTESIAN_POINT('',(0.132812524404355,0.413006029657602,-0.143001));
#3153=CARTESIAN_POINT('',(0.128500915594378,0.413006029657602,-0.147312608809977));
#3154=CARTESIAN_POINT('',(0.130847203162176,0.398356654855211,-0.144966321242179));
#3155=CARTESIAN_POINT('',(0.128313524404355,0.39254753689171,-0.155610685957621));
#3156=CARTESIAN_POINT('',(0.126206222768387,0.413006029657602,-0.154980015065099));
#3157=CARTESIAN_POINT('',(0.130674222375685,0.387056029657602,-0.149782047633965));
#3158=CARTESIAN_POINT('',(0.12976353632231,0.387056029657602,-0.152824982123067));
#3159=CARTESIAN_POINT('',(0.12976353632231,0.399317136199293,-0.148227067169933));
#3160=CARTESIAN_POINT('',(0.12976353632231,0.403658089031289,-0.146599209857934));
#3161=CARTESIAN_POINT('',(0.130764725202684,0.392067352107405,-0.147600398738309));
#3162=CARTESIAN_POINT('',(0.131586669210144,0.396365557479953,-0.146599209857934));
#3163=CARTESIAN_POINT('',(0.129996373120945,0.40272674183675,-0.146599209857934));
#3164=CARTESIAN_POINT('',(0.133914051165732,0.387056029657602,-0.146599209857934));
#3165=CARTESIAN_POINT('',(0.129394016907317,0.387056029657602,-0.148985405024197));
#3166=CARTESIAN_POINT('',(0.129653272932666,0.387056029657602,-0.149476499018874));
#3167=CARTESIAN_POINT('',(0.128513524404355,0.387056029657602,-0.1475));
#3168=CARTESIAN_POINT('',(0.131013524404355,0.387056029657602,-0.1475));
#3169=CARTESIAN_POINT('',(0.125328920872301,0.387056029657602,-0.141449148920761));
#3170=CARTESIAN_POINT('',(0.125328920872301,0.387056029657602,-0.141449148920761));
#3171=CARTESIAN_POINT('',(0.12948917234399,0.387056029657602,-0.140617098626423));
#3172=CARTESIAN_POINT('',(0.131153272932666,0.387056029657602,-0.141726499018874));
#3173=CARTESIAN_POINT('',(0.136079327151508,0.387056029657602,-0.14335129587927));
#3174=CARTESIAN_POINT('',(0.124153272932666,0.387056029657602,-0.152226499018874));
#3175=CARTESIAN_POINT('',(0.12248917234399,0.387056029657602,-0.151117098626424));
#3176=CARTESIAN_POINT('',(0.12248917234399,0.387056029657602,-0.151117098626424));
#3177=CARTESIAN_POINT('',(0.121657122049652,0.387056029657602,-0.146956847154734));
#3178=CARTESIAN_POINT('',(0.123493021460976,0.387056029657602,-0.144202998037748));
#3179=CARTESIAN_POINT('',(0.132313524404355,0.380056029657602,-0.153));
#3180=CARTESIAN_POINT('',(0.132313524404355,0.385056029657602,-0.153));
#3181=CARTESIAN_POINT('',(0.132313524404355,0.385056029657602,-0.158));
#3182=CARTESIAN_POINT('',(0.137313524404355,0.385056029657602,-0.153));
#3183=CARTESIAN_POINT('',(0.132313524404355,0.398506029657602,-0.158));
#3184=CARTESIAN_POINT('',(0.132313524404355,0.375056029657602,-0.158));
#3185=CARTESIAN_POINT('',(0.132313524404355,0.375056029657602,-0.153));
#3186=CARTESIAN_POINT('',(0.137313524404355,0.375056029657602,-0.153));
#3187=CARTESIAN_POINT('',(0.137313524404355,0.380056029657602,-0.153));
#3188=CARTESIAN_POINT('',(0.131313524404355,0.398506029657602,-0.1445));
#3189=CARTESIAN_POINT('',(0.131313524404355,0.373056029657602,-0.1445));
#3190=CARTESIAN_POINT('',(0.130178460663827,0.373056029657602,-0.145635063740528));
#3191=CARTESIAN_POINT('',(0.131313524404355,0.373056029657602,-0.1445));
#3192=CARTESIAN_POINT('',(0.128313524404355,0.360506029657602,-0.1475));
#3193=CARTESIAN_POINT('',(0.163313524404355,0.398506029657602,-0.1715));
#3194=CARTESIAN_POINT('',(0.163313524404355,0.357506029657602,-0.1715));
#3195=CARTESIAN_POINT('',(0.163313524404355,0.357506029657602,-0.1685));
#3196=CARTESIAN_POINT('',(0.163313524404355,0.357506029657602,-0.151119923881154));
#3197=CARTESIAN_POINT('',(0.163313524404355,0.360506029657602,-0.1715));
#3198=CARTESIAN_POINT('',(0.163313524404355,0.360506029657602,-0.1715));
#3199=CARTESIAN_POINT('',(0.163313524404355,0.398506029657602,-0.1715));
#3200=CARTESIAN_POINT('',(0.163313524404355,0.398506029657602,-0.151119923881154));
#3201=CARTESIAN_POINT('',(0.145813524404355,0.357506029657602,-0.1715));
#3202=CARTESIAN_POINT('',(0.131313524404355,0.357506029657602,-0.1715));
#3203=CARTESIAN_POINT('',(0.131313524404355,0.357506029657602,-0.1475));
#3204=CARTESIAN_POINT('',(0.131313524404355,0.357506029657602,-0.1685));
#3205=CARTESIAN_POINT('',(0.163313524404355,0.357506029657602,-0.1685));
#3206=CARTESIAN_POINT('',(0.183313524404355,0.357506029657602,-0.151119923881154));
#3207=CARTESIAN_POINT('',(0.180313524404355,0.357506029657602,-0.151119923881154));
#3208=CARTESIAN_POINT('',(0.180313524404355,0.357506029657602,-0.1715));
#3209=CARTESIAN_POINT('',(0.180313524404355,0.357506029657602,-0.1475));
#3210=CARTESIAN_POINT('',(0.183313524404355,0.357506029657602,-0.1475));
#3211=CARTESIAN_POINT('',(0.163313524404355,0.357506029657602,-0.1475));
#3212=CARTESIAN_POINT('',(0.145813524404355,0.357506029657602,-0.1475));
#3213=CARTESIAN_POINT('',(-0.0397380590567294,0.398506029657602,-0.1715));
#3214=CARTESIAN_POINT('',(-0.016228021087538,0.472394720417918,-0.1715));
#3215=CARTESIAN_POINT('',(0.0801635244043551,0.430254029657602,-0.1715));
#3216=CARTESIAN_POINT('',(0.0801635244043551,0.448256029657602,-0.1715));
#3217=CARTESIAN_POINT('',(0.145163524404355,0.448256029657602,-0.1715));
#3218=CARTESIAN_POINT('',(0.142163524404355,0.448256029657602,-0.1715));
#3219=CARTESIAN_POINT('',(0.142163524404355,0.436506029657602,-0.1715));
#3220=CARTESIAN_POINT('',(0.128313524404355,0.360506029657602,-0.1715));
#3221=CARTESIAN_POINT('',(0.183313524404355,0.398506029657602,-0.151119923881154));
#3222=CARTESIAN_POINT('',(0.173313524404355,0.431552546262741,-0.151119923881154));
#3223=CARTESIAN_POINT('',(0.173313524404355,0.429052546262741,-0.151119923881154));
#3224=CARTESIAN_POINT('',(0.173313524404355,0.386552546262741,-0.151119923881154));
#3225=CARTESIAN_POINT('',(0.173313524404355,0.384052546262741,-0.151119923881154));
#3226=CARTESIAN_POINT('',(0.183313524404355,0.398506029657602,-0.151119923881154));
#3227=CARTESIAN_POINT('',(0.183313524404355,0.360506029657602,-0.151119923881154));
#3228=CARTESIAN_POINT('',(0.183313524404355,0.436506029657602,-0.151119923881154));
#3229=CARTESIAN_POINT('',(0.180313524404355,0.357506029657602,-0.151119923881154));
#3230=CARTESIAN_POINT('',(0.183313524404355,0.436506029657602,-0.151119923881154));
#3231=CARTESIAN_POINT('',(0.183313524404355,0.438006029657602,-0.146));
#3232=CARTESIAN_POINT('',(0.161896857737688,0.437422696324269,-0.145416666666667));
#3233=CARTESIAN_POINT('',(0.169688524404355,0.425881029657602,-0.133875));
#3234=CARTESIAN_POINT('',(0.181813524404354,0.438006029657602,-0.146));
#3235=CARTESIAN_POINT('',(0.254304843683621,0.365514710378336,-0.0735086807207337));
#3236=CARTESIAN_POINT('',(0.183313524404355,0.359006029657602,-0.146));
#3237=CARTESIAN_POINT('',(0.172313524404355,0.349506029657602,-0.1555));
#3238=CARTESIAN_POINT('',(0.181813524404355,0.359006029657602,-0.146));
#3239=CARTESIAN_POINT('',(0.169605191071021,0.371214362990936,-0.133791666666667));
#3240=CARTESIAN_POINT('',(0.131313524404355,0.359006029657602,-0.146));
#3241=CARTESIAN_POINT('',(0.183313524404355,0.398631029657602,0.0684739578377983));
#3242=CARTESIAN_POINT('',(0.183313524404355,0.360506029657602,-0.1475));
#3243=CARTESIAN_POINT('',(0.183313524404355,0.436506029657602,-0.1475));
#3244=CARTESIAN_POINT('',(0.183313524404355,0.360506029657602,-0.1475));
#3245=CARTESIAN_POINT('',(0.183313524404355,0.360506029657602,0.0684739578377983));
#3246=CARTESIAN_POINT('',(0.183313524404355,0.436506029657602,-0.1475));
#3247=CARTESIAN_POINT('',(0.183313524404355,0.436506029657602,0.0684739578377983));
#3248=CARTESIAN_POINT('',(0.195938524404355,0.423881029657602,-0.160125));
#3249=CARTESIAN_POINT('',(0.183313524404355,0.398631029657602,-0.1475));
#3250=CARTESIAN_POINT('',(0.189313524404355,0.366506029657602,-0.1535));
#3251=CARTESIAN_POINT('',(0.180313524404355,0.357506029657602,-0.1715));
#3252=CARTESIAN_POINT('',(0.173313524404355,0.386552546262741,0.685856028364463));
#3253=CARTESIAN_POINT('',(0.173313524404355,0.386552546262741,-0.1465));
#3254=CARTESIAN_POINT('',(0.173313524404355,0.389052546262741,-0.1465));
#3255=CARTESIAN_POINT('',(0.173313524404355,0.431552546262741,0.685856028364463));
#3256=CARTESIAN_POINT('',(0.173313524404355,0.431552546262741,-0.1465));
#3257=CARTESIAN_POINT('',(0.173313524404355,0.434052546262741,-0.1465));
#3258=CARTESIAN_POINT('',(0.173313524404355,0.386552546262741,-0.1445));
#3259=CARTESIAN_POINT('',(0.173313524404355,0.431552546262741,-0.1445));
#3260=CARTESIAN_POINT('',(-0.0397380590567294,0.360506029657602,-0.1715));
#3261=CARTESIAN_POINT('',(0.131313524404355,0.357506029657602,-0.1685));
#3262=CARTESIAN_POINT('',(0.131313524404355,0.357506029657602,-0.1685));
#3263=CARTESIAN_POINT('',(0.131313524404355,0.357506029657602,-0.1685));
#3264=CARTESIAN_POINT('',(0.128313524404355,0.360506029657602,-0.1475));
#3265=CARTESIAN_POINT('',(0.128313524404355,0.360506029657602,-0.1475));
#3266=CARTESIAN_POINT('',(0.128313524404355,0.360506029657602,-0.1715));
#3267=CARTESIAN_POINT('',(0.137313524404355,0.380056029657602,-0.158));
#3268=CARTESIAN_POINT('',(0.137313524404355,0.380056029657602,-0.1465));
#3269=CARTESIAN_POINT('',(0.137313524404355,0.375056029657602,-0.1465));
#3270=CARTESIAN_POINT('',(0.137313524404355,0.385056029657602,-0.1465));
#3271=CARTESIAN_POINT('',(0.137313524404355,0.385056029657602,-0.158));
#3272=CARTESIAN_POINT('',(0.137313524404355,0.375056029657602,-0.158));
#3273=CARTESIAN_POINT('',(-0.0183880590567294,0.398506029657602,-0.158));
#3274=CARTESIAN_POINT('',(0.128313524404355,0.385056029657602,-0.158));
#3275=CARTESIAN_POINT('',(0.130313524404355,0.385056029657602,-0.158));
#3276=CARTESIAN_POINT('',(0.130313524404355,0.398506029657602,-0.158));
#3277=CARTESIAN_POINT('',(0.130313524404355,0.375056029657602,-0.158));
#3278=CARTESIAN_POINT('',(0.128313524404355,0.375056029657602,-0.158));
#3279=CARTESIAN_POINT('',(0.137313524404355,0.380056029657602,-0.1465));
#3280=CARTESIAN_POINT('',(0.127063524404355,0.385056029657602,-0.15675));
#3281=CARTESIAN_POINT('',(0.137313524404355,0.375056029657602,-0.1465));
#3282=CARTESIAN_POINT('',(0.128313524404355,0.398506029657602,-0.16));
#3283=CARTESIAN_POINT('',(0.129313524404355,0.385056029657602,-0.159));
#3284=CARTESIAN_POINT('',(0.128313524404355,0.375056029657602,-0.16));
#3285=CARTESIAN_POINT('',(0.124153272932666,0.375056029657602,-0.152226499018874));
#3286=CARTESIAN_POINT('',(0.124153272932666,0.373056029657602,-0.152226499018874));
#3287=CARTESIAN_POINT('',(0.12248917234399,0.373056029657602,-0.151117098626424));
#3288=CARTESIAN_POINT('',(0.12248917234399,0.375056029657602,-0.151117098626424));
#3289=CARTESIAN_POINT('',(0.12248917234399,0.375056029657602,-0.151117098626424));
#3290=CARTESIAN_POINT('',(0.124153272932666,0.375056029657602,-0.152226499018874));
#3291=CARTESIAN_POINT('',(0.123493021460976,0.375056029657602,-0.144202998037748));
#3292=CARTESIAN_POINT('',(0.123493021460976,0.373056029657602,-0.144202998037748));
#3293=CARTESIAN_POINT('',(0.121657122049652,0.373056029657602,-0.146956847154734));
#3294=CARTESIAN_POINT('',(0.125328920872301,0.373056029657602,-0.141449148920761));
#3295=CARTESIAN_POINT('',(0.125328920872301,0.375056029657602,-0.141449148920761));
#3296=CARTESIAN_POINT('',(0.125328920872301,0.375056029657602,-0.141449148920761));
#3297=CARTESIAN_POINT('',(0.123493021460976,0.375056029657602,-0.144202998037748));
#3298=CARTESIAN_POINT('',(0.121657122049652,0.375056029657602,-0.146956847154734));
#3299=CARTESIAN_POINT('',(0.121657122049652,0.375056029657602,-0.146956847154734));
#3300=CARTESIAN_POINT('',(0.131153272932666,0.375056029657602,-0.141726499018874));
#3301=CARTESIAN_POINT('',(0.131153272932666,0.375056029657602,-0.141726499018874));
#3302=CARTESIAN_POINT('',(0.12948917234399,0.375056029657602,-0.140617098626423));
#3303=CARTESIAN_POINT('',(0.12948917234399,0.375056029657602,-0.140617098626423));
#3304=CARTESIAN_POINT('',(0.12948917234399,0.373056029657602,-0.140617098626423));
#3305=CARTESIAN_POINT('',(0.131153272932666,0.373056029657602,-0.141726499018874));
#3306=CARTESIAN_POINT('',(0.129653272932666,0.375056029657602,-0.149476499018874));
#3307=CARTESIAN_POINT('',(0.128513524404355,0.375056029657602,-0.1475));
#3308=CARTESIAN_POINT('',(0.131013524404355,0.375056029657602,-0.1475));
#3309=CARTESIAN_POINT('',(0.127943230526861,0.375056029657602,-0.140926286989849));
#3310=CARTESIAN_POINT('',(0.122449214749795,0.375056029657602,-0.150917310655448));
#3311=CARTESIAN_POINT('',(0.129653272932666,0.373056029657602,-0.149476499018874));
#3312=CARTESIAN_POINT('',(0.128513524404355,0.373056029657602,-0.1475));
#3313=CARTESIAN_POINT('',(0.12948917234399,0.373056029657602,-0.140617098626423));
#3314=CARTESIAN_POINT('',(0.121657122049652,0.373056029657602,-0.146956847154734));
#3315=CARTESIAN_POINT('',(0.124153272932666,0.385056029657602,-0.152226499018874));
#3316=CARTESIAN_POINT('',(0.124153272932666,0.385056029657602,-0.152226499018874));
#3317=CARTESIAN_POINT('',(0.12248917234399,0.385056029657602,-0.151117098626424));
#3318=CARTESIAN_POINT('',(0.12248917234399,0.385056029657602,-0.151117098626424));
#3319=CARTESIAN_POINT('',(0.131153272932666,0.385056029657602,-0.141726499018874));
#3320=CARTESIAN_POINT('',(0.12948917234399,0.385056029657602,-0.140617098626423));
#3321=CARTESIAN_POINT('',(0.12948917234399,0.385056029657602,-0.140617098626423));
#3322=CARTESIAN_POINT('',(0.131153272932666,0.385056029657602,-0.141726499018874));
#3323=CARTESIAN_POINT('',(0.123493021460976,0.385056029657602,-0.144202998037748));
#3324=CARTESIAN_POINT('',(0.121657122049652,0.385056029657602,-0.146956847154734));
#3325=CARTESIAN_POINT('',(0.121657122049652,0.385056029657602,-0.146956847154734));
#3326=CARTESIAN_POINT('',(0.123493021460976,0.385056029657602,-0.144202998037748));
#3327=CARTESIAN_POINT('',(0.125328920872301,0.385056029657602,-0.141449148920761));
#3328=CARTESIAN_POINT('',(0.125328920872301,0.385056029657602,-0.141449148920761));
#3329=CARTESIAN_POINT('',(0.129653272932666,0.385056029657602,-0.149476499018874));
#3330=CARTESIAN_POINT('',(0.128513524404355,0.385056029657602,-0.1475));
#3331=CARTESIAN_POINT('',(0.126013524404355,0.385056029657602,-0.1475));
#3332=CARTESIAN_POINT('',(0.122449214749795,0.385056029657602,-0.150917310655448));
#3333=CARTESIAN_POINT('',(0.127943230526861,0.385056029657602,-0.140926286989849));
#3334=CARTESIAN_POINT('',(0.12248917234399,0.385056029657602,-0.151117098626424));
#3335=CARTESIAN_POINT('',(0.125328920872301,0.385056029657602,-0.141449148920761));
#3336=CARTESIAN_POINT('',(0.12948917234399,0.375056029657602,-0.140617098626423));
#3337=CARTESIAN_POINT('',(0.121657122049652,0.375056029657602,-0.146956847154734));
#3338=CARTESIAN_POINT('',(0.128513524404355,0.373056029657602,-0.1475));
#3339=CARTESIAN_POINT('',(0.128513524404355,0.373056029657602,-0.1475));
#3340=CARTESIAN_POINT('',(0.128513524404355,0.373056029657602,-0.1475));
#3341=CARTESIAN_POINT('',(0.128485323227004,0.373056029657602,-0.147808549313212));
#3342=CARTESIAN_POINT('',(0.134348557920739,0.397056029657602,-0.142197449725424));
#3343=CARTESIAN_POINT('',(0.148813524404355,0.415006029657602,-0.1385));
#3344=CARTESIAN_POINT('',(0.148813524404355,0.415006029657602,-0.1445));
#3345=CARTESIAN_POINT('',(0.146313524404355,0.415006029657602,-0.1445));
#3346=CARTESIAN_POINT('',(0.137813524404355,0.415006029657602,-0.1445));
#3347=CARTESIAN_POINT('',(0.143813524404355,0.415006029657602,-0.1385));
#3348=CARTESIAN_POINT('',(0.148813524404355,0.415006029657602,-0.1385));
#3349=CARTESIAN_POINT('',(0.153813524404355,0.415006029657602,-0.1385));
#3350=CARTESIAN_POINT('',(0.153813524404355,0.415006029657602,-0.1385));
#3351=CARTESIAN_POINT('',(0.158813524404355,0.415006029657602,-0.1485));
#3352=CARTESIAN_POINT('',(0.148063524404355,0.415006029657602,-0.13775));
#3353=CARTESIAN_POINT('',(-0.0397113039529461,0.400006029657602,-0.1385));
#3354=CARTESIAN_POINT('',(0.143813524404355,0.400006029657602,-0.1385));
#3355=CARTESIAN_POINT('',(0.153813524404355,0.415006029657602,-0.1385));
#3356=CARTESIAN_POINT('',(0.144063524404355,0.427006029657602,-0.1385));
#3357=CARTESIAN_POINT('',(0.148813524404355,0.427006029657602,-0.1445));
#3358=CARTESIAN_POINT('',(0.151313524404355,0.427006029657602,-0.1445));
#3359=CARTESIAN_POINT('',(0.137813524404355,0.427006029657602,-0.147502));
#3360=CARTESIAN_POINT('',(0.137813524404355,0.427006029657602,-0.1445));
#3361=CARTESIAN_POINT('',(0.143813524404355,0.427006029657602,-0.1385));
#3362=CARTESIAN_POINT('',(0.143813524404355,0.427006029657602,-0.1385));
#3363=CARTESIAN_POINT('',(0.144063524404355,0.427006029657602,-0.1385));
#3364=CARTESIAN_POINT('',(0.153813524404355,0.427006029657602,-0.1385));
#3365=CARTESIAN_POINT('',(0.153813524404355,0.427006029657602,-0.1385));
#3366=CARTESIAN_POINT('',(0.156438524404355,0.427006029657602,-0.150875));
#3367=CARTESIAN_POINT('',(-0.0397113039529461,0.400006029657602,-0.1385));
#3368=CARTESIAN_POINT('',(0.143813524404355,0.425006029657602,-0.1385));
#3369=CARTESIAN_POINT('',(0.153813524404355,0.427006029657602,-0.1385));
#3370=CARTESIAN_POINT('',(0.137813524404355,0.414006029657602,-0.1445));
#3371=CARTESIAN_POINT('',(0.153813524404355,0.400006029657602,-0.1385));
#3372=CARTESIAN_POINT('',(0.143813524404355,0.400006029657602,-0.1385));
#3373=CARTESIAN_POINT('',(0.137813524404355,0.427006029657602,-0.1445));
#3374=CARTESIAN_POINT('',(0.153813524404355,0.400006029657602,-0.1385));
#3375=CARTESIAN_POINT('',(0.159813524404355,0.433256029657602,-0.1475));
#3376=CARTESIAN_POINT('',(0.159813524404355,0.420006029657602,-0.1475));
#3377=CARTESIAN_POINT('',(0.148813524404355,0.413006029657602,-0.1445));
#3378=CARTESIAN_POINT('',(0.148813524404355,0.413006029657602,-0.1445));
#3379=CARTESIAN_POINT('',(0.148813524404355,0.413006029657602,-0.1445));
#3380=CARTESIAN_POINT('',(0.150313524404355,0.413006029657602,-0.143));
#3381=CARTESIAN_POINT('',(0.128311524404355,0.413006029657602,-0.1385));
#3382=CARTESIAN_POINT('',(0.137813524404355,0.427006029657602,-0.147502));
#3383=CARTESIAN_POINT('',(0.128313524404355,0.398506029657602,-0.1575));
#3384=CARTESIAN_POINT('',(0.107663524404355,0.430254029657602,-0.117499999999999));
#3385=CARTESIAN_POINT('',(0.133163524404355,0.433256029657602,-0.117499999999999));
#3386=CARTESIAN_POINT('',(0.0831635244043551,0.433256029657602,-0.117499999999999));
#3387=CARTESIAN_POINT('',(0.130163524404355,0.433256029657602,-0.117499999999999));
#3388=CARTESIAN_POINT('',(0.130163524404355,0.451256029657602,-0.117499999999999));
#3389=CARTESIAN_POINT('',(0.130163524404355,0.448256029657602,-0.117499999999999));
#3390=CARTESIAN_POINT('',(0.107663524404355,0.448256029657602,-0.117499999999999));
#3391=CARTESIAN_POINT('',(0.0831635244043551,0.448256029657602,-0.117499999999999));
#3392=CARTESIAN_POINT('',(0.0831635244043551,0.430256029657602,-0.117499999999999));
#3393=CARTESIAN_POINT('',(0.0801635244043551,0.430254029657602,-0.1445));
#3394=CARTESIAN_POINT('',(0.0801635244043551,0.433256029657602,-0.1445));
#3395=CARTESIAN_POINT('',(0.0801635244043551,0.433256029657602,-0.120499999999999));
#3396=CARTESIAN_POINT('',(0.0801635244043551,0.451256029657602,-0.120499999999999));
#3397=CARTESIAN_POINT('',(0.0801635244043551,0.448256029657602,-0.120499999999999));
#3398=CARTESIAN_POINT('',(0.0801635244043551,0.448256029657602,-0.1715));
#3399=CARTESIAN_POINT('',(0.145163524404355,0.430256029657602,-0.1445));
#3400=CARTESIAN_POINT('',(0.145163524404355,0.451256029657602,-0.1685));
#3401=CARTESIAN_POINT('',(0.145163524404355,0.448256029657602,-0.1685));
#3402=CARTESIAN_POINT('',(0.145163524404355,0.448256029657602,-0.1445));
#3403=CARTESIAN_POINT('',(0.145163524404355,0.448256029657602,-0.147499999999999));
#3404=CARTESIAN_POINT('',(0.145163524404355,0.430256029657602,-0.147499999999999));
#3405=CARTESIAN_POINT('',(0.145163524404355,0.451256029657602,-0.1445));
#3406=CARTESIAN_POINT('',(0.145163524404355,0.451256029657602,-0.120499999999999));
#3407=CARTESIAN_POINT('',(0.0831635244043551,0.451256029657602,-0.120499999999999));
#3408=CARTESIAN_POINT('',(0.131132425520074,0.451256029657602,-0.120499999999999));
#3409=CARTESIAN_POINT('',(0.142378094331699,0.451256029657602,-0.148614172029061));
#3410=CARTESIAN_POINT('',(0.142163524404355,0.451256029657602,-0.148077747210701));
#3411=CARTESIAN_POINT('',(0.142163524404355,0.451256029657602,-0.1445));
#3412=CARTESIAN_POINT('',(0.142163524404355,0.451256029657602,-0.1685));
#3413=CARTESIAN_POINT('',(0.0801635244043551,0.451256029657602,-0.1685));
#3414=CARTESIAN_POINT('',(0.0831635244043551,0.451256029657602,-0.1685));
#3415=CARTESIAN_POINT('',(0.0831635244043551,0.451256029657602,-0.117499999999999));
#3416=CARTESIAN_POINT('',(0.0860135244043547,0.451256029657602,-0.1445));
#3417=CARTESIAN_POINT('',(0.0860135244043547,0.451256029657602,-0.16565));
#3418=CARTESIAN_POINT('',(0.0860135244043547,0.451256029657602,-0.12335));
#3419=CARTESIAN_POINT('',(0.107163524404355,0.451256029657602,-0.16565));
#3420=CARTESIAN_POINT('',(0.128313524404355,0.451256029657602,-0.16565));
#3421=CARTESIAN_POINT('',(0.128313524404355,0.451256029657602,-0.1445));
#3422=CARTESIAN_POINT('',(0.128313524404355,0.451256029657602,-0.12335));
#3423=CARTESIAN_POINT('',(0.107163524404355,0.451256029657602,-0.12335));
#3424=CARTESIAN_POINT('',(0.158313524404355,0.367506029657602,-0.161118497997991));
#3425=CARTESIAN_POINT('',(0.158313524404355,0.367506029657602,-0.161118497997991));
#3426=CARTESIAN_POINT('',(0.158313524404355,0.371506029657602,-0.161118497997991));
#3427=CARTESIAN_POINT('',(0.158313524404355,0.398506029657602,-0.145925));
#3428=CARTESIAN_POINT('',(0.0860135244043547,0.451256029657602,-0.1445));
#3429=CARTESIAN_POINT('',(0.0860135244043547,0.436256029657602,-0.1445));
#3430=CARTESIAN_POINT('',(0.0860135244043547,0.436256029657602,-0.16565));
#3431=CARTESIAN_POINT('',(0.0860135244043547,0.436256029657602,-0.12335));
#3432=CARTESIAN_POINT('',(0.0860135244043547,0.451256029657602,-0.16565));
#3433=CARTESIAN_POINT('',(0.0860135244043547,0.451256029657602,-0.12335));
#3434=CARTESIAN_POINT('',(0.107163524404355,0.451256029657602,-0.16565));
#3435=CARTESIAN_POINT('',(0.107163524404355,0.436256029657602,-0.16565));
#3436=CARTESIAN_POINT('',(0.128313524404355,0.436256029657602,-0.16565));
#3437=CARTESIAN_POINT('',(0.128313524404355,0.451256029657602,-0.16565));
#3438=CARTESIAN_POINT('',(0.107163524404355,0.451256029657602,-0.12335));
#3439=CARTESIAN_POINT('',(0.107163524404355,0.436256029657602,-0.12335));
#3440=CARTESIAN_POINT('',(0.128313524404355,0.436256029657602,-0.12335));
#3441=CARTESIAN_POINT('',(0.128313524404355,0.451256029657602,-0.12335));
#3442=CARTESIAN_POINT('',(0.110163524404355,0.436256029657602,-0.1445));
#3443=CARTESIAN_POINT('',(0.122663524404355,0.436256029657602,-0.129));
#3444=CARTESIAN_POINT('',(0.120163524404355,0.436256029657602,-0.129));
#3445=CARTESIAN_POINT('',(0.0916635244043552,0.436256029657602,-0.129));
#3446=CARTESIAN_POINT('',(0.0891635244043552,0.436256029657602,-0.129));
#3447=CARTESIAN_POINT('',(0.0916635244043549,0.436256029657602,-0.16));
#3448=CARTESIAN_POINT('',(0.0891635244043549,0.436256029657602,-0.16));
#3449=CARTESIAN_POINT('',(0.107163524404355,0.436256029657602,-0.1445));
#3450=CARTESIAN_POINT('',(0.094163524404355,0.436256029657602,-0.1445));
#3451=CARTESIAN_POINT('',(0.128313524404355,0.436256029657602,-0.1445));
#3452=CARTESIAN_POINT('',(0.0916635244043552,0.430256029657602,-0.129));
#3453=CARTESIAN_POINT('',(0.0916635244043552,0.433256029657602,-0.129));
#3454=CARTESIAN_POINT('',(0.0891635244043552,0.433256029657602,-0.129));
#3455=CARTESIAN_POINT('',(0.0916635244043549,0.430256029657602,-0.16));
#3456=CARTESIAN_POINT('',(0.0916635244043549,0.433256029657602,-0.16));
#3457=CARTESIAN_POINT('',(0.0891635244043549,0.433256029657602,-0.16));
#3458=CARTESIAN_POINT('',(0.107163524404355,0.430256029657602,-0.1445));
#3459=CARTESIAN_POINT('',(0.107163524404355,0.433256029657602,-0.1445));
#3460=CARTESIAN_POINT('',(0.094163524404355,0.433256029657602,-0.1445));
#3461=CARTESIAN_POINT('',(0.122663524404355,0.430256029657602,-0.129));
#3462=CARTESIAN_POINT('',(0.122663524404355,0.433256029657602,-0.129));
#3463=CARTESIAN_POINT('',(0.120163524404355,0.433256029657602,-0.129));
#3464=CARTESIAN_POINT('',(0.128313524404355,0.398506029657602,-0.1715));
#3465=CARTESIAN_POINT('',(0.145163524404355,0.430256029657602,-0.147499999999999));
#3466=CARTESIAN_POINT('',(0.133163524404355,0.448256029657602,-0.117499999999999));
#3467=CARTESIAN_POINT('',(0.134277696433417,0.448256029657602,-0.120285430072655));
#3468=CARTESIAN_POINT('',(0.134277696433417,0.430256029657602,-0.120285430072655));
#3469=CARTESIAN_POINT('',(0.134277696433417,0.433256029657602,-0.120285430072655));
#3470=CARTESIAN_POINT('',(0.145163524404355,0.433256029657602,-0.147499999999999));
#3471=CARTESIAN_POINT('',(0.142163524404355,0.398506029657602,-0.1715));
#3472=CARTESIAN_POINT('',(0.143663524404355,0.448256029657602,-0.17));
#3473=CARTESIAN_POINT('',(0.136516025366182,0.430256029657602,-0.133958999615268));
#3474=CARTESIAN_POINT('',(0.132227903435578,0.431300910635126,-0.120425266654855));
#3475=CARTESIAN_POINT('',(0.110163524404355,0.430256029657602,-0.120499999999999));
#3476=CARTESIAN_POINT('',(0.0831635244043551,0.430256029657602,-0.120499999999999));
#3477=CARTESIAN_POINT('',(0.130163524404355,0.433256029657602,-0.117499999999999));
#3478=CARTESIAN_POINT('',(0.0801635244043551,0.433256029657602,-0.1445));
#3479=CARTESIAN_POINT('',(0.0831635244043551,0.430256029657602,-0.120499999999999));
#3480=CARTESIAN_POINT('',(0.142163524404355,0.451256029657602,-0.1685));
#3481=CARTESIAN_POINT('',(0.142163524404355,0.451256029657602,-0.1685));
#3482=CARTESIAN_POINT('',(0.142163524404355,0.451256029657602,-0.1685));
#3483=CARTESIAN_POINT('',(0.145163524404355,0.448256029657602,-0.1445));
#3484=CARTESIAN_POINT('',(0.141954814286976,0.451464739774981,-0.148117941106754));
#3485=CARTESIAN_POINT('',(0.130163524404355,0.433256029657602,-0.117499999999999));
#3486=CARTESIAN_POINT('',(0.130163524404355,0.433256029657602,-0.117499999999999));
#3487=CARTESIAN_POINT('',(0.0831635244043551,0.430256029657602,-0.120499999999999));
#3488=CARTESIAN_POINT('',(0.0816635244043551,0.433256029657602,-0.118999999999999));
#3489=CARTESIAN_POINT('',(0.145163524404355,0.451256029657602,-0.1685));
#3490=CARTESIAN_POINT('',(0.103830191071022,0.471922696324269,-0.147833333333333));
#3491=CARTESIAN_POINT('',(0.141343611573079,0.451256029657602,-0.14602796513251));
#3492=CARTESIAN_POINT('',(0.131132425520074,0.451256029657602,-0.120499999999999));
#3493=CARTESIAN_POINT('',(0.130163524404355,0.430254029657602,-0.117499999999999));
#3494=CARTESIAN_POINT('',(0.132220610418886,0.448256029657602,-0.118892715036327));
#3495=CARTESIAN_POINT('',(0.0801635244043551,0.430254029657602,-0.120499999999999));
#3496=CARTESIAN_POINT('',(0.0831635244043551,0.448256029657602,-0.117499999999999));
#3497=CARTESIAN_POINT('',(0.0831635244043551,0.451256029657602,-0.1445));
#3498=CARTESIAN_POINT('',(0.0816635244043551,0.449756029657602,-0.120499999999999));
#3499=CARTESIAN_POINT('',(0.131132425520074,0.451256029657602,-0.120499999999999));
#3500=CARTESIAN_POINT('',(0.131132425520074,0.451256029657602,-0.120499999999999));
#3501=CARTESIAN_POINT('',(0.0831635244043551,0.448256029657602,-0.117499999999999));
#3502=CARTESIAN_POINT('',(0.0831635244043551,0.448256029657602,-0.117499999999999));
#3503=CARTESIAN_POINT('',(0.107663524404355,0.448256029657602,-0.117499999999999));
#3504=CARTESIAN_POINT('',(0.122663524404355,0.430256029657602,-0.129));
#3505=CARTESIAN_POINT('',(0.0916635244043552,0.430256029657602,-0.129));
#3506=CARTESIAN_POINT('',(0.0916635244043549,0.430256029657602,-0.16));
#3507=CARTESIAN_POINT('',(0.107163524404355,0.433256029657602,-0.1445));
#3508=CARTESIAN_POINT('',(-0.0557380590567294,0.394506029657602,-0.1605));
#3509=CARTESIAN_POINT('',(0.129223135376186,0.426114806997642,-0.1605));
#3510=CARTESIAN_POINT('',(0.128313524404355,0.423256029657602,-0.1605));
#3511=CARTESIAN_POINT('',(0.106313524404355,0.430256029657602,-0.1635));
#3512=CARTESIAN_POINT('',(0.128313524404355,0.423256029657602,-0.1685));
#3513=CARTESIAN_POINT('',(-0.0296013794365061,0.476649879892589,-0.1605));
#3514=CARTESIAN_POINT('',(-0.016228021087538,0.472394720417918,-0.1715));
#3515=CARTESIAN_POINT('',(0.147313524404355,0.400052546262742,-0.144498));
#3516=CARTESIAN_POINT('',(0.147313524404355,0.400052546262742,-0.1685));
#3517=CARTESIAN_POINT('',(0.147313524404355,0.390552546262741,-0.1685));
#3518=CARTESIAN_POINT('',(-0.0424880590567294,0.398506029657602,-0.1685));
#3519=MECHANICAL_DESIGN_GEOMETRIC_PRESENTATION_REPRESENTATION('',(#2183),
#3520);
#3520=(
GEOMETRIC_REPRESENTATION_CONTEXT(3)
GLOBAL_UNCERTAINTY_ASSIGNED_CONTEXT((#3521))
GLOBAL_UNIT_ASSIGNED_CONTEXT((#3524,#3523,#3522))
REPRESENTATION_CONTEXT('TBR-Rod Mount','TOP_LEVEL_ASSEMBLY_PART')
);
#3521=UNCERTAINTY_MEASURE_WITH_UNIT(LENGTH_MEASURE(1.E-8),#3524,
'DISTANCE_ACCURACY_VALUE','Maximum Tolerance applied to model');
#3522=(
NAMED_UNIT(*)
SI_UNIT($,.STERADIAN.)
SOLID_ANGLE_UNIT()
);
#3523=(
NAMED_UNIT(*)
PLANE_ANGLE_UNIT()
SI_UNIT($,.RADIAN.)
);
#3524=(
LENGTH_UNIT()
NAMED_UNIT(*)
SI_UNIT($,.METRE.)
);
#3525=PRODUCT_DEFINITION_SHAPE('','',#3526);
#3526=PRODUCT_DEFINITION('','',#3528,#3527);
#3527=PRODUCT_DEFINITION_CONTEXT('',#3534,'design');
#3528=PRODUCT_DEFINITION_FORMATION_WITH_SPECIFIED_SOURCE('','',#3530,
 .NOT_KNOWN.);
#3529=PRODUCT_RELATED_PRODUCT_CATEGORY('','',(#3530));
#3530=PRODUCT('TBR-Rod Mount','TBR-Rod Mount','TBR-Rod Mount',(#3532));
#3531=PRODUCT_CATEGORY('','');
#3532=PRODUCT_CONTEXT('',#3534,'mechanical');
#3533=APPLICATION_PROTOCOL_DEFINITION('international standard',
'ap242_managed_model_based_3d_engineering',2020,#3534);
#3534=APPLICATION_CONTEXT('managed model based 3d engineering');
ENDSEC;
END-ISO-10303-21;
