ISO-10303-21;
HEADER;
/* Generated by software containing ST-Developer
 * from STEP Tools, Inc. (www.steptools.com) 
 */
/* OPTION: using custom renumber hook */

FILE_DESCRIPTION(
/* description */ ('STEP AP242 Edition 2',
'CAx-IF Rec.Pracs.---Representation and Presentation of Product Manufa
cturing Information (PMI)---4.0---2014-10-13',
'CAx-IF Rec.Pracs.---3D Tessellated Geometry---0.4---2014-09-14','2;1',
'CAx-IF Rec.Pracs.---User Defined Attributes---1.5---2016-08-15'),
/* implementation_level */ '2;1');

FILE_NAME(
/* name */ 'NOT-618 - Duct Mount',
/* time_stamp */ '2026-07-26T08:51:49Z',
/* author */ (''),
/* organization */ (''),
/* preprocessor_version */ 'ST-DEVELOPER v20',
/* originating_system */ 'ONSHAPE BY PTC INC, 1.218',
/* authorisation */ '  ');

FILE_SCHEMA (('AP242_MANAGED_MODEL_BASED_3D_ENGINEERING_MIM_LF { 1 0 10303 442 3 1 4 }'));
ENDSEC;

DATA;
#10=SHAPE_REPRESENTATION_RELATIONSHIP('','',#1402,#11);
#11=ADVANCED_BREP_SHAPE_REPRESENTATION('',(#1400),#3315);
#12=CONICAL_SURFACE('',#1517,0.00285,0.78539816339745);
#13=CONICAL_SURFACE('',#1518,0.00285,0.785398163397448);
#14=CONICAL_SURFACE('',#1519,0.00285,0.785398163397451);
#15=CONICAL_SURFACE('',#1520,0.00285,0.78539816339745);
#16=CYLINDRICAL_SURFACE('',#1449,0.003);
#17=CYLINDRICAL_SURFACE('',#1451,0.003);
#18=CYLINDRICAL_SURFACE('',#1452,0.003);
#19=CYLINDRICAL_SURFACE('',#1453,0.003);
#20=CYLINDRICAL_SURFACE('',#1462,0.002);
#21=CYLINDRICAL_SURFACE('',#1464,0.002);
#22=CYLINDRICAL_SURFACE('',#1467,0.00631816260036258);
#23=CYLINDRICAL_SURFACE('',#1469,0.00585575886014384);
#24=CYLINDRICAL_SURFACE('',#1472,0.00225);
#25=CYLINDRICAL_SURFACE('',#1473,0.00225);
#26=CYLINDRICAL_SURFACE('',#1474,0.0026);
#27=CYLINDRICAL_SURFACE('',#1477,0.0026);
#28=CYLINDRICAL_SURFACE('',#1496,0.00185);
#29=CYLINDRICAL_SURFACE('',#1498,0.00185);
#30=CYLINDRICAL_SURFACE('',#1500,0.00185);
#31=CYLINDRICAL_SURFACE('',#1502,0.00185);
#32=CYLINDRICAL_SURFACE('',#1504,0.011);
#33=(
BOUNDED_SURFACE()
B_SPLINE_SURFACE(3,2,((#2460,#2461,#2462),(#2463,#2464,#2465),(#2466,#2467,
#2468),(#2469,#2470,#2471),(#2472,#2473,#2474),(#2475,#2476,#2477),(#2478,
#2479,#2480),(#2481,#2482,#2483),(#2484,#2485,#2486),(#2487,#2488,#2489),
(#2490,#2491,#2492),(#2493,#2494,#2495),(#2496,#2497,#2498)),
 .UNSPECIFIED.,.F.,.F.,.F.)
B_SPLINE_SURFACE_WITH_KNOTS((4,1,1,1,1,1,1,1,1,1,4),(3,3),(0.00897405065516432,
0.0127583782664227,0.0165427058776811,0.0203270334889395,0.0241113611001979,
0.0278956887114563,0.0316800163227147,0.0392486715452315,0.0468173267677482,
0.054385981990265,0.0695232924352986),(0.,1.),.UNSPECIFIED.)
GEOMETRIC_REPRESENTATION_ITEM()
RATIONAL_B_SPLINE_SURFACE(((1.,0.707106781186546,1.),(1.,0.707106781129022,
1.),(1.,0.708469190523368,1.),(1.,0.71187739106705,1.),(1.,0.713229224506672,
1.),(1.,0.712304013882259,1.),(1.,0.710509863191921,1.),(1.,0.708185290220783,
1.),(1.,0.706490938418487,1.),(1.,0.706103429179324,1.),(1.,0.706571996699855,
1.),(1.,0.707106802913106,1.),(1.,0.707106781186548,1.)))
REPRESENTATION_ITEM('')
SURFACE()
);
#34=(
BOUNDED_SURFACE()
B_SPLINE_SURFACE(3,2,((#2500,#2501,#2502),(#2503,#2504,#2505),(#2506,#2507,
#2508),(#2509,#2510,#2511),(#2512,#2513,#2514),(#2515,#2516,#2517),(#2518,
#2519,#2520),(#2521,#2522,#2523),(#2524,#2525,#2526),(#2527,#2528,#2529),
(#2530,#2531,#2532),(#2533,#2534,#2535),(#2536,#2537,#2538),(#2539,#2540,
#2541)),.UNSPECIFIED.,.F.,.F.,.F.)
B_SPLINE_SURFACE_WITH_KNOTS((4,1,1,1,1,1,1,1,1,1,1,4),(3,3),(0.0131083662763101,
0.0219897364672244,0.0264304215626815,0.0308711066581387,0.0397524768490529,
0.04419316194451,0.0486338470399672,0.0530745321354243,0.0575152172308814,
0.0663965874217957,0.07527795761271,0.0841593278036242),(0.,1.),
 .UNSPECIFIED.)
GEOMETRIC_REPRESENTATION_ITEM()
RATIONAL_B_SPLINE_SURFACE(((1.,0.707106781186541,1.),(1.,0.707106780959754,
1.),(1.,0.695877199411042,1.),(1.,0.686474555159313,1.),(1.,0.682901596096356,
1.),(1.,0.686422229957141,1.),(1.,0.691750591023461,1.),(1.,0.695724671256428,
1.),(1.,0.699214031876604,1.),(1.,0.702975982893724,1.),(1.,0.70575615465529,
1.),(1.,0.706997477525627,1.),(1.,0.707106787656094,1.),(1.,0.707106781186547,
1.)))
REPRESENTATION_ITEM('')
SURFACE()
);
#35=(
BOUNDED_SURFACE()
B_SPLINE_SURFACE(3,2,((#2543,#2544,#2545),(#2546,#2547,#2548),(#2549,#2550,
#2551),(#2552,#2553,#2554),(#2555,#2556,#2557),(#2558,#2559,#2560),(#2561,
#2562,#2563),(#2564,#2565,#2566),(#2567,#2568,#2569),(#2570,#2571,#2572),
(#2573,#2574,#2575),(#2576,#2577,#2578),(#2579,#2580,#2581),(#2582,#2583,
#2584)),.UNSPECIFIED.,.F.,.F.,.F.)
B_SPLINE_SURFACE_WITH_KNOTS((4,1,1,1,1,1,1,1,1,1,1,4),(3,3),(0.0225765088548207,
0.0302766342812753,0.0379767597077298,0.0456768851341843,0.0533770105606389,
0.0610771359870934,0.0649271987003207,0.0687772614135479,0.0726273241267752,
0.0764773868400025,0.0803274495532297,0.084177512266457),(0.,1.),
 .UNSPECIFIED.)
GEOMETRIC_REPRESENTATION_ITEM()
RATIONAL_B_SPLINE_SURFACE(((1.,0.707106781186548,1.),(1.,0.707106781175719,
1.),(1.,0.707428940228476,1.),(1.,0.708414149073596,1.),(1.,0.709265097184838,
1.),(1.,0.709124529911544,1.),(1.,0.707266762787156,1.),(1.,0.705148446860841,
1.),(1.,0.70383425242582,1.),(1.,0.703527861400797,1.),(1.,0.704743265943339,
1.),(1.,0.706637634769434,1.),(1.,0.707106781131971,1.),(1.,0.707106781186548,
1.)))
REPRESENTATION_ITEM('')
SURFACE()
);
#36=(
BOUNDED_SURFACE()
B_SPLINE_SURFACE(3,2,((#2586,#2587,#2588),(#2589,#2590,#2591),(#2592,#2593,
#2594),(#2595,#2596,#2597),(#2598,#2599,#2600),(#2601,#2602,#2603),(#2604,
#2605,#2606),(#2607,#2608,#2609),(#2610,#2611,#2612),(#2613,#2614,#2615),
(#2616,#2617,#2618),(#2619,#2620,#2621),(#2622,#2623,#2624),(#2625,#2626,
#2627),(#2628,#2629,#2630)),.UNSPECIFIED.,.F.,.F.,.F.)
B_SPLINE_SURFACE_WITH_KNOTS((4,1,1,1,1,1,1,1,1,1,1,1,4),(3,3),(0.0119717457553323,
0.0164795659762256,0.0209873861971188,0.025495206418012,0.0300030266389052,
0.0390186670806916,0.0435264873015848,0.048034307522478,0.0525421277433712,
0.0570499479642644,0.0660655884060508,0.0750812288478372,0.0840968692896236),
(0.,1.),.UNSPECIFIED.)
GEOMETRIC_REPRESENTATION_ITEM()
RATIONAL_B_SPLINE_SURFACE(((1.,0.707106781186537,1.),(1.,0.707106781214397,
1.),(1.,0.711847622150025,1.),(1.,0.724879360656035,1.),(1.,0.735483060148763,
1.),(1.,0.742474408213828,1.),(1.,0.739262284750286,1.),(1.,0.731972889269885,
1.),(1.,0.726017180986442,1.),(1.,0.720471000982892,1.),(1.,0.714256537429235,
1.),(1.,0.709466567396821,1.),(1.,0.707287009839721,1.),(1.,0.707106770406986,
1.),(1.,0.707106781186547,1.)))
REPRESENTATION_ITEM('')
SURFACE()
);
#37=(
BOUNDED_SURFACE()
B_SPLINE_SURFACE(3,2,((#2914,#2915,#2916),(#2917,#2918,#2919),(#2920,#2921,
#2922),(#2923,#2924,#2925),(#2926,#2927,#2928),(#2929,#2930,#2931),(#2932,
#2933,#2934),(#2935,#2936,#2937),(#2938,#2939,#2940),(#2941,#2942,#2943),
(#2944,#2945,#2946),(#2947,#2948,#2949),(#2950,#2951,#2952)),
 .UNSPECIFIED.,.F.,.F.,.F.)
B_SPLINE_SURFACE_WITH_KNOTS((4,1,1,1,1,1,1,1,1,1,4),(3,3),(0.00897405065516434,
0.0127583782664227,0.0165427058776811,0.0203270334889395,0.0241113611001979,
0.0278956887114563,0.0316800163227147,0.0392486715452315,0.0468173267677482,
0.054385981990265,0.0695232924352986),(0.,1.),.UNSPECIFIED.)
GEOMETRIC_REPRESENTATION_ITEM()
RATIONAL_B_SPLINE_SURFACE(((1.,0.707106781186536,1.),(1.,0.707106781288622,
1.),(1.,0.708469190449335,1.),(1.,0.711877391086909,1.),(1.,0.713229224501327,
1.),(1.,0.712304013883673,1.),(1.,0.710509863191555,1.),(1.,0.708185290221024,
1.),(1.,0.706490938418455,1.),(1.,0.70610342917914,1.),(1.,0.706571996700906,
1.),(1.,0.707106802908344,1.),(1.,0.707106781186549,1.)))
REPRESENTATION_ITEM('')
SURFACE()
);
#38=(
BOUNDED_SURFACE()
B_SPLINE_SURFACE(3,2,((#2954,#2955,#2956),(#2957,#2958,#2959),(#2960,#2961,
#2962),(#2963,#2964,#2965),(#2966,#2967,#2968),(#2969,#2970,#2971),(#2972,
#2973,#2974),(#2975,#2976,#2977),(#2978,#2979,#2980),(#2981,#2982,#2983),
(#2984,#2985,#2986),(#2987,#2988,#2989),(#2990,#2991,#2992),(#2993,#2994,
#2995)),.UNSPECIFIED.,.F.,.F.,.F.)
B_SPLINE_SURFACE_WITH_KNOTS((4,1,1,1,1,1,1,1,1,1,1,4),(3,3),(0.0131083662763101,
0.0219897364672244,0.0264304215626815,0.0308711066581387,0.0397524768490529,
0.0441931619445101,0.0486338470399672,0.0530745321354243,0.0575152172308815,
0.0663965874217957,0.07527795761271,0.0841593278036242),(0.,1.),
 .UNSPECIFIED.)
GEOMETRIC_REPRESENTATION_ITEM()
RATIONAL_B_SPLINE_SURFACE(((1.,0.707106781186535,1.),(1.,0.707106781276099,
1.),(1.,0.695877199339784,1.),(1.,0.686474555172519,1.),(1.,0.68290159608873,
1.),(1.,0.686422229958363,1.),(1.,0.691750591023233,1.),(1.,0.695724671256487,
1.),(1.,0.699214031876593,1.),(1.,0.702975982893721,1.),(1.,0.705756154655426,
1.),(1.,0.706997477525089,1.),(1.,0.707106787657238,1.),(1.,0.707106781186546,
1.)))
REPRESENTATION_ITEM('')
SURFACE()
);
#39=(
BOUNDED_SURFACE()
B_SPLINE_SURFACE(3,2,((#2998,#2999,#3000),(#3001,#3002,#3003),(#3004,#3005,
#3006),(#3007,#3008,#3009),(#3010,#3011,#3012),(#3013,#3014,#3015),(#3016,
#3017,#3018),(#3019,#3020,#3021),(#3022,#3023,#3024),(#3025,#3026,#3027),
(#3028,#3029,#3030),(#3031,#3032,#3033),(#3034,#3035,#3036),(#3037,#3038,
#3039)),.UNSPECIFIED.,.F.,.F.,.F.)
B_SPLINE_SURFACE_WITH_KNOTS((4,1,1,1,1,1,1,1,1,1,1,4),(3,3),(0.0225765088548207,
0.0302766342812752,0.0379767597077298,0.0456768851341843,0.0533770105606389,
0.0610771359870934,0.0649271987003207,0.0687772614135479,0.0726273241267752,
0.0764773868400025,0.0803274495532297,0.084177512266457),(0.,1.),
 .UNSPECIFIED.)
GEOMETRIC_REPRESENTATION_ITEM()
RATIONAL_B_SPLINE_SURFACE(((1.,0.707106781186548,1.),(1.,0.70710678118954,
1.),(1.,0.707428940222055,1.),(1.,0.708414149075314,1.),(1.,0.709265097184354,
1.),(1.,0.709124529911669,1.),(1.,0.707266762787219,1.),(1.,0.705148446860644,
1.),(1.,0.703834252426444,1.),(1.,0.703527861398761,1.),(1.,0.704743265950837,
1.),(1.,0.706637634741585,1.),(1.,0.707106781191988,1.),(1.,0.707106781186559,
1.)))
REPRESENTATION_ITEM('')
SURFACE()
);
#40=(
BOUNDED_SURFACE()
B_SPLINE_SURFACE(3,2,((#3041,#3042,#3043),(#3044,#3045,#3046),(#3047,#3048,
#3049),(#3050,#3051,#3052),(#3053,#3054,#3055),(#3056,#3057,#3058),(#3059,
#3060,#3061),(#3062,#3063,#3064),(#3065,#3066,#3067),(#3068,#3069,#3070),
(#3071,#3072,#3073),(#3074,#3075,#3076),(#3077,#3078,#3079),(#3080,#3081,
#3082),(#3083,#3084,#3085)),.UNSPECIFIED.,.F.,.F.,.F.)
B_SPLINE_SURFACE_WITH_KNOTS((4,1,1,1,1,1,1,1,1,1,1,1,4),(3,3),(0.0119717457553324,
0.0164795659762256,0.0209873861971188,0.025495206418012,0.0300030266389052,
0.0390186670806916,0.0435264873015848,0.048034307522478,0.0525421277433712,
0.0570499479642644,0.0660655884060508,0.0750812288478372,0.0840968692896236),
(0.,1.),.UNSPECIFIED.)
GEOMETRIC_REPRESENTATION_ITEM()
RATIONAL_B_SPLINE_SURFACE(((1.,0.707106781186518,1.),(1.,0.707106781263006,
1.),(1.,0.711847622127497,1.),(1.,0.724879360662023,1.),(1.,0.735483060147171,
1.),(1.,0.742474408214771,1.),(1.,0.739262284750069,1.),(1.,0.73197288926995,
1.),(1.,0.726017180986434,1.),(1.,0.72047100098286,1.),(1.,0.714256537429251,
1.),(1.,0.709466567396646,1.),(1.,0.707287009840335,1.),(1.,0.707106770405666,
1.),(1.,0.707106781186546,1.)))
REPRESENTATION_ITEM('')
SURFACE()
);
#41=B_SPLINE_SURFACE_WITH_KNOTS('',3,3,((#1980,#1981,#1982,#1983),(#1984,
#1985,#1986,#1987),(#1988,#1989,#1990,#1991),(#1992,#1993,#1994,#1995),
(#1996,#1997,#1998,#1999),(#2000,#2001,#2002,#2003),(#2004,#2005,#2006,
#2007),(#2008,#2009,#2010,#2011),(#2012,#2013,#2014,#2015),(#2016,#2017,
#2018,#2019),(#2020,#2021,#2022,#2023),(#2024,#2025,#2026,#2027),(#2028,
#2029,#2030,#2031),(#2032,#2033,#2034,#2035),(#2036,#2037,#2038,#2039),
(#2040,#2041,#2042,#2043),(#2044,#2045,#2046,#2047),(#2048,#2049,#2050,
#2051)),.UNSPECIFIED.,.F.,.F.,.F.,(4,2,2,2,2,2,2,2,4),(4,4),(0.0464113212114929,
0.125,0.25,0.375,0.5,0.625,0.75,0.875,0.953588678788508),(0.,1.),
 .UNSPECIFIED.);
#42=B_SPLINE_SURFACE_WITH_KNOTS('',3,3,((#2081,#2082,#2083,#2084),(#2085,
#2086,#2087,#2088),(#2089,#2090,#2091,#2092),(#2093,#2094,#2095,#2096),
(#2097,#2098,#2099,#2100),(#2101,#2102,#2103,#2104),(#2105,#2106,#2107,
#2108),(#2109,#2110,#2111,#2112),(#2113,#2114,#2115,#2116),(#2117,#2118,
#2119,#2120),(#2121,#2122,#2123,#2124),(#2125,#2126,#2127,#2128),(#2129,
#2130,#2131,#2132),(#2133,#2134,#2135,#2136),(#2137,#2138,#2139,#2140),
(#2141,#2142,#2143,#2144),(#2145,#2146,#2147,#2148),(#2149,#2150,#2151,
#2152),(#2153,#2154,#2155,#2156),(#2157,#2158,#2159,#2160),(#2161,#2162,
#2163,#2164),(#2165,#2166,#2167,#2168),(#2169,#2170,#2171,#2172),(#2173,
#2174,#2175,#2176),(#2177,#2178,#2179,#2180),(#2181,#2182,#2183,#2184)),
 .UNSPECIFIED.,.F.,.F.,.F.,(4,2,2,2,2,2,2,2,2,2,2,2,4),(4,4),(0.0679538461538453,
0.125,0.1875,0.25,0.375,0.4375,0.5,0.5625,0.625,0.75,0.8125,0.875,0.932046153846155),
(0.,1.),.UNSPECIFIED.);
#43=B_SPLINE_SURFACE_WITH_KNOTS('',3,3,((#2215,#2216,#2217,#2218),(#2219,
#2220,#2221,#2222),(#2223,#2224,#2225,#2226),(#2227,#2228,#2229,#2230),
(#2231,#2232,#2233,#2234),(#2235,#2236,#2237,#2238),(#2239,#2240,#2241,
#2242),(#2243,#2244,#2245,#2246),(#2247,#2248,#2249,#2250),(#2251,#2252,
#2253,#2254),(#2255,#2256,#2257,#2258),(#2259,#2260,#2261,#2262),(#2263,
#2264,#2265,#2266),(#2267,#2268,#2269,#2270),(#2271,#2272,#2273,#2274),
(#2275,#2276,#2277,#2278),(#2279,#2280,#2281,#2282),(#2283,#2284,#2285,
#2286)),.UNSPECIFIED.,.F.,.F.,.F.,(4,2,2,2,2,2,2,2,4),(4,4),(0.0464113212114923,
0.125,0.25,0.375,0.5,0.625,0.75,0.875,0.953588678788507),(0.,1.),
 .UNSPECIFIED.);
#44=B_SPLINE_SURFACE_WITH_KNOTS('',3,3,((#2321,#2322,#2323,#2324),(#2325,
#2326,#2327,#2328),(#2329,#2330,#2331,#2332),(#2333,#2334,#2335,#2336),
(#2337,#2338,#2339,#2340),(#2341,#2342,#2343,#2344),(#2345,#2346,#2347,
#2348),(#2349,#2350,#2351,#2352),(#2353,#2354,#2355,#2356),(#2357,#2358,
#2359,#2360),(#2361,#2362,#2363,#2364),(#2365,#2366,#2367,#2368),(#2369,
#2370,#2371,#2372),(#2373,#2374,#2375,#2376),(#2377,#2378,#2379,#2380),
(#2381,#2382,#2383,#2384),(#2385,#2386,#2387,#2388),(#2389,#2390,#2391,
#2392),(#2393,#2394,#2395,#2396),(#2397,#2398,#2399,#2400),(#2401,#2402,
#2403,#2404),(#2405,#2406,#2407,#2408),(#2409,#2410,#2411,#2412),(#2413,
#2414,#2415,#2416),(#2417,#2418,#2419,#2420),(#2421,#2422,#2423,#2424)),
 .UNSPECIFIED.,.F.,.F.,.F.,(4,2,2,2,2,2,2,2,2,2,2,2,4),(4,4),(0.0679538461538452,
0.125,0.1875,0.25,0.375,0.4375,0.5,0.5625,0.625,0.75,0.8125,0.875,0.932046153846154),
(0.,1.),.UNSPECIFIED.);
#45=B_SPLINE_SURFACE_WITH_KNOTS('',3,3,((#2632,#2633,#2634,#2635,#2636,
#2637,#2638,#2639),(#2640,#2641,#2642,#2643,#2644,#2645,#2646,#2647),(#2648,
#2649,#2650,#2651,#2652,#2653,#2654,#2655),(#2656,#2657,#2658,#2659,#2660,
#2661,#2662,#2663)),.UNSPECIFIED.,.F.,.F.,.F.,(4,4),(4,1,1,1,1,4),(0.122009434342911,
0.877990565657089),(-3.10925068961747E-16,0.25,0.375,0.541666666666667,
0.708333333333333,1.),.UNSPECIFIED.);
#46=B_SPLINE_SURFACE_WITH_KNOTS('',3,3,((#2696,#2697,#2698,#2699,#2700,
#2701,#2702,#2703),(#2704,#2705,#2706,#2707,#2708,#2709,#2710,#2711),(#2712,
#2713,#2714,#2715,#2716,#2717,#2718,#2719),(#2720,#2721,#2722,#2723,#2724,
#2725,#2726,#2727),(#2728,#2729,#2730,#2731,#2732,#2733,#2734,#2735)),
 .UNSPECIFIED.,.F.,.F.,.F.,(4,1,4),(4,1,1,1,1,4),(0.139961538461538,0.5,
0.860038461538463),(0.,0.25,0.375,0.541666666666667,0.708333333333333,1.),
 .UNSPECIFIED.);
#47=B_SPLINE_SURFACE_WITH_KNOTS('',3,3,((#2769,#2770,#2771,#2772,#2773,
#2774,#2775),(#2776,#2777,#2778,#2779,#2780,#2781,#2782),(#2783,#2784,#2785,
#2786,#2787,#2788,#2789),(#2790,#2791,#2792,#2793,#2794,#2795,#2796)),
 .UNSPECIFIED.,.F.,.F.,.F.,(4,4),(4,1,1,1,4),(0.12200943434291,0.877990565657089),
(-5.40410326080948E-17,0.291666666666667,0.5,0.708333333333333,1.),
 .UNSPECIFIED.);
#48=B_SPLINE_SURFACE_WITH_KNOTS('',3,3,((#2833,#2834,#2835,#2836,#2837,
#2838,#2839,#2840,#2841,#2842),(#2843,#2844,#2845,#2846,#2847,#2848,#2849,
#2850,#2851,#2852),(#2853,#2854,#2855,#2856,#2857,#2858,#2859,#2860,#2861,
#2862),(#2863,#2864,#2865,#2866,#2867,#2868,#2869,#2870,#2871,#2872),(#2873,
#2874,#2875,#2876,#2877,#2878,#2879,#2880,#2881,#2882)),.UNSPECIFIED.,.F.,
 .F.,.F.,(4,1,4),(4,1,1,1,1,1,1,4),(0.139961538461538,0.5,0.860038461538462),
(0.,0.145833333333333,0.25,0.375,0.5,0.625,0.75,1.),.UNSPECIFIED.);
#49=B_SPLINE_CURVE_WITH_KNOTS('',3,(#1955,#1956,#1957,#1958),
 .UNSPECIFIED.,.F.,.F.,(4,4),(0.,0.013),.UNSPECIFIED.);
#50=B_SPLINE_CURVE_WITH_KNOTS('',3,(#1962,#1963,#1964,#1965),
 .UNSPECIFIED.,.F.,.F.,(4,4),(0.,0.00200000000000026),.UNSPECIFIED.);
#51=B_SPLINE_CURVE_WITH_KNOTS('',3,(#1969,#1970,#1971,#1972),
 .UNSPECIFIED.,.F.,.F.,(4,4),(0.,0.013),.UNSPECIFIED.);
#52=B_SPLINE_CURVE_WITH_KNOTS('',3,(#1976,#1977,#1978,#1979),
 .UNSPECIFIED.,.F.,.F.,(4,4),(0.,0.00200000000000026),.UNSPECIFIED.);
#53=B_SPLINE_CURVE_WITH_KNOTS('',3,(#2055,#2056,#2057,#2058,#2059,#2060,
#2061,#2062,#2063,#2064,#2065,#2066,#2067),.UNSPECIFIED.,.F.,.F.,(4,1,1,
1,1,1,1,1,1,1,4),(0.,0.0141584562442159,0.0212376843663239,0.0283169124884318,
0.0353961406105398,0.0389357546715938,0.0424753687326478,0.0460149827937017,
0.0495545968547557,0.0530942109158097,0.0566338249768637),.UNSPECIFIED.);
#54=B_SPLINE_CURVE_WITH_KNOTS('',3,(#2068,#2069,#2070,#2071,#2072,#2073,
#2074,#2075,#2076,#2077,#2078,#2079,#2080),.UNSPECIFIED.,.F.,.F.,(4,1,1,
1,1,1,1,1,1,1,4),(-5.99999999605972E-8,0.00366465578809064,0.00732937157618123,
0.0109940873642718,0.0146588031523624,0.018323518940453,0.0219882347285436,
0.0293176663047248,0.036647097880906,0.0439765294570872,0.0586353926094496),
 .UNSPECIFIED.);
#55=B_SPLINE_CURVE_WITH_KNOTS('',3,(#2185,#2186,#2187,#2188,#2189,#2190,
#2191,#2192,#2193,#2194,#2195,#2196,#2197),.UNSPECIFIED.,.F.,.F.,(4,1,1,
1,1,1,1,1,1,1,4),(-5.99999999911863E-8,0.00381995193724809,0.00763996387449618,
0.0114599758117443,0.0152799877489923,0.0190999996862404,0.0229200116234885,
0.0305600354979847,0.0382000593724809,0.045840083246977,0.0611201309959694),
 .UNSPECIFIED.);
#56=B_SPLINE_CURVE_WITH_KNOTS('',3,(#2201,#2202,#2203,#2204,#2205,#2206,
#2207,#2208,#2209,#2210,#2211,#2212,#2213,#2214),.UNSPECIFIED.,.F.,.F.,
(4,1,1,1,1,1,1,1,1,1,1,4),(0.,0.00882672358709633,0.0176534471741927,0.026480170761289,
0.0308935325548372,0.0353068943483853,0.0397202561419335,0.0441336179354817,
0.052960341522578,0.0573737033161262,0.0617870651096743,0.0706137886967707),
 .UNSPECIFIED.);
#57=B_SPLINE_CURVE_WITH_KNOTS('',3,(#2287,#2288,#2289,#2290,#2291,#2292,
#2293,#2294,#2295,#2296,#2297,#2298,#2299,#2300,#2301,#2302,#2303),
 .UNSPECIFIED.,.F.,.F.,(4,1,1,1,1,1,1,1,1,1,1,1,1,1,4),(-5.99999999867093E-8,
0.002316034502907,0.00463212900581399,0.00926431801162796,0.0138965070174419,
0.0185286960232559,0.0277930740348839,0.0324252630406978,0.0370574520465118,
0.0416896410523258,0.0463218300581398,0.0509540190639537,0.0555862080697677,
0.0648505860813957,0.0741149640930236),.UNSPECIFIED.);
#58=B_SPLINE_CURVE_WITH_KNOTS('',3,(#2307,#2308,#2309,#2310,#2311,#2312,
#2313,#2314,#2315,#2316,#2317,#2318,#2319,#2320),.UNSPECIFIED.,.F.,.F.,
(4,1,1,1,1,1,1,1,1,1,1,4),(0.,0.00941621262981359,0.0188324252596272,0.0282486378894408,
0.0329567442043476,0.0376648505192544,0.0423729568341611,0.0470810631490679,
0.0564972757788815,0.0612053820937883,0.0659134884086951,0.0753297010385087),
 .UNSPECIFIED.);
#59=B_SPLINE_CURVE_WITH_KNOTS('',3,(#2425,#2426,#2427,#2428,#2429,#2430,
#2431,#2432,#2433,#2434,#2435,#2436),.UNSPECIFIED.,.F.,.F.,(4,1,1,1,1,1,
1,1,1,4),(0.,0.0154005601238323,0.0231008401857485,0.0308011202476647,0.0385014003095808,
0.046201680371497,0.0500518204024551,0.0539019604334132,0.0577521004643713,
0.0616022404953294),.UNSPECIFIED.);
#60=B_SPLINE_CURVE_WITH_KNOTS('',3,(#2437,#2438,#2439,#2440,#2441,#2442,
#2443,#2444,#2445,#2446,#2447,#2448,#2449,#2450,#2451,#2452),
 .UNSPECIFIED.,.F.,.F.,(4,1,1,1,1,1,1,1,1,1,1,1,1,4),(-5.99999999488437E-8,
0.00451574288674266,0.00903154577348527,0.0135473486602279,0.0180631515469705,
0.0225789544337131,0.0270947573204557,0.0316105602071983,0.0361263630939409,
0.0406421659806835,0.0451579688674262,0.0541895746409114,0.0632211804143966,
0.0722527861878818),.UNSPECIFIED.);
#61=B_SPLINE_CURVE_WITH_KNOTS('',3,(#2664,#2665,#2666,#2667),
 .UNSPECIFIED.,.F.,.F.,(4,4),(2.20906192643922E-18,0.0177170019193053),
 .UNSPECIFIED.);
#62=B_SPLINE_CURVE_WITH_KNOTS('',3,(#2670,#2671,#2672,#2673,#2674,#2675,
#2676,#2677,#2678,#2679,#2680,#2681,#2682,#2683),.UNSPECIFIED.,.F.,.F.,
(4,1,1,1,1,1,1,1,1,1,1,4),(-5.99999999363448E-8,0.00378259658634808,0.0075652531726961,
0.0113479097590441,0.0151305663453921,0.0189132229317402,0.0226958795180882,
0.0302611926907842,0.0378265058634802,0.0453918190361763,0.0529571322088723,
0.0605224453815683),.UNSPECIFIED.);
#63=B_SPLINE_CURVE_WITH_KNOTS('',3,(#2684,#2685,#2686,#2687,#2688,#2689,
#2690,#2691,#2692,#2693,#2694,#2695),.UNSPECIFIED.,.F.,.F.,(4,1,1,1,1,1,
1,1,1,4),(0.,0.0146422745051104,0.0219634117576656,0.0292845490102207,0.0366056862627759,
0.0402662548890535,0.0439268235153311,0.0512479607678863,0.0549085293941639,
0.0585690980204415),.UNSPECIFIED.);
#64=B_SPLINE_CURVE_WITH_KNOTS('',3,(#2736,#2737,#2738,#2739,#2740,#2741,
#2742,#2743,#2744,#2745,#2746,#2747,#2748,#2749),.UNSPECIFIED.,.F.,.F.,
(4,1,1,1,1,1,1,1,1,1,1,4),(0.,0.00883403456627703,0.0176680691325541,0.0265021036988311,
0.0309191209819696,0.0353361382651081,0.0397531555482467,0.0441701728313852,
0.0530042073976622,0.0574212246808007,0.0618382419639392,0.0706722765302163),
 .UNSPECIFIED.);
#65=B_SPLINE_CURVE_WITH_KNOTS('',3,(#2751,#2752,#2753,#2754),
 .UNSPECIFIED.,.F.,.F.,(4,4),(0.,0.0148),.UNSPECIFIED.);
#66=B_SPLINE_CURVE_WITH_KNOTS('',3,(#2756,#2757,#2758,#2759,#2760,#2761,
#2762,#2763,#2764,#2765,#2766,#2767,#2768),.UNSPECIFIED.,.F.,.F.,(4,1,1,
1,1,1,1,1,1,1,4),(-5.99999999333708E-8,0.00382285667504408,0.0076457733500881,
0.0114686900251321,0.0152916067001761,0.0191145233752202,0.0229374400502642,
0.0305832734003522,0.0382291067504402,0.0458749401005283,0.0611666068007043),
 .UNSPECIFIED.);
#67=B_SPLINE_CURVE_WITH_KNOTS('',3,(#2797,#2798,#2799,#2800,#2801,#2802,
#2803,#2804,#2805,#2806,#2807,#2808,#2809,#2810),.UNSPECIFIED.,.F.,.F.,
(4,1,1,1,1,1,1,1,1,1,1,4),(0.,0.0091749158511745,0.018349831702349,0.0275247475535235,
0.0321122054791107,0.036699663404698,0.0412871213302852,0.0458745792558725,
0.055049495107047,0.0596369530326342,0.0642244109582215,0.073399326809396),
 .UNSPECIFIED.);
#68=B_SPLINE_CURVE_WITH_KNOTS('',3,(#2812,#2813,#2814,#2815),
 .UNSPECIFIED.,.F.,.F.,(4,4),(0.,0.0177170019193053),.UNSPECIFIED.);
#69=B_SPLINE_CURVE_WITH_KNOTS('',3,(#2817,#2818,#2819,#2820,#2821,#2822,
#2823,#2824,#2825,#2826,#2827,#2828,#2829,#2830,#2831,#2832),
 .UNSPECIFIED.,.F.,.F.,(4,1,1,1,1,1,1,1,1,1,1,1,1,4),(-5.9999999998325E-8,
0.00225544448476177,0.00451094896952354,0.00902195793904708,0.0135329669085706,
0.0180439758780942,0.0270659938171412,0.0315770027866648,0.0360880117561883,
0.0405990207257119,0.0451100296952354,0.0541320476342825,0.0631540655733296,
0.0721760835123767),.UNSPECIFIED.);
#70=B_SPLINE_CURVE_WITH_KNOTS('',3,(#2883,#2884,#2885,#2886),
 .UNSPECIFIED.,.F.,.F.,(4,4),(0.,0.0148),.UNSPECIFIED.);
#71=B_SPLINE_CURVE_WITH_KNOTS('',3,(#2889,#2890,#2891,#2892,#2893,#2894,
#2895,#2896,#2897,#2898,#2899,#2900,#2901,#2902),.UNSPECIFIED.,.F.,.F.,
(4,1,1,1,1,1,1,1,1,1,1,4),(-6.0000000059137E-8,0.00451217878955733,0.00902441757911471,
0.0180488951582295,0.0270733727373443,0.0315856115269016,0.036097850316459,
0.0406100891060164,0.0451223278955738,0.0541468054746886,0.0631712830538033,
0.0721957606329181),.UNSPECIFIED.);
#72=B_SPLINE_CURVE_WITH_KNOTS('',3,(#2903,#2904,#2905,#2906,#2907,#2908,
#2909,#2910,#2911,#2912,#2913),.UNSPECIFIED.,.F.,.F.,(4,1,1,1,1,1,1,1,4),
(0.,0.0153974891702538,0.0230962337553807,0.0307949783405076,0.0384937229256344,
0.0461924675107613,0.0538912120958882,0.0577405843884517,0.0615899566810151),
 .UNSPECIFIED.);
#73=ELLIPSE('',#1410,0.00424264068711929,0.003);
#74=CIRCLE('',#1405,0.003);
#75=CIRCLE('',#1413,0.0015);
#76=CIRCLE('',#1415,0.003);
#77=CIRCLE('',#1416,0.003);
#78=CIRCLE('',#1417,0.003);
#79=CIRCLE('',#1418,0.003);
#80=CIRCLE('',#1419,0.0015);
#81=CIRCLE('',#1420,0.0015);
#82=CIRCLE('',#1421,0.0015);
#83=CIRCLE('',#1422,0.0015);
#84=CIRCLE('',#1424,0.0015);
#85=CIRCLE('',#1425,0.003);
#86=CIRCLE('',#1426,0.003);
#87=CIRCLE('',#1427,0.003);
#88=CIRCLE('',#1428,0.003);
#89=CIRCLE('',#1429,0.0015);
#90=CIRCLE('',#1430,0.0015);
#91=CIRCLE('',#1431,0.0015);
#92=CIRCLE('',#1432,0.0015);
#93=CIRCLE('',#1433,0.0015);
#94=CIRCLE('',#1434,0.0015);
#95=CIRCLE('',#1439,0.00631816260036258);
#96=CIRCLE('',#1440,0.00585575886014384);
#97=CIRCLE('',#1441,0.002);
#98=CIRCLE('',#1442,0.002);
#99=CIRCLE('',#1443,0.00225);
#100=CIRCLE('',#1444,0.00225);
#101=CIRCLE('',#1447,0.003);
#102=CIRCLE('',#1448,0.003);
#103=CIRCLE('',#1450,0.003);
#104=CIRCLE('',#1456,0.00585575886014384);
#105=CIRCLE('',#1457,0.00631816260036258);
#106=CIRCLE('',#1458,0.0026);
#107=CIRCLE('',#1459,0.0026);
#108=CIRCLE('',#1460,0.00225);
#109=CIRCLE('',#1461,0.00225);
#110=CIRCLE('',#1463,0.002);
#111=CIRCLE('',#1465,0.002);
#112=CIRCLE('',#1475,0.0026);
#113=CIRCLE('',#1478,0.0026);
#114=CIRCLE('',#1485,0.00185);
#115=CIRCLE('',#1486,0.00185);
#116=CIRCLE('',#1487,0.00185);
#117=CIRCLE('',#1488,0.00185);
#118=CIRCLE('',#1489,0.011);
#119=CIRCLE('',#1497,0.00185);
#120=CIRCLE('',#1499,0.00185);
#121=CIRCLE('',#1501,0.00185);
#122=CIRCLE('',#1503,0.00185);
#123=CIRCLE('',#1505,0.011);
#124=CIRCLE('',#1508,0.00285);
#125=CIRCLE('',#1509,0.00285);
#126=CIRCLE('',#1510,0.00285);
#127=CIRCLE('',#1511,0.00285);
#128=ORIENTED_EDGE('',*,*,#506,.F.);
#129=ORIENTED_EDGE('',*,*,#507,.T.);
#130=ORIENTED_EDGE('',*,*,#508,.T.);
#131=ORIENTED_EDGE('',*,*,#509,.T.);
#132=ORIENTED_EDGE('',*,*,#510,.F.);
#133=ORIENTED_EDGE('',*,*,#511,.F.);
#134=ORIENTED_EDGE('',*,*,#512,.F.);
#135=ORIENTED_EDGE('',*,*,#513,.T.);
#136=ORIENTED_EDGE('',*,*,#514,.F.);
#137=ORIENTED_EDGE('',*,*,#515,.F.);
#138=ORIENTED_EDGE('',*,*,#512,.T.);
#139=ORIENTED_EDGE('',*,*,#514,.T.);
#140=ORIENTED_EDGE('',*,*,#516,.F.);
#141=ORIENTED_EDGE('',*,*,#517,.T.);
#142=ORIENTED_EDGE('',*,*,#518,.T.);
#143=ORIENTED_EDGE('',*,*,#519,.T.);
#144=ORIENTED_EDGE('',*,*,#520,.F.);
#145=ORIENTED_EDGE('',*,*,#521,.T.);
#146=ORIENTED_EDGE('',*,*,#522,.T.);
#147=ORIENTED_EDGE('',*,*,#523,.T.);
#148=ORIENTED_EDGE('',*,*,#524,.T.);
#149=ORIENTED_EDGE('',*,*,#525,.T.);
#150=ORIENTED_EDGE('',*,*,#526,.F.);
#151=ORIENTED_EDGE('',*,*,#527,.T.);
#152=ORIENTED_EDGE('',*,*,#528,.T.);
#153=ORIENTED_EDGE('',*,*,#529,.F.);
#154=ORIENTED_EDGE('',*,*,#530,.T.);
#155=ORIENTED_EDGE('',*,*,#531,.T.);
#156=ORIENTED_EDGE('',*,*,#508,.F.);
#157=ORIENTED_EDGE('',*,*,#532,.T.);
#158=ORIENTED_EDGE('',*,*,#521,.F.);
#159=ORIENTED_EDGE('',*,*,#533,.F.);
#160=ORIENTED_EDGE('',*,*,#534,.F.);
#161=ORIENTED_EDGE('',*,*,#519,.F.);
#162=ORIENTED_EDGE('',*,*,#535,.F.);
#163=ORIENTED_EDGE('',*,*,#530,.F.);
#164=ORIENTED_EDGE('',*,*,#536,.F.);
#165=ORIENTED_EDGE('',*,*,#537,.T.);
#166=ORIENTED_EDGE('',*,*,#538,.F.);
#167=ORIENTED_EDGE('',*,*,#539,.F.);
#168=ORIENTED_EDGE('',*,*,#540,.T.);
#169=ORIENTED_EDGE('',*,*,#541,.F.);
#170=ORIENTED_EDGE('',*,*,#542,.T.);
#171=ORIENTED_EDGE('',*,*,#543,.F.);
#172=ORIENTED_EDGE('',*,*,#544,.T.);
#173=ORIENTED_EDGE('',*,*,#545,.F.);
#174=ORIENTED_EDGE('',*,*,#546,.T.);
#175=ORIENTED_EDGE('',*,*,#547,.F.);
#176=ORIENTED_EDGE('',*,*,#548,.T.);
#177=ORIENTED_EDGE('',*,*,#549,.F.);
#178=ORIENTED_EDGE('',*,*,#550,.T.);
#179=ORIENTED_EDGE('',*,*,#551,.F.);
#180=ORIENTED_EDGE('',*,*,#552,.T.);
#181=ORIENTED_EDGE('',*,*,#553,.F.);
#182=ORIENTED_EDGE('',*,*,#554,.T.);
#183=ORIENTED_EDGE('',*,*,#555,.T.);
#184=ORIENTED_EDGE('',*,*,#556,.T.);
#185=ORIENTED_EDGE('',*,*,#539,.T.);
#186=ORIENTED_EDGE('',*,*,#557,.T.);
#187=ORIENTED_EDGE('',*,*,#541,.T.);
#188=ORIENTED_EDGE('',*,*,#558,.T.);
#189=ORIENTED_EDGE('',*,*,#559,.T.);
#190=ORIENTED_EDGE('',*,*,#560,.T.);
#191=ORIENTED_EDGE('',*,*,#543,.T.);
#192=ORIENTED_EDGE('',*,*,#561,.T.);
#193=ORIENTED_EDGE('',*,*,#562,.F.);
#194=ORIENTED_EDGE('',*,*,#563,.T.);
#195=ORIENTED_EDGE('',*,*,#524,.F.);
#196=ORIENTED_EDGE('',*,*,#564,.T.);
#197=ORIENTED_EDGE('',*,*,#545,.T.);
#198=ORIENTED_EDGE('',*,*,#565,.T.);
#199=ORIENTED_EDGE('',*,*,#566,.F.);
#200=ORIENTED_EDGE('',*,*,#567,.T.);
#201=ORIENTED_EDGE('',*,*,#568,.T.);
#202=ORIENTED_EDGE('',*,*,#540,.F.);
#203=ORIENTED_EDGE('',*,*,#556,.F.);
#204=ORIENTED_EDGE('',*,*,#569,.F.);
#205=ORIENTED_EDGE('',*,*,#558,.F.);
#206=ORIENTED_EDGE('',*,*,#542,.F.);
#207=ORIENTED_EDGE('',*,*,#560,.F.);
#208=ORIENTED_EDGE('',*,*,#570,.F.);
#209=ORIENTED_EDGE('',*,*,#561,.F.);
#210=ORIENTED_EDGE('',*,*,#546,.F.);
#211=ORIENTED_EDGE('',*,*,#564,.F.);
#212=ORIENTED_EDGE('',*,*,#571,.F.);
#213=ORIENTED_EDGE('',*,*,#557,.F.);
#214=ORIENTED_EDGE('',*,*,#544,.F.);
#215=ORIENTED_EDGE('',*,*,#563,.F.);
#216=ORIENTED_EDGE('',*,*,#572,.F.);
#217=ORIENTED_EDGE('',*,*,#565,.F.);
#218=ORIENTED_EDGE('',*,*,#573,.T.);
#219=ORIENTED_EDGE('',*,*,#574,.F.);
#220=ORIENTED_EDGE('',*,*,#548,.F.);
#221=ORIENTED_EDGE('',*,*,#575,.F.);
#222=ORIENTED_EDGE('',*,*,#554,.F.);
#223=ORIENTED_EDGE('',*,*,#576,.F.);
#224=ORIENTED_EDGE('',*,*,#577,.T.);
#225=ORIENTED_EDGE('',*,*,#578,.F.);
#226=ORIENTED_EDGE('',*,*,#552,.F.);
#227=ORIENTED_EDGE('',*,*,#579,.F.);
#228=ORIENTED_EDGE('',*,*,#580,.T.);
#229=ORIENTED_EDGE('',*,*,#581,.F.);
#230=ORIENTED_EDGE('',*,*,#582,.T.);
#231=ORIENTED_EDGE('',*,*,#583,.F.);
#232=ORIENTED_EDGE('',*,*,#550,.F.);
#233=ORIENTED_EDGE('',*,*,#584,.F.);
#234=ORIENTED_EDGE('',*,*,#547,.T.);
#235=ORIENTED_EDGE('',*,*,#578,.T.);
#236=ORIENTED_EDGE('',*,*,#585,.T.);
#237=ORIENTED_EDGE('',*,*,#575,.T.);
#238=ORIENTED_EDGE('',*,*,#553,.T.);
#239=ORIENTED_EDGE('',*,*,#581,.T.);
#240=ORIENTED_EDGE('',*,*,#586,.T.);
#241=ORIENTED_EDGE('',*,*,#566,.T.);
#242=ORIENTED_EDGE('',*,*,#587,.T.);
#243=ORIENTED_EDGE('',*,*,#576,.T.);
#244=ORIENTED_EDGE('',*,*,#549,.T.);
#245=ORIENTED_EDGE('',*,*,#574,.T.);
#246=ORIENTED_EDGE('',*,*,#588,.T.);
#247=ORIENTED_EDGE('',*,*,#584,.T.);
#248=ORIENTED_EDGE('',*,*,#551,.T.);
#249=ORIENTED_EDGE('',*,*,#583,.T.);
#250=ORIENTED_EDGE('',*,*,#589,.T.);
#251=ORIENTED_EDGE('',*,*,#538,.T.);
#252=ORIENTED_EDGE('',*,*,#590,.T.);
#253=ORIENTED_EDGE('',*,*,#579,.T.);
#254=ORIENTED_EDGE('',*,*,#586,.F.);
#255=ORIENTED_EDGE('',*,*,#580,.F.);
#256=ORIENTED_EDGE('',*,*,#590,.F.);
#257=ORIENTED_EDGE('',*,*,#591,.T.);
#258=ORIENTED_EDGE('',*,*,#587,.F.);
#259=ORIENTED_EDGE('',*,*,#592,.T.);
#260=ORIENTED_EDGE('',*,*,#593,.F.);
#261=ORIENTED_EDGE('',*,*,#594,.F.);
#262=ORIENTED_EDGE('',*,*,#589,.F.);
#263=ORIENTED_EDGE('',*,*,#582,.F.);
#264=ORIENTED_EDGE('',*,*,#588,.F.);
#265=ORIENTED_EDGE('',*,*,#573,.F.);
#266=ORIENTED_EDGE('',*,*,#585,.F.);
#267=ORIENTED_EDGE('',*,*,#577,.F.);
#268=ORIENTED_EDGE('',*,*,#562,.T.);
#269=ORIENTED_EDGE('',*,*,#595,.T.);
#270=ORIENTED_EDGE('',*,*,#596,.F.);
#271=ORIENTED_EDGE('',*,*,#597,.T.);
#272=ORIENTED_EDGE('',*,*,#598,.T.);
#273=ORIENTED_EDGE('',*,*,#599,.T.);
#274=ORIENTED_EDGE('',*,*,#506,.T.);
#275=ORIENTED_EDGE('',*,*,#515,.T.);
#276=ORIENTED_EDGE('',*,*,#520,.T.);
#277=ORIENTED_EDGE('',*,*,#534,.T.);
#278=ORIENTED_EDGE('',*,*,#529,.T.);
#279=ORIENTED_EDGE('',*,*,#600,.T.);
#280=ORIENTED_EDGE('',*,*,#601,.T.);
#281=ORIENTED_EDGE('',*,*,#602,.F.);
#282=ORIENTED_EDGE('',*,*,#603,.T.);
#283=ORIENTED_EDGE('',*,*,#604,.T.);
#284=ORIENTED_EDGE('',*,*,#605,.F.);
#285=ORIENTED_EDGE('',*,*,#606,.F.);
#286=ORIENTED_EDGE('',*,*,#607,.T.);
#287=ORIENTED_EDGE('',*,*,#608,.T.);
#288=ORIENTED_EDGE('',*,*,#555,.F.);
#289=ORIENTED_EDGE('',*,*,#609,.T.);
#290=ORIENTED_EDGE('',*,*,#610,.T.);
#291=ORIENTED_EDGE('',*,*,#611,.T.);
#292=ORIENTED_EDGE('',*,*,#612,.T.);
#293=ORIENTED_EDGE('',*,*,#613,.F.);
#294=ORIENTED_EDGE('',*,*,#614,.F.);
#295=ORIENTED_EDGE('',*,*,#615,.T.);
#296=ORIENTED_EDGE('',*,*,#616,.T.);
#297=ORIENTED_EDGE('',*,*,#559,.F.);
#298=ORIENTED_EDGE('',*,*,#617,.T.);
#299=ORIENTED_EDGE('',*,*,#618,.F.);
#300=ORIENTED_EDGE('',*,*,#619,.T.);
#301=ORIENTED_EDGE('',*,*,#620,.T.);
#302=ORIENTED_EDGE('',*,*,#526,.T.);
#303=ORIENTED_EDGE('',*,*,#621,.T.);
#304=ORIENTED_EDGE('',*,*,#596,.T.);
#305=ORIENTED_EDGE('',*,*,#622,.T.);
#306=ORIENTED_EDGE('',*,*,#615,.F.);
#307=ORIENTED_EDGE('',*,*,#623,.T.);
#308=ORIENTED_EDGE('',*,*,#624,.F.);
#309=ORIENTED_EDGE('',*,*,#625,.F.);
#310=ORIENTED_EDGE('',*,*,#626,.F.);
#311=ORIENTED_EDGE('',*,*,#617,.F.);
#312=ORIENTED_EDGE('',*,*,#569,.T.);
#313=ORIENTED_EDGE('',*,*,#608,.F.);
#314=ORIENTED_EDGE('',*,*,#523,.F.);
#315=ORIENTED_EDGE('',*,*,#522,.F.);
#316=ORIENTED_EDGE('',*,*,#532,.F.);
#317=ORIENTED_EDGE('',*,*,#507,.F.);
#318=ORIENTED_EDGE('',*,*,#599,.F.);
#319=ORIENTED_EDGE('',*,*,#598,.F.);
#320=ORIENTED_EDGE('',*,*,#571,.T.);
#321=ORIENTED_EDGE('',*,*,#622,.F.);
#322=ORIENTED_EDGE('',*,*,#595,.F.);
#323=ORIENTED_EDGE('',*,*,#570,.T.);
#324=ORIENTED_EDGE('',*,*,#616,.F.);
#325=ORIENTED_EDGE('',*,*,#621,.F.);
#326=ORIENTED_EDGE('',*,*,#525,.F.);
#327=ORIENTED_EDGE('',*,*,#572,.T.);
#328=ORIENTED_EDGE('',*,*,#597,.F.);
#329=ORIENTED_EDGE('',*,*,#627,.F.);
#330=ORIENTED_EDGE('',*,*,#625,.T.);
#331=ORIENTED_EDGE('',*,*,#607,.F.);
#332=ORIENTED_EDGE('',*,*,#620,.F.);
#333=ORIENTED_EDGE('',*,*,#628,.T.);
#334=ORIENTED_EDGE('',*,*,#593,.T.);
#335=ORIENTED_EDGE('',*,*,#629,.F.);
#336=ORIENTED_EDGE('',*,*,#623,.F.);
#337=ORIENTED_EDGE('',*,*,#614,.T.);
#338=ORIENTED_EDGE('',*,*,#630,.T.);
#339=ORIENTED_EDGE('',*,*,#631,.F.);
#340=ORIENTED_EDGE('',*,*,#632,.F.);
#341=ORIENTED_EDGE('',*,*,#633,.T.);
#342=ORIENTED_EDGE('',*,*,#634,.F.);
#343=ORIENTED_EDGE('',*,*,#635,.F.);
#344=ORIENTED_EDGE('',*,*,#527,.F.);
#345=ORIENTED_EDGE('',*,*,#636,.F.);
#346=ORIENTED_EDGE('',*,*,#637,.F.);
#347=ORIENTED_EDGE('',*,*,#638,.F.);
#348=ORIENTED_EDGE('',*,*,#639,.F.);
#349=ORIENTED_EDGE('',*,*,#610,.F.);
#350=ORIENTED_EDGE('',*,*,#640,.T.);
#351=ORIENTED_EDGE('',*,*,#609,.F.);
#352=ORIENTED_EDGE('',*,*,#641,.T.);
#353=ORIENTED_EDGE('',*,*,#601,.F.);
#354=ORIENTED_EDGE('',*,*,#642,.F.);
#355=ORIENTED_EDGE('',*,*,#634,.T.);
#356=ORIENTED_EDGE('',*,*,#643,.T.);
#357=ORIENTED_EDGE('',*,*,#600,.F.);
#358=ORIENTED_EDGE('',*,*,#528,.F.);
#359=ORIENTED_EDGE('',*,*,#635,.T.);
#360=ORIENTED_EDGE('',*,*,#642,.T.);
#361=ORIENTED_EDGE('',*,*,#605,.T.);
#362=ORIENTED_EDGE('',*,*,#644,.F.);
#363=ORIENTED_EDGE('',*,*,#630,.F.);
#364=ORIENTED_EDGE('',*,*,#613,.T.);
#365=ORIENTED_EDGE('',*,*,#645,.T.);
#366=ORIENTED_EDGE('',*,*,#604,.F.);
#367=ORIENTED_EDGE('',*,*,#646,.F.);
#368=ORIENTED_EDGE('',*,*,#631,.T.);
#369=ORIENTED_EDGE('',*,*,#644,.T.);
#370=ORIENTED_EDGE('',*,*,#603,.F.);
#371=ORIENTED_EDGE('',*,*,#647,.F.);
#372=ORIENTED_EDGE('',*,*,#632,.T.);
#373=ORIENTED_EDGE('',*,*,#646,.T.);
#374=ORIENTED_EDGE('',*,*,#602,.T.);
#375=ORIENTED_EDGE('',*,*,#643,.F.);
#376=ORIENTED_EDGE('',*,*,#633,.F.);
#377=ORIENTED_EDGE('',*,*,#647,.T.);
#378=ORIENTED_EDGE('',*,*,#638,.T.);
#379=ORIENTED_EDGE('',*,*,#611,.F.);
#380=ORIENTED_EDGE('',*,*,#639,.T.);
#381=ORIENTED_EDGE('',*,*,#612,.F.);
#382=ORIENTED_EDGE('',*,*,#648,.F.);
#383=ORIENTED_EDGE('',*,*,#637,.T.);
#384=ORIENTED_EDGE('',*,*,#640,.F.);
#385=ORIENTED_EDGE('',*,*,#648,.T.);
#386=ORIENTED_EDGE('',*,*,#649,.F.);
#387=ORIENTED_EDGE('',*,*,#636,.T.);
#388=ORIENTED_EDGE('',*,*,#641,.F.);
#389=ORIENTED_EDGE('',*,*,#649,.T.);
#390=ORIENTED_EDGE('',*,*,#645,.F.);
#391=ORIENTED_EDGE('',*,*,#626,.T.);
#392=ORIENTED_EDGE('',*,*,#627,.T.);
#393=ORIENTED_EDGE('',*,*,#606,.T.);
#394=ORIENTED_EDGE('',*,*,#618,.T.);
#395=ORIENTED_EDGE('',*,*,#650,.T.);
#396=ORIENTED_EDGE('',*,*,#567,.F.);
#397=ORIENTED_EDGE('',*,*,#591,.F.);
#398=ORIENTED_EDGE('',*,*,#537,.F.);
#399=ORIENTED_EDGE('',*,*,#651,.F.);
#400=ORIENTED_EDGE('',*,*,#651,.T.);
#401=ORIENTED_EDGE('',*,*,#536,.T.);
#402=ORIENTED_EDGE('',*,*,#594,.T.);
#403=ORIENTED_EDGE('',*,*,#628,.F.);
#404=ORIENTED_EDGE('',*,*,#619,.F.);
#405=ORIENTED_EDGE('',*,*,#624,.T.);
#406=ORIENTED_EDGE('',*,*,#629,.T.);
#407=ORIENTED_EDGE('',*,*,#592,.F.);
#408=ORIENTED_EDGE('',*,*,#568,.F.);
#409=ORIENTED_EDGE('',*,*,#650,.F.);
#410=ORIENTED_EDGE('',*,*,#652,.F.);
#411=ORIENTED_EDGE('',*,*,#653,.F.);
#412=ORIENTED_EDGE('',*,*,#654,.F.);
#413=ORIENTED_EDGE('',*,*,#655,.F.);
#414=ORIENTED_EDGE('',*,*,#656,.F.);
#415=ORIENTED_EDGE('',*,*,#513,.F.);
#416=ORIENTED_EDGE('',*,*,#511,.T.);
#417=ORIENTED_EDGE('',*,*,#657,.T.);
#418=ORIENTED_EDGE('',*,*,#658,.T.);
#419=ORIENTED_EDGE('',*,*,#659,.T.);
#420=ORIENTED_EDGE('',*,*,#660,.T.);
#421=ORIENTED_EDGE('',*,*,#661,.T.);
#422=ORIENTED_EDGE('',*,*,#662,.T.);
#423=ORIENTED_EDGE('',*,*,#663,.T.);
#424=ORIENTED_EDGE('',*,*,#516,.T.);
#425=ORIENTED_EDGE('',*,*,#664,.T.);
#426=ORIENTED_EDGE('',*,*,#665,.F.);
#427=ORIENTED_EDGE('',*,*,#660,.F.);
#428=ORIENTED_EDGE('',*,*,#666,.T.);
#429=ORIENTED_EDGE('',*,*,#667,.T.);
#430=ORIENTED_EDGE('',*,*,#668,.F.);
#431=ORIENTED_EDGE('',*,*,#661,.F.);
#432=ORIENTED_EDGE('',*,*,#665,.T.);
#433=ORIENTED_EDGE('',*,*,#669,.T.);
#434=ORIENTED_EDGE('',*,*,#670,.F.);
#435=ORIENTED_EDGE('',*,*,#662,.F.);
#436=ORIENTED_EDGE('',*,*,#668,.T.);
#437=ORIENTED_EDGE('',*,*,#671,.T.);
#438=ORIENTED_EDGE('',*,*,#672,.T.);
#439=ORIENTED_EDGE('',*,*,#517,.F.);
#440=ORIENTED_EDGE('',*,*,#663,.F.);
#441=ORIENTED_EDGE('',*,*,#670,.T.);
#442=ORIENTED_EDGE('',*,*,#673,.T.);
#443=ORIENTED_EDGE('',*,*,#674,.F.);
#444=ORIENTED_EDGE('',*,*,#657,.F.);
#445=ORIENTED_EDGE('',*,*,#510,.T.);
#446=ORIENTED_EDGE('',*,*,#675,.T.);
#447=ORIENTED_EDGE('',*,*,#676,.T.);
#448=ORIENTED_EDGE('',*,*,#677,.F.);
#449=ORIENTED_EDGE('',*,*,#658,.F.);
#450=ORIENTED_EDGE('',*,*,#674,.T.);
#451=ORIENTED_EDGE('',*,*,#678,.T.);
#452=ORIENTED_EDGE('',*,*,#652,.T.);
#453=ORIENTED_EDGE('',*,*,#679,.T.);
#454=ORIENTED_EDGE('',*,*,#653,.T.);
#455=ORIENTED_EDGE('',*,*,#680,.T.);
#456=ORIENTED_EDGE('',*,*,#654,.T.);
#457=ORIENTED_EDGE('',*,*,#681,.T.);
#458=ORIENTED_EDGE('',*,*,#655,.T.);
#459=ORIENTED_EDGE('',*,*,#656,.T.);
#460=ORIENTED_EDGE('',*,*,#682,.F.);
#461=ORIENTED_EDGE('',*,*,#683,.T.);
#462=ORIENTED_EDGE('',*,*,#666,.F.);
#463=ORIENTED_EDGE('',*,*,#659,.F.);
#464=ORIENTED_EDGE('',*,*,#677,.T.);
#465=ORIENTED_EDGE('',*,*,#684,.T.);
#466=ORIENTED_EDGE('',*,*,#685,.T.);
#467=ORIENTED_EDGE('',*,*,#686,.T.);
#468=ORIENTED_EDGE('',*,*,#687,.T.);
#469=ORIENTED_EDGE('',*,*,#682,.T.);
#470=ORIENTED_EDGE('',*,*,#673,.F.);
#471=ORIENTED_EDGE('',*,*,#688,.T.);
#472=ORIENTED_EDGE('',*,*,#689,.T.);
#473=ORIENTED_EDGE('',*,*,#690,.T.);
#474=ORIENTED_EDGE('',*,*,#671,.F.);
#475=ORIENTED_EDGE('',*,*,#669,.F.);
#476=ORIENTED_EDGE('',*,*,#667,.F.);
#477=ORIENTED_EDGE('',*,*,#664,.F.);
#478=ORIENTED_EDGE('',*,*,#683,.F.);
#479=ORIENTED_EDGE('',*,*,#676,.F.);
#480=ORIENTED_EDGE('',*,*,#672,.F.);
#481=ORIENTED_EDGE('',*,*,#690,.F.);
#482=ORIENTED_EDGE('',*,*,#691,.F.);
#483=ORIENTED_EDGE('',*,*,#518,.F.);
#484=ORIENTED_EDGE('',*,*,#535,.T.);
#485=ORIENTED_EDGE('',*,*,#691,.T.);
#486=ORIENTED_EDGE('',*,*,#692,.F.);
#487=ORIENTED_EDGE('',*,*,#692,.T.);
#488=ORIENTED_EDGE('',*,*,#689,.F.);
#489=ORIENTED_EDGE('',*,*,#693,.F.);
#490=ORIENTED_EDGE('',*,*,#531,.F.);
#491=ORIENTED_EDGE('',*,*,#533,.T.);
#492=ORIENTED_EDGE('',*,*,#693,.T.);
#493=ORIENTED_EDGE('',*,*,#694,.F.);
#494=ORIENTED_EDGE('',*,*,#694,.T.);
#495=ORIENTED_EDGE('',*,*,#688,.F.);
#496=ORIENTED_EDGE('',*,*,#675,.F.);
#497=ORIENTED_EDGE('',*,*,#509,.F.);
#498=ORIENTED_EDGE('',*,*,#681,.F.);
#499=ORIENTED_EDGE('',*,*,#684,.F.);
#500=ORIENTED_EDGE('',*,*,#680,.F.);
#501=ORIENTED_EDGE('',*,*,#685,.F.);
#502=ORIENTED_EDGE('',*,*,#679,.F.);
#503=ORIENTED_EDGE('',*,*,#686,.F.);
#504=ORIENTED_EDGE('',*,*,#678,.F.);
#505=ORIENTED_EDGE('',*,*,#687,.F.);
#506=EDGE_CURVE('',#695,#696,#824,.T.);
#507=EDGE_CURVE('',#695,#697,#74,.T.);
#508=EDGE_CURVE('',#697,#698,#825,.T.);
#509=EDGE_CURVE('',#698,#699,#826,.T.);
#510=EDGE_CURVE('',#700,#699,#827,.T.);
#511=EDGE_CURVE('',#701,#700,#828,.T.);
#512=EDGE_CURVE('',#696,#701,#829,.T.);
#513=EDGE_CURVE('',#701,#702,#830,.T.);
#514=EDGE_CURVE('',#703,#702,#831,.T.);
#515=EDGE_CURVE('',#696,#703,#832,.T.);
#516=EDGE_CURVE('',#704,#702,#833,.T.);
#517=EDGE_CURVE('',#704,#705,#834,.T.);
#518=EDGE_CURVE('',#705,#706,#835,.T.);
#519=EDGE_CURVE('',#706,#707,#836,.T.);
#520=EDGE_CURVE('',#703,#707,#837,.T.);
#521=EDGE_CURVE('',#708,#709,#838,.T.);
#522=EDGE_CURVE('',#709,#710,#839,.F.);
#523=EDGE_CURVE('',#710,#711,#840,.T.);
#524=EDGE_CURVE('',#711,#712,#841,.T.);
#525=EDGE_CURVE('',#712,#713,#842,.F.);
#526=EDGE_CURVE('',#714,#713,#843,.T.);
#527=EDGE_CURVE('',#714,#715,#844,.T.);
#528=EDGE_CURVE('',#715,#716,#845,.T.);
#529=EDGE_CURVE('',#717,#716,#846,.T.);
#530=EDGE_CURVE('',#717,#718,#847,.T.);
#531=EDGE_CURVE('',#718,#708,#848,.T.);
#532=EDGE_CURVE('',#697,#709,#73,.T.);
#533=EDGE_CURVE('',#698,#708,#849,.F.);
#534=EDGE_CURVE('',#707,#717,#850,.F.);
#535=EDGE_CURVE('',#718,#706,#851,.F.);
#536=EDGE_CURVE('',#719,#720,#852,.T.);
#537=EDGE_CURVE('',#719,#721,#853,.T.);
#538=EDGE_CURVE('',#720,#721,#75,.F.);
#539=EDGE_CURVE('',#722,#723,#854,.F.);
#540=EDGE_CURVE('',#722,#724,#76,.T.);
#541=EDGE_CURVE('',#725,#724,#855,.F.);
#542=EDGE_CURVE('',#725,#726,#77,.T.);
#543=EDGE_CURVE('',#727,#726,#856,.T.);
#544=EDGE_CURVE('',#727,#728,#78,.T.);
#545=EDGE_CURVE('',#729,#728,#857,.T.);
#546=EDGE_CURVE('',#729,#723,#79,.T.);
#547=EDGE_CURVE('',#730,#731,#80,.T.);
#548=EDGE_CURVE('',#730,#732,#49,.T.);
#549=EDGE_CURVE('',#733,#732,#81,.T.);
#550=EDGE_CURVE('',#733,#734,#50,.T.);
#551=EDGE_CURVE('',#735,#734,#82,.T.);
#552=EDGE_CURVE('',#735,#736,#51,.T.);
#553=EDGE_CURVE('',#737,#736,#83,.T.);
#554=EDGE_CURVE('',#737,#731,#52,.T.);
#555=EDGE_CURVE('',#738,#739,#858,.T.);
#556=EDGE_CURVE('',#739,#722,#53,.T.);
#557=EDGE_CURVE('',#723,#738,#54,.T.);
#558=EDGE_CURVE('',#724,#740,#55,.T.);
#559=EDGE_CURVE('',#740,#741,#859,.T.);
#560=EDGE_CURVE('',#741,#725,#56,.T.);
#561=EDGE_CURVE('',#726,#742,#57,.T.);
#562=EDGE_CURVE('',#743,#742,#860,.T.);
#563=EDGE_CURVE('',#743,#727,#58,.T.);
#564=EDGE_CURVE('',#711,#729,#59,.T.);
#565=EDGE_CURVE('',#728,#712,#60,.T.);
#566=EDGE_CURVE('',#744,#745,#84,.F.);
#567=EDGE_CURVE('',#744,#746,#861,.T.);
#568=EDGE_CURVE('',#746,#745,#862,.T.);
#569=EDGE_CURVE('',#740,#739,#85,.F.);
#570=EDGE_CURVE('',#742,#741,#86,.F.);
#571=EDGE_CURVE('',#738,#711,#87,.F.);
#572=EDGE_CURVE('',#712,#743,#88,.F.);
#573=EDGE_CURVE('',#747,#748,#61,.T.);
#574=EDGE_CURVE('',#732,#748,#62,.T.);
#575=EDGE_CURVE('',#747,#730,#63,.T.);
#576=EDGE_CURVE('',#749,#737,#64,.T.);
#577=EDGE_CURVE('',#749,#750,#65,.T.);
#578=EDGE_CURVE('',#731,#750,#66,.T.);
#579=EDGE_CURVE('',#751,#735,#67,.T.);
#580=EDGE_CURVE('',#751,#752,#68,.T.);
#581=EDGE_CURVE('',#736,#752,#69,.T.);
#582=EDGE_CURVE('',#753,#754,#70,.T.);
#583=EDGE_CURVE('',#734,#754,#71,.T.);
#584=EDGE_CURVE('',#753,#733,#72,.T.);
#585=EDGE_CURVE('',#750,#747,#89,.F.);
#586=EDGE_CURVE('',#752,#744,#90,.F.);
#587=EDGE_CURVE('',#745,#749,#91,.F.);
#588=EDGE_CURVE('',#748,#753,#92,.F.);
#589=EDGE_CURVE('',#754,#720,#93,.F.);
#590=EDGE_CURVE('',#721,#751,#94,.F.);
#591=EDGE_CURVE('',#721,#744,#863,.T.);
#592=EDGE_CURVE('',#745,#755,#864,.T.);
#593=EDGE_CURVE('',#756,#755,#865,.T.);
#594=EDGE_CURVE('',#720,#756,#866,.T.);
#595=EDGE_CURVE('',#742,#757,#867,.F.);
#596=EDGE_CURVE('',#758,#757,#868,.T.);
#597=EDGE_CURVE('',#758,#743,#869,.T.);
#598=EDGE_CURVE('',#738,#759,#870,.F.);
#599=EDGE_CURVE('',#759,#695,#871,.T.);
#600=EDGE_CURVE('',#716,#760,#95,.T.);
#601=EDGE_CURVE('',#760,#761,#872,.T.);
#602=EDGE_CURVE('',#762,#761,#873,.T.);
#603=EDGE_CURVE('',#762,#763,#874,.T.);
#604=EDGE_CURVE('',#763,#764,#96,.T.);
#605=EDGE_CURVE('',#765,#764,#875,.T.);
#606=EDGE_CURVE('',#766,#765,#876,.T.);
#607=EDGE_CURVE('',#766,#767,#877,.T.);
#608=EDGE_CURVE('',#767,#739,#878,.T.);
#609=EDGE_CURVE('',#768,#768,#97,.T.);
#610=EDGE_CURVE('',#769,#769,#98,.T.);
#611=EDGE_CURVE('',#770,#770,#99,.T.);
#612=EDGE_CURVE('',#771,#771,#100,.T.);
#613=EDGE_CURVE('',#772,#773,#879,.T.);
#614=EDGE_CURVE('',#774,#772,#880,.T.);
#615=EDGE_CURVE('',#774,#775,#881,.T.);
#616=EDGE_CURVE('',#775,#741,#882,.T.);
#617=EDGE_CURVE('',#740,#773,#883,.F.);
#618=EDGE_CURVE('',#776,#777,#884,.T.);
#619=EDGE_CURVE('',#776,#778,#885,.T.);
#620=EDGE_CURVE('',#778,#714,#886,.T.);
#621=EDGE_CURVE('',#713,#758,#101,.F.);
#622=EDGE_CURVE('',#757,#775,#102,.F.);
#623=EDGE_CURVE('',#774,#779,#887,.T.);
#624=EDGE_CURVE('',#777,#779,#888,.T.);
#625=EDGE_CURVE('',#780,#767,#103,.F.);
#626=EDGE_CURVE('',#773,#780,#889,.F.);
#627=EDGE_CURVE('',#780,#766,#890,.T.);
#628=EDGE_CURVE('',#778,#756,#891,.T.);
#629=EDGE_CURVE('',#779,#755,#892,.T.);
#630=EDGE_CURVE('',#772,#781,#893,.T.);
#631=EDGE_CURVE('',#782,#781,#104,.T.);
#632=EDGE_CURVE('',#783,#782,#894,.T.);
#633=EDGE_CURVE('',#783,#784,#895,.T.);
#634=EDGE_CURVE('',#785,#784,#896,.T.);
#635=EDGE_CURVE('',#715,#785,#105,.T.);
#636=EDGE_CURVE('',#786,#786,#106,.T.);
#637=EDGE_CURVE('',#787,#787,#107,.T.);
#638=EDGE_CURVE('',#788,#788,#108,.T.);
#639=EDGE_CURVE('',#789,#789,#109,.T.);
#640=EDGE_CURVE('',#790,#790,#110,.T.);
#641=EDGE_CURVE('',#791,#791,#111,.T.);
#642=EDGE_CURVE('',#785,#760,#897,.T.);
#643=EDGE_CURVE('',#784,#761,#898,.T.);
#644=EDGE_CURVE('',#781,#764,#899,.T.);
#645=EDGE_CURVE('',#773,#765,#900,.T.);
#646=EDGE_CURVE('',#782,#763,#901,.T.);
#647=EDGE_CURVE('',#783,#762,#902,.T.);
#648=EDGE_CURVE('',#792,#792,#112,.T.);
#649=EDGE_CURVE('',#793,#793,#113,.T.);
#650=EDGE_CURVE('',#777,#746,#903,.T.);
#651=EDGE_CURVE('',#776,#719,#904,.T.);
#652=EDGE_CURVE('',#794,#794,#114,.T.);
#653=EDGE_CURVE('',#795,#795,#115,.T.);
#654=EDGE_CURVE('',#796,#796,#116,.T.);
#655=EDGE_CURVE('',#797,#797,#117,.T.);
#656=EDGE_CURVE('',#798,#798,#118,.T.);
#657=EDGE_CURVE('',#700,#799,#905,.T.);
#658=EDGE_CURVE('',#799,#800,#906,.T.);
#659=EDGE_CURVE('',#800,#801,#907,.T.);
#660=EDGE_CURVE('',#801,#802,#908,.T.);
#661=EDGE_CURVE('',#802,#803,#909,.T.);
#662=EDGE_CURVE('',#803,#804,#910,.T.);
#663=EDGE_CURVE('',#804,#704,#911,.T.);
#664=EDGE_CURVE('',#805,#806,#912,.T.);
#665=EDGE_CURVE('',#802,#806,#913,.T.);
#666=EDGE_CURVE('',#801,#805,#914,.T.);
#667=EDGE_CURVE('',#806,#807,#915,.T.);
#668=EDGE_CURVE('',#803,#807,#916,.T.);
#669=EDGE_CURVE('',#807,#808,#917,.T.);
#670=EDGE_CURVE('',#804,#808,#918,.T.);
#671=EDGE_CURVE('',#808,#809,#919,.T.);
#672=EDGE_CURVE('',#809,#705,#920,.F.);
#673=EDGE_CURVE('',#810,#811,#921,.T.);
#674=EDGE_CURVE('',#799,#811,#922,.T.);
#675=EDGE_CURVE('',#699,#810,#923,.F.);
#676=EDGE_CURVE('',#811,#812,#924,.T.);
#677=EDGE_CURVE('',#800,#812,#925,.T.);
#678=EDGE_CURVE('',#813,#813,#119,.F.);
#679=EDGE_CURVE('',#814,#814,#120,.F.);
#680=EDGE_CURVE('',#815,#815,#121,.F.);
#681=EDGE_CURVE('',#816,#816,#122,.F.);
#682=EDGE_CURVE('',#817,#817,#123,.T.);
#683=EDGE_CURVE('',#812,#805,#926,.T.);
#684=EDGE_CURVE('',#818,#818,#124,.T.);
#685=EDGE_CURVE('',#819,#819,#125,.T.);
#686=EDGE_CURVE('',#820,#820,#126,.T.);
#687=EDGE_CURVE('',#821,#821,#127,.T.);
#688=EDGE_CURVE('',#810,#822,#927,.T.);
#689=EDGE_CURVE('',#822,#823,#928,.T.);
#690=EDGE_CURVE('',#823,#809,#929,.T.);
#691=EDGE_CURVE('',#706,#823,#930,.F.);
#692=EDGE_CURVE('',#718,#823,#931,.T.);
#693=EDGE_CURVE('',#708,#822,#932,.F.);
#694=EDGE_CURVE('',#698,#822,#933,.T.);
#695=VERTEX_POINT('',#1870);
#696=VERTEX_POINT('',#1871);
#697=VERTEX_POINT('',#1873);
#698=VERTEX_POINT('',#1875);
#699=VERTEX_POINT('',#1877);
#700=VERTEX_POINT('',#1879);
#701=VERTEX_POINT('',#1881);
#702=VERTEX_POINT('',#1885);
#703=VERTEX_POINT('',#1887);
#704=VERTEX_POINT('',#1891);
#705=VERTEX_POINT('',#1893);
#706=VERTEX_POINT('',#1895);
#707=VERTEX_POINT('',#1897);
#708=VERTEX_POINT('',#1901);
#709=VERTEX_POINT('',#1902);
#710=VERTEX_POINT('',#1904);
#711=VERTEX_POINT('',#1906);
#712=VERTEX_POINT('',#1908);
#713=VERTEX_POINT('',#1910);
#714=VERTEX_POINT('',#1912);
#715=VERTEX_POINT('',#1914);
#716=VERTEX_POINT('',#1916);
#717=VERTEX_POINT('',#1918);
#718=VERTEX_POINT('',#1920);
#719=VERTEX_POINT('',#1930);
#720=VERTEX_POINT('',#1931);
#721=VERTEX_POINT('',#1933);
#722=VERTEX_POINT('',#1937);
#723=VERTEX_POINT('',#1938);
#724=VERTEX_POINT('',#1940);
#725=VERTEX_POINT('',#1942);
#726=VERTEX_POINT('',#1944);
#727=VERTEX_POINT('',#1946);
#728=VERTEX_POINT('',#1948);
#729=VERTEX_POINT('',#1950);
#730=VERTEX_POINT('',#1953);
#731=VERTEX_POINT('',#1954);
#732=VERTEX_POINT('',#1959);
#733=VERTEX_POINT('',#1961);
#734=VERTEX_POINT('',#1966);
#735=VERTEX_POINT('',#1968);
#736=VERTEX_POINT('',#1973);
#737=VERTEX_POINT('',#1975);
#738=VERTEX_POINT('',#2053);
#739=VERTEX_POINT('',#2054);
#740=VERTEX_POINT('',#2198);
#741=VERTEX_POINT('',#2200);
#742=VERTEX_POINT('',#2304);
#743=VERTEX_POINT('',#2306);
#744=VERTEX_POINT('',#2455);
#745=VERTEX_POINT('',#2456);
#746=VERTEX_POINT('',#2458);
#747=VERTEX_POINT('',#2668);
#748=VERTEX_POINT('',#2669);
#749=VERTEX_POINT('',#2750);
#750=VERTEX_POINT('',#2755);
#751=VERTEX_POINT('',#2811);
#752=VERTEX_POINT('',#2816);
#753=VERTEX_POINT('',#2887);
#754=VERTEX_POINT('',#2888);
#755=VERTEX_POINT('',#3092);
#756=VERTEX_POINT('',#3094);
#757=VERTEX_POINT('',#3098);
#758=VERTEX_POINT('',#3100);
#759=VERTEX_POINT('',#3104);
#760=VERTEX_POINT('',#3107);
#761=VERTEX_POINT('',#3109);
#762=VERTEX_POINT('',#3111);
#763=VERTEX_POINT('',#3113);
#764=VERTEX_POINT('',#3115);
#765=VERTEX_POINT('',#3117);
#766=VERTEX_POINT('',#3119);
#767=VERTEX_POINT('',#3121);
#768=VERTEX_POINT('',#3124);
#769=VERTEX_POINT('',#3126);
#770=VERTEX_POINT('',#3128);
#771=VERTEX_POINT('',#3130);
#772=VERTEX_POINT('',#3133);
#773=VERTEX_POINT('',#3134);
#774=VERTEX_POINT('',#3136);
#775=VERTEX_POINT('',#3138);
#776=VERTEX_POINT('',#3143);
#777=VERTEX_POINT('',#3144);
#778=VERTEX_POINT('',#3146);
#779=VERTEX_POINT('',#3151);
#780=VERTEX_POINT('',#3155);
#781=VERTEX_POINT('',#3166);
#782=VERTEX_POINT('',#3168);
#783=VERTEX_POINT('',#3170);
#784=VERTEX_POINT('',#3172);
#785=VERTEX_POINT('',#3174);
#786=VERTEX_POINT('',#3177);
#787=VERTEX_POINT('',#3179);
#788=VERTEX_POINT('',#3181);
#789=VERTEX_POINT('',#3183);
#790=VERTEX_POINT('',#3186);
#791=VERTEX_POINT('',#3189);
#792=VERTEX_POINT('',#3206);
#793=VERTEX_POINT('',#3210);
#794=VERTEX_POINT('',#3220);
#795=VERTEX_POINT('',#3222);
#796=VERTEX_POINT('',#3224);
#797=VERTEX_POINT('',#3226);
#798=VERTEX_POINT('',#3228);
#799=VERTEX_POINT('',#3230);
#800=VERTEX_POINT('',#3232);
#801=VERTEX_POINT('',#3234);
#802=VERTEX_POINT('',#3236);
#803=VERTEX_POINT('',#3238);
#804=VERTEX_POINT('',#3240);
#805=VERTEX_POINT('',#3244);
#806=VERTEX_POINT('',#3245);
#807=VERTEX_POINT('',#3250);
#808=VERTEX_POINT('',#3254);
#809=VERTEX_POINT('',#3258);
#810=VERTEX_POINT('',#3262);
#811=VERTEX_POINT('',#3263);
#812=VERTEX_POINT('',#3268);
#813=VERTEX_POINT('',#3272);
#814=VERTEX_POINT('',#3275);
#815=VERTEX_POINT('',#3278);
#816=VERTEX_POINT('',#3281);
#817=VERTEX_POINT('',#3284);
#818=VERTEX_POINT('',#3289);
#819=VERTEX_POINT('',#3291);
#820=VERTEX_POINT('',#3293);
#821=VERTEX_POINT('',#3295);
#822=VERTEX_POINT('',#3297);
#823=VERTEX_POINT('',#3299);
#824=LINE('',#1869,#934);
#825=LINE('',#1874,#935);
#826=LINE('',#1876,#936);
#827=LINE('',#1878,#937);
#828=LINE('',#1880,#938);
#829=LINE('',#1882,#939);
#830=LINE('',#1884,#940);
#831=LINE('',#1886,#941);
#832=LINE('',#1888,#942);
#833=LINE('',#1890,#943);
#834=LINE('',#1892,#944);
#835=LINE('',#1894,#945);
#836=LINE('',#1896,#946);
#837=LINE('',#1898,#947);
#838=LINE('',#1900,#948);
#839=LINE('',#1903,#949);
#840=LINE('',#1905,#950);
#841=LINE('',#1907,#951);
#842=LINE('',#1909,#952);
#843=LINE('',#1911,#953);
#844=LINE('',#1913,#954);
#845=LINE('',#1915,#955);
#846=LINE('',#1917,#956);
#847=LINE('',#1919,#957);
#848=LINE('',#1921,#958);
#849=LINE('',#1924,#959);
#850=LINE('',#1926,#960);
#851=LINE('',#1927,#961);
#852=LINE('',#1929,#962);
#853=LINE('',#1932,#963);
#854=LINE('',#1936,#964);
#855=LINE('',#1941,#965);
#856=LINE('',#1945,#966);
#857=LINE('',#1949,#967);
#858=LINE('',#2052,#968);
#859=LINE('',#2199,#969);
#860=LINE('',#2305,#970);
#861=LINE('',#2457,#971);
#862=LINE('',#2459,#972);
#863=LINE('',#3089,#973);
#864=LINE('',#3091,#974);
#865=LINE('',#3093,#975);
#866=LINE('',#3095,#976);
#867=LINE('',#3097,#977);
#868=LINE('',#3099,#978);
#869=LINE('',#3101,#979);
#870=LINE('',#3103,#980);
#871=LINE('',#3105,#981);
#872=LINE('',#3108,#982);
#873=LINE('',#3110,#983);
#874=LINE('',#3112,#984);
#875=LINE('',#3116,#985);
#876=LINE('',#3118,#986);
#877=LINE('',#3120,#987);
#878=LINE('',#3122,#988);
#879=LINE('',#3132,#989);
#880=LINE('',#3135,#990);
#881=LINE('',#3137,#991);
#882=LINE('',#3139,#992);
#883=LINE('',#3140,#993);
#884=LINE('',#3142,#994);
#885=LINE('',#3145,#995);
#886=LINE('',#3147,#996);
#887=LINE('',#3150,#997);
#888=LINE('',#3152,#998);
#889=LINE('',#3156,#999);
#890=LINE('',#3161,#1000);
#891=LINE('',#3163,#1001);
#892=LINE('',#3164,#1002);
#893=LINE('',#3165,#1003);
#894=LINE('',#3169,#1004);
#895=LINE('',#3171,#1005);
#896=LINE('',#3173,#1006);
#897=LINE('',#3191,#1007);
#898=LINE('',#3192,#1008);
#899=LINE('',#3195,#1009);
#900=LINE('',#3196,#1010);
#901=LINE('',#3198,#1011);
#902=LINE('',#3200,#1012);
#903=LINE('',#3214,#1013);
#904=LINE('',#3215,#1014);
#905=LINE('',#3229,#1015);
#906=LINE('',#3231,#1016);
#907=LINE('',#3233,#1017);
#908=LINE('',#3235,#1018);
#909=LINE('',#3237,#1019);
#910=LINE('',#3239,#1020);
#911=LINE('',#3241,#1021);
#912=LINE('',#3243,#1022);
#913=LINE('',#3246,#1023);
#914=LINE('',#3247,#1024);
#915=LINE('',#3249,#1025);
#916=LINE('',#3251,#1026);
#917=LINE('',#3253,#1027);
#918=LINE('',#3255,#1028);
#919=LINE('',#3257,#1029);
#920=LINE('',#3259,#1030);
#921=LINE('',#3261,#1031);
#922=LINE('',#3264,#1032);
#923=LINE('',#3265,#1033);
#924=LINE('',#3267,#1034);
#925=LINE('',#3269,#1035);
#926=LINE('',#3286,#1036);
#927=LINE('',#3296,#1037);
#928=LINE('',#3298,#1038);
#929=LINE('',#3300,#1039);
#930=LINE('',#3302,#1040);
#931=LINE('',#3304,#1041);
#932=LINE('',#3306,#1042);
#933=LINE('',#3308,#1043);
#934=VECTOR('',#1525,1.);
#935=VECTOR('',#1528,1.);
#936=VECTOR('',#1529,1.);
#937=VECTOR('',#1530,1.);
#938=VECTOR('',#1531,1.);
#939=VECTOR('',#1532,1.);
#940=VECTOR('',#1535,1.);
#941=VECTOR('',#1536,1.);
#942=VECTOR('',#1537,1.);
#943=VECTOR('',#1540,1.);
#944=VECTOR('',#1541,1.);
#945=VECTOR('',#1542,1.);
#946=VECTOR('',#1543,1.);
#947=VECTOR('',#1544,1.);
#948=VECTOR('',#1547,1.);
#949=VECTOR('',#1548,1.);
#950=VECTOR('',#1549,1.);
#951=VECTOR('',#1550,1.);
#952=VECTOR('',#1551,1.);
#953=VECTOR('',#1552,1.);
#954=VECTOR('',#1553,1.);
#955=VECTOR('',#1554,1.);
#956=VECTOR('',#1555,1.);
#957=VECTOR('',#1556,1.);
#958=VECTOR('',#1557,1.);
#959=VECTOR('',#1562,1.);
#960=VECTOR('',#1565,1.);
#961=VECTOR('',#1566,1.);
#962=VECTOR('',#1569,1.);
#963=VECTOR('',#1570,1.);
#964=VECTOR('',#1575,1.);
#965=VECTOR('',#1578,1.);
#966=VECTOR('',#1581,1.);
#967=VECTOR('',#1584,1.);
#968=VECTOR('',#1595,1.);
#969=VECTOR('',#1596,1.);
#970=VECTOR('',#1597,1.);
#971=VECTOR('',#1602,1.);
#972=VECTOR('',#1603,1.);
#973=VECTOR('',#1626,1.);
#974=VECTOR('',#1629,1.);
#975=VECTOR('',#1630,1.);
#976=VECTOR('',#1631,1.);
#977=VECTOR('',#1634,1.);
#978=VECTOR('',#1635,1.);
#979=VECTOR('',#1636,1.);
#980=VECTOR('',#1639,1.);
#981=VECTOR('',#1640,1.);
#982=VECTOR('',#1643,1.);
#983=VECTOR('',#1644,1.);
#984=VECTOR('',#1645,1.);
#985=VECTOR('',#1648,1.);
#986=VECTOR('',#1649,1.);
#987=VECTOR('',#1650,1.);
#988=VECTOR('',#1651,1.);
#989=VECTOR('',#1662,1.);
#990=VECTOR('',#1663,1.);
#991=VECTOR('',#1664,1.);
#992=VECTOR('',#1665,1.);
#993=VECTOR('',#1666,1.);
#994=VECTOR('',#1669,1.);
#995=VECTOR('',#1670,1.);
#996=VECTOR('',#1671,1.);
#997=VECTOR('',#1676,1.);
#998=VECTOR('',#1677,1.);
#999=VECTOR('',#1682,1.);
#1000=VECTOR('',#1691,1.);
#1001=VECTOR('',#1694,1.);
#1002=VECTOR('',#1695,1.);
#1003=VECTOR('',#1696,1.);
#1004=VECTOR('',#1699,1.);
#1005=VECTOR('',#1700,1.);
#1006=VECTOR('',#1701,1.);
#1007=VECTOR('',#1722,1.);
#1008=VECTOR('',#1723,1.);
#1009=VECTOR('',#1728,1.);
#1010=VECTOR('',#1729,1.);
#1011=VECTOR('',#1732,1.);
#1012=VECTOR('',#1735,1.);
#1013=VECTOR('',#1758,1.);
#1014=VECTOR('',#1759,1.);
#1015=VECTOR('',#1776,1.);
#1016=VECTOR('',#1777,1.);
#1017=VECTOR('',#1778,1.);
#1018=VECTOR('',#1779,1.);
#1019=VECTOR('',#1780,1.);
#1020=VECTOR('',#1781,1.);
#1021=VECTOR('',#1782,1.);
#1022=VECTOR('',#1785,1.);
#1023=VECTOR('',#1786,1.);
#1024=VECTOR('',#1787,1.);
#1025=VECTOR('',#1790,1.);
#1026=VECTOR('',#1791,1.);
#1027=VECTOR('',#1794,1.);
#1028=VECTOR('',#1795,1.);
#1029=VECTOR('',#1798,1.);
#1030=VECTOR('',#1799,1.);
#1031=VECTOR('',#1802,1.);
#1032=VECTOR('',#1803,1.);
#1033=VECTOR('',#1804,1.);
#1034=VECTOR('',#1807,1.);
#1035=VECTOR('',#1808,1.);
#1036=VECTOR('',#1831,1.);
#1037=VECTOR('',#1842,1.);
#1038=VECTOR('',#1843,1.);
#1039=VECTOR('',#1844,1.);
#1040=VECTOR('',#1847,1.);
#1041=VECTOR('',#1850,1.);
#1042=VECTOR('',#1853,1.);
#1043=VECTOR('',#1856,1.);
#1044=EDGE_LOOP('',(#128,#129,#130,#131,#132,#133,#134));
#1045=EDGE_LOOP('',(#135,#136,#137,#138));
#1046=EDGE_LOOP('',(#139,#140,#141,#142,#143,#144));
#1047=EDGE_LOOP('',(#145,#146,#147,#148,#149,#150,#151,#152,#153,#154,#155));
#1048=EDGE_LOOP('',(#156,#157,#158,#159));
#1049=EDGE_LOOP('',(#160,#161,#162,#163));
#1050=EDGE_LOOP('',(#164,#165,#166));
#1051=EDGE_LOOP('',(#167,#168,#169,#170,#171,#172,#173,#174));
#1052=EDGE_LOOP('',(#175,#176,#177,#178,#179,#180,#181,#182));
#1053=EDGE_LOOP('',(#183,#184,#185,#186));
#1054=EDGE_LOOP('',(#187,#188,#189,#190));
#1055=EDGE_LOOP('',(#191,#192,#193,#194));
#1056=EDGE_LOOP('',(#195,#196,#197,#198));
#1057=EDGE_LOOP('',(#199,#200,#201));
#1058=EDGE_LOOP('',(#202,#203,#204,#205));
#1059=EDGE_LOOP('',(#206,#207,#208,#209));
#1060=EDGE_LOOP('',(#210,#211,#212,#213));
#1061=EDGE_LOOP('',(#214,#215,#216,#217));
#1062=EDGE_LOOP('',(#218,#219,#220,#221));
#1063=EDGE_LOOP('',(#222,#223,#224,#225));
#1064=EDGE_LOOP('',(#226,#227,#228,#229));
#1065=EDGE_LOOP('',(#230,#231,#232,#233));
#1066=EDGE_LOOP('',(#234,#235,#236,#237));
#1067=EDGE_LOOP('',(#238,#239,#240,#241,#242,#243));
#1068=EDGE_LOOP('',(#244,#245,#246,#247));
#1069=EDGE_LOOP('',(#248,#249,#250,#251,#252,#253));
#1070=EDGE_LOOP('',(#254,#255,#256,#257));
#1071=EDGE_LOOP('',(#258,#259,#260,#261,#262,#263,#264,#265,#266,#267));
#1072=EDGE_LOOP('',(#268,#269,#270,#271));
#1073=EDGE_LOOP('',(#272,#273,#274,#275,#276,#277,#278,#279,#280,#281,#282,
#283,#284,#285,#286,#287,#288));
#1074=EDGE_LOOP('',(#289));
#1075=EDGE_LOOP('',(#290));
#1076=EDGE_LOOP('',(#291));
#1077=EDGE_LOOP('',(#292));
#1078=EDGE_LOOP('',(#293,#294,#295,#296,#297,#298));
#1079=EDGE_LOOP('',(#299,#300,#301,#302,#303,#304,#305,#306,#307,#308));
#1080=EDGE_LOOP('',(#309,#310,#311,#312,#313));
#1081=EDGE_LOOP('',(#314,#315,#316,#317,#318,#319,#320));
#1082=EDGE_LOOP('',(#321,#322,#323,#324));
#1083=EDGE_LOOP('',(#325,#326,#327,#328));
#1084=EDGE_LOOP('',(#329,#330,#331));
#1085=EDGE_LOOP('',(#332,#333,#334,#335,#336,#337,#338,#339,#340,#341,#342,
#343,#344));
#1086=EDGE_LOOP('',(#345));
#1087=EDGE_LOOP('',(#346));
#1088=EDGE_LOOP('',(#347));
#1089=EDGE_LOOP('',(#348));
#1090=EDGE_LOOP('',(#349));
#1091=EDGE_LOOP('',(#350));
#1092=EDGE_LOOP('',(#351));
#1093=EDGE_LOOP('',(#352));
#1094=EDGE_LOOP('',(#353,#354,#355,#356));
#1095=EDGE_LOOP('',(#357,#358,#359,#360));
#1096=EDGE_LOOP('',(#361,#362,#363,#364,#365));
#1097=EDGE_LOOP('',(#366,#367,#368,#369));
#1098=EDGE_LOOP('',(#370,#371,#372,#373));
#1099=EDGE_LOOP('',(#374,#375,#376,#377));
#1100=EDGE_LOOP('',(#378));
#1101=EDGE_LOOP('',(#379));
#1102=EDGE_LOOP('',(#380));
#1103=EDGE_LOOP('',(#381));
#1104=EDGE_LOOP('',(#382));
#1105=EDGE_LOOP('',(#383));
#1106=EDGE_LOOP('',(#384));
#1107=EDGE_LOOP('',(#385));
#1108=EDGE_LOOP('',(#386));
#1109=EDGE_LOOP('',(#387));
#1110=EDGE_LOOP('',(#388));
#1111=EDGE_LOOP('',(#389));
#1112=EDGE_LOOP('',(#390,#391,#392,#393));
#1113=EDGE_LOOP('',(#394,#395,#396,#397,#398,#399));
#1114=EDGE_LOOP('',(#400,#401,#402,#403,#404));
#1115=EDGE_LOOP('',(#405,#406,#407,#408,#409));
#1116=EDGE_LOOP('',(#410));
#1117=EDGE_LOOP('',(#411));
#1118=EDGE_LOOP('',(#412));
#1119=EDGE_LOOP('',(#413));
#1120=EDGE_LOOP('',(#414));
#1121=EDGE_LOOP('',(#415,#416,#417,#418,#419,#420,#421,#422,#423,#424));
#1122=EDGE_LOOP('',(#425,#426,#427,#428));
#1123=EDGE_LOOP('',(#429,#430,#431,#432));
#1124=EDGE_LOOP('',(#433,#434,#435,#436));
#1125=EDGE_LOOP('',(#437,#438,#439,#440,#441));
#1126=EDGE_LOOP('',(#442,#443,#444,#445,#446));
#1127=EDGE_LOOP('',(#447,#448,#449,#450));
#1128=EDGE_LOOP('',(#451));
#1129=EDGE_LOOP('',(#452));
#1130=EDGE_LOOP('',(#453));
#1131=EDGE_LOOP('',(#454));
#1132=EDGE_LOOP('',(#455));
#1133=EDGE_LOOP('',(#456));
#1134=EDGE_LOOP('',(#457));
#1135=EDGE_LOOP('',(#458));
#1136=EDGE_LOOP('',(#459));
#1137=EDGE_LOOP('',(#460));
#1138=EDGE_LOOP('',(#461,#462,#463,#464));
#1139=EDGE_LOOP('',(#465));
#1140=EDGE_LOOP('',(#466));
#1141=EDGE_LOOP('',(#467));
#1142=EDGE_LOOP('',(#468));
#1143=EDGE_LOOP('',(#469));
#1144=EDGE_LOOP('',(#470,#471,#472,#473,#474,#475,#476,#477,#478,#479));
#1145=EDGE_LOOP('',(#480,#481,#482,#483));
#1146=EDGE_LOOP('',(#484,#485,#486));
#1147=EDGE_LOOP('',(#487,#488,#489,#490));
#1148=EDGE_LOOP('',(#491,#492,#493));
#1149=EDGE_LOOP('',(#494,#495,#496,#497));
#1150=EDGE_LOOP('',(#498));
#1151=EDGE_LOOP('',(#499));
#1152=EDGE_LOOP('',(#500));
#1153=EDGE_LOOP('',(#501));
#1154=EDGE_LOOP('',(#502));
#1155=EDGE_LOOP('',(#503));
#1156=EDGE_LOOP('',(#504));
#1157=EDGE_LOOP('',(#505));
#1158=FACE_BOUND('',#1044,.T.);
#1159=FACE_BOUND('',#1045,.T.);
#1160=FACE_BOUND('',#1046,.T.);
#1161=FACE_BOUND('',#1047,.T.);
#1162=FACE_BOUND('',#1048,.T.);
#1163=FACE_BOUND('',#1049,.T.);
#1164=FACE_BOUND('',#1050,.T.);
#1165=FACE_BOUND('',#1051,.T.);
#1166=FACE_BOUND('',#1052,.T.);
#1167=FACE_BOUND('',#1053,.T.);
#1168=FACE_BOUND('',#1054,.T.);
#1169=FACE_BOUND('',#1055,.T.);
#1170=FACE_BOUND('',#1056,.T.);
#1171=FACE_BOUND('',#1057,.T.);
#1172=FACE_BOUND('',#1058,.T.);
#1173=FACE_BOUND('',#1059,.T.);
#1174=FACE_BOUND('',#1060,.T.);
#1175=FACE_BOUND('',#1061,.T.);
#1176=FACE_BOUND('',#1062,.T.);
#1177=FACE_BOUND('',#1063,.T.);
#1178=FACE_BOUND('',#1064,.T.);
#1179=FACE_BOUND('',#1065,.T.);
#1180=FACE_BOUND('',#1066,.T.);
#1181=FACE_BOUND('',#1067,.T.);
#1182=FACE_BOUND('',#1068,.T.);
#1183=FACE_BOUND('',#1069,.T.);
#1184=FACE_BOUND('',#1070,.T.);
#1185=FACE_BOUND('',#1071,.T.);
#1186=FACE_BOUND('',#1072,.T.);
#1187=FACE_BOUND('',#1073,.T.);
#1188=FACE_BOUND('',#1074,.T.);
#1189=FACE_BOUND('',#1075,.T.);
#1190=FACE_BOUND('',#1076,.T.);
#1191=FACE_BOUND('',#1077,.T.);
#1192=FACE_BOUND('',#1078,.T.);
#1193=FACE_BOUND('',#1079,.T.);
#1194=FACE_BOUND('',#1080,.T.);
#1195=FACE_BOUND('',#1081,.T.);
#1196=FACE_BOUND('',#1082,.T.);
#1197=FACE_BOUND('',#1083,.T.);
#1198=FACE_BOUND('',#1084,.T.);
#1199=FACE_BOUND('',#1085,.T.);
#1200=FACE_BOUND('',#1086,.T.);
#1201=FACE_BOUND('',#1087,.T.);
#1202=FACE_BOUND('',#1088,.T.);
#1203=FACE_BOUND('',#1089,.T.);
#1204=FACE_BOUND('',#1090,.T.);
#1205=FACE_BOUND('',#1091,.T.);
#1206=FACE_BOUND('',#1092,.T.);
#1207=FACE_BOUND('',#1093,.T.);
#1208=FACE_BOUND('',#1094,.T.);
#1209=FACE_BOUND('',#1095,.T.);
#1210=FACE_BOUND('',#1096,.T.);
#1211=FACE_BOUND('',#1097,.T.);
#1212=FACE_BOUND('',#1098,.T.);
#1213=FACE_BOUND('',#1099,.T.);
#1214=FACE_BOUND('',#1100,.T.);
#1215=FACE_BOUND('',#1101,.T.);
#1216=FACE_BOUND('',#1102,.T.);
#1217=FACE_BOUND('',#1103,.T.);
#1218=FACE_BOUND('',#1104,.T.);
#1219=FACE_BOUND('',#1105,.T.);
#1220=FACE_BOUND('',#1106,.T.);
#1221=FACE_BOUND('',#1107,.T.);
#1222=FACE_BOUND('',#1108,.T.);
#1223=FACE_BOUND('',#1109,.T.);
#1224=FACE_BOUND('',#1110,.T.);
#1225=FACE_BOUND('',#1111,.T.);
#1226=FACE_BOUND('',#1112,.T.);
#1227=FACE_BOUND('',#1113,.T.);
#1228=FACE_BOUND('',#1114,.T.);
#1229=FACE_BOUND('',#1115,.T.);
#1230=FACE_BOUND('',#1116,.T.);
#1231=FACE_BOUND('',#1117,.T.);
#1232=FACE_BOUND('',#1118,.T.);
#1233=FACE_BOUND('',#1119,.T.);
#1234=FACE_BOUND('',#1120,.T.);
#1235=FACE_BOUND('',#1121,.T.);
#1236=FACE_BOUND('',#1122,.T.);
#1237=FACE_BOUND('',#1123,.T.);
#1238=FACE_BOUND('',#1124,.T.);
#1239=FACE_BOUND('',#1125,.T.);
#1240=FACE_BOUND('',#1126,.T.);
#1241=FACE_BOUND('',#1127,.T.);
#1242=FACE_BOUND('',#1128,.T.);
#1243=FACE_BOUND('',#1129,.T.);
#1244=FACE_BOUND('',#1130,.T.);
#1245=FACE_BOUND('',#1131,.T.);
#1246=FACE_BOUND('',#1132,.T.);
#1247=FACE_BOUND('',#1133,.T.);
#1248=FACE_BOUND('',#1134,.T.);
#1249=FACE_BOUND('',#1135,.T.);
#1250=FACE_BOUND('',#1136,.T.);
#1251=FACE_BOUND('',#1137,.T.);
#1252=FACE_BOUND('',#1138,.T.);
#1253=FACE_BOUND('',#1139,.T.);
#1254=FACE_BOUND('',#1140,.T.);
#1255=FACE_BOUND('',#1141,.T.);
#1256=FACE_BOUND('',#1142,.T.);
#1257=FACE_BOUND('',#1143,.T.);
#1258=FACE_BOUND('',#1144,.T.);
#1259=FACE_BOUND('',#1145,.T.);
#1260=FACE_BOUND('',#1146,.T.);
#1261=FACE_BOUND('',#1147,.T.);
#1262=FACE_BOUND('',#1148,.T.);
#1263=FACE_BOUND('',#1149,.T.);
#1264=FACE_BOUND('',#1150,.T.);
#1265=FACE_BOUND('',#1151,.T.);
#1266=FACE_BOUND('',#1152,.T.);
#1267=FACE_BOUND('',#1153,.T.);
#1268=FACE_BOUND('',#1154,.T.);
#1269=FACE_BOUND('',#1155,.T.);
#1270=FACE_BOUND('',#1156,.T.);
#1271=FACE_BOUND('',#1157,.T.);
#1272=PLANE('',#1404);
#1273=PLANE('',#1406);
#1274=PLANE('',#1407);
#1275=PLANE('',#1408);
#1276=PLANE('',#1409);
#1277=PLANE('',#1411);
#1278=PLANE('',#1412);
#1279=PLANE('',#1414);
#1280=PLANE('',#1423);
#1281=PLANE('',#1435);
#1282=PLANE('',#1436);
#1283=PLANE('',#1437);
#1284=PLANE('',#1438);
#1285=PLANE('',#1445);
#1286=PLANE('',#1446);
#1287=PLANE('',#1454);
#1288=PLANE('',#1455);
#1289=PLANE('',#1466);
#1290=PLANE('',#1468);
#1291=PLANE('',#1470);
#1292=PLANE('',#1471);
#1293=PLANE('',#1476);
#1294=PLANE('',#1479);
#1295=PLANE('',#1480);
#1296=PLANE('',#1481);
#1297=PLANE('',#1482);
#1298=PLANE('',#1483);
#1299=PLANE('',#1484);
#1300=PLANE('',#1490);
#1301=PLANE('',#1491);
#1302=PLANE('',#1492);
#1303=PLANE('',#1493);
#1304=PLANE('',#1494);
#1305=PLANE('',#1495);
#1306=PLANE('',#1506);
#1307=PLANE('',#1507);
#1308=PLANE('',#1512);
#1309=PLANE('',#1513);
#1310=PLANE('',#1514);
#1311=PLANE('',#1515);
#1312=PLANE('',#1516);
#1313=ADVANCED_FACE('',(#1158),#1272,.F.);
#1314=ADVANCED_FACE('',(#1159),#1273,.F.);
#1315=ADVANCED_FACE('',(#1160),#1274,.F.);
#1316=ADVANCED_FACE('',(#1161),#1275,.F.);
#1317=ADVANCED_FACE('',(#1162),#1276,.F.);
#1318=ADVANCED_FACE('',(#1163),#1277,.F.);
#1319=ADVANCED_FACE('',(#1164),#1278,.F.);
#1320=ADVANCED_FACE('',(#1165,#1166),#1279,.T.);
#1321=ADVANCED_FACE('',(#1167),#41,.T.);
#1322=ADVANCED_FACE('',(#1168),#42,.T.);
#1323=ADVANCED_FACE('',(#1169),#43,.T.);
#1324=ADVANCED_FACE('',(#1170),#44,.T.);
#1325=ADVANCED_FACE('',(#1171),#1280,.F.);
#1326=ADVANCED_FACE('',(#1172),#33,.T.);
#1327=ADVANCED_FACE('',(#1173),#34,.T.);
#1328=ADVANCED_FACE('',(#1174),#35,.T.);
#1329=ADVANCED_FACE('',(#1175),#36,.T.);
#1330=ADVANCED_FACE('',(#1176),#45,.F.);
#1331=ADVANCED_FACE('',(#1177),#46,.F.);
#1332=ADVANCED_FACE('',(#1178),#47,.F.);
#1333=ADVANCED_FACE('',(#1179),#48,.F.);
#1334=ADVANCED_FACE('',(#1180),#37,.F.);
#1335=ADVANCED_FACE('',(#1181),#38,.F.);
#1336=ADVANCED_FACE('',(#1182),#39,.F.);
#1337=ADVANCED_FACE('',(#1183),#40,.F.);
#1338=ADVANCED_FACE('',(#1184),#1281,.T.);
#1339=ADVANCED_FACE('',(#1185),#1282,.T.);
#1340=ADVANCED_FACE('',(#1186),#1283,.F.);
#1341=ADVANCED_FACE('',(#1187,#1188,#1189,#1190,#1191),#1284,.T.);
#1342=ADVANCED_FACE('',(#1192),#1285,.T.);
#1343=ADVANCED_FACE('',(#1193),#1286,.F.);
#1344=ADVANCED_FACE('',(#1194),#16,.T.);
#1345=ADVANCED_FACE('',(#1195),#17,.T.);
#1346=ADVANCED_FACE('',(#1196),#18,.T.);
#1347=ADVANCED_FACE('',(#1197),#19,.T.);
#1348=ADVANCED_FACE('',(#1198),#1287,.T.);
#1349=ADVANCED_FACE('',(#1199,#1200,#1201,#1202,#1203),#1288,.T.);
#1350=ADVANCED_FACE('',(#1204,#1205),#20,.F.);
#1351=ADVANCED_FACE('',(#1206,#1207),#21,.F.);
#1352=ADVANCED_FACE('',(#1208),#1289,.T.);
#1353=ADVANCED_FACE('',(#1209),#22,.T.);
#1354=ADVANCED_FACE('',(#1210),#1290,.F.);
#1355=ADVANCED_FACE('',(#1211),#23,.T.);
#1356=ADVANCED_FACE('',(#1212),#1291,.T.);
#1357=ADVANCED_FACE('',(#1213),#1292,.F.);
#1358=ADVANCED_FACE('',(#1214,#1215),#24,.F.);
#1359=ADVANCED_FACE('',(#1216,#1217),#25,.F.);
#1360=ADVANCED_FACE('',(#1218,#1219),#26,.F.);
#1361=ADVANCED_FACE('',(#1220,#1221),#1293,.T.);
#1362=ADVANCED_FACE('',(#1222,#1223),#27,.F.);
#1363=ADVANCED_FACE('',(#1224,#1225),#1294,.T.);
#1364=ADVANCED_FACE('',(#1226),#1295,.T.);
#1365=ADVANCED_FACE('',(#1227),#1296,.T.);
#1366=ADVANCED_FACE('',(#1228),#1297,.F.);
#1367=ADVANCED_FACE('',(#1229),#1298,.T.);
#1368=ADVANCED_FACE('',(#1230,#1231,#1232,#1233,#1234,#1235),#1299,.T.);
#1369=ADVANCED_FACE('',(#1236),#1300,.F.);
#1370=ADVANCED_FACE('',(#1237),#1301,.F.);
#1371=ADVANCED_FACE('',(#1238),#1302,.F.);
#1372=ADVANCED_FACE('',(#1239),#1303,.F.);
#1373=ADVANCED_FACE('',(#1240),#1304,.F.);
#1374=ADVANCED_FACE('',(#1241),#1305,.F.);
#1375=ADVANCED_FACE('',(#1242,#1243),#28,.F.);
#1376=ADVANCED_FACE('',(#1244,#1245),#29,.F.);
#1377=ADVANCED_FACE('',(#1246,#1247),#30,.F.);
#1378=ADVANCED_FACE('',(#1248,#1249),#31,.F.);
#1379=ADVANCED_FACE('',(#1250,#1251),#32,.F.);
#1380=ADVANCED_FACE('',(#1252),#1306,.F.);
#1381=ADVANCED_FACE('',(#1253,#1254,#1255,#1256,#1257,#1258),#1307,.F.);
#1382=ADVANCED_FACE('',(#1259),#1308,.F.);
#1383=ADVANCED_FACE('',(#1260),#1309,.T.);
#1384=ADVANCED_FACE('',(#1261),#1310,.F.);
#1385=ADVANCED_FACE('',(#1262),#1311,.T.);
#1386=ADVANCED_FACE('',(#1263),#1312,.F.);
#1387=ADVANCED_FACE('',(#1264,#1265),#12,.F.);
#1388=ADVANCED_FACE('',(#1266,#1267),#13,.F.);
#1389=ADVANCED_FACE('',(#1268,#1269),#14,.F.);
#1390=ADVANCED_FACE('',(#1270,#1271),#15,.F.);
#1391=CLOSED_SHELL('',(#1313,#1314,#1315,#1316,#1317,#1318,#1319,#1320,
#1321,#1322,#1323,#1324,#1325,#1326,#1327,#1328,#1329,#1330,#1331,#1332,
#1333,#1334,#1335,#1336,#1337,#1338,#1339,#1340,#1341,#1342,#1343,#1344,
#1345,#1346,#1347,#1348,#1349,#1350,#1351,#1352,#1353,#1354,#1355,#1356,
#1357,#1358,#1359,#1360,#1361,#1362,#1363,#1364,#1365,#1366,#1367,#1368,
#1369,#1370,#1371,#1372,#1373,#1374,#1375,#1376,#1377,#1378,#1379,#1380,
#1381,#1382,#1383,#1384,#1385,#1386,#1387,#1388,#1389,#1390));
#1392=STYLED_ITEM('',(#1393),#1400);
#1393=PRESENTATION_STYLE_ASSIGNMENT((#1394));
#1394=SURFACE_STYLE_USAGE(.BOTH.,#1395);
#1395=SURFACE_SIDE_STYLE('',(#1396));
#1396=SURFACE_STYLE_FILL_AREA(#1397);
#1397=FILL_AREA_STYLE('',(#1398));
#1398=FILL_AREA_STYLE_COLOUR('',#1399);
#1399=COLOUR_RGB('',0.301960784313725,0.301960784313725,0.301960784313725);
#1400=MANIFOLD_SOLID_BREP('Duct Mount',#1391);
#1401=SHAPE_DEFINITION_REPRESENTATION(#3320,#1402);
#1402=SHAPE_REPRESENTATION('Duct Mount',(#1403),#3315);
#1403=AXIS2_PLACEMENT_3D('',#1867,#1521,#1522);
#1404=AXIS2_PLACEMENT_3D('',#1868,#1523,#1524);
#1405=AXIS2_PLACEMENT_3D('',#1872,#1526,#1527);
#1406=AXIS2_PLACEMENT_3D('',#1883,#1533,#1534);
#1407=AXIS2_PLACEMENT_3D('',#1889,#1538,#1539);
#1408=AXIS2_PLACEMENT_3D('',#1899,#1545,#1546);
#1409=AXIS2_PLACEMENT_3D('',#1922,#1558,#1559);
#1410=AXIS2_PLACEMENT_3D('',#1923,#1560,#1561);
#1411=AXIS2_PLACEMENT_3D('',#1925,#1563,#1564);
#1412=AXIS2_PLACEMENT_3D('',#1928,#1567,#1568);
#1413=AXIS2_PLACEMENT_3D('',#1934,#1571,#1572);
#1414=AXIS2_PLACEMENT_3D('',#1935,#1573,#1574);
#1415=AXIS2_PLACEMENT_3D('',#1939,#1576,#1577);
#1416=AXIS2_PLACEMENT_3D('',#1943,#1579,#1580);
#1417=AXIS2_PLACEMENT_3D('',#1947,#1582,#1583);
#1418=AXIS2_PLACEMENT_3D('',#1951,#1585,#1586);
#1419=AXIS2_PLACEMENT_3D('',#1952,#1587,#1588);
#1420=AXIS2_PLACEMENT_3D('',#1960,#1589,#1590);
#1421=AXIS2_PLACEMENT_3D('',#1967,#1591,#1592);
#1422=AXIS2_PLACEMENT_3D('',#1974,#1593,#1594);
#1423=AXIS2_PLACEMENT_3D('',#2453,#1598,#1599);
#1424=AXIS2_PLACEMENT_3D('',#2454,#1600,#1601);
#1425=AXIS2_PLACEMENT_3D('',#2499,#1604,#1605);
#1426=AXIS2_PLACEMENT_3D('',#2542,#1606,#1607);
#1427=AXIS2_PLACEMENT_3D('',#2585,#1608,#1609);
#1428=AXIS2_PLACEMENT_3D('',#2631,#1610,#1611);
#1429=AXIS2_PLACEMENT_3D('',#2953,#1612,#1613);
#1430=AXIS2_PLACEMENT_3D('',#2996,#1614,#1615);
#1431=AXIS2_PLACEMENT_3D('',#2997,#1616,#1617);
#1432=AXIS2_PLACEMENT_3D('',#3040,#1618,#1619);
#1433=AXIS2_PLACEMENT_3D('',#3086,#1620,#1621);
#1434=AXIS2_PLACEMENT_3D('',#3087,#1622,#1623);
#1435=AXIS2_PLACEMENT_3D('',#3088,#1624,#1625);
#1436=AXIS2_PLACEMENT_3D('',#3090,#1627,#1628);
#1437=AXIS2_PLACEMENT_3D('',#3096,#1632,#1633);
#1438=AXIS2_PLACEMENT_3D('',#3102,#1637,#1638);
#1439=AXIS2_PLACEMENT_3D('',#3106,#1641,#1642);
#1440=AXIS2_PLACEMENT_3D('',#3114,#1646,#1647);
#1441=AXIS2_PLACEMENT_3D('',#3123,#1652,#1653);
#1442=AXIS2_PLACEMENT_3D('',#3125,#1654,#1655);
#1443=AXIS2_PLACEMENT_3D('',#3127,#1656,#1657);
#1444=AXIS2_PLACEMENT_3D('',#3129,#1658,#1659);
#1445=AXIS2_PLACEMENT_3D('',#3131,#1660,#1661);
#1446=AXIS2_PLACEMENT_3D('',#3141,#1667,#1668);
#1447=AXIS2_PLACEMENT_3D('',#3148,#1672,#1673);
#1448=AXIS2_PLACEMENT_3D('',#3149,#1674,#1675);
#1449=AXIS2_PLACEMENT_3D('',#3153,#1678,#1679);
#1450=AXIS2_PLACEMENT_3D('',#3154,#1680,#1681);
#1451=AXIS2_PLACEMENT_3D('',#3157,#1683,#1684);
#1452=AXIS2_PLACEMENT_3D('',#3158,#1685,#1686);
#1453=AXIS2_PLACEMENT_3D('',#3159,#1687,#1688);
#1454=AXIS2_PLACEMENT_3D('',#3160,#1689,#1690);
#1455=AXIS2_PLACEMENT_3D('',#3162,#1692,#1693);
#1456=AXIS2_PLACEMENT_3D('',#3167,#1697,#1698);
#1457=AXIS2_PLACEMENT_3D('',#3175,#1702,#1703);
#1458=AXIS2_PLACEMENT_3D('',#3176,#1704,#1705);
#1459=AXIS2_PLACEMENT_3D('',#3178,#1706,#1707);
#1460=AXIS2_PLACEMENT_3D('',#3180,#1708,#1709);
#1461=AXIS2_PLACEMENT_3D('',#3182,#1710,#1711);
#1462=AXIS2_PLACEMENT_3D('',#3184,#1712,#1713);
#1463=AXIS2_PLACEMENT_3D('',#3185,#1714,#1715);
#1464=AXIS2_PLACEMENT_3D('',#3187,#1716,#1717);
#1465=AXIS2_PLACEMENT_3D('',#3188,#1718,#1719);
#1466=AXIS2_PLACEMENT_3D('',#3190,#1720,#1721);
#1467=AXIS2_PLACEMENT_3D('',#3193,#1724,#1725);
#1468=AXIS2_PLACEMENT_3D('',#3194,#1726,#1727);
#1469=AXIS2_PLACEMENT_3D('',#3197,#1730,#1731);
#1470=AXIS2_PLACEMENT_3D('',#3199,#1733,#1734);
#1471=AXIS2_PLACEMENT_3D('',#3201,#1736,#1737);
#1472=AXIS2_PLACEMENT_3D('',#3202,#1738,#1739);
#1473=AXIS2_PLACEMENT_3D('',#3203,#1740,#1741);
#1474=AXIS2_PLACEMENT_3D('',#3204,#1742,#1743);
#1475=AXIS2_PLACEMENT_3D('',#3205,#1744,#1745);
#1476=AXIS2_PLACEMENT_3D('',#3207,#1746,#1747);
#1477=AXIS2_PLACEMENT_3D('',#3208,#1748,#1749);
#1478=AXIS2_PLACEMENT_3D('',#3209,#1750,#1751);
#1479=AXIS2_PLACEMENT_3D('',#3211,#1752,#1753);
#1480=AXIS2_PLACEMENT_3D('',#3212,#1754,#1755);
#1481=AXIS2_PLACEMENT_3D('',#3213,#1756,#1757);
#1482=AXIS2_PLACEMENT_3D('',#3216,#1760,#1761);
#1483=AXIS2_PLACEMENT_3D('',#3217,#1762,#1763);
#1484=AXIS2_PLACEMENT_3D('',#3218,#1764,#1765);
#1485=AXIS2_PLACEMENT_3D('',#3219,#1766,#1767);
#1486=AXIS2_PLACEMENT_3D('',#3221,#1768,#1769);
#1487=AXIS2_PLACEMENT_3D('',#3223,#1770,#1771);
#1488=AXIS2_PLACEMENT_3D('',#3225,#1772,#1773);
#1489=AXIS2_PLACEMENT_3D('',#3227,#1774,#1775);
#1490=AXIS2_PLACEMENT_3D('',#3242,#1783,#1784);
#1491=AXIS2_PLACEMENT_3D('',#3248,#1788,#1789);
#1492=AXIS2_PLACEMENT_3D('',#3252,#1792,#1793);
#1493=AXIS2_PLACEMENT_3D('',#3256,#1796,#1797);
#1494=AXIS2_PLACEMENT_3D('',#3260,#1800,#1801);
#1495=AXIS2_PLACEMENT_3D('',#3266,#1805,#1806);
#1496=AXIS2_PLACEMENT_3D('',#3270,#1809,#1810);
#1497=AXIS2_PLACEMENT_3D('',#3271,#1811,#1812);
#1498=AXIS2_PLACEMENT_3D('',#3273,#1813,#1814);
#1499=AXIS2_PLACEMENT_3D('',#3274,#1815,#1816);
#1500=AXIS2_PLACEMENT_3D('',#3276,#1817,#1818);
#1501=AXIS2_PLACEMENT_3D('',#3277,#1819,#1820);
#1502=AXIS2_PLACEMENT_3D('',#3279,#1821,#1822);
#1503=AXIS2_PLACEMENT_3D('',#3280,#1823,#1824);
#1504=AXIS2_PLACEMENT_3D('',#3282,#1825,#1826);
#1505=AXIS2_PLACEMENT_3D('',#3283,#1827,#1828);
#1506=AXIS2_PLACEMENT_3D('',#3285,#1829,#1830);
#1507=AXIS2_PLACEMENT_3D('',#3287,#1832,#1833);
#1508=AXIS2_PLACEMENT_3D('',#3288,#1834,#1835);
#1509=AXIS2_PLACEMENT_3D('',#3290,#1836,#1837);
#1510=AXIS2_PLACEMENT_3D('',#3292,#1838,#1839);
#1511=AXIS2_PLACEMENT_3D('',#3294,#1840,#1841);
#1512=AXIS2_PLACEMENT_3D('',#3301,#1845,#1846);
#1513=AXIS2_PLACEMENT_3D('',#3303,#1848,#1849);
#1514=AXIS2_PLACEMENT_3D('',#3305,#1851,#1852);
#1515=AXIS2_PLACEMENT_3D('',#3307,#1854,#1855);
#1516=AXIS2_PLACEMENT_3D('',#3309,#1857,#1858);
#1517=AXIS2_PLACEMENT_3D('',#3310,#1859,#1860);
#1518=AXIS2_PLACEMENT_3D('',#3311,#1861,#1862);
#1519=AXIS2_PLACEMENT_3D('',#3312,#1863,#1864);
#1520=AXIS2_PLACEMENT_3D('',#3313,#1865,#1866);
#1521=DIRECTION('',(0.,0.,1.));
#1522=DIRECTION('',(1.,0.,0.));
#1523=DIRECTION('',(0.,1.,0.));
#1524=DIRECTION('',(1.,0.,0.));
#1525=DIRECTION('',(1.,0.,0.));
#1526=DIRECTION('',(0.,1.,0.));
#1527=DIRECTION('',(1.,0.,0.));
#1528=DIRECTION('',(0.,0.,-1.));
#1529=DIRECTION('',(1.,0.,0.));
#1530=DIRECTION('',(0.,0.,-1.));
#1531=DIRECTION('',(1.,0.,0.));
#1532=DIRECTION('',(0.,0.,-1.));
#1533=DIRECTION('',(-1.,-2.08619288477375E-16,0.));
#1534=DIRECTION('',(-2.08619288477375E-16,1.,0.));
#1535=DIRECTION('',(-2.08619288477375E-16,1.,0.));
#1536=DIRECTION('',(0.,0.,-1.));
#1537=DIRECTION('',(-2.08619288477375E-16,1.,0.));
#1538=DIRECTION('',(0.,-1.,0.));
#1539=DIRECTION('',(-1.,0.,0.));
#1540=DIRECTION('',(-1.,0.,0.));
#1541=DIRECTION('',(0.,0.,-1.));
#1542=DIRECTION('',(-1.,0.,0.));
#1543=DIRECTION('',(0.,0.,1.));
#1544=DIRECTION('',(-1.,0.,0.));
#1545=DIRECTION('',(1.,2.08619288477375E-16,0.));
#1546=DIRECTION('',(2.08619288477375E-16,-1.,0.));
#1547=DIRECTION('',(0.,0.,1.));
#1548=DIRECTION('',(-2.08619288477375E-16,1.,-3.51550125965503E-18));
#1549=DIRECTION('',(0.,-1.,3.51550125965503E-18));
#1550=DIRECTION('',(-1.66800334228539E-16,3.51550125965503E-18,1.));
#1551=DIRECTION('',(0.,-1.,3.51550125965503E-18));
#1552=DIRECTION('',(-1.66800334228539E-16,3.51550125965503E-18,1.));
#1553=DIRECTION('',(-5.53156201234375E-35,1.,-3.51550125965503E-18));
#1554=DIRECTION('',(-1.57347746559662E-17,-3.51550125965503E-18,-1.));
#1555=DIRECTION('',(-5.53156201234375E-35,1.,-3.51550125965503E-18));
#1556=DIRECTION('',(0.,0.,-1.));
#1557=DIRECTION('',(2.08619288477375E-16,-1.,0.));
#1558=DIRECTION('',(0.707106781186548,0.707106781186547,0.));
#1559=DIRECTION('',(0.,0.,-1.));
#1560=DIRECTION('',(0.707106781186548,0.707106781186547,0.));
#1561=DIRECTION('',(0.707106781186547,-0.707106781186548,4.97166955994384E-18));
#1562=DIRECTION('',(0.707106781186547,-0.707106781186548,0.));
#1563=DIRECTION('',(0.707106781186548,-0.707106781186547,0.));
#1564=DIRECTION('',(0.,0.,-1.));
#1565=DIRECTION('',(0.707106781186547,0.707106781186548,0.));
#1566=DIRECTION('',(-0.707106781186547,-0.707106781186548,0.));
#1567=DIRECTION('',(0.,-1.,3.51550125965503E-18));
#1568=DIRECTION('',(1.,0.,0.));
#1569=DIRECTION('',(0.,-3.51550125965503E-18,-1.));
#1570=DIRECTION('',(1.,0.,0.));
#1571=DIRECTION('',(0.,-1.,3.51550125965503E-18));
#1572=DIRECTION('',(0.,-3.51550125965503E-18,-1.));
#1573=DIRECTION('',(-6.12323399573677E-17,-0.264070956011809,-0.964503255666361));
#1574=DIRECTION('',(-1.,1.61696825513821E-17,5.90587912409505E-17));
#1575=DIRECTION('',(1.,-1.86038649797469E-16,-1.25504354485986E-17));
#1576=DIRECTION('',(-6.12323399573677E-17,-0.264070956011809,-0.964503255666361));
#1577=DIRECTION('',(0.,0.964503255666361,-0.264070956011809));
#1578=DIRECTION('',(-2.16840434497101E-16,-0.964503255666361,0.264070956011809));
#1579=DIRECTION('',(-6.12323399573677E-17,-0.264070956011809,-0.964503255666361));
#1580=DIRECTION('',(0.,0.964503255666361,-0.264070956011809));
#1581=DIRECTION('',(1.,-1.61696825513821E-17,-5.90587912409505E-17));
#1582=DIRECTION('',(-6.12323399573677E-17,-0.264070956011809,-0.964503255666361));
#1583=DIRECTION('',(0.,0.964503255666361,-0.264070956011809));
#1584=DIRECTION('',(-4.33680868994202E-16,-0.964503255666361,0.264070956011809));
#1585=DIRECTION('',(-6.12323399573677E-17,-0.264070956011809,-0.964503255666361));
#1586=DIRECTION('',(0.,0.964503255666361,-0.264070956011809));
#1587=DIRECTION('',(-6.12323399573677E-17,-0.264070956011809,-0.964503255666361));
#1588=DIRECTION('',(0.,0.964503255666361,-0.264070956011809));
#1589=DIRECTION('',(-6.12323399573677E-17,-0.264070956011809,-0.964503255666361));
#1590=DIRECTION('',(0.,0.964503255666361,-0.264070956011809));
#1591=DIRECTION('',(-6.12323399573677E-17,-0.264070956011809,-0.964503255666361));
#1592=DIRECTION('',(0.,0.964503255666361,-0.264070956011809));
#1593=DIRECTION('',(-6.12323399573677E-17,-0.264070956011809,-0.964503255666361));
#1594=DIRECTION('',(0.,0.964503255666361,-0.264070956011809));
#1595=DIRECTION('',(1.,0.,0.));
#1596=DIRECTION('',(0.,3.51550125965503E-18,1.));
#1597=DIRECTION('',(1.,0.,0.));
#1598=DIRECTION('',(0.,-1.,3.51550125965503E-18));
#1599=DIRECTION('',(1.,0.,0.));
#1600=DIRECTION('',(0.,-1.,3.51550125965503E-18));
#1601=DIRECTION('',(0.,-3.51550125965503E-18,-1.));
#1602=DIRECTION('',(1.,0.,0.));
#1603=DIRECTION('',(0.,-3.51550125965503E-18,-1.));
#1604=DIRECTION('',(0.,-1.,3.51550125965503E-18));
#1605=DIRECTION('',(0.,-3.51550125965503E-18,-1.));
#1606=DIRECTION('',(0.,-1.,3.51550125965503E-18));
#1607=DIRECTION('',(0.,-3.51550125965503E-18,-1.));
#1608=DIRECTION('',(0.,-1.,3.51550125965503E-18));
#1609=DIRECTION('',(0.,-3.51550125965503E-18,-1.));
#1610=DIRECTION('',(0.,-1.,3.51550125965503E-18));
#1611=DIRECTION('',(0.,-3.51550125965503E-18,-1.));
#1612=DIRECTION('',(0.,-1.,3.51550125965503E-18));
#1613=DIRECTION('',(0.,-3.51550125965503E-18,-1.));
#1614=DIRECTION('',(0.,-1.,3.51550125965503E-18));
#1615=DIRECTION('',(0.,-3.51550125965503E-18,-1.));
#1616=DIRECTION('',(0.,-1.,3.51550125965503E-18));
#1617=DIRECTION('',(0.,-3.51550125965503E-18,-1.));
#1618=DIRECTION('',(0.,-1.,3.51550125965503E-18));
#1619=DIRECTION('',(0.,-3.51550125965503E-18,-1.));
#1620=DIRECTION('',(0.,-1.,3.51550125965503E-18));
#1621=DIRECTION('',(0.,-3.51550125965503E-18,-1.));
#1622=DIRECTION('',(0.,-1.,3.51550125965503E-18));
#1623=DIRECTION('',(0.,-3.51550125965503E-18,-1.));
#1624=DIRECTION('',(0.,-1.,3.51550125965503E-18));
#1625=DIRECTION('',(1.,0.,0.));
#1626=DIRECTION('',(1.,0.,0.));
#1627=DIRECTION('',(0.,-1.,3.51550125965503E-18));
#1628=DIRECTION('',(1.,0.,0.));
#1629=DIRECTION('',(0.,-3.51550125965503E-18,-1.));
#1630=DIRECTION('',(1.,0.,0.));
#1631=DIRECTION('',(0.,-3.51550125965503E-18,-1.));
#1632=DIRECTION('',(0.,-3.51550125965503E-18,-1.));
#1633=DIRECTION('',(0.,1.,-3.51550125965503E-18));
#1634=DIRECTION('',(0.,-1.,3.51550125965503E-18));
#1635=DIRECTION('',(1.,0.,0.));
#1636=DIRECTION('',(0.,-1.,3.51550125965503E-18));
#1637=DIRECTION('',(0.,-3.51550125965503E-18,-1.));
#1638=DIRECTION('',(0.,1.,-3.51550125965503E-18));
#1639=DIRECTION('',(0.,-1.,3.51550125965503E-18));
#1640=DIRECTION('',(-2.08619288477375E-16,1.,-3.51550125965503E-18));
#1641=DIRECTION('',(-1.57347746559662E-17,-3.51550125965503E-18,-1.));
#1642=DIRECTION('',(1.,0.,-1.57347746559662E-17));
#1643=DIRECTION('',(0.749177658965055,-0.662369108056558,-9.45958220737006E-18));
#1644=DIRECTION('',(-0.742027045136601,0.670369945840239,9.31894195482068E-18));
#1645=DIRECTION('',(0.747998554759943,-0.663700355640282,-9.43634926584924E-18));
#1646=DIRECTION('',(-1.57347746559662E-17,-3.51550125965503E-18,-1.));
#1647=DIRECTION('',(1.,0.,-1.57347746559662E-17));
#1648=DIRECTION('',(1.,-5.53156201234375E-35,-1.57347746559662E-17));
#1649=DIRECTION('',(2.92570449145137E-16,-1.,3.51550125965503E-18));
#1650=DIRECTION('',(-1.,-2.92570449145137E-16,1.57347746559662E-17));
#1651=DIRECTION('',(0.,-1.,3.51550125965503E-18));
#1652=DIRECTION('',(1.57347746559662E-17,3.51550125965503E-18,1.));
#1653=DIRECTION('',(1.,0.,-1.57347746559662E-17));
#1654=DIRECTION('',(1.57347746559662E-17,3.51550125965503E-18,1.));
#1655=DIRECTION('',(1.,0.,-1.57347746559662E-17));
#1656=DIRECTION('',(1.57347746559662E-17,3.51550125965503E-18,1.));
#1657=DIRECTION('',(1.,0.,-1.57347746559662E-17));
#1658=DIRECTION('',(1.57347746559662E-17,3.51550125965503E-18,1.));
#1659=DIRECTION('',(1.,0.,-1.57347746559662E-17));
#1660=DIRECTION('',(1.,0.,0.));
#1661=DIRECTION('',(0.,-1.,0.));
#1662=DIRECTION('',(-1.57347746559662E-17,-3.51550125965503E-18,-1.));
#1663=DIRECTION('',(2.92570449145137E-16,-1.,3.51550125965503E-18));
#1664=DIRECTION('',(0.,3.51550125965503E-18,1.));
#1665=DIRECTION('',(0.,-1.,3.51550125965503E-18));
#1666=DIRECTION('',(0.,-1.,3.51550125965503E-18));
#1667=DIRECTION('',(0.,-1.,3.51550125965503E-18));
#1668=DIRECTION('',(1.,0.,0.));
#1669=DIRECTION('',(1.,0.,0.));
#1670=DIRECTION('',(0.,-3.51550125965503E-18,-1.));
#1671=DIRECTION('',(-1.,-2.92570449145137E-16,1.57347746559662E-17));
#1672=DIRECTION('',(0.,-1.,3.51550125965503E-18));
#1673=DIRECTION('',(0.,-3.51550125965503E-18,-1.));
#1674=DIRECTION('',(0.,-1.,3.51550125965503E-18));
#1675=DIRECTION('',(0.,-3.51550125965503E-18,-1.));
#1676=DIRECTION('',(-1.,-2.92570449145137E-16,1.57347746559662E-17));
#1677=DIRECTION('',(0.,-3.51550125965503E-18,-1.));
#1678=DIRECTION('',(0.,-1.,3.51550125965503E-18));
#1679=DIRECTION('',(0.,-3.51550125965503E-18,-1.));
#1680=DIRECTION('',(0.,-1.,3.51550125965503E-18));
#1681=DIRECTION('',(0.,-3.51550125965503E-18,-1.));
#1682=DIRECTION('',(0.,-1.,3.51550125965503E-18));
#1683=DIRECTION('',(0.,1.,-3.51550125965503E-18));
#1684=DIRECTION('',(0.,3.51550125965503E-18,1.));
#1685=DIRECTION('',(0.,1.,-3.51550125965503E-18));
#1686=DIRECTION('',(0.,3.51550125965503E-18,1.));
#1687=DIRECTION('',(0.,-1.,3.51550125965503E-18));
#1688=DIRECTION('',(0.,-3.51550125965503E-18,-1.));
#1689=DIRECTION('',(2.92570449145137E-16,-1.,3.51550125965503E-18));
#1690=DIRECTION('',(1.,2.92570449145137E-16,-1.02853178250757E-33));
#1691=DIRECTION('',(-1.57347746559662E-17,-3.51550125965503E-18,-1.));
#1692=DIRECTION('',(1.57347746559662E-17,3.51550125965503E-18,1.));
#1693=DIRECTION('',(1.,-5.53156201234375E-35,-1.57347746559662E-17));
#1694=DIRECTION('',(0.,-1.,3.51550125965503E-18));
#1695=DIRECTION('',(0.,-1.,3.51550125965503E-18));
#1696=DIRECTION('',(1.,-5.53156201234375E-35,-1.57347746559662E-17));
#1697=DIRECTION('',(-1.57347746559662E-17,-3.51550125965503E-18,-1.));
#1698=DIRECTION('',(1.,0.,-1.57347746559662E-17));
#1699=DIRECTION('',(0.747998554759943,-0.663700355640282,-9.43634926584924E-18));
#1700=DIRECTION('',(-0.742027045136601,0.670369945840239,9.31894195482068E-18));
#1701=DIRECTION('',(0.749177658965055,-0.662369108056558,-9.45958220737006E-18));
#1702=DIRECTION('',(-1.57347746559662E-17,-3.51550125965503E-18,-1.));
#1703=DIRECTION('',(1.,0.,-1.57347746559662E-17));
#1704=DIRECTION('',(1.57347746559662E-17,3.51550125965503E-18,1.));
#1705=DIRECTION('',(1.,0.,-1.57347746559662E-17));
#1706=DIRECTION('',(1.57347746559662E-17,3.51550125965503E-18,1.));
#1707=DIRECTION('',(1.,0.,-1.57347746559662E-17));
#1708=DIRECTION('',(1.57347746559662E-17,3.51550125965503E-18,1.));
#1709=DIRECTION('',(1.,0.,-1.57347746559662E-17));
#1710=DIRECTION('',(1.57347746559662E-17,3.51550125965503E-18,1.));
#1711=DIRECTION('',(1.,0.,-1.57347746559662E-17));
#1712=DIRECTION('',(-1.57347746559662E-17,-3.51550125965503E-18,-1.));
#1713=DIRECTION('',(-1.,0.,1.57347746559662E-17));
#1714=DIRECTION('',(1.57347746559662E-17,3.51550125965503E-18,1.));
#1715=DIRECTION('',(1.,0.,-1.57347746559662E-17));
#1716=DIRECTION('',(-1.57347746559662E-17,-3.51550125965503E-18,-1.));
#1717=DIRECTION('',(-1.,0.,1.57347746559662E-17));
#1718=DIRECTION('',(1.57347746559662E-17,3.51550125965503E-18,1.));
#1719=DIRECTION('',(1.,0.,-1.57347746559662E-17));
#1720=DIRECTION('',(0.662369108056558,0.749177658965055,-1.30559636581404E-17));
#1721=DIRECTION('',(0.749177658965055,-0.662369108056558,0.));
#1722=DIRECTION('',(-1.57347746559662E-17,-3.51550125965503E-18,-1.));
#1723=DIRECTION('',(-1.57347746559662E-17,-3.51550125965503E-18,-1.));
#1724=DIRECTION('',(-1.57347746559662E-17,-3.51550125965503E-18,-1.));
#1725=DIRECTION('',(-1.,0.,1.57347746559662E-17));
#1726=DIRECTION('',(1.04404871487976E-50,1.,-3.51550125965503E-18));
#1727=DIRECTION('',(0.,3.51550125965503E-18,1.));
#1728=DIRECTION('',(-1.57347746559662E-17,-3.51550125965503E-18,-1.));
#1729=DIRECTION('',(-1.57347746559662E-17,-3.51550125965503E-18,-1.));
#1730=DIRECTION('',(-1.57347746559662E-17,-3.51550125965503E-18,-1.));
#1731=DIRECTION('',(-1.,0.,1.57347746559662E-17));
#1732=DIRECTION('',(-1.57347746559662E-17,-3.51550125965503E-18,-1.));
#1733=DIRECTION('',(0.663700355640282,0.747998554759943,-1.30727653965632E-17));
#1734=DIRECTION('',(0.747998554759943,-0.663700355640282,0.));
#1735=DIRECTION('',(-1.57347746559662E-17,-3.51550125965503E-18,-1.));
#1736=DIRECTION('',(-0.670369945840239,-0.742027045136601,1.31567170458043E-17));
#1737=DIRECTION('',(-0.742027045136601,0.670369945840239,0.));
#1738=DIRECTION('',(-1.57347746559662E-17,-3.51550125965503E-18,-1.));
#1739=DIRECTION('',(-1.,0.,1.57347746559662E-17));
#1740=DIRECTION('',(-1.57347746559662E-17,-3.51550125965503E-18,-1.));
#1741=DIRECTION('',(-1.,0.,1.57347746559662E-17));
#1742=DIRECTION('',(1.57347746559662E-17,3.51550125965503E-18,1.));
#1743=DIRECTION('',(1.,0.,-1.57347746559662E-17));
#1744=DIRECTION('',(1.57347746559662E-17,3.51550125965503E-18,1.));
#1745=DIRECTION('',(1.,0.,-1.57347746559662E-17));
#1746=DIRECTION('',(1.57347746559662E-17,3.51550125965503E-18,1.));
#1747=DIRECTION('',(1.,-5.53156201234375E-35,-1.57347746559662E-17));
#1748=DIRECTION('',(1.57347746559662E-17,3.51550125965503E-18,1.));
#1749=DIRECTION('',(1.,0.,-1.57347746559662E-17));
#1750=DIRECTION('',(1.57347746559662E-17,3.51550125965503E-18,1.));
#1751=DIRECTION('',(1.,0.,-1.57347746559662E-17));
#1752=DIRECTION('',(1.57347746559662E-17,3.51550125965503E-18,1.));
#1753=DIRECTION('',(1.,-5.53156201234375E-35,-1.57347746559662E-17));
#1754=DIRECTION('',(-1.,-2.92570449145137E-16,1.57347746559662E-17));
#1755=DIRECTION('',(-2.92570449145137E-16,1.,0.));
#1756=DIRECTION('',(0.,-3.51550125965503E-18,-1.));
#1757=DIRECTION('',(0.,1.,-3.51550125965503E-18));
#1758=DIRECTION('',(0.,-1.,3.51550125965503E-18));
#1759=DIRECTION('',(0.,-1.,3.51550125965503E-18));
#1760=DIRECTION('',(-1.,0.,0.));
#1761=DIRECTION('',(0.,1.,0.));
#1762=DIRECTION('',(-1.,0.,0.));
#1763=DIRECTION('',(0.,1.,0.));
#1764=DIRECTION('',(0.,0.,1.));
#1765=DIRECTION('',(1.,0.,0.));
#1766=DIRECTION('',(0.,0.,1.));
#1767=DIRECTION('',(0.,-1.,0.));
#1768=DIRECTION('',(0.,0.,1.));
#1769=DIRECTION('',(0.,-1.,0.));
#1770=DIRECTION('',(0.,0.,1.));
#1771=DIRECTION('',(0.,-1.,0.));
#1772=DIRECTION('',(0.,0.,1.));
#1773=DIRECTION('',(0.,-1.,0.));
#1774=DIRECTION('',(0.,0.,1.));
#1775=DIRECTION('',(0.,-1.,0.));
#1776=DIRECTION('',(0.706150524665866,-0.708061746258137,0.));
#1777=DIRECTION('',(1.,0.,0.));
#1778=DIRECTION('',(0.707106781186548,0.707106781186548,0.));
#1779=DIRECTION('',(-0.00300738787242728,0.999995477798867,0.));
#1780=DIRECTION('',(-0.707106781186548,0.707106781186547,0.));
#1781=DIRECTION('',(-1.,0.,0.));
#1782=DIRECTION('',(-0.716535296397431,-0.697550836152209,0.));
#1783=DIRECTION('',(-0.999995477798867,-0.00300738787242728,0.));
#1784=DIRECTION('',(-0.00300738787242728,0.999995477798867,0.));
#1785=DIRECTION('',(-0.00300738787242728,0.999995477798867,0.));
#1786=DIRECTION('',(0.,0.,-1.));
#1787=DIRECTION('',(0.,0.,-1.));
#1788=DIRECTION('',(-0.707106781186547,-0.707106781186548,0.));
#1789=DIRECTION('',(-0.707106781186548,0.707106781186547,0.));
#1790=DIRECTION('',(-0.707106781186548,0.707106781186547,0.));
#1791=DIRECTION('',(0.,0.,-1.));
#1792=DIRECTION('',(0.,-1.,0.));
#1793=DIRECTION('',(-1.,0.,0.));
#1794=DIRECTION('',(-1.,0.,0.));
#1795=DIRECTION('',(0.,0.,-1.));
#1796=DIRECTION('',(0.697550836152209,-0.716535296397431,0.));
#1797=DIRECTION('',(-0.716535296397431,-0.697550836152209,0.));
#1798=DIRECTION('',(-0.716535296397431,-0.697550836152209,0.));
#1799=DIRECTION('',(-0.587683989513075,-0.572113419030701,-0.572113419030701));
#1800=DIRECTION('',(0.708061746258137,0.706150524665866,0.));
#1801=DIRECTION('',(0.706150524665866,-0.708061746258137,0.));
#1802=DIRECTION('',(0.706150524665866,-0.708061746258137,0.));
#1803=DIRECTION('',(0.,0.,-1.));
#1804=DIRECTION('',(0.576309932030768,-0.577869735426027,0.577869735426026));
#1805=DIRECTION('',(0.,1.,0.));
#1806=DIRECTION('',(1.,0.,0.));
#1807=DIRECTION('',(1.,0.,0.));
#1808=DIRECTION('',(0.,0.,-1.));
#1809=DIRECTION('',(0.,0.,-1.));
#1810=DIRECTION('',(0.,1.,0.));
#1811=DIRECTION('',(0.,0.,1.));
#1812=DIRECTION('',(0.,-1.,0.));
#1813=DIRECTION('',(0.,0.,-1.));
#1814=DIRECTION('',(0.,1.,0.));
#1815=DIRECTION('',(0.,0.,1.));
#1816=DIRECTION('',(0.,-1.,0.));
#1817=DIRECTION('',(0.,0.,-1.));
#1818=DIRECTION('',(0.,1.,0.));
#1819=DIRECTION('',(0.,0.,1.));
#1820=DIRECTION('',(0.,-1.,0.));
#1821=DIRECTION('',(0.,0.,-1.));
#1822=DIRECTION('',(0.,1.,0.));
#1823=DIRECTION('',(0.,0.,1.));
#1824=DIRECTION('',(0.,-1.,0.));
#1825=DIRECTION('',(0.,0.,-1.));
#1826=DIRECTION('',(0.,1.,0.));
#1827=DIRECTION('',(0.,0.,1.));
#1828=DIRECTION('',(0.,-1.,0.));
#1829=DIRECTION('',(-0.707106781186548,0.707106781186548,0.));
#1830=DIRECTION('',(0.707106781186548,0.707106781186548,0.));
#1831=DIRECTION('',(0.707106781186548,0.707106781186548,0.));
#1832=DIRECTION('',(0.,0.,1.));
#1833=DIRECTION('',(1.,0.,0.));
#1834=DIRECTION('',(0.,0.,1.));
#1835=DIRECTION('',(0.,-1.,0.));
#1836=DIRECTION('',(0.,0.,1.));
#1837=DIRECTION('',(0.,-1.,0.));
#1838=DIRECTION('',(0.,0.,1.));
#1839=DIRECTION('',(0.,-1.,0.));
#1840=DIRECTION('',(0.,0.,1.));
#1841=DIRECTION('',(0.,-1.,0.));
#1842=DIRECTION('',(-1.,0.,0.));
#1843=DIRECTION('',(-2.08619288477375E-16,1.,0.));
#1844=DIRECTION('',(1.,0.,0.));
#1845=DIRECTION('',(0.,-0.707106781186547,0.707106781186548));
#1846=DIRECTION('',(-1.,0.,0.));
#1847=DIRECTION('',(-1.22217017053369E-15,0.707106781186548,0.707106781186547));
#1848=DIRECTION('',(-0.577350269189626,0.577350269189625,-0.577350269189626));
#1849=DIRECTION('',(-0.707106781186548,0.,0.707106781186547));
#1850=DIRECTION('',(0.707106781186548,-2.77555756156289E-17,-0.707106781186547));
#1851=DIRECTION('',(0.707106781186547,1.47516113568665E-16,0.707106781186548));
#1852=DIRECTION('',(2.08619288477375E-16,-1.,0.));
#1853=DIRECTION('',(-0.707106781186548,-2.7755575615629E-17,0.707106781186547));
#1854=DIRECTION('',(-0.577350269189626,-0.577350269189625,-0.577350269189626));
#1855=DIRECTION('',(-0.707106781186548,0.,0.707106781186547));
#1856=DIRECTION('',(1.22217017053369E-15,0.707106781186548,-0.707106781186547));
#1857=DIRECTION('',(0.,0.707106781186547,0.707106781186548));
#1858=DIRECTION('',(1.,0.,0.));
#1859=DIRECTION('',(0.,0.,-1.));
#1860=DIRECTION('',(0.,1.,0.));
#1861=DIRECTION('',(0.,0.,-1.));
#1862=DIRECTION('',(0.,1.,0.));
#1863=DIRECTION('',(0.,0.,-1.));
#1864=DIRECTION('',(0.,1.,0.));
#1865=DIRECTION('',(0.,0.,-1.));
#1866=DIRECTION('',(0.,1.,0.));
#1867=CARTESIAN_POINT('',(0.,0.,0.));
#1868=CARTESIAN_POINT('',(-0.0175340813001813,0.397056758128297,0.0368));
#1869=CARTESIAN_POINT('',(-0.0175340813001813,0.397056758128297,0.0368));
#1870=CARTESIAN_POINT('',(-0.0178181626003626,0.397056758128297,0.0368));
#1871=CARTESIAN_POINT('',(-0.0173181626003626,0.397056758128297,0.0368));
#1872=CARTESIAN_POINT('',(-0.0178181626003626,0.397056758128297,0.0398));
#1873=CARTESIAN_POINT('',(-0.0188181626003626,0.397056758128297,0.0369715728752537));
#1874=CARTESIAN_POINT('',(-0.0188181626003626,0.397056758128297,0.0368));
#1875=CARTESIAN_POINT('',(-0.0188181626003626,0.397056758128297,0.0132));
#1876=CARTESIAN_POINT('',(-0.0175340813001813,0.397056758128297,0.0132));
#1877=CARTESIAN_POINT('',(-0.01425,0.397056758128297,0.0132));
#1878=CARTESIAN_POINT('',(-0.01425,0.397056758128297,0.0136));
#1879=CARTESIAN_POINT('',(-0.01425,0.397056758128297,0.0136));
#1880=CARTESIAN_POINT('',(-0.0175340813001813,0.397056758128297,0.0136));
#1881=CARTESIAN_POINT('',(-0.0173181626003626,0.397056758128297,0.0136));
#1882=CARTESIAN_POINT('',(-0.0173181626003626,0.397056758128297,0.0368));
#1883=CARTESIAN_POINT('',(-0.0173181626003626,0.41368727670247,0.0368));
#1884=CARTESIAN_POINT('',(-0.0173181626003626,0.41368727670247,0.0136));
#1885=CARTESIAN_POINT('',(-0.0173181626003626,0.430317795276642,0.0136));
#1886=CARTESIAN_POINT('',(-0.0173181626003626,0.430317795276642,0.0368));
#1887=CARTESIAN_POINT('',(-0.0173181626003626,0.430317795276642,0.0368));
#1888=CARTESIAN_POINT('',(-0.0173181626003626,0.41368727670247,0.0368));
#1889=CARTESIAN_POINT('',(-0.0175340813001813,0.430317795276642,0.0368));
#1890=CARTESIAN_POINT('',(-0.0175340813001813,0.430317795276642,0.0136));
#1891=CARTESIAN_POINT('',(-0.01425,0.430317795276642,0.0136));
#1892=CARTESIAN_POINT('',(-0.01425,0.430317795276642,0.0136));
#1893=CARTESIAN_POINT('',(-0.01425,0.430317795276642,0.0132));
#1894=CARTESIAN_POINT('',(-0.0175340813001813,0.430317795276642,0.0132));
#1895=CARTESIAN_POINT('',(-0.0188181626003626,0.430317795276642,0.0132));
#1896=CARTESIAN_POINT('',(-0.0188181626003626,0.430317795276642,0.0368));
#1897=CARTESIAN_POINT('',(-0.0188181626003626,0.430317795276642,0.0368));
#1898=CARTESIAN_POINT('',(-0.0175340813001813,0.430317795276642,0.0368));
#1899=CARTESIAN_POINT('',(-0.0208181626003626,0.41368727670247,0.0368));
#1900=CARTESIAN_POINT('',(-0.0208181626003626,0.399056758128297,0.0368));
#1901=CARTESIAN_POINT('',(-0.0208181626003626,0.399056758128297,0.0132));
#1902=CARTESIAN_POINT('',(-0.0208181626003626,0.399056758128297,0.0398));
#1903=CARTESIAN_POINT('',(-0.0208181626003626,0.391739242140454,0.0398));
#1904=CARTESIAN_POINT('',(-0.0208181626003626,0.391739242140454,0.0398));
#1905=CARTESIAN_POINT('',(-0.0208181626003626,0.389239242140454,0.0398));
#1906=CARTESIAN_POINT('',(-0.0208181626003626,0.389239242140454,0.0398));
#1907=CARTESIAN_POINT('',(-0.0208181626003626,0.389239242140454,0.0472));
#1908=CARTESIAN_POINT('',(-0.0208181626003626,0.389239242140454,0.0546));
#1909=CARTESIAN_POINT('',(-0.0208181626003626,0.391739242140454,0.0546));
#1910=CARTESIAN_POINT('',(-0.0208181626003626,0.391739242140454,0.0546));
#1911=CARTESIAN_POINT('',(-0.0208181626003626,0.391739242140454,0.0472));
#1912=CARTESIAN_POINT('',(-0.0208181626003626,0.391739242140454,0.0408));
#1913=CARTESIAN_POINT('',(-0.0208181626003626,0.411939242140454,0.0408));
#1914=CARTESIAN_POINT('',(-0.0208181626003626,0.434639242140454,0.0408));
#1915=CARTESIAN_POINT('',(-0.0208181626003626,0.434639242140454,0.0408));
#1916=CARTESIAN_POINT('',(-0.0208181626003626,0.434639242140454,0.0368));
#1917=CARTESIAN_POINT('',(-0.0208181626003626,0.411939242140454,0.0368));
#1918=CARTESIAN_POINT('',(-0.0208181626003626,0.428317795276642,0.0368));
#1919=CARTESIAN_POINT('',(-0.0208181626003626,0.428317795276642,0.0368));
#1920=CARTESIAN_POINT('',(-0.0208181626003626,0.428317795276642,0.0132));
#1921=CARTESIAN_POINT('',(-0.0208181626003626,0.41368727670247,0.0132));
#1922=CARTESIAN_POINT('',(-0.0188181626003626,0.397056758128297,0.0368));
#1923=CARTESIAN_POINT('',(-0.0178181626003626,0.396056758128297,0.0398));
#1924=CARTESIAN_POINT('',(-0.0198181626003626,0.398056758128297,0.0132));
#1925=CARTESIAN_POINT('',(-0.0208181626003626,0.428317795276642,0.0368));
#1926=CARTESIAN_POINT('',(-0.0161350195885929,0.433000938288412,0.0368));
#1927=CARTESIAN_POINT('',(-0.0198181626003626,0.429317795276642,0.0132));
#1928=CARTESIAN_POINT('',(-0.00895966164070994,0.389239242140454,0.0472));
#1929=CARTESIAN_POINT('',(-0.019,0.389239242140454,0.0483));
#1930=CARTESIAN_POINT('',(-0.019,0.389239242140454,0.0558));
#1931=CARTESIAN_POINT('',(-0.019,0.389239242140454,0.0555237209323266));
#1932=CARTESIAN_POINT('',(-0.009,0.389239242140454,0.0558));
#1933=CARTESIAN_POINT('',(-0.0187181626003626,0.389239242140454,0.0558));
#1934=CARTESIAN_POINT('',(-0.0178181626003626,0.389239242140454,0.0546));
#1935=CARTESIAN_POINT('',(-2.66392215591922E-18,0.33582254942557,0.0195210099879823));
#1936=CARTESIAN_POINT('',(1.19498824814668E-34,0.339680562448235,0.0184647261639351));
#1937=CARTESIAN_POINT('',(0.0065,0.339680562448235,0.0184647261639351));
#1938=CARTESIAN_POINT('',(-0.0065,0.339680562448235,0.0184647261639351));
#1939=CARTESIAN_POINT('',(0.0065,0.336787052681236,0.0192569390319705));
#1940=CARTESIAN_POINT('',(0.0095,0.336787052681236,0.0192569390319705));
#1941=CARTESIAN_POINT('',(0.0095,0.33582254942557,0.0195210099879823));
#1942=CARTESIAN_POINT('',(0.0095,0.334858046169903,0.0197850809439941));
#1943=CARTESIAN_POINT('',(0.0065,0.334858046169903,0.0197850809439941));
#1944=CARTESIAN_POINT('',(0.0065,0.331964536402904,0.0205772938120295));
#1945=CARTESIAN_POINT('',(-1.7347234759768E-18,0.331964536402904,0.0205772938120295));
#1946=CARTESIAN_POINT('',(-0.0065,0.331964536402904,0.0205772938120295));
#1947=CARTESIAN_POINT('',(-0.0065,0.334858046169903,0.0197850809439941));
#1948=CARTESIAN_POINT('',(-0.0095,0.334858046169903,0.0197850809439941));
#1949=CARTESIAN_POINT('',(-0.0095,0.33582254942557,0.0195210099879823));
#1950=CARTESIAN_POINT('',(-0.0095,0.336787052681236,0.0192569390319705));
#1951=CARTESIAN_POINT('',(-0.0065,0.336787052681236,0.0192569390319705));
#1952=CARTESIAN_POINT('',(0.0065,0.336787052681236,0.0192569390319705));
#1953=CARTESIAN_POINT('',(0.0065,0.338233807564735,0.0188608325979528));
#1954=CARTESIAN_POINT('',(0.008,0.336787052681236,0.0192569390319705));
#1955=CARTESIAN_POINT('',(0.0065,0.338233807564736,0.0188608325979528));
#1956=CARTESIAN_POINT('',(0.00216666666666667,0.338233807564736,0.0188608325979528));
#1957=CARTESIAN_POINT('',(-0.00216666666666667,0.338233807564736,0.0188608325979528));
#1958=CARTESIAN_POINT('',(-0.0065,0.338233807564736,0.0188608325979528));
#1959=CARTESIAN_POINT('',(-0.0065,0.338233807564735,0.0188608325979528));
#1960=CARTESIAN_POINT('',(-0.0065,0.336787052681236,0.0192569390319705));
#1961=CARTESIAN_POINT('',(-0.008,0.336787052681236,0.0192569390319705));
#1962=CARTESIAN_POINT('',(-0.008,0.336787052681236,0.0192569390319705));
#1963=CARTESIAN_POINT('',(-0.008,0.336144050510792,0.0194329863359783));
#1964=CARTESIAN_POINT('',(-0.008,0.335501048340347,0.0196090336399862));
#1965=CARTESIAN_POINT('',(-0.008,0.334858046169903,0.0197850809439941));
#1966=CARTESIAN_POINT('',(-0.008,0.334858046169903,0.0197850809439941));
#1967=CARTESIAN_POINT('',(-0.0065,0.334858046169903,0.0197850809439941));
#1968=CARTESIAN_POINT('',(-0.0065,0.333411291286404,0.0201811873780118));
#1969=CARTESIAN_POINT('',(-0.0065,0.333411291286404,0.0201811873780118));
#1970=CARTESIAN_POINT('',(-0.00216666666666667,0.333411291286404,0.0201811873780118));
#1971=CARTESIAN_POINT('',(0.00216666666666667,0.333411291286404,0.0201811873780118));
#1972=CARTESIAN_POINT('',(0.0065,0.333411291286404,0.0201811873780118));
#1973=CARTESIAN_POINT('',(0.0065,0.333411291286404,0.0201811873780118));
#1974=CARTESIAN_POINT('',(0.0065,0.334858046169903,0.0197850809439941));
#1975=CARTESIAN_POINT('',(0.008,0.334858046169903,0.0197850809439941));
#1976=CARTESIAN_POINT('',(0.008,0.334858046169903,0.0197850809439941));
#1977=CARTESIAN_POINT('',(0.008,0.335501048340347,0.0196090336399862));
#1978=CARTESIAN_POINT('',(0.008,0.336144050510792,0.0194329863359783));
#1979=CARTESIAN_POINT('',(0.008,0.336787052681236,0.0192569390319705));
#1980=CARTESIAN_POINT('',(0.00861818489698163,0.339680562448235,0.0184647261639351));
#1981=CARTESIAN_POINT('',(0.00861818489698164,0.342587110800401,0.0290807188908687));
#1982=CARTESIAN_POINT('',(0.00179810192469224,0.355953520715831,0.0368));
#1983=CARTESIAN_POINT('',(0.00179810192469224,0.389239242140454,0.0368));
#1984=CARTESIAN_POINT('',(0.00812045659798776,0.339680562448235,0.0184647261639351));
#1985=CARTESIAN_POINT('',(0.00812045659798776,0.342587163456676,0.0290809112147423));
#1986=CARTESIAN_POINT('',(0.00117680597613801,0.355953133242905,0.0368));
#1987=CARTESIAN_POINT('',(0.00117680597613801,0.389239242140454,0.0368));
#1988=CARTESIAN_POINT('',(0.00762272829899388,0.339680562448235,0.0184647261639351));
#1989=CARTESIAN_POINT('',(0.00762272829899388,0.342587257122848,0.02908125332479));
#1990=CARTESIAN_POINT('',(0.00055551002758378,0.355952440702718,0.0368));
#1991=CARTESIAN_POINT('',(0.00055551002758378,0.389239242140454,0.0368));
#1992=CARTESIAN_POINT('',(0.00633333333333333,0.339680562448235,0.0184647261639351));
#1993=CARTESIAN_POINT('',(0.00633333333333333,0.342587577098756,0.0290824220175142));
#1994=CARTESIAN_POINT('',(-0.00105399433427484,0.355950045875477,0.0368));
#1995=CARTESIAN_POINT('',(-0.00105399433427484,0.389239242140454,0.0368));
#1996=CARTESIAN_POINT('',(0.00554166666666667,0.339680562448235,0.0184647261639351));
#1997=CARTESIAN_POINT('',(0.00554166666666667,0.342587851068061,0.0290834226738949));
#1998=CARTESIAN_POINT('',(-0.00204220274757922,0.355947983093094,0.0368));
#1999=CARTESIAN_POINT('',(-0.00204220274757922,0.389239242140454,0.0368));
#2000=CARTESIAN_POINT('',(0.00395833333333334,0.339680562448235,0.0184647261639351));
#2001=CARTESIAN_POINT('',(0.00395833333333334,0.34258849351664,0.0290857691786197));
#2002=CARTESIAN_POINT('',(-0.004018619574188,0.355943089167783,0.0368));
#2003=CARTESIAN_POINT('',(-0.004018619574188,0.389239242140454,0.0368));
#2004=CARTESIAN_POINT('',(0.00316666666666666,0.339680562448235,0.0184647261639351));
#2005=CARTESIAN_POINT('',(0.00316666666666666,0.342588866234415,0.0290871305078361));
#2006=CARTESIAN_POINT('',(-0.00500682798749239,0.355940251936665,0.0368));
#2007=CARTESIAN_POINT('',(-0.00500682798749239,0.389239242140454,0.0368));
#2008=CARTESIAN_POINT('',(0.00158333333333334,0.339680562448235,0.0184647261639351));
#2009=CARTESIAN_POINT('',(0.00158333333333334,0.342589667762538,0.0290900580410098));
#2010=CARTESIAN_POINT('',(-0.00698324481410116,0.355934156546381,0.0368));
#2011=CARTESIAN_POINT('',(-0.00698324481410116,0.389239242140454,0.0368));
#2012=CARTESIAN_POINT('',(0.000791666666666667,0.339680562448235,0.0184647261639351));
#2013=CARTESIAN_POINT('',(0.000791666666666668,0.342590096572886,0.0290916242449672));
#2014=CARTESIAN_POINT('',(-0.00797145322740555,0.355930895346779,0.0368));
#2015=CARTESIAN_POINT('',(-0.00797145322740555,0.389239242140454,0.0368));
#2016=CARTESIAN_POINT('',(-0.000791666666666667,0.339680562448235,0.0184647261639351));
#2017=CARTESIAN_POINT('',(-0.000791666666666666,0.342590963391755,0.0290947902486559));
#2018=CARTESIAN_POINT('',(-0.00994787005401433,0.35592433031993,0.0368));
#2019=CARTESIAN_POINT('',(-0.00994787005401433,0.389239242140454,0.0368));
#2020=CARTESIAN_POINT('',(-0.00158333333333334,0.339680562448235,0.0184647261639351));
#2021=CARTESIAN_POINT('',(-0.00158333333333334,0.342591401394084,0.0290963900257714));
#2022=CARTESIAN_POINT('',(-0.0109360784673187,0.355921026497175,0.0368));
#2023=CARTESIAN_POINT('',(-0.0109360784673187,0.389239242140454,0.0368));
#2024=CARTESIAN_POINT('',(-0.00316666666666666,0.339680562448235,0.0184647261639351));
#2025=CARTESIAN_POINT('',(-0.00316666666666666,0.342592225131045,0.0290993986753912));
#2026=CARTESIAN_POINT('',(-0.0129124952939275,0.355914812516201,0.0368));
#2027=CARTESIAN_POINT('',(-0.0129124952939275,0.389239242140454,0.0368));
#2028=CARTESIAN_POINT('',(-0.00395833333333334,0.339680562448235,0.0184647261639351));
#2029=CARTESIAN_POINT('',(-0.00395833333333334,0.342592610865678,0.0291008075478958));
#2030=CARTESIAN_POINT('',(-0.0139007037072319,0.355911905398772,0.0368));
#2031=CARTESIAN_POINT('',(-0.0139007037072319,0.389239242140454,0.0368));
#2032=CARTESIAN_POINT('',(-0.00554166666666667,0.339680562448235,0.0184647261639351));
#2033=CARTESIAN_POINT('',(-0.00554166666666667,0.342593268613762,0.029103209933141));
#2034=CARTESIAN_POINT('',(-0.0158771205338407,0.355906951857175,0.0368));
#2035=CARTESIAN_POINT('',(-0.0158771205338407,0.389239242140454,0.0368));
#2036=CARTESIAN_POINT('',(-0.00633333333333333,0.339680562448235,0.0184647261639351));
#2037=CARTESIAN_POINT('',(-0.00633333333333333,0.342593536405639,0.0291041880268391));
#2038=CARTESIAN_POINT('',(-0.016865328947145,0.355904911505113,0.0368));
#2039=CARTESIAN_POINT('',(-0.016865328947145,0.389239242140454,0.0368));
#2040=CARTESIAN_POINT('',(-0.00762272829899388,0.339680562448235,0.0184647261639351));
#2041=CARTESIAN_POINT('',(-0.00762272829899388,0.342593834108636,0.029105275369096));
#2042=CARTESIAN_POINT('',(-0.0184748333090037,0.355902628288838,0.0368));
#2043=CARTESIAN_POINT('',(-0.0184748333090037,0.389239242140454,0.0368));
#2044=CARTESIAN_POINT('',(-0.00812045659798777,0.339680562448235,0.0184647261639351));
#2045=CARTESIAN_POINT('',(-0.00812045659798777,0.342593914640599,0.0291055695072396));
#2046=CARTESIAN_POINT('',(-0.0190961292575579,0.355902001563258,0.0368));
#2047=CARTESIAN_POINT('',(-0.0190961292575579,0.389239242140454,0.0368));
#2048=CARTESIAN_POINT('',(-0.00861818489698165,0.339680562448235,0.0184647261639351));
#2049=CARTESIAN_POINT('',(-0.00861818489698165,0.342593958471102,0.029105729595509));
#2050=CARTESIAN_POINT('',(-0.0197174252061121,0.355901658315403,0.0368));
#2051=CARTESIAN_POINT('',(-0.0197174252061121,0.389239242140454,0.0368));
#2052=CARTESIAN_POINT('',(-0.00895966164070994,0.389239242140454,0.0368));
#2053=CARTESIAN_POINT('',(-0.0178181626003626,0.389239242140454,0.0368));
#2054=CARTESIAN_POINT('',(-0.00010116068105729,0.389239242140454,0.0368));
#2055=CARTESIAN_POINT('',(-0.000101160681057289,0.389239242140454,0.0368));
#2056=CARTESIAN_POINT('',(-0.000101160681057289,0.384509371868463,0.0368));
#2057=CARTESIAN_POINT('',(8.99010189707082E-5,0.377440326784445,0.0365766198621048));
#2058=CARTESIAN_POINT('',(0.000841351014331526,0.368048747374639,0.0355407516795151));
#2059=CARTESIAN_POINT('',(0.00167875943926396,0.361156433372253,0.0342767347416029));
#2060=CARTESIAN_POINT('',(0.00262401890110934,0.355591553376425,0.0326780327065279));
#2061=CARTESIAN_POINT('',(0.00354428432680999,0.351266723274783,0.0308776125462614));
#2062=CARTESIAN_POINT('',(0.00428660465161203,0.348214405451509,0.0292387515326699));
#2063=CARTESIAN_POINT('',(0.00505846696891652,0.345377125372773,0.0272308403626771));
#2064=CARTESIAN_POINT('',(0.00578795807287808,0.342871744139908,0.0247683680565716));
#2065=CARTESIAN_POINT('',(0.00634059132599611,0.34089362148127,0.0218815391945668));
#2066=CARTESIAN_POINT('',(0.00649999870921677,0.339992132204574,0.0196027159258325));
#2067=CARTESIAN_POINT('',(0.0065,0.339680562448235,0.0184647261639351));
#2068=CARTESIAN_POINT('',(-0.0065,0.339680562448235,0.0184647261639351));
#2069=CARTESIAN_POINT('',(-0.00650000187776053,0.340003144115459,0.0196429362668373));
#2070=CARTESIAN_POINT('',(-0.00673716043100448,0.340924056853597,0.0219471290126389));
#2071=CARTESIAN_POINT('',(-0.00758619704483542,0.342928269837815,0.0248484251353891));
#2072=CARTESIAN_POINT('',(-0.00875213809909907,0.345435111617997,0.0272885987007776));
#2073=CARTESIAN_POINT('',(-0.0100064058367855,0.348177006396858,0.0292259282613424));
#2074=CARTESIAN_POINT('',(-0.0112603838222853,0.351132064724735,0.0308258546621202));
#2075=CARTESIAN_POINT('',(-0.0128588176091585,0.355336332503853,0.0326014722639167));
#2076=CARTESIAN_POINT('',(-0.0145867233567595,0.36093235334829,0.0342386047350378));
#2077=CARTESIAN_POINT('',(-0.0161062364510139,0.367851482360767,0.0355176196998073));
#2078=CARTESIAN_POINT('',(-0.0174635287330316,0.377219666594063,0.036565407701504));
#2079=CARTESIAN_POINT('',(-0.0178181626003626,0.384423755150349,0.0368));
#2080=CARTESIAN_POINT('',(-0.0178181626003626,0.389239242140454,0.0368));
#2081=CARTESIAN_POINT('',(0.0095,0.332488870049708,0.0204337367150813));
#2082=CARTESIAN_POINT('',(0.0095,0.336999610477027,0.0369089443385254));
#2083=CARTESIAN_POINT('',(0.00289883931894271,0.350662194787536,0.05618656));
#2084=CARTESIAN_POINT('',(0.00289883931894271,0.389239242140454,0.05618656));
#2085=CARTESIAN_POINT('',(0.0095,0.332635593252662,0.0203935654287268));
#2086=CARTESIAN_POINT('',(0.0095,0.337113060081095,0.036747243237086));
#2087=CARTESIAN_POINT('',(0.00289883931894271,0.350763386930542,0.05579104));
#2088=CARTESIAN_POINT('',(0.00289883931894271,0.389239242140454,0.05579104));
#2089=CARTESIAN_POINT('',(0.0095,0.332782316455616,0.0203533941423722));
#2090=CARTESIAN_POINT('',(0.0095,0.337226628482542,0.0365859760359107));
#2091=CARTESIAN_POINT('',(0.00289883931894271,0.35086597314948,0.05539552));
#2092=CARTESIAN_POINT('',(0.00289883931894271,0.389239242140454,0.05539552));
#2093=CARTESIAN_POINT('',(0.0095,0.333089790201182,0.0202692110300158));
#2094=CARTESIAN_POINT('',(0.0095,0.337464838709307,0.0362488120945011));
#2095=CARTESIAN_POINT('',(0.00289883931894271,0.351083653631089,0.0545666666666667));
#2096=CARTESIAN_POINT('',(0.00289883931894271,0.389239242140454,0.0545666666666667));
#2097=CARTESIAN_POINT('',(0.0095,0.333250540743793,0.0202251992040137));
#2098=CARTESIAN_POINT('',(0.0095,0.337589501167823,0.0360729907157704));
#2099=CARTESIAN_POINT('',(0.00289883931894271,0.351199002529848,0.0541333333333333));
#2100=CARTESIAN_POINT('',(0.00289883931894271,0.389239242140454,0.0541333333333333));
#2101=CARTESIAN_POINT('',(0.0095,0.333572041829015,0.0201371755520099));
#2102=CARTESIAN_POINT('',(0.0095,0.337839031738755,0.0357220990967844));
#2103=CARTESIAN_POINT('',(0.00289883931894271,0.351432353626138,0.0532666666666667));
#2104=CARTESIAN_POINT('',(0.00289883931894271,0.389239242140454,0.0532666666666666));
#2105=CARTESIAN_POINT('',(0.0095,0.333732792371626,0.0200931637260079));
#2106=CARTESIAN_POINT('',(0.0095,0.33796389985117,0.0355470288565291));
#2107=CARTESIAN_POINT('',(0.00289883931894271,0.351550350974918,0.0528333333333333));
#2108=CARTESIAN_POINT('',(0.00289883931894271,0.389239242140454,0.0528333333333333));
#2109=CARTESIAN_POINT('',(0.0095,0.334215043999459,0.019961128248002));
#2110=CARTESIAN_POINT('',(0.0095,0.338338750290711,0.0350227170095704));
#2111=CARTESIAN_POINT('',(0.00289883931894271,0.351907529452734,0.0515333333333333));
#2112=CARTESIAN_POINT('',(0.00289883931894271,0.389239242140454,0.0515333333333333));
#2113=CARTESIAN_POINT('',(0.0095,0.334536545084681,0.019873104595998));
#2114=CARTESIAN_POINT('',(0.0095,0.338588979875509,0.0346743784966165));
#2115=CARTESIAN_POINT('',(0.00289883931894271,0.352149868872839,0.0506666666666666));
#2116=CARTESIAN_POINT('',(0.00289883931894271,0.389239242140454,0.0506666666666666));
#2117=CARTESIAN_POINT('',(0.0095,0.335018796712514,0.0197410691179921));
#2118=CARTESIAN_POINT('',(0.0095,0.338964571892366,0.0341527752161226));
#2119=CARTESIAN_POINT('',(0.00289883931894271,0.352516225442119,0.0493666666666666));
#2120=CARTESIAN_POINT('',(0.00289883931894271,0.389239242140454,0.0493666666666666));
#2121=CARTESIAN_POINT('',(0.0095,0.335179547255125,0.0196970572919902));
#2122=CARTESIAN_POINT('',(0.0095,0.339089810504595,0.0339790582041142));
#2123=CARTESIAN_POINT('',(0.00289883931894271,0.352638813038688,0.0489333333333333));
#2124=CARTESIAN_POINT('',(0.00289883931894271,0.389239242140454,0.0489333333333333));
#2125=CARTESIAN_POINT('',(0.0095,0.335501048340347,0.0196090336399862));
#2126=CARTESIAN_POINT('',(0.0095,0.33934032922594,0.0336317757449777));
#2127=CARTESIAN_POINT('',(0.00289883931894271,0.35288436865879,0.0480666666666667));
#2128=CARTESIAN_POINT('',(0.00289883931894271,0.389239242140454,0.0480666666666667));
#2129=CARTESIAN_POINT('',(0.0095,0.335661798882958,0.0195650218139842));
#2130=CARTESIAN_POINT('',(0.0095,0.339465609335057,0.0334582102978499));
#2131=CARTESIAN_POINT('',(0.00289883931894271,0.353007334865212,0.0476333333333333));
#2132=CARTESIAN_POINT('',(0.00289883931894271,0.389239242140454,0.0476333333333333));
#2133=CARTESIAN_POINT('',(0.0095,0.33598329996818,0.0194769981619803));
#2134=CARTESIAN_POINT('',(0.0095,0.339716170000511,0.0331110810370427));
#2135=CARTESIAN_POINT('',(0.00289883931894271,0.35325312333671,0.0467666666666667));
#2136=CARTESIAN_POINT('',(0.00289883931894271,0.389239242140454,0.0467666666666667));
#2137=CARTESIAN_POINT('',(0.0095,0.336144050510792,0.0194329863359783));
#2138=CARTESIAN_POINT('',(0.0095,0.33984145058791,0.0329375173368137));
#2139=CARTESIAN_POINT('',(0.00289883931894271,0.353375945454921,0.0463333333333333));
#2140=CARTESIAN_POINT('',(0.00289883931894271,0.389239242140454,0.0463333333333333));
#2141=CARTESIAN_POINT('',(0.0095,0.336465551596013,0.0193449626839744));
#2142=CARTESIAN_POINT('',(0.0095,0.340091970864604,0.0325902405584942));
#2143=CARTESIAN_POINT('',(0.00289883931894271,0.353620975699474,0.0454666666666667));
#2144=CARTESIAN_POINT('',(0.00289883931894271,0.389239242140454,0.0454666666666667));
#2145=CARTESIAN_POINT('',(0.0095,0.336626302138624,0.0193009508579725));
#2146=CARTESIAN_POINT('',(0.0095,0.340217210553899,0.0324165274804037));
#2147=CARTESIAN_POINT('',(0.00289883931894271,0.353743185373802,0.0450333333333333));
#2148=CARTESIAN_POINT('',(0.00289883931894271,0.389239242140454,0.0450333333333333));
#2149=CARTESIAN_POINT('',(0.0095,0.337108553766458,0.0191689153799665));
#2150=CARTESIAN_POINT('',(0.0095,0.340592806163455,0.031894937322024));
#2151=CARTESIAN_POINT('',(0.00289883931894271,0.354108255559894,0.0437333333333334));
#2152=CARTESIAN_POINT('',(0.00289883931894271,0.389239242140454,0.0437333333333334));
#2153=CARTESIAN_POINT('',(0.0095,0.33743005485168,0.0190808917279626));
#2154=CARTESIAN_POINT('',(0.0095,0.340843038625386,0.0315466093176265));
#2155=CARTESIAN_POINT('',(0.00289883931894271,0.354349576690115,0.0428666666666667));
#2156=CARTESIAN_POINT('',(0.00289883931894271,0.389239242140454,0.0428666666666667));
#2157=CARTESIAN_POINT('',(0.0095,0.337912306479513,0.0189488562499567));
#2158=CARTESIAN_POINT('',(0.0095,0.341217891956934,0.0310223080335499));
#2159=CARTESIAN_POINT('',(0.00289883931894271,0.354706108724188,0.0415666666666667));
#2160=CARTESIAN_POINT('',(0.00289883931894271,0.389239242140454,0.0415666666666667));
#2161=CARTESIAN_POINT('',(0.0095,0.338073057022125,0.0189048444239547));
#2162=CARTESIAN_POINT('',(0.0095,0.341342760014026,0.0308472375912297));
#2163=CARTESIAN_POINT('',(0.00289883931894271,0.354824053876905,0.0411333333333333));
#2164=CARTESIAN_POINT('',(0.00289883931894271,0.389239242140454,0.0411333333333333));
#2165=CARTESIAN_POINT('',(0.0095,0.338394558107347,0.0188168207719508));
#2166=CARTESIAN_POINT('',(0.0095,0.341592289243505,0.0304963410726714));
#2167=CARTESIAN_POINT('',(0.00289883931894271,0.355057695172179,0.0402666666666667));
#2168=CARTESIAN_POINT('',(0.00289883931894271,0.389239242140454,0.0402666666666667));
#2169=CARTESIAN_POINT('',(0.0095,0.338555308649957,0.0187728089459488));
#2170=CARTESIAN_POINT('',(0.0095,0.341716950415892,0.0303205149964332));
#2171=CARTESIAN_POINT('',(0.00289883931894271,0.355173397413854,0.0398333333333334));
#2172=CARTESIAN_POINT('',(0.00289883931894271,0.389239242140454,0.0398333333333334));
#2173=CARTESIAN_POINT('',(0.0095,0.338862782395523,0.0186886258335923));
#2174=CARTESIAN_POINT('',(0.0095,0.341955157778125,0.0299833405924884));
#2175=CARTESIAN_POINT('',(0.00289883931894271,0.355392043754448,0.03900448));
#2176=CARTESIAN_POINT('',(0.00289883931894271,0.389239242140454,0.03900448));
#2177=CARTESIAN_POINT('',(0.0095,0.339009505598477,0.0186484545472378));
#2178=CARTESIAN_POINT('',(0.0095,0.342068724636464,0.0298220677552085));
#2179=CARTESIAN_POINT('',(0.00289883931894271,0.355495224219682,0.03860896));
#2180=CARTESIAN_POINT('',(0.00289883931894271,0.389239242140454,0.03860896));
#2181=CARTESIAN_POINT('',(0.0095,0.339156228801431,0.0186082832608832));
#2182=CARTESIAN_POINT('',(0.0095,0.342182172828384,0.0296603614959841));
#2183=CARTESIAN_POINT('',(0.00289883931894271,0.355596970537407,0.03821344));
#2184=CARTESIAN_POINT('',(0.00289883931894271,0.389239242140454,0.03821344));
#2185=CARTESIAN_POINT('',(0.0095,0.336787052681236,0.0192569390319705));
#2186=CARTESIAN_POINT('',(0.0095,0.337123306007458,0.0204850764883638));
#2187=CARTESIAN_POINT('',(0.00938172366702066,0.338051128314978,0.0228861232906258));
#2188=CARTESIAN_POINT('',(0.00893865552979944,0.340113363172574,0.0260739823523186));
#2189=CARTESIAN_POINT('',(0.00832003182379769,0.342660427956461,0.0287854204281686));
#2190=CARTESIAN_POINT('',(0.00759208391016632,0.34563513622138,0.0311039977212501));
#2191=CARTESIAN_POINT('',(0.00685759307806194,0.348816088760428,0.0329855910582967));
#2192=CARTESIAN_POINT('',(0.00590528726135988,0.353358629880376,0.0350723687145978));
#2193=CARTESIAN_POINT('',(0.00487698986914722,0.359290911425218,0.0369342152185262));
#2194=CARTESIAN_POINT('',(0.00395397945461716,0.366615062495241,0.0383785578888869));
#2195=CARTESIAN_POINT('',(0.00311396414320168,0.376635538981738,0.0395541199823448));
#2196=CARTESIAN_POINT('',(0.00289883931894271,0.384187610081732,0.0398));
#2197=CARTESIAN_POINT('',(0.00289883931894271,0.389239242140454,0.0398));
#2198=CARTESIAN_POINT('',(0.00289883931894271,0.389239242140454,0.0398));
#2199=CARTESIAN_POINT('',(0.00289883931894271,0.389239242140454,0.0472));
#2200=CARTESIAN_POINT('',(0.00289883931894271,0.389239242140454,0.0546));
#2201=CARTESIAN_POINT('',(0.00289883931894271,0.389239242140454,0.0546));
#2202=CARTESIAN_POINT('',(0.00289883931894271,0.386295780642638,0.0546));
#2203=CARTESIAN_POINT('',(0.00297801916429108,0.380397810823844,0.05436179067944));
#2204=CARTESIAN_POINT('',(0.00336131176199773,0.371744246125406,0.0531338333669586));
#2205=CARTESIAN_POINT('',(0.00392645025874573,0.364705548018872,0.0512082337178462));
#2206=CARTESIAN_POINT('',(0.004539167069024,0.359260809999631,0.0489808897350109));
#2207=CARTESIAN_POINT('',(0.00506506003533787,0.3553990543659,0.046982460282518));
#2208=CARTESIAN_POINT('',(0.00565491082506035,0.351746840467008,0.0446296817039612));
#2209=CARTESIAN_POINT('',(0.00652327089224332,0.347161031016548,0.0409610748544538));
#2210=CARTESIAN_POINT('',(0.00744653511661591,0.343268702181113,0.036690594878672));
#2211=CARTESIAN_POINT('',(0.00834284362741239,0.339997154858544,0.0318249552598391));
#2212=CARTESIAN_POINT('',(0.00912823572299721,0.337217193432359,0.026731032414773));
#2213=CARTESIAN_POINT('',(0.0095,0.335642913961773,0.0226517632628639));
#2214=CARTESIAN_POINT('',(0.0095,0.334858046169903,0.0197850809439941));
#2215=CARTESIAN_POINT('',(-0.00861818489698165,0.331964536402904,0.0205772938120295));
#2216=CARTESIAN_POINT('',(-0.00861818489698165,0.336600090916771,0.0375083773661171));
#2217=CARTESIAN_POINT('',(-0.0197174252061121,0.350265884018756,0.0576));
#2218=CARTESIAN_POINT('',(-0.0197174252061121,0.389239242140454,0.0576));
#2219=CARTESIAN_POINT('',(-0.00812045659798777,0.331964536402904,0.0205772938120295));
#2220=CARTESIAN_POINT('',(-0.00812045659798777,0.336600056086947,0.0375082501522844));
#2221=CARTESIAN_POINT('',(-0.0190961292575579,0.350266149890837,0.0576));
#2222=CARTESIAN_POINT('',(-0.0190961292575579,0.389239242140454,0.0576));
#2223=CARTESIAN_POINT('',(-0.00762272829899389,0.331964536402904,0.0205772938120295));
#2224=CARTESIAN_POINT('',(-0.00762272829899388,0.336599992324675,0.037508017264427));
#2225=CARTESIAN_POINT('',(-0.0184748333090037,0.35026663590505,0.0576));
#2226=CARTESIAN_POINT('',(-0.0184748333090037,0.389239242140454,0.0576));
#2227=CARTESIAN_POINT('',(-0.00633333333333334,0.331964536402904,0.0205772938120295));
#2228=CARTESIAN_POINT('',(-0.00633333333333333,0.336599758595062,0.0375071635810972));
#2229=CARTESIAN_POINT('',(-0.016865328947145,0.350268411360244,0.0576));
#2230=CARTESIAN_POINT('',(-0.016865328947145,0.389239242140454,0.0576));
#2231=CARTESIAN_POINT('',(-0.00554166666666667,0.331964536402904,0.0205772938120295));
#2232=CARTESIAN_POINT('',(-0.00554166666666667,0.336599549393492,0.0375063994849679));
#2233=CARTESIAN_POINT('',(-0.0158771205338407,0.350270000895002,0.0576));
#2234=CARTESIAN_POINT('',(-0.0158771205338407,0.389239242140454,0.0576));
#2235=CARTESIAN_POINT('',(-0.00395833333333334,0.331964536402904,0.0205772938120295));
#2236=CARTESIAN_POINT('',(-0.00395833333333334,0.336599037852791,0.037504531113382));
#2237=CARTESIAN_POINT('',(-0.0139007037072319,0.350273864272341,0.0576));
#2238=CARTESIAN_POINT('',(-0.0139007037072319,0.389239242140454,0.0576));
#2239=CARTESIAN_POINT('',(-0.00316666666666667,0.331964536402904,0.0205772938120295));
#2240=CARTESIAN_POINT('',(-0.00316666666666666,0.336598738168261,0.0375034365336903));
#2241=CARTESIAN_POINT('',(-0.0129124952939275,0.350276132919778,0.0576));
#2242=CARTESIAN_POINT('',(-0.0129124952939275,0.389239242140454,0.0576));
#2243=CARTESIAN_POINT('',(-0.00158333333333334,0.331964536402904,0.0205772938120295));
#2244=CARTESIAN_POINT('',(-0.00158333333333334,0.336598097770905,0.037501097520935));
#2245=CARTESIAN_POINT('',(-0.0109360784673187,0.350280980995883,0.0576));
#2246=CARTESIAN_POINT('',(-0.0109360784673187,0.389239242140454,0.0576));
#2247=CARTESIAN_POINT('',(-0.000791666666666668,0.331964536402904,0.0205772938120295));
#2248=CARTESIAN_POINT('',(-0.000791666666666667,0.33659775705808,0.0374998530878716));
#2249=CARTESIAN_POINT('',(-0.00994787005401433,0.350283557824247,0.0576));
#2250=CARTESIAN_POINT('',(-0.00994787005401433,0.389239242140454,0.0576));
#2251=CARTESIAN_POINT('',(0.000791666666666667,0.331964536402904,0.0205772938120295));
#2252=CARTESIAN_POINT('',(0.000791666666666668,0.336597081404204,0.0374973853027989));
#2253=CARTESIAN_POINT('',(-0.00797145322740556,0.350288675033418,0.0576));
#2254=CARTESIAN_POINT('',(-0.00797145322740556,0.389239242140454,0.0576));
#2255=CARTESIAN_POINT('',(0.00158333333333334,0.331964536402904,0.0205772938120295));
#2256=CARTESIAN_POINT('',(0.00158333333333334,0.336596746465056,0.0374961619577446));
#2257=CARTESIAN_POINT('',(-0.00698324481410117,0.350291215411665,0.0576));
#2258=CARTESIAN_POINT('',(-0.00698324481410117,0.389239242140454,0.0576));
#2259=CARTESIAN_POINT('',(0.00316666666666666,0.331964536402904,0.0205772938120295));
#2260=CARTESIAN_POINT('',(0.00316666666666667,0.336596120017636,0.0374938738962838));
#2261=CARTESIAN_POINT('',(-0.00500682798749239,0.350295962071926,0.0576));
#2262=CARTESIAN_POINT('',(-0.00500682798749239,0.389239242140454,0.0576));
#2263=CARTESIAN_POINT('',(0.00395833333333334,0.331964536402904,0.0205772938120295));
#2264=CARTESIAN_POINT('',(0.00395833333333334,0.336595828509361,0.0374928091798773));
#2265=CARTESIAN_POINT('',(-0.004018619574188,0.350298170954043,0.0576));
#2266=CARTESIAN_POINT('',(-0.004018619574188,0.389239242140454,0.0576));
#2267=CARTESIAN_POINT('',(0.00554166666666667,0.331964536402904,0.0205772938120295));
#2268=CARTESIAN_POINT('',(0.00554166666666667,0.336595326578978,0.0374909759093957));
#2269=CARTESIAN_POINT('',(-0.00204220274757923,0.350301983348638,0.0576));
#2270=CARTESIAN_POINT('',(-0.00204220274757923,0.389239242140454,0.0576));
#2271=CARTESIAN_POINT('',(0.00633333333333334,0.331964536402904,0.0205772938120295));
#2272=CARTESIAN_POINT('',(0.00633333333333334,0.336595113497063,0.0374901976405388));
#2273=CARTESIAN_POINT('',(-0.00105399433427484,0.35030359206543,0.0576));
#2274=CARTESIAN_POINT('',(-0.00105399433427484,0.389239242140454,0.0576));
#2275=CARTESIAN_POINT('',(0.00762272829899388,0.331964536402904,0.0205772938120295));
#2276=CARTESIAN_POINT('',(0.00762272829899388,0.336594865776921,0.0374892928576479));
#2277=CARTESIAN_POINT('',(0.000555510027583779,0.350305462968075,0.0576));
#2278=CARTESIAN_POINT('',(0.000555510027583779,0.389239242140454,0.0576));
#2279=CARTESIAN_POINT('',(0.00812045659798777,0.331964536402904,0.0205772938120295));
#2280=CARTESIAN_POINT('',(0.00812045659798777,0.33659479376475,0.0374890298375323));
#2281=CARTESIAN_POINT('',(0.00117680597613801,0.350306005265301,0.0576));
#2282=CARTESIAN_POINT('',(0.00117680597613801,0.389239242140454,0.0576));
#2283=CARTESIAN_POINT('',(0.00861818489698165,0.331964536402904,0.0205772938120295));
#2284=CARTESIAN_POINT('',(0.00861818489698165,0.336594753391291,0.0374888823759051));
#2285=CARTESIAN_POINT('',(0.00179810192469224,0.350306308957514,0.0576));
#2286=CARTESIAN_POINT('',(0.00179810192469224,0.389239242140454,0.0576));
#2287=CARTESIAN_POINT('',(0.0065,0.331964536402904,0.0205772938120295));
#2288=CARTESIAN_POINT('',(0.0064999995717824,0.332168407499436,0.0213219207081911));
#2289=CARTESIAN_POINT('',(0.00646608762254138,0.332615071339407,0.0228337772524406));
#2290=CARTESIAN_POINT('',(0.00629028275937415,0.333613244012957,0.0257556685658778));
#2291=CARTESIAN_POINT('',(0.00591448383128309,0.33508767756847,0.0293082572545802));
#2292=CARTESIAN_POINT('',(0.00532444624982348,0.337236732634909,0.0333857261277394));
#2293=CARTESIAN_POINT('',(0.00443988035398035,0.340659839696168,0.0385640139302029));
#2294=CARTESIAN_POINT('',(0.00353535268623409,0.344774783519945,0.0430835682553371));
#2295=CARTESIAN_POINT('',(0.00268016969605085,0.34962744299212,0.0469683247623423));
#2296=CARTESIAN_POINT('',(0.00209648936484455,0.353487265796449,0.0494609030901254));
#2297=CARTESIAN_POINT('',(0.00157213293560021,0.35756719993624,0.0515833899993881));
#2298=CARTESIAN_POINT('',(0.00111043917030315,0.361874923586051,0.0533617515186376));
#2299=CARTESIAN_POINT('',(0.000724781375189273,0.366296768048652,0.0547823582863106));
#2300=CARTESIAN_POINT('',(0.000313397296904499,0.372271077635542,0.0562388477502378));
#2301=CARTESIAN_POINT('',(-1.80317281327696E-5,0.379895068227854,0.0573421129051103));
#2302=CARTESIAN_POINT('',(-0.000101160681057291,0.386127831736169,0.0576));
#2303=CARTESIAN_POINT('',(-0.000101160681057291,0.389239242140454,0.0576));
#2304=CARTESIAN_POINT('',(-0.000101160681057292,0.389239242140454,0.0576));
#2305=CARTESIAN_POINT('',(-0.00895966164070994,0.389239242140454,0.0576));
#2306=CARTESIAN_POINT('',(-0.0178181626003626,0.389239242140454,0.0576));
#2307=CARTESIAN_POINT('',(-0.0178181626003626,0.389239242140454,0.0576));
#2308=CARTESIAN_POINT('',(-0.0178181626003626,0.386097053473413,0.0576));
#2309=CARTESIAN_POINT('',(-0.0176698126326095,0.379802847643517,0.0573384934616868));
#2310=CARTESIAN_POINT('',(-0.0169527772554553,0.37055966246749,0.0559856945959759));
#2311=CARTESIAN_POINT('',(-0.0159213002827131,0.363133107205142,0.0539024234734695));
#2312=CARTESIAN_POINT('',(-0.0148213458323477,0.357389205920514,0.0515119603589392));
#2313=CARTESIAN_POINT('',(-0.0138888770718191,0.353324016600786,0.0493790577580569));
#2314=CARTESIAN_POINT('',(-0.0128573270422388,0.349487040902532,0.0468815676469487));
#2315=CARTESIAN_POINT('',(-0.0113648160201486,0.344688368844376,0.0430129511189276));
#2316=CARTESIAN_POINT('',(-0.00982041188204798,0.340631633211294,0.0385378633631071));
#2317=CARTESIAN_POINT('',(-0.00835870652868704,0.337242966441268,0.0334068884791173));
#2318=CARTESIAN_POINT('',(-0.00709366244161665,0.334388761760514,0.0279912006060585));
#2319=CARTESIAN_POINT('',(-0.00649999999999987,0.332802519236511,0.0236379756204828));
#2320=CARTESIAN_POINT('',(-0.0065,0.331964536402904,0.0205772938120295));
#2321=CARTESIAN_POINT('',(-0.0095,0.339156228801431,0.0186082832608832));
#2322=CARTESIAN_POINT('',(-0.0095,0.342189087127917,0.0296856155584181));
#2323=CARTESIAN_POINT('',(-0.0208181626003626,0.355544604587144,0.03821344));
#2324=CARTESIAN_POINT('',(-0.0208181626003626,0.389239242140454,0.03821344));
#2325=CARTESIAN_POINT('',(-0.0095,0.339009505598477,0.0186484545472378));
#2326=CARTESIAN_POINT('',(-0.0095,0.342075627883224,0.0298472814480565));
#2327=CARTESIAN_POINT('',(-0.0208181626003626,0.355442942418619,0.03860896));
#2328=CARTESIAN_POINT('',(-0.0208181626003626,0.389239242140454,0.03860896));
#2329=CARTESIAN_POINT('',(-0.0095,0.338862782395523,0.0186886258335923));
#2330=CARTESIAN_POINT('',(-0.0095,0.341962045671666,0.0300084982086297));
#2331=CARTESIAN_POINT('',(-0.0208181626003626,0.3553398786944,0.03900448));
#2332=CARTESIAN_POINT('',(-0.0208181626003626,0.389239242140454,0.03900448));
#2333=CARTESIAN_POINT('',(-0.0095,0.338555308649957,0.0187728089459488));
#2334=CARTESIAN_POINT('',(-0.0095,0.341723798313768,0.0303455265308156));
#2335=CARTESIAN_POINT('',(-0.0208181626003626,0.35512153598547,0.0398333333333334));
#2336=CARTESIAN_POINT('',(-0.0208181626003626,0.389239242140454,0.0398333333333334));
#2337=CARTESIAN_POINT('',(-0.0095,0.338394558107347,0.0188168207719508));
#2338=CARTESIAN_POINT('',(-0.0095,0.341599111751177,0.0305212598708618));
#2339=CARTESIAN_POINT('',(-0.0208181626003626,0.355006026282685,0.0402666666666667));
#2340=CARTESIAN_POINT('',(-0.0208181626003626,0.389239242140454,0.0402666666666667));
#2341=CARTESIAN_POINT('',(-0.0095,0.338073057022125,0.0189048444239547));
#2342=CARTESIAN_POINT('',(-0.0095,0.341349524275576,0.0308719436489707));
#2343=CARTESIAN_POINT('',(-0.0208181626003626,0.354772826281009,0.0411333333333333));
#2344=CARTESIAN_POINT('',(-0.0208181626003626,0.389239242140454,0.0411333333333333));
#2345=CARTESIAN_POINT('',(-0.0095,0.337912306479513,0.0189488562499567));
#2346=CARTESIAN_POINT('',(-0.0095,0.341224623362567,0.0310468940870332));
#2347=CARTESIAN_POINT('',(-0.0208181626003626,0.354655129893648,0.0415666666666667));
#2348=CARTESIAN_POINT('',(-0.0208181626003626,0.389239242140454,0.0415666666666667));
#2349=CARTESIAN_POINT('',(-0.0095,0.33743005485168,0.0190808917279626));
#2350=CARTESIAN_POINT('',(-0.0095,0.340849662506265,0.0315708026434267));
#2351=CARTESIAN_POINT('',(-0.0208181626003626,0.354299411661173,0.0428666666666667));
#2352=CARTESIAN_POINT('',(-0.0208181626003626,0.389239242140454,0.0428666666666667));
#2353=CARTESIAN_POINT('',(-0.0095,0.337108553766458,0.0191689153799665));
#2354=CARTESIAN_POINT('',(-0.0095,0.340599346413685,0.031918825191922));
#2355=CARTESIAN_POINT('',(-0.0208181626003626,0.354058723143623,0.0437333333333334));
#2356=CARTESIAN_POINT('',(-0.0208181626003626,0.389239242140454,0.0437333333333334));
#2357=CARTESIAN_POINT('',(-0.0095,0.336626302138624,0.0193009508579725));
#2358=CARTESIAN_POINT('',(-0.0095,0.340223616396179,0.0324399244333582));
#2359=CARTESIAN_POINT('',(-0.0208181626003626,0.353694670007415,0.0450333333333333));
#2360=CARTESIAN_POINT('',(-0.0208181626003626,0.389239242140454,0.0450333333333333));
#2361=CARTESIAN_POINT('',(-0.0095,0.336465551596013,0.0193449626839744));
#2362=CARTESIAN_POINT('',(-0.0095,0.340098330410571,0.0326134684169525));
#2363=CARTESIAN_POINT('',(-0.0208181626003626,0.353572810708973,0.0454666666666667));
#2364=CARTESIAN_POINT('',(-0.0208181626003626,0.389239242140454,0.0454666666666667));
#2365=CARTESIAN_POINT('',(-0.0095,0.336144050510792,0.0194329863359783));
#2366=CARTESIAN_POINT('',(-0.0095,0.339847716047129,0.0329604015490959));
#2367=CARTESIAN_POINT('',(-0.0208181626003626,0.353328492699873,0.0463333333333333));
#2368=CARTESIAN_POINT('',(-0.0208181626003626,0.389239242140454,0.0463333333333333));
#2369=CARTESIAN_POINT('',(-0.0095,0.33598329996818,0.0194769981619803));
#2370=CARTESIAN_POINT('',(-0.0095,0.339722387669296,0.0331337906976451));
#2371=CARTESIAN_POINT('',(-0.0208181626003626,0.35320603244257,0.0467666666666667));
#2372=CARTESIAN_POINT('',(-0.0208181626003626,0.389239242140454,0.0467666666666667));
#2373=CARTESIAN_POINT('',(-0.0095,0.335661798882958,0.0195650218139842));
#2374=CARTESIAN_POINT('',(-0.0095,0.339471731422061,0.0334805708517558));
#2375=CARTESIAN_POINT('',(-0.0208181626003626,0.352960967879882,0.0476333333333333));
#2376=CARTESIAN_POINT('',(-0.0208181626003626,0.389239242140454,0.0476333333333333));
#2377=CARTESIAN_POINT('',(-0.0095,0.335501048340347,0.0196090336399862));
#2378=CARTESIAN_POINT('',(-0.0095,0.339346403521743,0.0336539617444006));
#2379=CARTESIAN_POINT('',(-0.0208181626003626,0.352838363720498,0.0480666666666667));
#2380=CARTESIAN_POINT('',(-0.0208181626003626,0.389239242140454,0.0480666666666667));
#2381=CARTESIAN_POINT('',(-0.0095,0.335179547255125,0.0196970572919902));
#2382=CARTESIAN_POINT('',(-0.0095,0.339095790711117,0.034000900548108));
#2383=CARTESIAN_POINT('',(-0.0208181626003626,0.352593521015703,0.0489333333333333));
#2384=CARTESIAN_POINT('',(-0.0208181626003626,0.389239242140454,0.0489333333333333));
#2385=CARTESIAN_POINT('',(-0.0095,0.335018796712514,0.0197410691179921));
#2386=CARTESIAN_POINT('',(-0.0095,0.338970505800808,0.0341744484591705));
#2387=CARTESIAN_POINT('',(-0.0208181626003626,0.352471284284633,0.0493666666666667));
#2388=CARTESIAN_POINT('',(-0.0208181626003626,0.389239242140454,0.0493666666666667));
#2389=CARTESIAN_POINT('',(-0.0095,0.334536545084681,0.019873104595998));
#2390=CARTESIAN_POINT('',(-0.0095,0.33859477937001,0.0346955608008427));
#2391=CARTESIAN_POINT('',(-0.0208181626003626,0.352105946436179,0.0506666666666667));
#2392=CARTESIAN_POINT('',(-0.0208181626003626,0.389239242140454,0.0506666666666667));
#2393=CARTESIAN_POINT('',(-0.0095,0.334215043999459,0.019961128248002));
#2394=CARTESIAN_POINT('',(-0.0095,0.338344466149648,0.035043593839937));
#2395=CARTESIAN_POINT('',(-0.0208181626003626,0.351864240960986,0.0515333333333333));
#2396=CARTESIAN_POINT('',(-0.0208181626003626,0.389239242140454,0.0515333333333333));
#2397=CARTESIAN_POINT('',(-0.0095,0.333732792371626,0.0200931637260079));
#2398=CARTESIAN_POINT('',(-0.0095,0.337969508179813,0.0355675129389805));
#2399=CARTESIAN_POINT('',(-0.0208181626003626,0.351507877150926,0.0528333333333333));
#2400=CARTESIAN_POINT('',(-0.0208181626003626,0.389239242140454,0.0528333333333333));
#2401=CARTESIAN_POINT('',(-0.0095,0.333572041829015,0.0201371755520099));
#2402=CARTESIAN_POINT('',(-0.0095,0.337844607211416,0.0357424631747403));
#2403=CARTESIAN_POINT('',(-0.0208181626003626,0.351390128645205,0.0532666666666667));
#2404=CARTESIAN_POINT('',(-0.0208181626003626,0.389239242140454,0.0532666666666667));
#2405=CARTESIAN_POINT('',(-0.0095,0.333250540743793,0.0202251992040137));
#2406=CARTESIAN_POINT('',(-0.0095,0.337595018396431,0.0360931420608274));
#2407=CARTESIAN_POINT('',(-0.0208181626003626,0.35115721848019,0.0541333333333333));
#2408=CARTESIAN_POINT('',(-0.0208181626003626,0.389239242140454,0.0541333333333333));
#2409=CARTESIAN_POINT('',(-0.0095,0.333089790201182,0.0202692110300158));
#2410=CARTESIAN_POINT('',(-0.0095,0.337470330549843,0.0362688707111549));
#2411=CARTESIAN_POINT('',(-0.0208181626003626,0.351042061665421,0.0545666666666667));
#2412=CARTESIAN_POINT('',(-0.0208181626003626,0.389239242140454,0.0545666666666667));
#2413=CARTESIAN_POINT('',(-0.0095,0.332782316455616,0.0203533941423722));
#2414=CARTESIAN_POINT('',(-0.0095,0.337232080332286,0.0366058885886122));
#2415=CARTESIAN_POINT('',(-0.0208181626003626,0.350824683556011,0.05539552));
#2416=CARTESIAN_POINT('',(-0.0208181626003626,0.389239242140454,0.05539552));
#2417=CARTESIAN_POINT('',(-0.0095,0.332635593252662,0.0203935654287268));
#2418=CARTESIAN_POINT('',(-0.0095,0.337118496580295,0.0367670997228448));
#2419=CARTESIAN_POINT('',(-0.0208181626003626,0.350722213297508,0.05579104));
#2420=CARTESIAN_POINT('',(-0.0208181626003626,0.389239242140454,0.05579104));
#2421=CARTESIAN_POINT('',(-0.0095,0.332488870049708,0.0204337367150813));
#2422=CARTESIAN_POINT('',(-0.0095,0.337005035925955,0.0369287604638334));
#2423=CARTESIAN_POINT('',(-0.0208181626003626,0.350621104572167,0.05618656));
#2424=CARTESIAN_POINT('',(-0.0208181626003626,0.389239242140454,0.05618656));
#2425=CARTESIAN_POINT('',(-0.0208181626003626,0.389239242140454,0.0398));
#2426=CARTESIAN_POINT('',(-0.0208181626003626,0.384105110827027,0.0398));
#2427=CARTESIAN_POINT('',(-0.0204319027489776,0.376426394460405,0.0395295859184749));
#2428=CARTESIAN_POINT('',(-0.0189824274889548,0.366449689308972,0.0383342880342343));
#2429=CARTESIAN_POINT('',(-0.0173777114042122,0.35907830401388,0.0368777161695626));
#2430=CARTESIAN_POINT('',(-0.0152400854854404,0.351944764412632,0.0346397270870613));
#2431=CARTESIAN_POINT('',(-0.013152060206477,0.346493055441785,0.031894011550548));
#2432=CARTESIAN_POINT('',(-0.0115282232229324,0.342608845237289,0.0288815168741082));
#2433=CARTESIAN_POINT('',(-0.0104654849553444,0.34006298415694,0.0261333932236403));
#2434=CARTESIAN_POINT('',(-0.0097110668290008,0.338060200441575,0.0229515093342559));
#2435=CARTESIAN_POINT('',(-0.0095,0.337125957868715,0.0204947627370229));
#2436=CARTESIAN_POINT('',(-0.0095,0.336787052681236,0.0192569390319705));
#2437=CARTESIAN_POINT('',(-0.0095,0.334858046169903,0.0197850809439941));
#2438=CARTESIAN_POINT('',(-0.0095,0.335255544112274,0.0212369163411621));
#2439=CARTESIAN_POINT('',(-0.0097262854754936,0.336116923281157,0.0241053470464568));
#2440=CARTESIAN_POINT('',(-0.0104748456929848,0.337689130210433,0.0281954301902775));
#2441=CARTESIAN_POINT('',(-0.0114604546089566,0.339654074069435,0.0321013348021065));
#2442=CARTESIAN_POINT('',(-0.0125762104444546,0.342033634152098,0.0357557585429277));
#2443=CARTESIAN_POINT('',(-0.013727699581067,0.344764323634329,0.0390654064242702));
#2444=CARTESIAN_POINT('',(-0.0148855546650439,0.347871290734278,0.042080099640086));
#2445=CARTESIAN_POINT('',(-0.016004125769961,0.35132600923192,0.0447680261903298));
#2446=CARTESIAN_POINT('',(-0.0170248935697736,0.355002165932832,0.0470679171867732));
#2447=CARTESIAN_POINT('',(-0.0179420892348747,0.358903121467764,0.0490293733064851));
#2448=CARTESIAN_POINT('',(-0.0190118082673142,0.364396298821631,0.0512173042132087));
#2449=CARTESIAN_POINT('',(-0.0199991499761347,0.371463794890978,0.0531176420301528));
#2450=CARTESIAN_POINT('',(-0.0206792826717558,0.380268632092228,0.0543593277684634));
#2451=CARTESIAN_POINT('',(-0.0208181626003626,0.386251352447932,0.0546));
#2452=CARTESIAN_POINT('',(-0.0208181626003626,0.389239242140454,0.0546));
#2453=CARTESIAN_POINT('',(-0.00895966164070994,0.389239242140454,0.0472));
#2454=CARTESIAN_POINT('',(-0.000101160681057291,0.389239242140454,0.0546));
#2455=CARTESIAN_POINT('',(0.000798839318942721,0.389239242140454,0.0558));
#2456=CARTESIAN_POINT('',(0.001,0.389239242140454,0.0556185505164171));
#2457=CARTESIAN_POINT('',(-0.009,0.389239242140454,0.0558));
#2458=CARTESIAN_POINT('',(0.001,0.389239242140454,0.0558));
#2459=CARTESIAN_POINT('',(0.001,0.389239242140454,0.0483));
#2460=CARTESIAN_POINT('',(0.00649999999999996,0.339680562448235,0.018464726163935));
#2461=CARTESIAN_POINT('',(0.00949999999999997,0.339680562448235,0.018464726163935));
#2462=CARTESIAN_POINT('',(0.00949999999999998,0.336787052681236,0.0192569390319704));
#2463=CARTESIAN_POINT('',(0.00649999999798939,0.339963250824013,0.0194972284235333));
#2464=CARTESIAN_POINT('',(0.00949999999825457,0.339989433583218,0.0195928593713396));
#2465=CARTESIAN_POINT('',(0.00949999999999999,0.337146545412425,0.0205699645714584));
#2466=CARTESIAN_POINT('',(0.00637509576793142,0.3407282160443,0.0215040995945539));
#2467=CARTESIAN_POINT('',(0.00935466979391972,0.340833951356677,0.0217465411598388));
#2468=CARTESIAN_POINT('',(0.00936596788030521,0.33814787547691,0.023102840103425));
#2469=CARTESIAN_POINT('',(0.00591126877425793,0.342446181891281,0.024215532228446));
#2470=CARTESIAN_POINT('',(0.00883946523140345,0.342711255876311,0.0245688518826121));
#2471=CARTESIAN_POINT('',(0.00887931017272261,0.340368947309713,0.0264057081515056));
#2472=CARTESIAN_POINT('',(0.00527237865172763,0.344635558204593,0.0265729471530585));
#2473=CARTESIAN_POINT('',(0.00817042878549932,0.345038086863026,0.0269410757402405));
#2474=CARTESIAN_POINT('',(0.00822223691298568,0.343055549883518,0.0291393178148347));
#2475=CARTESIAN_POINT('',(0.00453822077781078,0.347261985021281,0.0286227482078496));
#2476=CARTESIAN_POINT('',(0.00743656377033993,0.347746348642209,0.0289465202875678));
#2477=CARTESIAN_POINT('',(0.0074815868170797,0.34609813366733,0.0314098785064868));
#2478=CARTESIAN_POINT('',(0.00380555141657212,0.350150801617756,0.0303247605437795));
#2479=CARTESIAN_POINT('',(0.00672118230498448,0.350661236811344,0.0305849270858354));
#2480=CARTESIAN_POINT('',(0.00675170666812046,0.349298985297181,0.0332311648273167));
#2481=CARTESIAN_POINT('',(0.00286040551671831,0.354371692611675,0.0322502515343542));
#2482=CARTESIAN_POINT('',(0.00580489294805214,0.354868436552023,0.032427358202032));
#2483=CARTESIAN_POINT('',(0.005816659198158,0.353832501081127,0.0352417963309019));
#2484=CARTESIAN_POINT('',(0.00184919731397155,0.359989377815379,0.034006097243215));
#2485=CARTESIAN_POINT('',(0.00482471683857778,0.360406758883845,0.0341030400225677));
#2486=CARTESIAN_POINT('',(0.00482117870019232,0.359681991130249,0.0370251832776023));
#2487=CARTESIAN_POINT('',(0.000939073257407021,0.367061927140056,0.0354011446138811));
#2488=CARTESIAN_POINT('',(0.00393306309730715,0.367362704096302,0.035443395087437));
#2489=CARTESIAN_POINT('',(0.00392514244921694,0.366907593695228,0.0384202904114044));
#2490=CARTESIAN_POINT('',(0.000110960687410679,0.376836232181722,0.0365526925361117));
#2491=CARTESIAN_POINT('',(0.00311346099092276,0.376984379328639,0.0365571083537944));
#2492=CARTESIAN_POINT('',(0.00310880103825909,0.376794841870119,0.0395595981179046));
#2493=CARTESIAN_POINT('',(-0.000101160681152271,0.384261186789536,0.0368000000000001));
#2494=CARTESIAN_POINT('',(0.00289883922976929,0.384317979007305,0.0367999988696426));
#2495=CARTESIAN_POINT('',(0.00289883931894271,0.384248641840694,0.0398000000001401));
#2496=CARTESIAN_POINT('',(-0.000101160681057291,0.389239242140454,0.0368));
#2497=CARTESIAN_POINT('',(0.00289883931894271,0.389239242140454,0.0368));
#2498=CARTESIAN_POINT('',(0.00289883931894271,0.389239242140454,0.0398));
#2499=CARTESIAN_POINT('',(-0.00010116068105729,0.389239242140454,0.0398));
#2500=CARTESIAN_POINT('',(0.0095,0.334858046169903,0.0197850809439941));
#2501=CARTESIAN_POINT('',(0.00950000000000006,0.331964536402904,0.0205772938120295));
#2502=CARTESIAN_POINT('',(0.0065,0.331964536402904,0.0205772938120295));
#2503=CARTESIAN_POINT('',(0.00950000000000001,0.335688022851021,0.022816520758001));
#2504=CARTESIAN_POINT('',(0.00949999999937015,0.332836925478751,0.0237636423516881));
#2505=CARTESIAN_POINT('',(0.00649999999777373,0.332788719438091,0.0235875726882394));
#2506=CARTESIAN_POINT('',(0.00909077115066054,0.337352536803158,0.0270394826818138));
#2507=CARTESIAN_POINT('',(0.00918209299657643,0.334522414000587,0.0283180821859215));
#2508=CARTESIAN_POINT('',(0.00611143273172097,0.334365231148788,0.0279393679317604));
#2509=CARTESIAN_POINT('',(0.00828115560208633,0.34021567213549,0.0321845587196656));
#2510=CARTESIAN_POINT('',(0.0084613809513098,0.337499245764674,0.0338335094467534));
#2511=CARTESIAN_POINT('',(0.00531875446877067,0.337258366678116,0.0334259939308909));
#2512=CARTESIAN_POINT('',(0.00737488642566708,0.343548496160686,0.0370394295758117));
#2513=CARTESIAN_POINT('',(0.0075888544163244,0.341055920165287,0.0390715936330327));
#2514=CARTESIAN_POINT('',(0.00442080421906161,0.340735456624133,0.038668430498923));
#2515=CARTESIAN_POINT('',(0.00645878682631692,0.347465782117988,0.0412449103194451));
#2516=CARTESIAN_POINT('',(0.00664465035029485,0.345285323449843,0.0435691624046282));
#2517=CARTESIAN_POINT('',(0.00350080581361241,0.344942268839755,0.0432509876324431));
#2518=CARTESIAN_POINT('',(0.00560289562733335,0.352047380144918,0.0448418099467641));
#2519=CARTESIAN_POINT('',(0.0057388323780694,0.350245419295184,0.0474063658773089));
#2520=CARTESIAN_POINT('',(0.00263664831031551,0.349892490276704,0.0471598822716759));
#2521=CARTESIAN_POINT('',(0.0050239353912966,0.355679839449656,0.0471416846299183));
#2522=CARTESIAN_POINT('',(0.00512440396554116,0.354150021453157,0.0498382208853137));
#2523=CARTESIAN_POINT('',(0.00205081602420444,0.353814506565207,0.0496504658262117));
#2524=CARTESIAN_POINT('',(0.00450800408162678,0.35951584851788,0.0490961290538337));
#2525=CARTESIAN_POINT('',(0.00457751184292833,0.358246875146105,0.0518921359843368));
#2526=CARTESIAN_POINT('',(0.00152823499850124,0.357941654347298,0.0517563219289996));
#2527=CARTESIAN_POINT('',(0.00390729783025944,0.364917824814479,0.0512746274101351));
#2528=CARTESIAN_POINT('',(0.00394442580686909,0.363968766860342,0.0541649667480633));
#2529=CARTESIAN_POINT('',(0.000919582698809378,0.363723938320315,0.0540901005756087));
#2530=CARTESIAN_POINT('',(0.00335368415953649,0.371885899392309,0.0531585576706017));
#2531=CARTESIAN_POINT('',(0.00336596632243217,0.371286360098725,0.0561177761388062));
#2532=CARTESIAN_POINT('',(0.000358822557651575,0.371117970870545,0.0560884757379965));
#2533=CARTESIAN_POINT('',(0.00297677368036629,0.380466584383099,0.0543655394513409));
#2534=CARTESIAN_POINT('',(0.00297781432465194,0.380205293777731,0.0573600308151868));
#2535=CARTESIAN_POINT('',(-2.2458487072418E-5,0.380124267813569,0.0573560376412858));
#2536=CARTESIAN_POINT('',(0.00289883931894271,0.386320265280011,0.0546000000002657));
#2537=CARTESIAN_POINT('',(0.00289883929233178,0.386239981755853,0.0575999994745021));
#2538=CARTESIAN_POINT('',(-0.000101160681075054,0.38621352617169,0.0576));
#2539=CARTESIAN_POINT('',(0.00289883931894271,0.389239242140454,0.0546));
#2540=CARTESIAN_POINT('',(0.00289883931894272,0.389239242140454,0.0576));
#2541=CARTESIAN_POINT('',(-0.000101160681057291,0.389239242140454,0.0576));
#2542=CARTESIAN_POINT('',(-0.000101160681057291,0.389239242140454,0.0546));
#2543=CARTESIAN_POINT('',(-0.0178181626003626,0.389239242140454,0.0368));
#2544=CARTESIAN_POINT('',(-0.0208181626003626,0.389239242140454,0.0368));
#2545=CARTESIAN_POINT('',(-0.0208181626003626,0.389239242140454,0.0398));
#2546=CARTESIAN_POINT('',(-0.0178181626002958,0.386707589571733,0.0368));
#2547=CARTESIAN_POINT('',(-0.0208181626003918,0.386656659908046,0.0367999999999968));
#2548=CARTESIAN_POINT('',(-0.0208181626003626,0.386621598162514,0.0398000000000891));
#2549=CARTESIAN_POINT('',(-0.0176869040783695,0.381647521516154,0.0367112418592246));
#2550=CARTESIAN_POINT('',(-0.0206817276767731,0.381491024038979,0.0367078729290159));
#2551=CARTESIAN_POINT('',(-0.0206842703482598,0.381374980525329,0.0397038559562482));
#2552=CARTESIAN_POINT('',(-0.0170525108047229,0.374193533969938,0.036251113116949));
#2553=CARTESIAN_POINT('',(-0.0200244759370381,0.37385765611215,0.036225573006668));
#2554=CARTESIAN_POINT('',(-0.0200348147437555,0.373592135975871,0.0392042440882013));
#2555=CARTESIAN_POINT('',(-0.0159366861509386,0.366901815968438,0.0353821468463698));
#2556=CARTESIAN_POINT('',(-0.0188723972569297,0.366370838764876,0.0353062757856103));
#2557=CARTESIAN_POINT('',(-0.018889320654176,0.365911625193495,0.0382552361194377));
#2558=CARTESIAN_POINT('',(-0.0142855434195761,0.359795569495788,0.0339720605516984));
#2559=CARTESIAN_POINT('',(-0.017175300760202,0.35906433595974,0.0337995396547352));
#2560=CARTESIAN_POINT('',(-0.0171917063060343,0.358343181808977,0.0366995848773591));
#2561=CARTESIAN_POINT('',(-0.0124541605264441,0.354182093986309,0.0321888204414769));
#2562=CARTESIAN_POINT('',(-0.0153114014373467,0.353323162312857,0.0318763620203255));
#2563=CARTESIAN_POINT('',(-0.0153131611718006,0.352283471142221,0.0346979677946858));
#2564=CARTESIAN_POINT('',(-0.0108337132686449,0.35009604734473,0.0303086576525583));
#2565=CARTESIAN_POINT('',(-0.0136881970718982,0.349227154999647,0.0298614652356994));
#2566=CARTESIAN_POINT('',(-0.013671535942569,0.347844651989264,0.0325484294875914));
#2567=CARTESIAN_POINT('',(-0.00960318552889991,0.347280883496387,0.0286456559723308));
#2568=CARTESIAN_POINT('',(-0.0124711163034199,0.346472504148382,0.0281031731224781));
#2569=CARTESIAN_POINT('',(-0.0124433912460003,0.344789641787977,0.030629578069747));
#2570=CARTESIAN_POINT('',(-0.00841972148022101,0.344725074575682,0.0266665805254353));
#2571=CARTESIAN_POINT('',(-0.0113199311363214,0.344069391070488,0.0260698034576654));
#2572=CARTESIAN_POINT('',(-0.0112888454632858,0.342041829498235,0.0283389285519803));
#2573=CARTESIAN_POINT('',(-0.00739308602763584,0.342493345184828,0.0242900989891467));
#2574=CARTESIAN_POINT('',(-0.0103377177975476,0.342078422585222,0.0237379609339213));
#2575=CARTESIAN_POINT('',(-0.0103162972650237,0.339688133051757,0.0256129325103103));
#2576=CARTESIAN_POINT('',(-0.00668629686926367,0.340757981506146,0.0215727141698406));
#2577=CARTESIAN_POINT('',(-0.00967043997436333,0.340598133185455,0.0212063805151645));
#2578=CARTESIAN_POINT('',(-0.00966586035926039,0.337897748923348,0.0225695559764271));
#2579=CARTESIAN_POINT('',(-0.00650000000127468,0.339969133409442,0.0195187142123685));
#2580=CARTESIAN_POINT('',(-0.00950000000142858,0.339931529640764,0.0193813687138309));
#2581=CARTESIAN_POINT('',(-0.0095,0.337089273896777,0.0203607838147916));
#2582=CARTESIAN_POINT('',(-0.0065,0.339680562448235,0.0184647261639351));
#2583=CARTESIAN_POINT('',(-0.0095,0.339680562448235,0.0184647261639351));
#2584=CARTESIAN_POINT('',(-0.0095,0.336787052681236,0.0192569390319704));
#2585=CARTESIAN_POINT('',(-0.0178181626003626,0.389239242140454,0.0398));
#2586=CARTESIAN_POINT('',(-0.0064999999999997,0.331964536402904,0.0205772938120295));
#2587=CARTESIAN_POINT('',(-0.00949999999999979,0.331964536402904,0.0205772938120296));
#2588=CARTESIAN_POINT('',(-0.00949999999999985,0.334858046169903,0.0197850809439941));
#2589=CARTESIAN_POINT('',(-0.00650000000216384,0.332382714975389,0.0221046658513607));
#2590=CARTESIAN_POINT('',(-0.00950000000167232,0.332346875507235,0.0219737643516427));
#2591=CARTESIAN_POINT('',(-0.00949999999999985,0.33521900212135,0.0211034508065555));
#2592=CARTESIAN_POINT('',(-0.00670539808022723,0.33334176414108,0.0251172809366727));
#2593=CARTESIAN_POINT('',(-0.00964472009560351,0.333215565596994,0.0247489250368518));
#2594=CARTESIAN_POINT('',(-0.00968752652408774,0.336005831139985,0.0237498084769816));
#2595=CARTESIAN_POINT('',(-0.0074191294493965,0.33512671566923,0.0294004995303291));
#2596=CARTESIAN_POINT('',(-0.010212329350011,0.334882385653143,0.0288717658417276));
#2597=CARTESIAN_POINT('',(-0.0103608399663626,0.337461872506407,0.0276544389475156));
#2598=CARTESIAN_POINT('',(-0.00838274304828401,0.337296243323144,0.0334998578314215));
#2599=CARTESIAN_POINT('',(-0.0110651581537871,0.336955850239068,0.0329231198625972));
#2600=CARTESIAN_POINT('',(-0.0112900389722333,0.339309516684223,0.0314819223626298));
#2601=CARTESIAN_POINT('',(-0.00986376911721583,0.340736285913142,0.0386774141427998));
#2602=CARTESIAN_POINT('',(-0.0124716776794255,0.340283781796406,0.0381050672985213));
#2603=CARTESIAN_POINT('',(-0.0127440582921029,0.342362695879767,0.0363747678192523));
#2604=CARTESIAN_POINT('',(-0.011432441936926,0.344877497422214,0.0432006813795357));
#2605=CARTESIAN_POINT('',(-0.0140764243733924,0.344372176391856,0.0427262873439461));
#2606=CARTESIAN_POINT('',(-0.0143166689095799,0.346186135102176,0.0406817076956864));
#2607=CARTESIAN_POINT('',(-0.0129384633402867,0.349766469185974,0.0470844236594603));
#2608=CARTESIAN_POINT('',(-0.0156503897810459,0.349221619281618,0.0466993319036592));
#2609=CARTESIAN_POINT('',(-0.0158427679582101,0.350792282991259,0.0443931023705904));
#2610=CARTESIAN_POINT('',(-0.0139723972846888,0.353660090530361,0.049575107886786));
#2611=CARTESIAN_POINT('',(-0.0167462631917221,0.35312206673508,0.0492700192671579));
#2612=CARTESIAN_POINT('',(-0.0168950553369405,0.354497164682514,0.0467831232973165));
#2613=CARTESIAN_POINT('',(-0.0149013257427517,0.35777152718286,0.0516897102955263));
#2614=CARTESIAN_POINT('',(-0.0177356284071589,0.35726572007928,0.0514615497719551));
#2615=CARTESIAN_POINT('',(-0.0178426538005051,0.358440235177005,0.0488218028563149));
#2616=CARTESIAN_POINT('',(-0.015987287185631,0.363545949062426,0.0540392912421803));
#2617=CARTESIAN_POINT('',(-0.0188950796301278,0.363124500875654,0.0539080838657991));
#2618=CARTESIAN_POINT('',(-0.0189514906474701,0.364016266975954,0.0510992435687197));
#2619=CARTESIAN_POINT('',(-0.0169900919577933,0.370932451507484,0.0560574330519236));
#2620=CARTESIAN_POINT('',(-0.0199564433911148,0.370635021151335,0.0560047634463124));
#2621=CARTESIAN_POINT('',(-0.0199752133384323,0.371210660526214,0.0530734994431927));
#2622=CARTESIAN_POINT('',(-0.0176785467861476,0.380047684247315,0.057353995731022));
#2623=CARTESIAN_POINT('',(-0.0206749791869331,0.379903966056455,0.0573468861675363));
#2624=CARTESIAN_POINT('',(-0.0206764266078433,0.380160374601772,0.0543544478893391));
#2625=CARTESIAN_POINT('',(-0.0178181626005068,0.386188995863348,0.0576));
#2626=CARTESIAN_POINT('',(-0.0208181629181279,0.38614222484888,0.0576000008793712));
#2627=CARTESIAN_POINT('',(-0.0208181626003626,0.386222922475355,0.0546000000003709));
#2628=CARTESIAN_POINT('',(-0.0178181626003626,0.389239242140454,0.0576));
#2629=CARTESIAN_POINT('',(-0.0208181626003626,0.389239242140454,0.0576));
#2630=CARTESIAN_POINT('',(-0.0208181626003626,0.389239242140454,0.0546));
#2631=CARTESIAN_POINT('',(-0.0178181626003626,0.389239242140454,0.0546));
#2632=CARTESIAN_POINT('',(0.0071818207474848,0.338233807564735,0.0188608325979528));
#2633=CARTESIAN_POINT('',(0.00718182809591748,0.339019698767625,0.0217568227242306));
#2634=CARTESIAN_POINT('',(0.00650950623493255,0.341314863897,0.0258292094455233));
#2635=CARTESIAN_POINT('',(0.00480908666906512,0.347296673531817,0.030652930469125));
#2636=CARTESIAN_POINT('',(0.00313006779119344,0.354190755730631,0.0339799815904681));
#2637=CARTESIAN_POINT('',(0.000964802391550316,0.366736571646881,0.0372637225628546));
#2638=CARTESIAN_POINT('',(5.14092813159642E-6,0.379462514478918,0.0382993220717394));
#2639=CARTESIAN_POINT('',(5.14133045854289E-6,0.389239242140454,0.0383));
#2640=CARTESIAN_POINT('',(0.00239394024916148,0.338233807564736,0.0188608325979527));
#2641=CARTESIAN_POINT('',(0.00239395894198188,0.339019843521193,0.0217575050044318));
#2642=CARTESIAN_POINT('',(0.00161096065083207,0.341314393927284,0.0258308811341394));
#2643=CARTESIAN_POINT('',(-0.000370676182780678,0.347294997222761,0.0306549009939622));
#2644=CARTESIAN_POINT('',(-0.00232792406550872,0.354187871626365,0.0339814936749796));
#2645=CARTESIAN_POINT('',(-0.00485240263333469,0.366732786362256,0.0372642723373164));
#2646=CARTESIAN_POINT('',(-0.00597139499568493,0.379460100076829,0.0382993225831161));
#2647=CARTESIAN_POINT('',(-0.00597139398365377,0.389239242140455,0.0383));
#2648=CARTESIAN_POINT('',(-0.00239394024916153,0.338233807564735,0.0188608325979528));
#2649=CARTESIAN_POINT('',(-0.00239392056174439,0.339020484465664,0.0217601386434778));
#2650=CARTESIAN_POINT('',(-0.00328820991858294,0.341312399033035,0.0258366451221693));
#2651=CARTESIAN_POINT('',(-0.00555144153670068,0.347287987852061,0.0306617236372779));
#2652=CARTESIAN_POINT('',(-0.00778679500560558,0.354176575727467,0.0339869322834997));
#2653=CARTESIAN_POINT('',(-0.0106699569457745,0.366718728908409,0.0372663340638417));
#2654=CARTESIAN_POINT('',(-0.0119479304925121,0.37945118895302,0.0382993200500198));
#2655=CARTESIAN_POINT('',(-0.0119479292977661,0.389239242140454,0.0383));
#2656=CARTESIAN_POINT('',(-0.0071818207474847,0.338233807564736,0.0188608325979527));
#2657=CARTESIAN_POINT('',(-0.00718181421420781,0.339020724739499,0.0217609274384342));
#2658=CARTESIAN_POINT('',(-0.00818847565297449,0.341311687803092,0.0258379567897166));
#2659=CARTESIAN_POINT('',(-0.0107339726695772,0.347285545003404,0.0306632935391105));
#2660=CARTESIAN_POINT('',(-0.0132472109422152,0.35417306823758,0.0339883225539691));
#2661=CARTESIAN_POINT('',(-0.0164881211314163,0.366714825447561,0.0372669161117954));
#2662=CARTESIAN_POINT('',(-0.0179244650144934,0.379448749479416,0.03829931654215));
#2663=CARTESIAN_POINT('',(-0.0179244646118784,0.389239242140454,0.0383));
#2664=CARTESIAN_POINT('',(-0.00010116068105729,0.389239242140454,0.0383));
#2665=CARTESIAN_POINT('',(-0.00600682798749239,0.389239242140454,0.0383));
#2666=CARTESIAN_POINT('',(-0.0119124952939275,0.389239242140454,0.0383));
#2667=CARTESIAN_POINT('',(-0.0178181626003626,0.389239242140454,0.0383));
#2668=CARTESIAN_POINT('',(-0.000101160681057288,0.389239242140454,0.0383));
#2669=CARTESIAN_POINT('',(-0.0178181626003626,0.389239242140454,0.0383));
#2670=CARTESIAN_POINT('',(-0.0065,0.338233807564736,0.0188608325979528));
#2671=CARTESIAN_POINT('',(-0.00650000163262802,0.338566770811743,0.0200769607954868));
#2672=CARTESIAN_POINT('',(-0.00671136949001774,0.339500986162524,0.0224595815650721));
#2673=CARTESIAN_POINT('',(-0.00748296043155901,0.341529328819795,0.0255131668209881));
#2674=CARTESIAN_POINT('',(-0.008578157647146,0.344083782912181,0.0281146028125869));
#2675=CARTESIAN_POINT('',(-0.00979818122831436,0.346900724922868,0.0301973854242313));
#2676=CARTESIAN_POINT('',(-0.0110427522973823,0.349932837308177,0.0319121562696707));
#2677=CARTESIAN_POINT('',(-0.0126551114703835,0.354245502449844,0.0338130286329398));
#2678=CARTESIAN_POINT('',(-0.0144369596088,0.360010564504902,0.0355683945654998));
#2679=CARTESIAN_POINT('',(-0.0160222309755258,0.367154470199817,0.036935772908903));
#2680=CARTESIAN_POINT('',(-0.0170888612487019,0.374410384289131,0.0377733538820035));
#2681=CARTESIAN_POINT('',(-0.0176932834704079,0.38177591768974,0.0382149930564724));
#2682=CARTESIAN_POINT('',(-0.0178181626003626,0.386752304689032,0.0383));
#2683=CARTESIAN_POINT('',(-0.0178181626003626,0.389239242140454,0.0383));
#2684=CARTESIAN_POINT('',(-0.00010116068105729,0.389239242140454,0.0383));
#2685=CARTESIAN_POINT('',(-0.00010116068105729,0.384347799480383,0.0383));
#2686=CARTESIAN_POINT('',(0.000100722689947433,0.377036872266224,0.0380631473678761));
#2687=CARTESIAN_POINT('',(0.000890526535203697,0.367328845106353,0.0369563623849471));
#2688=CARTESIAN_POINT('',(0.00176473622223441,0.360216459403884,0.0356034663800361));
#2689=CARTESIAN_POINT('',(0.00274348119018053,0.354471594486851,0.033884074773672));
#2690=CARTESIAN_POINT('',(0.00367882546567828,0.350025727871868,0.0319458184078423));
#2691=CARTESIAN_POINT('',(0.00466258801764154,0.345865507986398,0.0296073722092845));
#2692=CARTESIAN_POINT('',(0.00568503221299186,0.342142049515904,0.0264500596944734));
#2693=CARTESIAN_POINT('',(0.0063581817645801,0.339467751267159,0.0223820551773377));
#2694=CARTESIAN_POINT('',(0.00650000000000002,0.338562172509887,0.0200601657750233));
#2695=CARTESIAN_POINT('',(0.0065,0.338233807564735,0.0188608325979528));
#2696=CARTESIAN_POINT('',(0.008,0.333044483279018,0.0202816155938981));
#2697=CARTESIAN_POINT('',(0.00800029364161222,0.33411472914815,0.0241868827685446));
#2698=CARTESIAN_POINT('',(0.0073940353024193,0.336506646818942,0.0303661547971031));
#2699=CARTESIAN_POINT('',(0.00583834109176229,0.342705519220015,0.0388232156092642));
#2700=CARTESIAN_POINT('',(0.00429004944661155,0.350029540639638,0.0452753376588734));
#2701=CARTESIAN_POINT('',(0.00228606177400317,0.363744583559597,0.0522127409662207));
#2702=CARTESIAN_POINT('',(0.00139864395089775,0.378051272333959,0.0546886883531926));
#2703=CARTESIAN_POINT('',(0.00139883931894271,0.389239242140454,0.0546888));
#2704=CARTESIAN_POINT('',(0.008,0.333970505327868,0.0200280803919262));
#2705=CARTESIAN_POINT('',(0.00800035309668032,0.334987253195681,0.0237379441971667));
#2706=CARTESIAN_POINT('',(0.00739532948936549,0.337310345119101,0.0295623221596929));
#2707=CARTESIAN_POINT('',(0.00583964105736616,0.343409371131125,0.0374772519723552));
#2708=CARTESIAN_POINT('',(0.00429074149606314,0.350632979144451,0.0434846193415999));
#2709=CARTESIAN_POINT('',(0.00228619412544631,0.364156798807909,0.0499134485221205));
#2710=CARTESIAN_POINT('',(0.00139864493605371,0.378242744261566,0.0521923951584061));
#2711=CARTESIAN_POINT('',(0.00139883931894271,0.389239242140454,0.0521925333333333));
#2712=CARTESIAN_POINT('',(0.008,0.33582254942557,0.0195210099879823));
#2713=CARTESIAN_POINT('',(0.00800049729938731,0.336733864961771,0.0228457818854571));
#2714=CARTESIAN_POINT('',(0.00739842245516238,0.338928299247478,0.0279658977429845));
#2715=CARTESIAN_POINT('',(0.00584271739086484,0.344846690513233,0.0347990110779789));
#2716=CARTESIAN_POINT('',(0.00429236782554194,0.351884029713814,0.0399147019799999));
#2717=CARTESIAN_POINT('',(0.00228648619990791,0.365031382532552,0.0453196081987775));
#2718=CARTESIAN_POINT('',(0.00139865047447051,0.378655485065442,0.0471998057122869));
#2719=CARTESIAN_POINT('',(0.00139883931894271,0.389239242140454,0.0472));
#2720=CARTESIAN_POINT('',(0.008,0.33767459352327,0.0190139395840384));
#2721=CARTESIAN_POINT('',(0.00800080754710941,0.338478704618166,0.021948219105823));
#2722=CARTESIAN_POINT('',(0.00740352319223081,0.340536900237421,0.0263654238951499));
#2723=CARTESIAN_POINT('',(0.00584709727444843,0.346274281498871,0.0321223690816965));
#2724=CARTESIAN_POINT('',(0.0042944447398856,0.353126656415883,0.0363478045523064));
#2725=CARTESIAN_POINT('',(0.00228679908953655,0.365899473591965,0.0407275365080861));
#2726=CARTESIAN_POINT('',(0.00139866499584265,0.379064465418624,0.042207219071833));
#2727=CARTESIAN_POINT('',(0.00139883931894271,0.389239242140454,0.0422074666666667));
#2728=CARTESIAN_POINT('',(0.008,0.338600615572121,0.0187604043820664));
#2729=CARTESIAN_POINT('',(0.00800111494130447,0.339349103610311,0.0214931830156358));
#2730=CARTESIAN_POINT('',(0.0074070634298494,0.341332144534214,0.0255573115016509));
#2731=CARTESIAN_POINT('',(0.00584972045607454,0.346972627970852,0.0307779827201533));
#2732=CARTESIAN_POINT('',(0.00429558755296528,0.353728041612993,0.0345600133162086));
#2733=CARTESIAN_POINT('',(0.00228695083564729,0.366312465370162,0.0384299521500619));
#2734=CARTESIAN_POINT('',(0.00139867483909644,0.379256566393541,0.0397109272576014));
#2735=CARTESIAN_POINT('',(0.00139883931894271,0.389239242140454,0.0397112));
#2736=CARTESIAN_POINT('',(0.00139883931894271,0.389239242140454,0.0546));
#2737=CARTESIAN_POINT('',(0.00139883931894271,0.386293338098048,0.0546));
#2738=CARTESIAN_POINT('',(0.00147777542590905,0.380390615621995,0.0543619632197766));
#2739=CARTESIAN_POINT('',(0.00185976843958401,0.371728209815529,0.0531368988068666));
#2740=CARTESIAN_POINT('',(0.00242225196078181,0.364683928711575,0.0512204658873368));
#2741=CARTESIAN_POINT('',(0.00303248805667337,0.359227634197325,0.0490036759679464));
#2742=CARTESIAN_POINT('',(0.00355636496123879,0.355356018119214,0.0470146056781582));
#2743=CARTESIAN_POINT('',(0.0041438334368047,0.351694310129578,0.044673176346277));
#2744=CARTESIAN_POINT('',(0.00500971808068834,0.347092337685006,0.0410165051448463));
#2745=CARTESIAN_POINT('',(0.0059311298277089,0.343188553945334,0.0367500821308702));
#2746=CARTESIAN_POINT('',(0.00682847609227532,0.339928495471654,0.0318700468877095));
#2747=CARTESIAN_POINT('',(0.0076185662671126,0.33717985276228,0.0267493463043718));
#2748=CARTESIAN_POINT('',(0.008,0.33564284331689,0.0226515052366869));
#2749=CARTESIAN_POINT('',(0.008,0.334858046169903,0.0197850809439941));
#2750=CARTESIAN_POINT('',(0.00139883931894271,0.389239242140454,0.0546));
#2751=CARTESIAN_POINT('',(0.00139883931894271,0.389239242140454,0.0546));
#2752=CARTESIAN_POINT('',(0.00139883931894271,0.389239242140454,0.0496666666666667));
#2753=CARTESIAN_POINT('',(0.00139883931894271,0.389239242140454,0.0447333333333333));
#2754=CARTESIAN_POINT('',(0.00139883931894271,0.389239242140454,0.0398));
#2755=CARTESIAN_POINT('',(0.00139883931894271,0.389239242140454,0.0398));
#2756=CARTESIAN_POINT('',(0.008,0.336787052681236,0.0192569390319705));
#2757=CARTESIAN_POINT('',(0.008,0.337123561663043,0.0204860103729434));
#2758=CARTESIAN_POINT('',(0.00787696907577136,0.338049584860062,0.0228909008183971));
#2759=CARTESIAN_POINT('',(0.0074236791129943,0.340098717482829,0.0260797201848874));
#2760=CARTESIAN_POINT('',(0.00679485183696477,0.34264589351105,0.0288016742966255));
#2761=CARTESIAN_POINT('',(0.00606382481305798,0.345619507207135,0.0311171047150589));
#2762=CARTESIAN_POINT('',(0.0053305901179449,0.348803065030313,0.0329943061116186));
#2763=CARTESIAN_POINT('',(0.00438222195256403,0.353354926504661,0.0350760101063658));
#2764=CARTESIAN_POINT('',(0.00336305920670892,0.359284438738734,0.0369297614335477));
#2765=CARTESIAN_POINT('',(0.00244680958881501,0.366612177333128,0.0383739364826738));
#2766=CARTESIAN_POINT('',(0.0016128498888944,0.376634312716462,0.0395517307215844));
#2767=CARTESIAN_POINT('',(0.00139883931894271,0.384186897832106,0.0398));
#2768=CARTESIAN_POINT('',(0.00139883931894271,0.389239242140454,0.0398));
#2769=CARTESIAN_POINT('',(-0.00718182074748471,0.333411291286404,0.0201811873780118));
#2770=CARTESIAN_POINT('',(-0.00718181906071799,0.334728739838866,0.0249945986730202));
#2771=CARTESIAN_POINT('',(-0.00874888485397241,0.338262951921749,0.0336551356640832));
#2772=CARTESIAN_POINT('',(-0.0125538541200356,0.347941346999314,0.0446177686666982));
#2773=CARTESIAN_POINT('',(-0.0163581958560132,0.3625488035013,0.053209268333662));
#2774=CARTESIAN_POINT('',(-0.0179244620899174,0.378020583885573,0.056099741689815));
#2775=CARTESIAN_POINT('',(-0.0179244646118784,0.389239242140454,0.0561));
#2776=CARTESIAN_POINT('',(-0.00239394024916157,0.333411291286404,0.0201811873780118));
#2777=CARTESIAN_POINT('',(-0.00239393514498693,0.334728460925793,0.0249935584605491));
#2778=CARTESIAN_POINT('',(-0.00378851777990404,0.338263323715328,0.0336532001383425));
#2779=CARTESIAN_POINT('',(-0.00717307167855535,0.34794333609237,0.044616268807149));
#2780=CARTESIAN_POINT('',(-0.0105557409725602,0.362552041112138,0.0532088519541801));
#2781=CARTESIAN_POINT('',(-0.0119479217606767,0.378022604049355,0.0560997364367368));
#2782=CARTESIAN_POINT('',(-0.0119479292977661,0.389239242140454,0.0561000000000001));
#2783=CARTESIAN_POINT('',(0.00239394024916157,0.333411291286403,0.0201811873780118));
#2784=CARTESIAN_POINT('',(0.00239394455646462,0.334727392838135,0.0249896555595773));
#2785=CARTESIAN_POINT('',(0.00117283053494595,0.338264896043402,0.0336468367549237));
#2786=CARTESIAN_POINT('',(-0.00179065941487929,0.347951712738247,0.0446116984074233));
#2787=CARTESIAN_POINT('',(-0.00475244684070331,0.362564119120359,0.0532072766396565));
#2788=CARTESIAN_POINT('',(-0.00597138725370512,0.378029877565134,0.0560997267846311));
#2789=CARTESIAN_POINT('',(-0.00597139398365377,0.389239242140454,0.0561));
#2790=CARTESIAN_POINT('',(0.00718182074748471,0.333411291286404,0.0201811873780118));
#2791=CARTESIAN_POINT('',(0.0071818224202703,0.334727097629954,0.0249885865690261));
#2792=CARTESIAN_POINT('',(0.00613476752018239,0.338265348324642,0.0336451998218616));
#2793=CARTESIAN_POINT('',(0.0035927276646509,0.347954115827084,0.0446105706009103));
#2794=CARTESIAN_POINT('',(0.00105135158205131,0.362567420754757,0.0532068438062589));
#2795=CARTESIAN_POINT('',(5.14396287899132E-6,0.378031834687468,0.0560997253042408));
#2796=CARTESIAN_POINT('',(5.14133045854316E-6,0.389239242140454,0.0561000000000001));
#2797=CARTESIAN_POINT('',(-0.0178181626003626,0.389239242140454,0.0561));
#2798=CARTESIAN_POINT('',(-0.0178181626003626,0.386177553912152,0.0561));
#2799=CARTESIAN_POINT('',(-0.017673694076446,0.380045192988815,0.055848570374223));
#2800=CARTESIAN_POINT('',(-0.0169703269518754,0.371034428912757,0.0545457507447016));
#2801=CARTESIAN_POINT('',(-0.0159522834555946,0.363797749859818,0.0525389254838704));
#2802=CARTESIAN_POINT('',(-0.0148585236377064,0.35819496736997,0.0502307452477798));
#2803=CARTESIAN_POINT('',(-0.0139273469141605,0.354229040481982,0.0481683807200577));
#2804=CARTESIAN_POINT('',(-0.0128941803183423,0.350488199329715,0.0457521471129019));
#2805=CARTESIAN_POINT('',(-0.011394522604992,0.345808830097061,0.0420037278803012));
#2806=CARTESIAN_POINT('',(-0.00983827663011795,0.341854258530437,0.0376594885309684));
#2807=CARTESIAN_POINT('',(-0.00836677855304641,0.338553359214249,0.0326726360509049));
#2808=CARTESIAN_POINT('',(-0.00709459217275763,0.335773085389107,0.0274036898780322));
#2809=CARTESIAN_POINT('',(-0.00649999999999993,0.334228185015762,0.0231648425038882));
#2810=CARTESIAN_POINT('',(-0.0065,0.333411291286404,0.0201811873780118));
#2811=CARTESIAN_POINT('',(-0.0178181626003626,0.389239242140454,0.0561));
#2812=CARTESIAN_POINT('',(-0.0178181626003626,0.389239242140454,0.0561));
#2813=CARTESIAN_POINT('',(-0.0119124952939275,0.389239242140454,0.0561));
#2814=CARTESIAN_POINT('',(-0.0060068279874924,0.389239242140454,0.0561));
#2815=CARTESIAN_POINT('',(-0.000101160681057291,0.389239242140454,0.0561));
#2816=CARTESIAN_POINT('',(-0.000101160681057281,0.389239242140454,0.0561));
#2817=CARTESIAN_POINT('',(0.0065,0.333411291286404,0.0201811873780118));
#2818=CARTESIAN_POINT('',(0.00649999956105203,0.333609829028263,0.020906334517586));
#2819=CARTESIAN_POINT('',(0.00646608514732613,0.334044921551144,0.0223790584280543));
#2820=CARTESIAN_POINT('',(0.00628998216080559,0.335016953792331,0.025224172749518));
#2821=CARTESIAN_POINT('',(0.00591288777079637,0.336452798304648,0.0286825892007188));
#2822=CARTESIAN_POINT('',(0.00531936905660639,0.338546749291005,0.0326509026987152));
#2823=CARTESIAN_POINT('',(0.00442846210599634,0.341883239292209,0.0376867754947097));
#2824=CARTESIAN_POINT('',(0.0035165143059787,0.345898973079782,0.0420776413765719));
#2825=CARTESIAN_POINT('',(0.00265731043833979,0.350634303057964,0.0458423802465063));
#2826=CARTESIAN_POINT('',(0.00207284212354164,0.354399947087876,0.0482538771696951));
#2827=CARTESIAN_POINT('',(0.00154964004794104,0.358380247610159,0.0503049970420729));
#2828=CARTESIAN_POINT('',(0.000937577440842334,0.363987889985018,0.0525941849787775));
#2829=CARTESIAN_POINT('',(0.000368861314192685,0.371231916773093,0.0545798229556231));
#2830=CARTESIAN_POINT('',(-2.01642536776877E-5,0.380138376257346,0.0558520091698409));
#2831=CARTESIAN_POINT('',(-0.000101160681057291,0.386209346589383,0.0561));
#2832=CARTESIAN_POINT('',(-0.000101160681057291,0.389239242140454,0.0561));
#2833=CARTESIAN_POINT('',(-0.008,0.338600615572121,0.0187604043820664));
#2834=CARTESIAN_POINT('',(-0.00800008934672776,0.339096305655755,0.0205785582090149));
#2835=CARTESIAN_POINT('',(-0.00844518465379066,0.34040263890199,0.0235381057899329));
#2836=CARTESIAN_POINT('',(-0.00986081566491327,0.3434425857014,0.0274682556983004));
#2837=CARTESIAN_POINT('',(-0.0116268216715312,0.347254627178011,0.0307770890827005));
#2838=CARTESIAN_POINT('',(-0.0137324735971051,0.352518355783034,0.0338126628150057));
#2839=CARTESIAN_POINT('',(-0.0158269513796292,0.359170568959706,0.0363200149571504));
#2840=CARTESIAN_POINT('',(-0.0182685396250557,0.37009098085045,0.0388519895767476));
#2841=CARTESIAN_POINT('',(-0.0193178003488165,0.380800387689163,0.0397115208103102));
#2842=CARTESIAN_POINT('',(-0.0193181626003626,0.389239242140454,0.0397112));
#2843=CARTESIAN_POINT('',(-0.00799999999999999,0.33767459352327,0.0190139395840384));
#2844=CARTESIAN_POINT('',(-0.00800017176986275,0.338198366422161,0.0209335276716143));
#2845=CARTESIAN_POINT('',(-0.00844030162460165,0.339539292426451,0.0240990407045855));
#2846=CARTESIAN_POINT('',(-0.00985213787096507,0.342637352406653,0.0283972913823651));
#2847=CARTESIAN_POINT('',(-0.0116197336383557,0.346517516165785,0.0320698877167796));
#2848=CARTESIAN_POINT('',(-0.0137283057004906,0.351868352712629,0.0354771303837958));
#2849=CARTESIAN_POINT('',(-0.0158249423328302,0.358628175132323,0.0383176696006445));
#2850=CARTESIAN_POINT('',(-0.0182682021547719,0.369730516970173,0.0412098775885656));
#2851=CARTESIAN_POINT('',(-0.0193177808397711,0.380633437533647,0.0422077657489229));
#2852=CARTESIAN_POINT('',(-0.0193181626003626,0.389239242140454,0.0422074666666667));
#2853=CARTESIAN_POINT('',(-0.00800000000000001,0.33582254942557,0.0195210099879823));
#2854=CARTESIAN_POINT('',(-0.00800025504203395,0.336402249360904,0.0216431848544659));
#2855=CARTESIAN_POINT('',(-0.00843361229755077,0.337813985856899,0.0252189274652695));
#2856=CARTESIAN_POINT('',(-0.00983889979573528,0.341019695892957,0.0302443021559032));
#2857=CARTESIAN_POINT('',(-0.0116078997507341,0.345023003691841,0.0346405369097364));
#2858=CARTESIAN_POINT('',(-0.0137209188670729,0.350536331153429,0.0387922252721016));
#2859=CARTESIAN_POINT('',(-0.0158212226783805,0.357504891676399,0.0423029996468903));
#2860=CARTESIAN_POINT('',(-0.0182675220923915,0.368972681555908,0.0459219693775856));
#2861=CARTESIAN_POINT('',(-0.0193177515860779,0.38027883827,0.0472002441634485));
#2862=CARTESIAN_POINT('',(-0.0193181626003626,0.389239242140454,0.0472000000000001));
#2863=CARTESIAN_POINT('',(-0.008,0.333970505327868,0.0200280803919262));
#2864=CARTESIAN_POINT('',(-0.00800027038021034,0.334607118802088,0.0223570697264004));
#2865=CARTESIAN_POINT('',(-0.00842968212173241,0.336095950054576,0.0263475143457121));
#2866=CARTESIAN_POINT('',(-0.00983037708241787,0.339412069784409,0.0320945395309341));
#2867=CARTESIAN_POINT('',(-0.0115995359344769,0.343535068603725,0.037208987043649));
#2868=CARTESIAN_POINT('',(-0.0137153112612735,0.349206070353884,0.0421028128397273));
#2869=CARTESIAN_POINT('',(-0.0158182225369978,0.356379574269417,0.0462840856158175));
#2870=CARTESIAN_POINT('',(-0.0182669030811643,0.368210360386849,0.0506320255688559));
#2871=CARTESIAN_POINT('',(-0.0193177413727929,0.379921498468876,0.052192714423734));
#2872=CARTESIAN_POINT('',(-0.0193181626003626,0.389239242140454,0.0521925333333332));
#2873=CARTESIAN_POINT('',(-0.008,0.333044483279018,0.0202816155938981));
#2874=CARTESIAN_POINT('',(-0.00800027263361063,0.333710283120307,0.022716751067034));
#2875=CARTESIAN_POINT('',(-0.00842804112019936,0.33524116182977,0.0269178478690331));
#2876=CARTESIAN_POINT('',(-0.00982678647327833,0.338619356867096,0.0330267438049904));
#2877=CARTESIAN_POINT('',(-0.0115959876339096,0.342808460844394,0.0384994546753944));
#2878=CARTESIAN_POINT('',(-0.0137129234974542,0.34856346212287,0.043762727877608));
#2879=CARTESIAN_POINT('',(-0.0158169293949799,0.355841881526122,0.0482775137649404));
#2880=CARTESIAN_POINT('',(-0.01826662528475,0.367851976727034,0.0529879124856151));
#2881=CARTESIAN_POINT('',(-0.0193177399168074,0.379755565422243,0.0546889513619254));
#2882=CARTESIAN_POINT('',(-0.0193181626003626,0.389239242140454,0.0546888));
#2883=CARTESIAN_POINT('',(-0.0193181626003626,0.389239242140454,0.0398));
#2884=CARTESIAN_POINT('',(-0.0193181626003626,0.389239242140454,0.0447333333333333));
#2885=CARTESIAN_POINT('',(-0.0193181626003626,0.389239242140454,0.0496666666666667));
#2886=CARTESIAN_POINT('',(-0.0193181626003626,0.389239242140454,0.0546));
#2887=CARTESIAN_POINT('',(-0.0193181626003626,0.389239242140454,0.0398));
#2888=CARTESIAN_POINT('',(-0.0193181626003626,0.389239242140454,0.0546));
#2889=CARTESIAN_POINT('',(-0.008,0.334858046169903,0.0197850809439941));
#2890=CARTESIAN_POINT('',(-0.008,0.33525523056165,0.0212357704323477));
#2891=CARTESIAN_POINT('',(-0.00821533207434042,0.336143030999112,0.0240949368068515));
#2892=CARTESIAN_POINT('',(-0.00919105872065368,0.338310818436554,0.0295081756177242));
#2893=CARTESIAN_POINT('',(-0.0110157344614529,0.34198573014486,0.0358290663612023));
#2894=CARTESIAN_POINT('',(-0.012972560243547,0.34683294150081,0.0410957607061715));
#2895=CARTESIAN_POINT('',(-0.0144718841899191,0.35141641301436,0.0447020473681299));
#2896=CARTESIAN_POINT('',(-0.0154988542356785,0.355076056920718,0.0470175042040033));
#2897=CARTESIAN_POINT('',(-0.0164217321593159,0.358959353455469,0.0489929412562385));
#2898=CARTESIAN_POINT('',(-0.0174993665002029,0.364435845457544,0.0511983080957324));
#2899=CARTESIAN_POINT('',(-0.0184942609606216,0.371491152243095,0.0531124107676648));
#2900=CARTESIAN_POINT('',(-0.0191785395699742,0.380280542155668,0.0543590748112218));
#2901=CARTESIAN_POINT('',(-0.0193181626003626,0.386255509190818,0.0546));
#2902=CARTESIAN_POINT('',(-0.0193181626003626,0.389239242140454,0.0546));
#2903=CARTESIAN_POINT('',(-0.0193181626003626,0.389239242140454,0.0398));
#2904=CARTESIAN_POINT('',(-0.0193181626003626,0.384106143999849,0.0398));
#2905=CARTESIAN_POINT('',(-0.0189282693041834,0.376428875388327,0.039533636293743));
#2906=CARTESIAN_POINT('',(-0.0174609473946686,0.366455056067623,0.0383427343340781));
#2907=CARTESIAN_POINT('',(-0.0158335181309436,0.359082848829806,0.0368855309288281));
#2908=CARTESIAN_POINT('',(-0.0136699883559858,0.35196131633921,0.0346371484606786));
#2909=CARTESIAN_POINT('',(-0.0111515043895615,0.345439204116657,0.0313455076626739));
#2910=CARTESIAN_POINT('',(-0.00916680648072674,0.340761181320927,0.0271915062498649));
#2911=CARTESIAN_POINT('',(-0.00819864700940932,0.33806495150755,0.0229469457020743));
#2912=CARTESIAN_POINT('',(-0.008,0.337125890331961,0.0204945158966916));
#2913=CARTESIAN_POINT('',(-0.008,0.336787052681236,0.0192569390319705));
#2914=CARTESIAN_POINT('',(0.00649999999999984,0.338233807564735,0.0188608325979528));
#2915=CARTESIAN_POINT('',(0.00799999999999989,0.338233807564735,0.0188608325979527));
#2916=CARTESIAN_POINT('',(0.00799999999999989,0.336787052681236,0.0192569390319704));
#2917=CARTESIAN_POINT('',(0.00649999999882897,0.338541806738859,0.0199857810234479));
#2918=CARTESIAN_POINT('',(0.00799999999828754,0.338554898117789,0.020033596497061));
#2919=CARTESIAN_POINT('',(0.00799999999999991,0.337133454033108,0.0205221490974441));
#2920=CARTESIAN_POINT('',(0.00637522387656846,0.339378368787354,0.0221814284303141));
#2921=CARTESIAN_POINT('',(0.00786526059355803,0.339429928630924,0.0222999856798082));
#2922=CARTESIAN_POINT('',(0.00787065993267849,0.338088198503639,0.0229807986847341));
#2923=CARTESIAN_POINT('',(0.00591173192768519,0.341255455424053,0.0251419442730735));
#2924=CARTESIAN_POINT('',(0.00737620388585259,0.341386477667225,0.025316717500924));
#2925=CARTESIAN_POINT('',(0.00739575262693805,0.340216838133275,0.0262370322346076));
#2926=CARTESIAN_POINT('',(0.00527310991850158,0.343623119547683,0.0276883003129292));
#2927=CARTESIAN_POINT('',(0.00672214852405246,0.34382433018186,0.0278723956019696));
#2928=CARTESIAN_POINT('',(0.00674803904912533,0.342833115387144,0.0289714856438162));
#2929=CARTESIAN_POINT('',(0.00453908548207983,0.346423179902766,0.029871357886286));
#2930=CARTESIAN_POINT('',(0.00598798381740459,0.346666492035155,0.0300340256283854));
#2931=CARTESIAN_POINT('',(0.00601076850171569,0.345841254225791,0.0312649230356051));
#2932=CARTESIAN_POINT('',(0.00380642582227858,0.349462170176449,0.0316603632197912));
#2933=CARTESIAN_POINT('',(0.00526392009488832,0.349718849723219,0.0317912022714742));
#2934=CARTESIAN_POINT('',(0.00527950344805226,0.349036262016162,0.0331135653615597));
#2935=CARTESIAN_POINT('',(0.00286118481320933,0.35385468124678,0.033662879035033));
#2936=CARTESIAN_POINT('',(0.00433283207305557,0.354106104763492,0.0337526661810991));
#2937=CARTESIAN_POINT('',(0.00433931165392973,0.353585085481507,0.0351586514333069));
#2938=CARTESIAN_POINT('',(0.00184975955403045,0.359629947164878,0.0354651236714932));
#2939=CARTESIAN_POINT('',(0.00333726635718367,0.35984050337619,0.0355139815687396));
#2940=CARTESIAN_POINT('',(0.00333575024713851,0.35947625382231,0.0369746666886851));
#2941=CARTESIAN_POINT('',(0.000939390247737089,0.366835262191955,0.0368853942676504));
#2942=CARTESIAN_POINT('',(0.00243641733400091,0.366985482396578,0.0369064731418134));
#2943=CARTESIAN_POINT('',(0.00243242484365023,0.36675809546955,0.0383949671664187));
#2944=CARTESIAN_POINT('',(0.000111032043148786,0.376739491108045,0.0380514839001069));
#2945=CARTESIAN_POINT('',(0.00161241268539625,0.376811407978131,0.0380535110327927));
#2946=CARTESIAN_POINT('',(0.00160995221852991,0.376718795952196,0.0395549366909679));
#2947=CARTESIAN_POINT('',(-0.000101160681295647,0.384226512302323,0.0383));
#2948=CARTESIAN_POINT('',(0.00139883927576709,0.384254902503418,0.0382999988228705));
#2949=CARTESIAN_POINT('',(0.00139883931894271,0.384220239828113,0.0398000000002277));
#2950=CARTESIAN_POINT('',(-0.000101160681057289,0.389239242140454,0.0383));
#2951=CARTESIAN_POINT('',(0.0013988393189427,0.389239242140454,0.0383));
#2952=CARTESIAN_POINT('',(0.00139883931894271,0.389239242140454,0.0398));
#2953=CARTESIAN_POINT('',(-0.00010116068105729,0.389239242140454,0.0398));
#2954=CARTESIAN_POINT('',(0.008,0.334858046169903,0.0197850809439941));
#2955=CARTESIAN_POINT('',(0.00800000000000005,0.333411291286403,0.0201811873780118));
#2956=CARTESIAN_POINT('',(0.0065,0.333411291286403,0.0201811873780118));
#2957=CARTESIAN_POINT('',(0.00800000000000001,0.33566391982944,0.0227284859283112));
#2958=CARTESIAN_POINT('',(0.00799999999674436,0.334238371144527,0.0232020467249986));
#2959=CARTESIAN_POINT('',(0.00649999999728585,0.334214268123499,0.0231140118934362));
#2960=CARTESIAN_POINT('',(0.00760093289804531,0.337241387865876,0.0268945075710874));
#2961=CARTESIAN_POINT('',(0.00764373989227825,0.33583640088511,0.0275559280451834));
#2962=CARTESIAN_POINT('',(0.00611126368893521,0.335747735038573,0.0273444501960594));
#2963=CARTESIAN_POINT('',(0.00679950282118442,0.340029999129416,0.0320399582377402));
#2964=CARTESIAN_POINT('',(0.00688885617495547,0.338674369536815,0.0328683163552192));
#2965=CARTESIAN_POINT('',(0.0053183022544604,0.33855134640075,0.0326606758433531));
#2966=CARTESIAN_POINT('',(0.00589714378783304,0.343321079161098,0.0369163610947645));
#2967=CARTESIAN_POINT('',(0.00600374825540037,0.342076413223188,0.0379345900584077));
#2968=CARTESIAN_POINT('',(0.00442010268456924,0.341914559392809,0.03773086155632));
#2969=CARTESIAN_POINT('',(0.00497899473814672,0.347237860328301,0.0411519622990727));
#2970=CARTESIAN_POINT('',(0.00507350451469783,0.346139964466227,0.0423070836082986));
#2971=CARTESIAN_POINT('',(0.00350000423178816,0.345976103689186,0.0421550009555718));
#2972=CARTESIAN_POINT('',(0.00411902483969381,0.351838094358561,0.0447744069881572));
#2973=CARTESIAN_POINT('',(0.00418758033168826,0.350933647161097,0.0460543221744352));
#2974=CARTESIAN_POINT('',(0.00263590118118613,0.350760649424454,0.0459334431506132));
#2975=CARTESIAN_POINT('',(0.00353671944521511,0.355490567674701,0.0470906727644081));
#2976=CARTESIAN_POINT('',(0.00358745911329483,0.35472222638087,0.048436970382206));
#2977=CARTESIAN_POINT('',(0.00205015976166872,0.354557901232477,0.0483450633625549));
#2978=CARTESIAN_POINT('',(0.00301758141279448,0.359350003443656,0.0490587958185804));
#2979=CARTESIAN_POINT('',(0.0030527070198913,0.358712469967888,0.0504554258305866));
#2980=CARTESIAN_POINT('',(0.00152769687123173,0.358562906358366,0.050388892256163));
#2981=CARTESIAN_POINT('',(0.00241307223524573,0.364785928066882,0.0512522931958722));
#2982=CARTESIAN_POINT('',(0.0024322233648324,0.364305593029776,0.0526953713274814));
#2983=CARTESIAN_POINT('',(0.000919214669521208,0.364188984819799,0.0526600297786107));
#2984=CARTESIAN_POINT('',(0.00185607625705447,0.371796764955143,0.0531488837654782));
#2985=CARTESIAN_POINT('',(0.00186244409268729,0.371492718060901,0.0546277700809942));
#2986=CARTESIAN_POINT('',(0.000358645456107087,0.371412800694276,0.0546138427991613));
#2987=CARTESIAN_POINT('',(0.00147712493949595,0.380424911802889,0.0543639308791333));
#2988=CARTESIAN_POINT('',(0.00147766921201721,0.380293108404551,0.0558610996349233));
#2989=CARTESIAN_POINT('',(-2.24911442053481E-5,0.380253753518067,0.055859179974158));
#2990=CARTESIAN_POINT('',(0.00139883931894271,0.38630703572574,0.0546000000002453));
#2991=CARTESIAN_POINT('',(0.00139883930604854,0.386266892202425,0.0560999994883954));
#2992=CARTESIAN_POINT('',(-0.000101160681105093,0.386253666171703,0.0561));
#2993=CARTESIAN_POINT('',(0.00139883931894271,0.389239242140454,0.0546));
#2994=CARTESIAN_POINT('',(0.00139883931894272,0.389239242140454,0.0561));
#2995=CARTESIAN_POINT('',(-0.000101160681057291,0.389239242140454,0.0561));
#2996=CARTESIAN_POINT('',(-0.000101160681057291,0.389239242140454,0.0546));
#2997=CARTESIAN_POINT('',(-0.000101160681057291,0.389239242140454,0.0546));
#2998=CARTESIAN_POINT('',(-0.0178181626003626,0.389239242140454,0.0383));
#2999=CARTESIAN_POINT('',(-0.0193181626003626,0.389239242140454,0.0383));
#3000=CARTESIAN_POINT('',(-0.0193181626003626,0.389239242140454,0.0398));
#3001=CARTESIAN_POINT('',(-0.0178181626004784,0.386690058698718,0.0383));
#3002=CARTESIAN_POINT('',(-0.0193181626004666,0.386664593866925,0.0383000000000835));
#3003=CARTESIAN_POINT('',(-0.0193181626003626,0.386647062994145,0.0398000000000801));
#3004=CARTESIAN_POINT('',(-0.0176868807333218,0.381591005672819,0.0382106505790445));
#3005=CARTESIAN_POINT('',(-0.0191843647244456,0.381514249814722,0.0382090172528375));
#3006=CARTESIAN_POINT('',(-0.0191855638683362,0.38145473517739,0.0397069576275398));
#3007=CARTESIAN_POINT('',(-0.0170523823626043,0.374062740604484,0.037746182620092));
#3008=CARTESIAN_POINT('',(-0.0185385728297824,0.373896628986567,0.0377335707784327));
#3009=CARTESIAN_POINT('',(-0.0185435343321021,0.373762041607455,0.0392227481057226));
#3010=CARTESIAN_POINT('',(-0.0159363819456656,0.366673429199584,0.0368661096135292));
#3011=CARTESIAN_POINT('',(-0.0174044528056848,0.366408920707263,0.0368283578454845));
#3012=CARTESIAN_POINT('',(-0.0174126991972892,0.366178333812112,0.0383026542500621));
#3013=CARTESIAN_POINT('',(-0.0142849963808635,0.359432978395437,0.0354304897906478));
#3014=CARTESIAN_POINT('',(-0.0157293743562245,0.359065363062659,0.0353437923920819));
#3015=CARTESIAN_POINT('',(-0.0157380778240915,0.358706784552031,0.0367942519534786));
#3016=CARTESIAN_POINT('',(-0.0124533853015422,0.353659106747932,0.0335991373357926));
#3017=CARTESIAN_POINT('',(-0.0138809850172154,0.353226710829296,0.0334417153680262));
#3018=CARTESIAN_POINT('',(-0.0138828856242202,0.352709795325888,0.0348537110123967));
#3019=CARTESIAN_POINT('',(-0.0108328294843299,0.349404934167258,0.031642887024673));
#3020=CARTESIAN_POINT('',(-0.0122596158813296,0.348969309859306,0.0314186681874999));
#3021=CARTESIAN_POINT('',(-0.0122517408212925,0.348279236489525,0.0327627729421902));
#3022=CARTESIAN_POINT('',(-0.00960230117160558,0.346442705387697,0.0298943269486041));
#3023=CARTESIAN_POINT('',(-0.0110359969200073,0.346037853194936,0.0296226194108437));
#3024=CARTESIAN_POINT('',(-0.0110224040301534,0.345197084533493,0.0308862879973107));
#3025=CARTESIAN_POINT('',(-0.00841896476161927,0.343718523328272,0.0277870743900477));
#3026=CARTESIAN_POINT('',(-0.00986920385211004,0.343391005573778,0.0274889274313798));
#3027=CARTESIAN_POINT('',(-0.00985352675315978,0.342376900789544,0.0286232484033252));
#3028=CARTESIAN_POINT('',(-0.00739261321327671,0.341306027928851,0.0252210517319375));
#3029=CARTESIAN_POINT('',(-0.0088653181207791,0.34109959579297,0.0249462801834897));
#3030=CARTESIAN_POINT('',(-0.0088542188319406,0.339903421862334,0.0258824684925006));
#3031=CARTESIAN_POINT('',(-0.00668616868315204,0.339410249818448,0.0222546686347603));
#3032=CARTESIAN_POINT('',(-0.00817840913823021,0.339330926793379,0.0220727281659045));
#3033=CARTESIAN_POINT('',(-0.00817595042826171,0.33798013352698,0.0227530895381231));
#3034=CARTESIAN_POINT('',(-0.00650000000087732,0.338548005537758,0.0200084217629296));
#3035=CARTESIAN_POINT('',(-0.00800000000070174,0.338529203653501,0.0199397490136478));
#3036=CARTESIAN_POINT('',(-0.008,0.337108075781572,0.0204294565639915));
#3037=CARTESIAN_POINT('',(-0.0065,0.338233807564735,0.0188608325979527));
#3038=CARTESIAN_POINT('',(-0.00799999999999995,0.338233807564735,0.0188608325979528));
#3039=CARTESIAN_POINT('',(-0.008,0.336787052681236,0.0192569390319704));
#3040=CARTESIAN_POINT('',(-0.0178181626003626,0.389239242140454,0.0398));
#3041=CARTESIAN_POINT('',(-0.00649999999999978,0.333411291286403,0.0201811873780118));
#3042=CARTESIAN_POINT('',(-0.00799999999999991,0.333411291286403,0.0201811873780118));
#3043=CARTESIAN_POINT('',(-0.00799999999999985,0.334858046169903,0.019785080943994));
#3044=CARTESIAN_POINT('',(-0.00650000000127311,0.333818778282308,0.0216695090780863));
#3045=CARTESIAN_POINT('',(-0.0080000000008201,0.333800858547917,0.0216040583274214));
#3046=CARTESIAN_POINT('',(-0.00799999999999985,0.335236921855131,0.0211689015557332));
#3047=CARTESIAN_POINT('',(-0.00670545687227905,0.334752413729689,0.0246018154846143));
#3048=CARTESIAN_POINT('',(-0.00817377924868427,0.334685273104131,0.0244063246020136));
#3049=CARTESIAN_POINT('',(-0.00819652109429789,0.336084447229215,0.0239180792547458));
#3050=CARTESIAN_POINT('',(-0.00741935542330081,0.336485990669798,0.0287611364078532));
#3051=CARTESIAN_POINT('',(-0.00881340579856951,0.336358357719464,0.0284852244365523));
#3052=CARTESIAN_POINT('',(-0.00889021068176035,0.337653569088367,0.0278881061164525));
#3053=CARTESIAN_POINT('',(-0.00838314694857605,0.338588320036542,0.0327330849175261));
#3054=CARTESIAN_POINT('',(-0.0097223575742575,0.338413920599236,0.0324377675028746));
#3055=CARTESIAN_POINT('',(-0.00983679491055685,0.339594956717086,0.0317241171831286));
#3056=CARTESIAN_POINT('',(-0.00986437181921236,0.341915529294348,0.0377402710571828));
#3057=CARTESIAN_POINT('',(-0.0111665835969056,0.341685175559296,0.037448927589577));
#3058=CARTESIAN_POINT('',(-0.0113045164066523,0.342728734277657,0.03658894789541));
#3059=CARTESIAN_POINT('',(-0.0114331345829939,0.345913507756656,0.042106922370357));
#3060=CARTESIAN_POINT('',(-0.0127583673619466,0.345669805945112,0.0418779852905829));
#3061=CARTESIAN_POINT('',(-0.0128752480693216,0.346567826596638,0.040847435528432));
#3062=CARTESIAN_POINT('',(-0.0129391265999997,0.350638377962664,0.0458606727684366));
#3063=CARTESIAN_POINT('',(-0.0142965167463239,0.350370670521812,0.045671394664545));
#3064=CARTESIAN_POINT('',(-0.0143912789089612,0.351151284865306,0.0445150121240018));
#3065=CARTESIAN_POINT('',(-0.0139729924592894,0.354407667210261,0.0482720919013611));
#3066=CARTESIAN_POINT('',(-0.0153612514200853,0.354143709219162,0.0481224687124609));
#3067=CARTESIAN_POINT('',(-0.0154343214854154,0.354826204286337,0.0468760996066262));
#3068=CARTESIAN_POINT('',(-0.0149018233198442,0.358396903001048,0.050324146298083));
#3069=CARTESIAN_POINT('',(-0.0163200226983413,0.358148795455277,0.050212252305139));
#3070=CARTESIAN_POINT('',(-0.0163724873487208,0.358731256998121,0.0488901925784777));
#3071=CARTESIAN_POINT('',(-0.0159876355302867,0.364014676910881,0.052610394737867));
#3072=CARTESIAN_POINT('',(-0.0174432589482691,0.363813496826577,0.0525482603793461));
#3073=CARTESIAN_POINT('',(-0.0174697372612067,0.364249835867647,0.0511403709011339));
#3074=CARTESIAN_POINT('',(-0.0169902628079641,0.371230370656464,0.0545833466136291));
#3075=CARTESIAN_POINT('',(-0.0184741603318984,0.371089180233713,0.0545583177578331));
#3076=CARTESIAN_POINT('',(-0.0184828234982797,0.371369475165813,0.0530913798092859));
#3077=CARTESIAN_POINT('',(-0.0176785780862462,0.380177936219302,0.0558571393818297));
#3078=CARTESIAN_POINT('',(-0.0191768671596273,0.380108120411062,0.0558537166726024));
#3079=CARTESIAN_POINT('',(-0.0191775179971085,0.380234281396588,0.0543573654609069));
#3080=CARTESIAN_POINT('',(-0.0178181626004656,0.386229347623332,0.0561));
#3081=CARTESIAN_POINT('',(-0.0193181628952169,0.386205965062615,0.0561000008563904));
#3082=CARTESIAN_POINT('',(-0.0193181626003626,0.386246310929211,0.0546000000003606));
#3083=CARTESIAN_POINT('',(-0.0178181626003626,0.389239242140454,0.0561));
#3084=CARTESIAN_POINT('',(-0.0193181626003626,0.389239242140454,0.0561));
#3085=CARTESIAN_POINT('',(-0.0193181626003626,0.389239242140454,0.0546));
#3086=CARTESIAN_POINT('',(-0.0178181626003626,0.389239242140454,0.0546));
#3087=CARTESIAN_POINT('',(-0.0178181626003626,0.389239242140454,0.0546));
#3088=CARTESIAN_POINT('',(-0.00895966164070994,0.389239242140454,0.0472));
#3089=CARTESIAN_POINT('',(-0.009,0.389239242140454,0.0558));
#3090=CARTESIAN_POINT('',(-0.00895966164070994,0.389239242140454,0.0472));
#3091=CARTESIAN_POINT('',(0.001,0.389239242140454,0.0483));
#3092=CARTESIAN_POINT('',(0.001,0.389239242140454,0.0408));
#3093=CARTESIAN_POINT('',(-0.009,0.389239242140454,0.0408));
#3094=CARTESIAN_POINT('',(-0.019,0.389239242140454,0.0408));
#3095=CARTESIAN_POINT('',(-0.019,0.389239242140454,0.0483));
#3096=CARTESIAN_POINT('',(-0.00895966164070994,0.391739242140454,0.0576));
#3097=CARTESIAN_POINT('',(-0.00010116068105729,0.391739242140454,0.0576));
#3098=CARTESIAN_POINT('',(-0.00010116068105729,0.391739242140454,0.0576));
#3099=CARTESIAN_POINT('',(-0.00895966164070994,0.391739242140454,0.0576));
#3100=CARTESIAN_POINT('',(-0.0178181626003626,0.391739242140454,0.0576));
#3101=CARTESIAN_POINT('',(-0.0178181626003626,0.391739242140454,0.0576));
#3102=CARTESIAN_POINT('',(-0.00895966164070994,0.391739242140454,0.0368));
#3103=CARTESIAN_POINT('',(-0.0178181626003626,0.391739242140454,0.0368));
#3104=CARTESIAN_POINT('',(-0.0178181626003626,0.391739242140454,0.0368));
#3105=CARTESIAN_POINT('',(-0.0178181626003626,0.399056758128297,0.0368));
#3106=CARTESIAN_POINT('',(-0.0145,0.434639242140454,0.0368));
#3107=CARTESIAN_POINT('',(-0.0103150442738415,0.439372668406354,0.0368));
#3108=CARTESIAN_POINT('',(-0.0059568340623251,0.435519451781458,0.0368));
#3109=CARTESIAN_POINT('',(-0.00159862385080868,0.431666235156561,0.0368));
#3110=CARTESIAN_POINT('',(0.0136492491797943,0.417890839927103,0.0368));
#3111=CARTESIAN_POINT('',(0.0288971222103972,0.404115444697643,0.0368));
#3112=CARTESIAN_POINT('',(0.0306417957242092,0.402567393001254,0.0368));
#3113=CARTESIAN_POINT('',(0.0323864692380212,0.401019341304864,0.0368));
#3114=CARTESIAN_POINT('',(0.0285,0.396639242140454,0.0368));
#3115=CARTESIAN_POINT('',(0.0283263366089115,0.390786059001789,0.0368));
#3116=CARTESIAN_POINT('',(0.0156125879639271,0.390786059001789,0.0368));
#3117=CARTESIAN_POINT('',(0.00289883931894271,0.390786059001789,0.0368));
#3118=CARTESIAN_POINT('',(0.00289883931894271,0.391739242140454,0.0368));
#3119=CARTESIAN_POINT('',(0.00289883931894271,0.391739242140454,0.0368));
#3120=CARTESIAN_POINT('',(-0.00895966164070994,0.391739242140454,0.0368));
#3121=CARTESIAN_POINT('',(-0.00010116068105729,0.391739242140454,0.0368));
#3122=CARTESIAN_POINT('',(-0.00010116068105729,0.391739242140454,0.0368));
#3123=CARTESIAN_POINT('',(0.022,0.3982,0.0368));
#3124=CARTESIAN_POINT('',(0.024,0.3982,0.0368));
#3125=CARTESIAN_POINT('',(-0.009,0.4292,0.0368));
#3126=CARTESIAN_POINT('',(-0.007,0.4292,0.0368));
#3127=CARTESIAN_POINT('',(0.0285,0.396639242140454,0.0368));
#3128=CARTESIAN_POINT('',(0.03075,0.396639242140454,0.0368));
#3129=CARTESIAN_POINT('',(-0.0145,0.434639242140454,0.0368));
#3130=CARTESIAN_POINT('',(-0.01225,0.434639242140454,0.0368));
#3131=CARTESIAN_POINT('',(0.00289883931894271,0.391739242140454,0.0472));
#3132=CARTESIAN_POINT('',(0.00289883931894271,0.390786059001789,0.0408));
#3133=CARTESIAN_POINT('',(0.00289883931894271,0.390786059001789,0.0408));
#3134=CARTESIAN_POINT('',(0.00289883931894271,0.390786059001789,0.0398));
#3135=CARTESIAN_POINT('',(0.00289883931894271,0.391739242140454,0.0408));
#3136=CARTESIAN_POINT('',(0.00289883931894271,0.391739242140454,0.0408));
#3137=CARTESIAN_POINT('',(0.00289883931894271,0.391739242140454,0.0472));
#3138=CARTESIAN_POINT('',(0.00289883931894271,0.391739242140454,0.0546));
#3139=CARTESIAN_POINT('',(0.00289883931894271,0.389239242140454,0.0546));
#3140=CARTESIAN_POINT('',(0.00289883931894271,0.391739242140454,0.0398));
#3141=CARTESIAN_POINT('',(-0.00895966164070994,0.391739242140454,0.0472));
#3142=CARTESIAN_POINT('',(-0.00895966164070994,0.391739242140454,0.0558));
#3143=CARTESIAN_POINT('',(-0.019,0.391739242140454,0.0558));
#3144=CARTESIAN_POINT('',(0.001,0.391739242140454,0.0558));
#3145=CARTESIAN_POINT('',(-0.019,0.391739242140454,0.0472));
#3146=CARTESIAN_POINT('',(-0.019,0.391739242140454,0.0408));
#3147=CARTESIAN_POINT('',(-0.00895966164070994,0.391739242140454,0.0408));
#3148=CARTESIAN_POINT('',(-0.0178181626003626,0.391739242140454,0.0546));
#3149=CARTESIAN_POINT('',(-0.00010116068105729,0.391739242140454,0.0546));
#3150=CARTESIAN_POINT('',(-0.00895966164070994,0.391739242140454,0.0408));
#3151=CARTESIAN_POINT('',(0.001,0.391739242140454,0.0408));
#3152=CARTESIAN_POINT('',(0.001,0.391739242140454,0.0472));
#3153=CARTESIAN_POINT('',(-0.00010116068105729,0.391739242140454,0.0398));
#3154=CARTESIAN_POINT('',(-0.00010116068105729,0.391739242140454,0.0398));
#3155=CARTESIAN_POINT('',(0.00289883931894271,0.391739242140454,0.0398));
#3156=CARTESIAN_POINT('',(0.00289883931894271,0.391739242140454,0.0398));
#3157=CARTESIAN_POINT('',(-0.0178181626003626,0.391739242140454,0.0398));
#3158=CARTESIAN_POINT('',(-0.00010116068105729,0.391739242140454,0.0546));
#3159=CARTESIAN_POINT('',(-0.0178181626003626,0.391739242140454,0.0546));
#3160=CARTESIAN_POINT('',(-0.00895966164070994,0.391739242140454,0.0388));
#3161=CARTESIAN_POINT('',(0.00289883931894271,0.391739242140454,0.0408));
#3162=CARTESIAN_POINT('',(0.00676879812989063,0.415098323440635,0.0408));
#3163=CARTESIAN_POINT('',(-0.019,0.414239242140454,0.0408));
#3164=CARTESIAN_POINT('',(0.001,0.414239242140454,0.0408));
#3165=CARTESIAN_POINT('',(0.0156125879639271,0.390786059001789,0.0408));
#3166=CARTESIAN_POINT('',(0.0283263366089115,0.390786059001789,0.0408));
#3167=CARTESIAN_POINT('',(0.0285,0.396639242140454,0.0408));
#3168=CARTESIAN_POINT('',(0.0323864692380212,0.401019341304864,0.0408));
#3169=CARTESIAN_POINT('',(0.0306417957242092,0.402567393001254,0.0408));
#3170=CARTESIAN_POINT('',(0.0288971222103972,0.404115444697643,0.0408));
#3171=CARTESIAN_POINT('',(0.0136492491797943,0.417890839927103,0.0408));
#3172=CARTESIAN_POINT('',(-0.00159862385080868,0.431666235156561,0.0408));
#3173=CARTESIAN_POINT('',(-0.0059568340623251,0.435519451781458,0.0408));
#3174=CARTESIAN_POINT('',(-0.0103150442738415,0.439372668406354,0.0408));
#3175=CARTESIAN_POINT('',(-0.0145,0.434639242140454,0.0408));
#3176=CARTESIAN_POINT('',(0.022,0.3982,0.0408));
#3177=CARTESIAN_POINT('',(0.0246,0.3982,0.0408));
#3178=CARTESIAN_POINT('',(-0.009,0.4292,0.0408));
#3179=CARTESIAN_POINT('',(-0.0064,0.4292,0.0408));
#3180=CARTESIAN_POINT('',(0.0285,0.396639242140454,0.0408));
#3181=CARTESIAN_POINT('',(0.03075,0.396639242140454,0.0408));
#3182=CARTESIAN_POINT('',(-0.0145,0.434639242140454,0.0408));
#3183=CARTESIAN_POINT('',(-0.01225,0.434639242140454,0.0408));
#3184=CARTESIAN_POINT('',(-0.009,0.4292,0.0408));
#3185=CARTESIAN_POINT('',(-0.009,0.4292,0.0388));
#3186=CARTESIAN_POINT('',(-0.007,0.4292,0.0388));
#3187=CARTESIAN_POINT('',(0.022,0.3982,0.0408));
#3188=CARTESIAN_POINT('',(0.022,0.3982,0.0388));
#3189=CARTESIAN_POINT('',(0.024,0.3982,0.0388));
#3190=CARTESIAN_POINT('',(-0.0059568340623251,0.435519451781458,0.0408));
#3191=CARTESIAN_POINT('',(-0.0103150442738415,0.439372668406354,0.0408));
#3192=CARTESIAN_POINT('',(-0.00159862385080868,0.431666235156561,0.0408));
#3193=CARTESIAN_POINT('',(-0.0145,0.434639242140454,0.0408));
#3194=CARTESIAN_POINT('',(0.0156125879639271,0.390786059001789,0.0408));
#3195=CARTESIAN_POINT('',(0.0283263366089115,0.390786059001789,0.0408));
#3196=CARTESIAN_POINT('',(0.00289883931894271,0.390786059001789,0.0408));
#3197=CARTESIAN_POINT('',(0.0285,0.396639242140454,0.0408));
#3198=CARTESIAN_POINT('',(0.0323864692380212,0.401019341304864,0.0408));
#3199=CARTESIAN_POINT('',(0.0306417957242092,0.402567393001254,0.0408));
#3200=CARTESIAN_POINT('',(0.0288971222103972,0.404115444697643,0.0408));
#3201=CARTESIAN_POINT('',(0.0136492491797943,0.417890839927103,0.0408));
#3202=CARTESIAN_POINT('',(0.0285,0.396639242140454,0.0408));
#3203=CARTESIAN_POINT('',(-0.0145,0.434639242140454,0.0408));
#3204=CARTESIAN_POINT('',(-0.009,0.4292,0.0388));
#3205=CARTESIAN_POINT('',(-0.009,0.4292,0.0388));
#3206=CARTESIAN_POINT('',(-0.0064,0.4292,0.0388));
#3207=CARTESIAN_POINT('',(0.00676879812989063,0.415098323440635,0.0388));
#3208=CARTESIAN_POINT('',(0.022,0.3982,0.0388));
#3209=CARTESIAN_POINT('',(0.022,0.3982,0.0388));
#3210=CARTESIAN_POINT('',(0.0246,0.3982,0.0388));
#3211=CARTESIAN_POINT('',(0.00676879812989063,0.415098323440635,0.0388));
#3212=CARTESIAN_POINT('',(0.00289883931894271,0.391739242140454,0.0408));
#3213=CARTESIAN_POINT('',(-0.009,0.414239242140454,0.0558));
#3214=CARTESIAN_POINT('',(0.001,0.414239242140454,0.0558));
#3215=CARTESIAN_POINT('',(-0.019,0.414239242140454,0.0558));
#3216=CARTESIAN_POINT('',(-0.019,0.414239242140454,0.0483));
#3217=CARTESIAN_POINT('',(0.001,0.414239242140454,0.0483));
#3218=CARTESIAN_POINT('',(0.0032159186998187,0.41365,0.0136));
#3219=CARTESIAN_POINT('',(0.022,0.4292,0.0136));
#3220=CARTESIAN_POINT('',(0.022,0.42735,0.0136));
#3221=CARTESIAN_POINT('',(-0.009,0.4292,0.0136));
#3222=CARTESIAN_POINT('',(-0.009,0.42735,0.0136));
#3223=CARTESIAN_POINT('',(-0.009,0.3982,0.0136));
#3224=CARTESIAN_POINT('',(-0.009,0.39635,0.0136));
#3225=CARTESIAN_POINT('',(0.022,0.3982,0.0136));
#3226=CARTESIAN_POINT('',(0.022,0.39635,0.0136));
#3227=CARTESIAN_POINT('',(0.0065,0.4137,0.0136));
#3228=CARTESIAN_POINT('',(0.0065,0.4027,0.0136));
#3229=CARTESIAN_POINT('',(-0.012202163478469,0.395003379064149,0.0136));
#3230=CARTESIAN_POINT('',(-0.010154326956938,0.39295,0.0136));
#3231=CARTESIAN_POINT('',(0.0064944574573824,0.39295,0.0136));
#3232=CARTESIAN_POINT('',(0.0231432418717028,0.39295,0.0136));
#3233=CARTESIAN_POINT('',(0.0251966209358514,0.395003379064149,0.0136));
#3234=CARTESIAN_POINT('',(0.02725,0.397056758128297,0.0136));
#3235=CARTESIAN_POINT('',(0.0272,0.413682406701386,0.0136));
#3236=CARTESIAN_POINT('',(0.02715,0.430308055274475,0.0136));
#3237=CARTESIAN_POINT('',(0.0251290276372373,0.432329027637237,0.0136));
#3238=CARTESIAN_POINT('',(0.0231080552744745,0.43435,0.0136));
#3239=CARTESIAN_POINT('',(0.0065,0.43435,0.0136));
#3240=CARTESIAN_POINT('',(-0.0101080552744745,0.43435,0.0136));
#3241=CARTESIAN_POINT('',(-0.0121790276372373,0.432333897638321,0.0136));
#3242=CARTESIAN_POINT('',(0.0272,0.413682406701386,0.0136));
#3243=CARTESIAN_POINT('',(0.0272,0.413682406701386,0.0112));
#3244=CARTESIAN_POINT('',(0.02725,0.397056758128297,0.0112));
#3245=CARTESIAN_POINT('',(0.02715,0.430308055274475,0.0112));
#3246=CARTESIAN_POINT('',(0.02715,0.430308055274475,0.0136));
#3247=CARTESIAN_POINT('',(0.02725,0.397056758128297,0.0136));
#3248=CARTESIAN_POINT('',(0.0251290276372373,0.432329027637237,0.0136));
#3249=CARTESIAN_POINT('',(0.0251290276372373,0.432329027637237,0.0112));
#3250=CARTESIAN_POINT('',(0.0231080552744745,0.43435,0.0112));
#3251=CARTESIAN_POINT('',(0.0231080552744745,0.43435,0.0136));
#3252=CARTESIAN_POINT('',(0.0065,0.43435,0.0136));
#3253=CARTESIAN_POINT('',(0.0065,0.43435,0.0112));
#3254=CARTESIAN_POINT('',(-0.0101080552744745,0.43435,0.0112));
#3255=CARTESIAN_POINT('',(-0.0101080552744745,0.43435,0.0136));
#3256=CARTESIAN_POINT('',(-0.0121790276372373,0.432333897638321,0.0136));
#3257=CARTESIAN_POINT('',(-0.0121790276372373,0.432333897638321,0.0112));
#3258=CARTESIAN_POINT('',(-0.0163044317611314,0.428317795276642,0.0112));
#3259=CARTESIAN_POINT('',(-0.0127223966382998,0.43180492509093,0.0146871298142888));
#3260=CARTESIAN_POINT('',(-0.012202163478469,0.395003379064149,0.0136));
#3261=CARTESIAN_POINT('',(-0.012202163478469,0.395003379064149,0.0112));
#3262=CARTESIAN_POINT('',(-0.0162446015397602,0.399056758128297,0.0112));
#3263=CARTESIAN_POINT('',(-0.010154326956938,0.39295,0.0112));
#3264=CARTESIAN_POINT('',(-0.010154326956938,0.39295,0.0136));
#3265=CARTESIAN_POINT('',(-0.012752791727301,0.395555497607984,0.0147012605203132));
#3266=CARTESIAN_POINT('',(0.0064944574573824,0.39295,0.0136));
#3267=CARTESIAN_POINT('',(0.0064944574573824,0.39295,0.0112));
#3268=CARTESIAN_POINT('',(0.0231432418717028,0.39295,0.0112));
#3269=CARTESIAN_POINT('',(0.0231432418717028,0.39295,0.0136));
#3270=CARTESIAN_POINT('',(0.022,0.4292,0.0136));
#3271=CARTESIAN_POINT('',(0.022,0.4292,0.0122));
#3272=CARTESIAN_POINT('',(0.022,0.42735,0.0122));
#3273=CARTESIAN_POINT('',(-0.009,0.4292,0.0136));
#3274=CARTESIAN_POINT('',(-0.009,0.4292,0.0122));
#3275=CARTESIAN_POINT('',(-0.009,0.42735,0.0122));
#3276=CARTESIAN_POINT('',(-0.009,0.3982,0.0136));
#3277=CARTESIAN_POINT('',(-0.009,0.3982,0.0122));
#3278=CARTESIAN_POINT('',(-0.009,0.39635,0.0122));
#3279=CARTESIAN_POINT('',(0.022,0.3982,0.0136));
#3280=CARTESIAN_POINT('',(0.022,0.3982,0.0122));
#3281=CARTESIAN_POINT('',(0.022,0.39635,0.0122));
#3282=CARTESIAN_POINT('',(0.0065,0.4137,0.0136));
#3283=CARTESIAN_POINT('',(0.0065,0.4137,0.0112));
#3284=CARTESIAN_POINT('',(0.0065,0.4027,0.0112));
#3285=CARTESIAN_POINT('',(0.0251966209358514,0.395003379064149,0.0136));
#3286=CARTESIAN_POINT('',(0.0251966209358514,0.395003379064149,0.0112));
#3287=CARTESIAN_POINT('',(0.0032159186998187,0.41365,0.0112));
#3288=CARTESIAN_POINT('',(0.022,0.3982,0.0112));
#3289=CARTESIAN_POINT('',(0.022,0.39535,0.0112));
#3290=CARTESIAN_POINT('',(-0.009,0.3982,0.0112));
#3291=CARTESIAN_POINT('',(-0.009,0.39535,0.0112));
#3292=CARTESIAN_POINT('',(-0.009,0.4292,0.0112));
#3293=CARTESIAN_POINT('',(-0.009,0.42635,0.0112));
#3294=CARTESIAN_POINT('',(0.022,0.4292,0.0112));
#3295=CARTESIAN_POINT('',(0.022,0.42635,0.0112));
#3296=CARTESIAN_POINT('',(0.0032159186998187,0.399056758128297,0.0112));
#3297=CARTESIAN_POINT('',(-0.0188181626003626,0.399056758128297,0.0112));
#3298=CARTESIAN_POINT('',(-0.0188181626003626,0.41365,0.0112));
#3299=CARTESIAN_POINT('',(-0.0188181626003626,0.428317795276642,0.0112));
#3300=CARTESIAN_POINT('',(0.0032159186998187,0.428317795276642,0.0112));
#3301=CARTESIAN_POINT('',(-0.0175340813001813,0.430317795276642,0.0132));
#3302=CARTESIAN_POINT('',(-0.0188181626003626,0.428317795276642,0.0112));
#3303=CARTESIAN_POINT('',(-0.0188181626003626,0.428317795276642,0.0112));
#3304=CARTESIAN_POINT('',(-0.0188181626003626,0.428317795276642,0.0112));
#3305=CARTESIAN_POINT('',(-0.0208181626003626,0.41368727670247,0.0132));
#3306=CARTESIAN_POINT('',(-0.0188181626003626,0.399056758128297,0.0112));
#3307=CARTESIAN_POINT('',(-0.0188181626003626,0.399056758128297,0.0112));
#3308=CARTESIAN_POINT('',(-0.0188181626003626,0.399056758128297,0.0112));
#3309=CARTESIAN_POINT('',(-0.0175340813001813,0.397056758128297,0.0132));
#3310=CARTESIAN_POINT('',(0.022,0.3982,0.0112));
#3311=CARTESIAN_POINT('',(-0.009,0.3982,0.0112));
#3312=CARTESIAN_POINT('',(-0.009,0.4292,0.0112));
#3313=CARTESIAN_POINT('',(0.022,0.4292,0.0112));
#3314=MECHANICAL_DESIGN_GEOMETRIC_PRESENTATION_REPRESENTATION('',(#1392),
#3315);
#3315=(
GEOMETRIC_REPRESENTATION_CONTEXT(3)
GLOBAL_UNCERTAINTY_ASSIGNED_CONTEXT((#3316))
GLOBAL_UNIT_ASSIGNED_CONTEXT((#3319,#3318,#3317))
REPRESENTATION_CONTEXT('Duct Mount','TOP_LEVEL_ASSEMBLY_PART')
);
#3316=UNCERTAINTY_MEASURE_WITH_UNIT(LENGTH_MEASURE(2.E-5),#3319,
'DISTANCE_ACCURACY_VALUE','Maximum Tolerance applied to model');
#3317=(
NAMED_UNIT(*)
SI_UNIT($,.STERADIAN.)
SOLID_ANGLE_UNIT()
);
#3318=(
NAMED_UNIT(*)
PLANE_ANGLE_UNIT()
SI_UNIT($,.RADIAN.)
);
#3319=(
LENGTH_UNIT()
NAMED_UNIT(*)
SI_UNIT($,.METRE.)
);
#3320=PRODUCT_DEFINITION_SHAPE('','',#3321);
#3321=PRODUCT_DEFINITION('','',#3323,#3322);
#3322=PRODUCT_DEFINITION_CONTEXT('',#3329,'design');
#3323=PRODUCT_DEFINITION_FORMATION_WITH_SPECIFIED_SOURCE('','',#3325,
 .NOT_KNOWN.);
#3324=PRODUCT_RELATED_PRODUCT_CATEGORY('','',(#3325));
#3325=PRODUCT('Duct Mount','Duct Mount','Duct Mount',(#3327));
#3326=PRODUCT_CATEGORY('','');
#3327=PRODUCT_CONTEXT('',#3329,'mechanical');
#3328=APPLICATION_PROTOCOL_DEFINITION('international standard',
'ap242_managed_model_based_3d_engineering',2020,#3329);
#3329=APPLICATION_CONTEXT('managed model based 3d engineering');
ENDSEC;
END-ISO-10303-21;
