ISO-10303-21;
HEADER;
/* Generated by software containing ST-Developer
 * from STEP Tools, Inc. (www.steptools.com) 
 */
/* OPTION: using custom renumber hook */

FILE_DESCRIPTION(
/* description */ ('STEP AP242 Edition 2',
'CAx-IF Rec.Pracs.---Representation and Presentation of Product Manufa
cturing Information (PMI)---4.0---2014-10-13',
'CAx-IF Rec.Pracs.---3D Tessellated Geometry---0.4---2014-09-14','2;1',
'CAx-IF Rec.Pracs.---User Defined Attributes---1.5---2016-08-15'),
/* implementation_level */ '2;1');

FILE_NAME(
/* name */ 'NOT-618 - PCB_Holder',
/* time_stamp */ '2026-07-26T08:51:50Z',
/* author */ (''),
/* organization */ (''),
/* preprocessor_version */ 'ST-DEVELOPER v20',
/* originating_system */ 'ONSHAPE BY PTC INC, 1.218',
/* authorisation */ '  ');

FILE_SCHEMA (('AP242_MANAGED_MODEL_BASED_3D_ENGINEERING_MIM_LF { 1 0 10303 442 3 1 4 }'));
ENDSEC;

DATA;
#10=SHAPE_REPRESENTATION_RELATIONSHIP('','',#1014,#11);
#11=ADVANCED_BREP_SHAPE_REPRESENTATION('',(#1012),#1912);
#12=B_SPLINE_SURFACE_WITH_KNOTS('',1,3,((#1760,#1761,#1762,#1763,#1764,
#1765,#1766,#1767,#1768,#1769,#1770,#1771,#1772,#1773,#1774,#1775,#1776,
#1777),(#1778,#1779,#1780,#1781,#1782,#1783,#1784,#1785,#1786,#1787,#1788,
#1789,#1790,#1791,#1792,#1793,#1794,#1795)),.RULED_SURF.,.F.,.T.,.F.,(2,
2),(2,2,2,2,2,2,2,2,2,2,2),(0.,1.),(2.35619449019234,3.1415926535898,3.92699081698724,
4.71238898038469,5.49778714378214,6.28318530717959,7.06858347057704,7.85398163397448,
8.63937979737193,9.42477796076938,10.2101761241668),.UNSPECIFIED.);
#13=B_SPLINE_SURFACE_WITH_KNOTS('',1,3,((#1796,#1797,#1798,#1799,#1800,
#1801,#1802,#1803,#1804,#1805,#1806,#1807,#1808,#1809,#1810,#1811,#1812,
#1813),(#1814,#1815,#1816,#1817,#1818,#1819,#1820,#1821,#1822,#1823,#1824,
#1825,#1826,#1827,#1828,#1829,#1830,#1831)),.RULED_SURF.,.F.,.T.,.F.,(2,
2),(2,2,2,2,2,2,2,2,2,2,2),(0.,1.),(2.35619449019234,3.1415926535898,3.92699081698724,
4.71238898038469,5.49778714378214,6.28318530717959,7.06858347057704,7.85398163397448,
8.63937979737193,9.42477796076938,10.2101761241668),.UNSPECIFIED.);
#14=B_SPLINE_SURFACE_WITH_KNOTS('',1,3,((#1859,#1860,#1861,#1862,#1863,
#1864,#1865,#1866,#1867,#1868,#1869,#1870,#1871,#1872,#1873,#1874,#1875,
#1876,#1877,#1878,#1879,#1880,#1881,#1882,#1883,#1884),(#1885,#1886,#1887,
#1888,#1889,#1890,#1891,#1892,#1893,#1894,#1895,#1896,#1897,#1898,#1899,
#1900,#1901,#1902,#1903,#1904,#1905,#1906,#1907,#1908,#1909,#1910)),
 .RULED_SURF.,.F.,.T.,.F.,(2,2),(2,2,2,2,2,2,2,2,2,2,2,2,2,2,2),(0.,1.),
(-0.392699081698725,0.,0.392699081698724,0.785398163397448,1.5707963267949,
2.35619449019234,2.74889357189107,3.1415926535898,3.53429173528852,3.92699081698724,
4.71238898038469,5.49778714378214,5.89048622548086,6.28318530717959,6.67588438887831),
 .UNSPECIFIED.);
#15=B_SPLINE_CURVE_WITH_KNOTS('',3,(#1430,#1431,#1432,#1433,#1434,#1435,
#1436,#1437,#1438,#1439,#1440,#1441,#1442,#1443,#1444,#1445,#1446,#1447,
#1448,#1449,#1450,#1451,#1452,#1453,#1454,#1455,#1456,#1457,#1458,#1459,
#1460,#1461,#1462,#1463,#1464,#1465,#1466,#1467,#1468,#1469,#1470,#1471,
#1472,#1473),.UNSPECIFIED.,.T.,.F.,(1,1,1,1,1,1,1,1,1,1,1,1,1,1,1,1,1,1,
1,1,1,1,1,1,1,1,1,1,1,1,1,1,1,1,1,1,1,1,1,1,1,1,1,1,1,1,1,1),(-0.121414190994698,
-0.0985611636512519,-0.0492805818256259,0.,0.059375,0.0890625,0.11875,0.135078125,
0.15140625,0.167734375,0.1840625,0.1879775390625,0.191892578125,0.19972265625,
0.2153828125,0.246703125,0.2697517578125,0.292800390625,0.3158490234375,
0.32737333984375,0.33889765625,0.344752170410156,0.350606684570312,0.362315712890625,
0.38573376953125,0.4325698828125,0.479442938476562,0.526315994140625,0.573190896923828,
0.59662834831543,0.620065799707031,0.643503297276611,0.666940794846191,
0.690378292415771,0.713815789985351,0.72612047736383,0.738425164742309,
0.763034539499267,0.810026726974963,0.83287975431841,0.855732781661856,
0.878585809005302,0.901438836348748,0.950719418174374,1.,1.059375,1.0890625,
1.11875),.UNSPECIFIED.);
#16=B_SPLINE_CURVE_WITH_KNOTS('',3,(#1485,#1486,#1487,#1488,#1489,#1490,
#1491,#1492,#1493,#1494,#1495,#1496,#1497,#1498,#1499,#1500,#1501,#1502,
#1503,#1504,#1505,#1506,#1507,#1508,#1509,#1510,#1511,#1512,#1513,#1514,
#1515,#1516,#1517,#1518,#1519,#1520,#1521,#1522,#1523,#1524,#1525,#1526,
#1527,#1528),.UNSPECIFIED.,.T.,.F.,(1,1,1,1,1,1,1,1,1,1,1,1,1,1,1,1,1,1,
1,1,1,1,1,1,1,1,1,1,1,1,1,1,1,1,1,1,1,1,1,1,1,1,1,1,1,1,1,1),(-0.121414190994698,
-0.0985611636512519,-0.0492805818256259,0.,0.059375,0.0890625,0.11875,0.135078125,
0.15140625,0.167734375,0.1840625,0.1879775390625,0.191892578125,0.19972265625,
0.2153828125,0.246703125,0.2697517578125,0.292800390625,0.3158490234375,
0.32737333984375,0.33889765625,0.344752170410156,0.350606684570312,0.362315712890625,
0.38573376953125,0.4325698828125,0.479442938476562,0.526315994140625,0.573190896923828,
0.59662834831543,0.620065799707031,0.643503297276611,0.666940794846191,
0.690378292415771,0.713815789985351,0.72612047736383,0.738425164742309,
0.763034539499267,0.810026726974963,0.83287975431841,0.855732781661856,
0.878585809005302,0.901438836348748,0.950719418174374,1.,1.059375,1.0890625,
1.11875),.UNSPECIFIED.);
#17=B_SPLINE_CURVE_WITH_KNOTS('',3,(#1554,#1555,#1556,#1557,#1558,#1559,
#1560,#1561,#1562,#1563,#1564,#1565,#1566,#1567,#1568,#1569,#1570,#1571,
#1572),.UNSPECIFIED.,.T.,.F.,(1,1,1,1,1,1,1,1,1,1,1,1,1,1,1,1,1,1,1,1,1,
1,1),(-0.190789473684211,-0.128289473684211,-0.0657894736842105,0.,0.059375,
0.12171875,0.1842109375,0.246710546875,0.30921052734375,0.371710526367187,
0.434210526318359,0.496710526315918,0.559210526315796,0.62171052631579,
0.684210526315789,0.746710526315789,0.809210526315789,0.871710526315789,
0.934210526315789,1.,1.059375,1.12171875,1.1842109375),.UNSPECIFIED.);
#18=B_SPLINE_CURVE_WITH_KNOTS('',3,(#1577,#1578,#1579,#1580,#1581,#1582,
#1583,#1584,#1585,#1586,#1587,#1588,#1589,#1590,#1591,#1592,#1593,#1594,
#1595,#1596,#1597,#1598,#1599,#1600,#1601,#1602,#1603,#1604,#1605,#1606,
#1607,#1608,#1609,#1610,#1611,#1612,#1613,#1614,#1615,#1616,#1617,#1618,
#1619,#1620,#1621,#1622,#1623,#1624,#1625,#1626,#1627,#1628,#1629,#1630,
#1631),.UNSPECIFIED.,.T.,.F.,(1,1,1,1,1,1,1,1,1,1,1,1,1,1,1,1,1,1,1,1,1,
1,1,1,1,1,1,1,1,1,1,1,1,1,1,1,1,1,1,1,1,1,1,1,1,1,1,1,1,1,1,1,1,1,1,1,1,
1,1),(-0.128289473684211,-0.0970394736842106,-0.0657894736842105,0.,0.059375,
0.090546875,0.1061328125,0.12171875,0.15296484375,0.168587890625,0.1763994140625,
0.1842109375,0.188117163085937,0.192023388671875,0.19983583984375,0.2154607421875,
0.246710546875,0.262335541992187,0.277960537109375,0.293585532226562,0.301398029785156,
0.30921052734375,0.313116777282715,0.31702302722168,0.324835527099609,0.340460526855469,
0.371710526367187,0.402960526342773,0.434210526318359,0.496710526315918,
0.559210526315796,0.590460526315793,0.606085526315791,0.62171052631579,
0.65296052631579,0.66858552631579,0.67639802631579,0.684210526315789,0.688116776315789,
0.692023026315789,0.699835526315789,0.715460526315789,0.746710526315789,
0.762335526315789,0.777960526315789,0.793585526315789,0.801398026315789,
0.809210526315789,0.813116776315789,0.817023026315789,0.824835526315789,
0.840460526315789,0.871710526315789,0.902960526315789,0.934210526315789,
1.,1.059375,1.090546875,1.1061328125),.UNSPECIFIED.);
#19=B_SPLINE_CURVE_WITH_KNOTS('',3,(#1718,#1719,#1720,#1721,#1722,#1723,
#1724,#1725,#1726,#1727,#1728,#1729,#1730,#1731,#1732,#1733,#1734,#1735,
#1736),.UNSPECIFIED.,.T.,.F.,(1,1,1,1,1,1,1,1,1,1,1,1,1,1,1,1,1,1,1,1,1,
1,1),(-0.190789473684211,-0.128289473684211,-0.0657894736842105,0.,0.059375,
0.12171875,0.1842109375,0.246710546875,0.30921052734375,0.371710526367187,
0.434210526318359,0.496710526315918,0.559210526315796,0.62171052631579,
0.684210526315789,0.746710526315789,0.809210526315789,0.871710526315789,
0.934210526315789,1.,1.059375,1.12171875,1.1842109375),.UNSPECIFIED.);
#20=B_SPLINE_CURVE_WITH_KNOTS('',3,(#1738,#1739,#1740,#1741,#1742,#1743,
#1744,#1745,#1746,#1747,#1748,#1749,#1750,#1751,#1752,#1753,#1754,#1755,
#1756),.UNSPECIFIED.,.T.,.F.,(1,1,1,1,1,1,1,1,1,1,1,1,1,1,1,1,1,1,1,1,1,
1,1),(-0.190789473684211,-0.128289473684211,-0.0657894736842105,0.,0.059375,
0.12171875,0.1842109375,0.246710546875,0.30921052734375,0.371710526367187,
0.434210526318359,0.496710526315918,0.559210526315796,0.62171052631579,
0.684210526315789,0.746710526315789,0.809210526315789,0.871710526315789,
0.934210526315789,1.,1.059375,1.12171875,1.1842109375),.UNSPECIFIED.);
#21=CYLINDRICAL_SURFACE('',#1027,0.00265);
#22=CYLINDRICAL_SURFACE('',#1029,0.00265);
#23=CYLINDRICAL_SURFACE('',#1035,0.00265);
#24=CYLINDRICAL_SURFACE('',#1049,0.003);
#25=CYLINDRICAL_SURFACE('',#1053,0.003);
#26=CIRCLE('',#1019,0.003);
#27=CIRCLE('',#1022,0.00265);
#28=CIRCLE('',#1023,0.00265);
#29=CIRCLE('',#1033,0.00265);
#30=CIRCLE('',#1050,0.003);
#31=CIRCLE('',#1054,0.003);
#32=CIRCLE('',#1055,0.003);
#33=ORIENTED_EDGE('',*,*,#293,.F.);
#34=ORIENTED_EDGE('',*,*,#294,.T.);
#35=ORIENTED_EDGE('',*,*,#295,.T.);
#36=ORIENTED_EDGE('',*,*,#296,.F.);
#37=ORIENTED_EDGE('',*,*,#297,.T.);
#38=ORIENTED_EDGE('',*,*,#298,.F.);
#39=ORIENTED_EDGE('',*,*,#299,.F.);
#40=ORIENTED_EDGE('',*,*,#300,.F.);
#41=ORIENTED_EDGE('',*,*,#298,.T.);
#42=ORIENTED_EDGE('',*,*,#301,.T.);
#43=ORIENTED_EDGE('',*,*,#302,.T.);
#44=ORIENTED_EDGE('',*,*,#303,.T.);
#45=ORIENTED_EDGE('',*,*,#304,.T.);
#46=ORIENTED_EDGE('',*,*,#305,.F.);
#47=ORIENTED_EDGE('',*,*,#306,.T.);
#48=ORIENTED_EDGE('',*,*,#307,.T.);
#49=ORIENTED_EDGE('',*,*,#308,.F.);
#50=ORIENTED_EDGE('',*,*,#309,.T.);
#51=ORIENTED_EDGE('',*,*,#310,.F.);
#52=ORIENTED_EDGE('',*,*,#311,.T.);
#53=ORIENTED_EDGE('',*,*,#312,.T.);
#54=ORIENTED_EDGE('',*,*,#313,.F.);
#55=ORIENTED_EDGE('',*,*,#314,.F.);
#56=ORIENTED_EDGE('',*,*,#315,.T.);
#57=ORIENTED_EDGE('',*,*,#316,.T.);
#58=ORIENTED_EDGE('',*,*,#317,.F.);
#59=ORIENTED_EDGE('',*,*,#318,.T.);
#60=ORIENTED_EDGE('',*,*,#319,.T.);
#61=ORIENTED_EDGE('',*,*,#320,.F.);
#62=ORIENTED_EDGE('',*,*,#321,.T.);
#63=ORIENTED_EDGE('',*,*,#322,.T.);
#64=ORIENTED_EDGE('',*,*,#323,.F.);
#65=ORIENTED_EDGE('',*,*,#324,.F.);
#66=ORIENTED_EDGE('',*,*,#323,.T.);
#67=ORIENTED_EDGE('',*,*,#325,.T.);
#68=ORIENTED_EDGE('',*,*,#304,.F.);
#69=ORIENTED_EDGE('',*,*,#326,.F.);
#70=ORIENTED_EDGE('',*,*,#327,.T.);
#71=ORIENTED_EDGE('',*,*,#328,.T.);
#72=ORIENTED_EDGE('',*,*,#295,.F.);
#73=ORIENTED_EDGE('',*,*,#329,.T.);
#74=ORIENTED_EDGE('',*,*,#330,.T.);
#75=ORIENTED_EDGE('',*,*,#331,.T.);
#76=ORIENTED_EDGE('',*,*,#332,.T.);
#77=ORIENTED_EDGE('',*,*,#333,.F.);
#78=ORIENTED_EDGE('',*,*,#332,.F.);
#79=ORIENTED_EDGE('',*,*,#334,.T.);
#80=ORIENTED_EDGE('',*,*,#335,.T.);
#81=ORIENTED_EDGE('',*,*,#336,.T.);
#82=ORIENTED_EDGE('',*,*,#337,.T.);
#83=ORIENTED_EDGE('',*,*,#338,.T.);
#84=ORIENTED_EDGE('',*,*,#339,.T.);
#85=ORIENTED_EDGE('',*,*,#330,.F.);
#86=ORIENTED_EDGE('',*,*,#340,.T.);
#87=ORIENTED_EDGE('',*,*,#341,.T.);
#88=ORIENTED_EDGE('',*,*,#342,.T.);
#89=ORIENTED_EDGE('',*,*,#343,.T.);
#90=ORIENTED_EDGE('',*,*,#344,.T.);
#91=ORIENTED_EDGE('',*,*,#321,.F.);
#92=ORIENTED_EDGE('',*,*,#345,.T.);
#93=ORIENTED_EDGE('',*,*,#346,.T.);
#94=ORIENTED_EDGE('',*,*,#328,.F.);
#95=ORIENTED_EDGE('',*,*,#347,.T.);
#96=ORIENTED_EDGE('',*,*,#348,.T.);
#97=ORIENTED_EDGE('',*,*,#349,.T.);
#98=ORIENTED_EDGE('',*,*,#350,.T.);
#99=ORIENTED_EDGE('',*,*,#351,.T.);
#100=ORIENTED_EDGE('',*,*,#327,.F.);
#101=ORIENTED_EDGE('',*,*,#352,.T.);
#102=ORIENTED_EDGE('',*,*,#353,.T.);
#103=ORIENTED_EDGE('',*,*,#354,.T.);
#104=ORIENTED_EDGE('',*,*,#355,.T.);
#105=ORIENTED_EDGE('',*,*,#356,.T.);
#106=ORIENTED_EDGE('',*,*,#357,.T.);
#107=ORIENTED_EDGE('',*,*,#358,.F.);
#108=ORIENTED_EDGE('',*,*,#359,.T.);
#109=ORIENTED_EDGE('',*,*,#360,.T.);
#110=ORIENTED_EDGE('',*,*,#358,.T.);
#111=ORIENTED_EDGE('',*,*,#361,.T.);
#112=ORIENTED_EDGE('',*,*,#296,.T.);
#113=ORIENTED_EDGE('',*,*,#333,.T.);
#114=ORIENTED_EDGE('',*,*,#339,.F.);
#115=ORIENTED_EDGE('',*,*,#362,.T.);
#116=ORIENTED_EDGE('',*,*,#363,.T.);
#117=ORIENTED_EDGE('',*,*,#354,.F.);
#118=ORIENTED_EDGE('',*,*,#364,.T.);
#119=ORIENTED_EDGE('',*,*,#356,.F.);
#120=ORIENTED_EDGE('',*,*,#365,.T.);
#121=ORIENTED_EDGE('',*,*,#366,.T.);
#122=ORIENTED_EDGE('',*,*,#360,.F.);
#123=ORIENTED_EDGE('',*,*,#367,.F.);
#124=ORIENTED_EDGE('',*,*,#368,.T.);
#125=ORIENTED_EDGE('',*,*,#314,.T.);
#126=ORIENTED_EDGE('',*,*,#369,.F.);
#127=ORIENTED_EDGE('',*,*,#370,.F.);
#128=ORIENTED_EDGE('',*,*,#371,.T.);
#129=ORIENTED_EDGE('',*,*,#369,.T.);
#130=ORIENTED_EDGE('',*,*,#319,.F.);
#131=ORIENTED_EDGE('',*,*,#372,.F.);
#132=ORIENTED_EDGE('',*,*,#373,.T.);
#133=ORIENTED_EDGE('',*,*,#370,.T.);
#134=ORIENTED_EDGE('',*,*,#318,.F.);
#135=ORIENTED_EDGE('',*,*,#374,.F.);
#136=ORIENTED_EDGE('',*,*,#372,.T.);
#137=ORIENTED_EDGE('',*,*,#317,.T.);
#138=ORIENTED_EDGE('',*,*,#375,.F.);
#139=ORIENTED_EDGE('',*,*,#368,.F.);
#140=ORIENTED_EDGE('',*,*,#376,.T.);
#141=ORIENTED_EDGE('',*,*,#377,.T.);
#142=ORIENTED_EDGE('',*,*,#315,.F.);
#143=ORIENTED_EDGE('',*,*,#377,.F.);
#144=ORIENTED_EDGE('',*,*,#378,.T.);
#145=ORIENTED_EDGE('',*,*,#375,.T.);
#146=ORIENTED_EDGE('',*,*,#316,.F.);
#147=ORIENTED_EDGE('',*,*,#376,.F.);
#148=ORIENTED_EDGE('',*,*,#367,.T.);
#149=ORIENTED_EDGE('',*,*,#371,.F.);
#150=ORIENTED_EDGE('',*,*,#373,.F.);
#151=ORIENTED_EDGE('',*,*,#374,.T.);
#152=ORIENTED_EDGE('',*,*,#378,.F.);
#153=ORIENTED_EDGE('',*,*,#379,.F.);
#154=ORIENTED_EDGE('',*,*,#380,.T.);
#155=ORIENTED_EDGE('',*,*,#310,.T.);
#156=ORIENTED_EDGE('',*,*,#381,.F.);
#157=ORIENTED_EDGE('',*,*,#382,.F.);
#158=ORIENTED_EDGE('',*,*,#381,.T.);
#159=ORIENTED_EDGE('',*,*,#313,.T.);
#160=ORIENTED_EDGE('',*,*,#383,.F.);
#161=ORIENTED_EDGE('',*,*,#380,.F.);
#162=ORIENTED_EDGE('',*,*,#384,.T.);
#163=ORIENTED_EDGE('',*,*,#385,.T.);
#164=ORIENTED_EDGE('',*,*,#311,.F.);
#165=ORIENTED_EDGE('',*,*,#385,.F.);
#166=ORIENTED_EDGE('',*,*,#386,.T.);
#167=ORIENTED_EDGE('',*,*,#383,.T.);
#168=ORIENTED_EDGE('',*,*,#312,.F.);
#169=ORIENTED_EDGE('',*,*,#384,.F.);
#170=ORIENTED_EDGE('',*,*,#379,.T.);
#171=ORIENTED_EDGE('',*,*,#382,.T.);
#172=ORIENTED_EDGE('',*,*,#386,.F.);
#173=ORIENTED_EDGE('',*,*,#303,.F.);
#174=ORIENTED_EDGE('',*,*,#387,.T.);
#175=ORIENTED_EDGE('',*,*,#345,.F.);
#176=ORIENTED_EDGE('',*,*,#324,.T.);
#177=ORIENTED_EDGE('',*,*,#326,.T.);
#178=ORIENTED_EDGE('',*,*,#388,.F.);
#179=ORIENTED_EDGE('',*,*,#320,.T.);
#180=ORIENTED_EDGE('',*,*,#308,.T.);
#181=ORIENTED_EDGE('',*,*,#389,.T.);
#182=ORIENTED_EDGE('',*,*,#390,.F.);
#183=ORIENTED_EDGE('',*,*,#391,.T.);
#184=ORIENTED_EDGE('',*,*,#391,.F.);
#185=ORIENTED_EDGE('',*,*,#392,.T.);
#186=ORIENTED_EDGE('',*,*,#299,.T.);
#187=ORIENTED_EDGE('',*,*,#309,.F.);
#188=ORIENTED_EDGE('',*,*,#393,.F.);
#189=ORIENTED_EDGE('',*,*,#394,.T.);
#190=ORIENTED_EDGE('',*,*,#395,.F.);
#191=ORIENTED_EDGE('',*,*,#300,.T.);
#192=ORIENTED_EDGE('',*,*,#392,.F.);
#193=ORIENTED_EDGE('',*,*,#390,.T.);
#194=ORIENTED_EDGE('',*,*,#394,.F.);
#195=ORIENTED_EDGE('',*,*,#388,.T.);
#196=ORIENTED_EDGE('',*,*,#393,.T.);
#197=ORIENTED_EDGE('',*,*,#396,.T.);
#198=ORIENTED_EDGE('',*,*,#397,.T.);
#199=ORIENTED_EDGE('',*,*,#293,.T.);
#200=ORIENTED_EDGE('',*,*,#395,.T.);
#201=ORIENTED_EDGE('',*,*,#389,.F.);
#202=ORIENTED_EDGE('',*,*,#307,.F.);
#203=ORIENTED_EDGE('',*,*,#398,.F.);
#204=ORIENTED_EDGE('',*,*,#306,.F.);
#205=ORIENTED_EDGE('',*,*,#399,.F.);
#206=ORIENTED_EDGE('',*,*,#400,.T.);
#207=ORIENTED_EDGE('',*,*,#398,.T.);
#208=ORIENTED_EDGE('',*,*,#322,.F.);
#209=ORIENTED_EDGE('',*,*,#401,.F.);
#210=ORIENTED_EDGE('',*,*,#402,.F.);
#211=ORIENTED_EDGE('',*,*,#399,.T.);
#212=ORIENTED_EDGE('',*,*,#305,.T.);
#213=ORIENTED_EDGE('',*,*,#325,.F.);
#214=ORIENTED_EDGE('',*,*,#403,.T.);
#215=ORIENTED_EDGE('',*,*,#404,.T.);
#216=ORIENTED_EDGE('',*,*,#396,.F.);
#217=ORIENTED_EDGE('',*,*,#405,.T.);
#218=ORIENTED_EDGE('',*,*,#406,.T.);
#219=ORIENTED_EDGE('',*,*,#407,.T.);
#220=ORIENTED_EDGE('',*,*,#341,.F.);
#221=ORIENTED_EDGE('',*,*,#408,.T.);
#222=ORIENTED_EDGE('',*,*,#403,.F.);
#223=ORIENTED_EDGE('',*,*,#409,.T.);
#224=ORIENTED_EDGE('',*,*,#406,.F.);
#225=ORIENTED_EDGE('',*,*,#346,.F.);
#226=ORIENTED_EDGE('',*,*,#407,.F.);
#227=ORIENTED_EDGE('',*,*,#351,.F.);
#228=ORIENTED_EDGE('',*,*,#404,.F.);
#229=ORIENTED_EDGE('',*,*,#408,.F.);
#230=ORIENTED_EDGE('',*,*,#340,.F.);
#231=ORIENTED_EDGE('',*,*,#329,.F.);
#232=ORIENTED_EDGE('',*,*,#294,.F.);
#233=ORIENTED_EDGE('',*,*,#397,.F.);
#234=ORIENTED_EDGE('',*,*,#357,.F.);
#235=ORIENTED_EDGE('',*,*,#364,.F.);
#236=ORIENTED_EDGE('',*,*,#410,.F.);
#237=ORIENTED_EDGE('',*,*,#301,.F.);
#238=ORIENTED_EDGE('',*,*,#297,.F.);
#239=ORIENTED_EDGE('',*,*,#361,.F.);
#240=ORIENTED_EDGE('',*,*,#410,.T.);
#241=ORIENTED_EDGE('',*,*,#353,.F.);
#242=ORIENTED_EDGE('',*,*,#411,.F.);
#243=ORIENTED_EDGE('',*,*,#343,.F.);
#244=ORIENTED_EDGE('',*,*,#387,.F.);
#245=ORIENTED_EDGE('',*,*,#302,.F.);
#246=ORIENTED_EDGE('',*,*,#401,.T.);
#247=ORIENTED_EDGE('',*,*,#344,.F.);
#248=ORIENTED_EDGE('',*,*,#412,.F.);
#249=ORIENTED_EDGE('',*,*,#349,.F.);
#250=ORIENTED_EDGE('',*,*,#413,.F.);
#251=ORIENTED_EDGE('',*,*,#342,.F.);
#252=ORIENTED_EDGE('',*,*,#409,.F.);
#253=ORIENTED_EDGE('',*,*,#414,.F.);
#254=ORIENTED_EDGE('',*,*,#334,.F.);
#255=ORIENTED_EDGE('',*,*,#331,.F.);
#256=ORIENTED_EDGE('',*,*,#362,.F.);
#257=ORIENTED_EDGE('',*,*,#338,.F.);
#258=ORIENTED_EDGE('',*,*,#415,.F.);
#259=ORIENTED_EDGE('',*,*,#365,.F.);
#260=ORIENTED_EDGE('',*,*,#359,.F.);
#261=ORIENTED_EDGE('',*,*,#412,.T.);
#262=ORIENTED_EDGE('',*,*,#411,.T.);
#263=ORIENTED_EDGE('',*,*,#416,.F.);
#264=ORIENTED_EDGE('',*,*,#413,.T.);
#265=ORIENTED_EDGE('',*,*,#348,.F.);
#266=ORIENTED_EDGE('',*,*,#417,.F.);
#267=ORIENTED_EDGE('',*,*,#402,.T.);
#268=ORIENTED_EDGE('',*,*,#405,.F.);
#269=ORIENTED_EDGE('',*,*,#400,.F.);
#270=ORIENTED_EDGE('',*,*,#418,.F.);
#271=ORIENTED_EDGE('',*,*,#335,.F.);
#272=ORIENTED_EDGE('',*,*,#414,.T.);
#273=ORIENTED_EDGE('',*,*,#415,.T.);
#274=ORIENTED_EDGE('',*,*,#337,.F.);
#275=ORIENTED_EDGE('',*,*,#419,.F.);
#276=ORIENTED_EDGE('',*,*,#355,.F.);
#277=ORIENTED_EDGE('',*,*,#416,.T.);
#278=ORIENTED_EDGE('',*,*,#352,.F.);
#279=ORIENTED_EDGE('',*,*,#420,.F.);
#280=ORIENTED_EDGE('',*,*,#350,.F.);
#281=ORIENTED_EDGE('',*,*,#418,.T.);
#282=ORIENTED_EDGE('',*,*,#417,.T.);
#283=ORIENTED_EDGE('',*,*,#421,.F.);
#284=ORIENTED_EDGE('',*,*,#420,.T.);
#285=ORIENTED_EDGE('',*,*,#419,.T.);
#286=ORIENTED_EDGE('',*,*,#422,.F.);
#287=ORIENTED_EDGE('',*,*,#421,.T.);
#288=ORIENTED_EDGE('',*,*,#347,.F.);
#289=ORIENTED_EDGE('',*,*,#422,.T.);
#290=ORIENTED_EDGE('',*,*,#336,.F.);
#291=ORIENTED_EDGE('',*,*,#366,.F.);
#292=ORIENTED_EDGE('',*,*,#363,.F.);
#293=EDGE_CURVE('',#423,#424,#509,.T.);
#294=EDGE_CURVE('',#423,#425,#510,.T.);
#295=EDGE_CURVE('',#425,#426,#511,.T.);
#296=EDGE_CURVE('',#427,#426,#512,.T.);
#297=EDGE_CURVE('',#427,#428,#513,.T.);
#298=EDGE_CURVE('',#429,#428,#514,.T.);
#299=EDGE_CURVE('',#430,#429,#515,.T.);
#300=EDGE_CURVE('',#424,#430,#516,.T.);
#301=EDGE_CURVE('',#428,#431,#517,.F.);
#302=EDGE_CURVE('',#431,#432,#518,.F.);
#303=EDGE_CURVE('',#432,#433,#519,.T.);
#304=EDGE_CURVE('',#433,#434,#520,.T.);
#305=EDGE_CURVE('',#435,#434,#521,.T.);
#306=EDGE_CURVE('',#435,#436,#522,.T.);
#307=EDGE_CURVE('',#436,#437,#523,.T.);
#308=EDGE_CURVE('',#438,#437,#524,.T.);
#309=EDGE_CURVE('',#438,#429,#525,.T.);
#310=EDGE_CURVE('',#439,#440,#526,.T.);
#311=EDGE_CURVE('',#439,#441,#527,.T.);
#312=EDGE_CURVE('',#441,#442,#528,.T.);
#313=EDGE_CURVE('',#440,#442,#529,.T.);
#314=EDGE_CURVE('',#443,#444,#530,.T.);
#315=EDGE_CURVE('',#443,#445,#531,.T.);
#316=EDGE_CURVE('',#445,#446,#532,.T.);
#317=EDGE_CURVE('',#447,#446,#533,.T.);
#318=EDGE_CURVE('',#447,#448,#534,.T.);
#319=EDGE_CURVE('',#448,#444,#535,.T.);
#320=EDGE_CURVE('',#449,#449,#26,.T.);
#321=EDGE_CURVE('',#450,#451,#536,.T.);
#322=EDGE_CURVE('',#451,#452,#537,.T.);
#323=EDGE_CURVE('',#453,#452,#538,.T.);
#324=EDGE_CURVE('',#450,#453,#539,.T.);
#325=EDGE_CURVE('',#452,#434,#540,.T.);
#326=EDGE_CURVE('',#453,#433,#541,.T.);
#327=EDGE_CURVE('',#454,#454,#27,.T.);
#328=EDGE_CURVE('',#455,#455,#28,.T.);
#329=EDGE_CURVE('',#425,#456,#542,.T.);
#330=EDGE_CURVE('',#456,#457,#543,.T.);
#331=EDGE_CURVE('',#457,#458,#544,.F.);
#332=EDGE_CURVE('',#458,#459,#545,.T.);
#333=EDGE_CURVE('',#426,#459,#546,.T.);
#334=EDGE_CURVE('',#458,#460,#547,.T.);
#335=EDGE_CURVE('',#460,#461,#548,.T.);
#336=EDGE_CURVE('',#461,#462,#549,.T.);
#337=EDGE_CURVE('',#462,#463,#550,.T.);
#338=EDGE_CURVE('',#463,#464,#551,.T.);
#339=EDGE_CURVE('',#464,#459,#552,.T.);
#340=EDGE_CURVE('',#456,#465,#553,.T.);
#341=EDGE_CURVE('',#465,#466,#554,.T.);
#342=EDGE_CURVE('',#466,#457,#555,.F.);
#343=EDGE_CURVE('',#467,#468,#556,.T.);
#344=EDGE_CURVE('',#468,#451,#557,.T.);
#345=EDGE_CURVE('',#450,#467,#558,.T.);
#346=EDGE_CURVE('',#469,#469,#15,.T.);
#347=EDGE_CURVE('',#470,#471,#559,.T.);
#348=EDGE_CURVE('',#471,#472,#560,.T.);
#349=EDGE_CURVE('',#472,#473,#561,.T.);
#350=EDGE_CURVE('',#473,#470,#562,.T.);
#351=EDGE_CURVE('',#474,#474,#16,.T.);
#352=EDGE_CURVE('',#475,#476,#563,.T.);
#353=EDGE_CURVE('',#476,#477,#564,.T.);
#354=EDGE_CURVE('',#477,#478,#565,.T.);
#355=EDGE_CURVE('',#478,#475,#566,.T.);
#356=EDGE_CURVE('',#479,#480,#567,.T.);
#357=EDGE_CURVE('',#480,#481,#568,.F.);
#358=EDGE_CURVE('',#482,#481,#569,.T.);
#359=EDGE_CURVE('',#482,#479,#570,.T.);
#360=EDGE_CURVE('',#483,#483,#29,.T.);
#361=EDGE_CURVE('',#481,#427,#571,.F.);
#362=EDGE_CURVE('',#464,#482,#572,.T.);
#363=EDGE_CURVE('',#484,#484,#17,.T.);
#364=EDGE_CURVE('',#477,#480,#573,.T.);
#365=EDGE_CURVE('',#479,#478,#574,.T.);
#366=EDGE_CURVE('',#485,#485,#18,.T.);
#367=EDGE_CURVE('',#486,#487,#575,.T.);
#368=EDGE_CURVE('',#486,#443,#576,.T.);
#369=EDGE_CURVE('',#487,#444,#577,.T.);
#370=EDGE_CURVE('',#488,#448,#578,.T.);
#371=EDGE_CURVE('',#488,#487,#579,.T.);
#372=EDGE_CURVE('',#489,#447,#580,.T.);
#373=EDGE_CURVE('',#489,#488,#581,.T.);
#374=EDGE_CURVE('',#489,#490,#582,.T.);
#375=EDGE_CURVE('',#490,#446,#583,.T.);
#376=EDGE_CURVE('',#486,#491,#584,.T.);
#377=EDGE_CURVE('',#491,#445,#585,.T.);
#378=EDGE_CURVE('',#491,#490,#586,.T.);
#379=EDGE_CURVE('',#492,#493,#587,.T.);
#380=EDGE_CURVE('',#492,#439,#588,.T.);
#381=EDGE_CURVE('',#493,#440,#589,.T.);
#382=EDGE_CURVE('',#493,#494,#590,.T.);
#383=EDGE_CURVE('',#494,#442,#591,.T.);
#384=EDGE_CURVE('',#492,#495,#592,.T.);
#385=EDGE_CURVE('',#495,#441,#593,.T.);
#386=EDGE_CURVE('',#495,#494,#594,.T.);
#387=EDGE_CURVE('',#432,#467,#595,.F.);
#388=EDGE_CURVE('',#496,#496,#30,.T.);
#389=EDGE_CURVE('',#437,#497,#596,.T.);
#390=EDGE_CURVE('',#498,#497,#597,.T.);
#391=EDGE_CURVE('',#498,#438,#598,.T.);
#392=EDGE_CURVE('',#498,#430,#599,.T.);
#393=EDGE_CURVE('',#499,#499,#31,.T.);
#394=EDGE_CURVE('',#500,#500,#32,.T.);
#395=EDGE_CURVE('',#424,#497,#600,.T.);
#396=EDGE_CURVE('',#501,#502,#601,.T.);
#397=EDGE_CURVE('',#502,#423,#602,.T.);
#398=EDGE_CURVE('',#501,#436,#603,.T.);
#399=EDGE_CURVE('',#503,#435,#604,.T.);
#400=EDGE_CURVE('',#503,#501,#605,.T.);
#401=EDGE_CURVE('',#504,#451,#606,.T.);
#402=EDGE_CURVE('',#503,#504,#607,.T.);
#403=EDGE_CURVE('',#505,#506,#608,.T.);
#404=EDGE_CURVE('',#506,#502,#609,.T.);
#405=EDGE_CURVE('',#501,#505,#610,.T.);
#406=EDGE_CURVE('',#507,#507,#19,.T.);
#407=EDGE_CURVE('',#508,#508,#20,.T.);
#408=EDGE_CURVE('',#465,#506,#611,.T.);
#409=EDGE_CURVE('',#505,#466,#612,.T.);
#410=EDGE_CURVE('',#431,#477,#613,.F.);
#411=EDGE_CURVE('',#468,#476,#614,.F.);
#412=EDGE_CURVE('',#473,#468,#615,.F.);
#413=EDGE_CURVE('',#504,#472,#616,.F.);
#414=EDGE_CURVE('',#460,#505,#617,.F.);
#415=EDGE_CURVE('',#478,#463,#618,.F.);
#416=EDGE_CURVE('',#473,#476,#619,.T.);
#417=EDGE_CURVE('',#503,#471,#620,.T.);
#418=EDGE_CURVE('',#461,#503,#621,.F.);
#419=EDGE_CURVE('',#475,#462,#622,.T.);
#420=EDGE_CURVE('',#470,#475,#623,.F.);
#421=EDGE_CURVE('',#461,#471,#624,.F.);
#422=EDGE_CURVE('',#470,#462,#625,.F.);
#423=VERTEX_POINT('',#1324);
#424=VERTEX_POINT('',#1325);
#425=VERTEX_POINT('',#1327);
#426=VERTEX_POINT('',#1329);
#427=VERTEX_POINT('',#1331);
#428=VERTEX_POINT('',#1333);
#429=VERTEX_POINT('',#1335);
#430=VERTEX_POINT('',#1337);
#431=VERTEX_POINT('',#1341);
#432=VERTEX_POINT('',#1343);
#433=VERTEX_POINT('',#1345);
#434=VERTEX_POINT('',#1347);
#435=VERTEX_POINT('',#1349);
#436=VERTEX_POINT('',#1351);
#437=VERTEX_POINT('',#1353);
#438=VERTEX_POINT('',#1355);
#439=VERTEX_POINT('',#1358);
#440=VERTEX_POINT('',#1359);
#441=VERTEX_POINT('',#1361);
#442=VERTEX_POINT('',#1363);
#443=VERTEX_POINT('',#1366);
#444=VERTEX_POINT('',#1367);
#445=VERTEX_POINT('',#1369);
#446=VERTEX_POINT('',#1371);
#447=VERTEX_POINT('',#1373);
#448=VERTEX_POINT('',#1375);
#449=VERTEX_POINT('',#1379);
#450=VERTEX_POINT('',#1381);
#451=VERTEX_POINT('',#1382);
#452=VERTEX_POINT('',#1384);
#453=VERTEX_POINT('',#1386);
#454=VERTEX_POINT('',#1393);
#455=VERTEX_POINT('',#1395);
#456=VERTEX_POINT('',#1397);
#457=VERTEX_POINT('',#1399);
#458=VERTEX_POINT('',#1401);
#459=VERTEX_POINT('',#1403);
#460=VERTEX_POINT('',#1407);
#461=VERTEX_POINT('',#1409);
#462=VERTEX_POINT('',#1411);
#463=VERTEX_POINT('',#1413);
#464=VERTEX_POINT('',#1415);
#465=VERTEX_POINT('',#1419);
#466=VERTEX_POINT('',#1421);
#467=VERTEX_POINT('',#1425);
#468=VERTEX_POINT('',#1426);
#469=VERTEX_POINT('',#1474);
#470=VERTEX_POINT('',#1477);
#471=VERTEX_POINT('',#1478);
#472=VERTEX_POINT('',#1480);
#473=VERTEX_POINT('',#1482);
#474=VERTEX_POINT('',#1529);
#475=VERTEX_POINT('',#1532);
#476=VERTEX_POINT('',#1533);
#477=VERTEX_POINT('',#1535);
#478=VERTEX_POINT('',#1537);
#479=VERTEX_POINT('',#1541);
#480=VERTEX_POINT('',#1542);
#481=VERTEX_POINT('',#1544);
#482=VERTEX_POINT('',#1546);
#483=VERTEX_POINT('',#1550);
#484=VERTEX_POINT('',#1573);
#485=VERTEX_POINT('',#1632);
#486=VERTEX_POINT('',#1635);
#487=VERTEX_POINT('',#1636);
#488=VERTEX_POINT('',#1641);
#489=VERTEX_POINT('',#1645);
#490=VERTEX_POINT('',#1649);
#491=VERTEX_POINT('',#1653);
#492=VERTEX_POINT('',#1660);
#493=VERTEX_POINT('',#1661);
#494=VERTEX_POINT('',#1666);
#495=VERTEX_POINT('',#1670);
#496=VERTEX_POINT('',#1679);
#497=VERTEX_POINT('',#1682);
#498=VERTEX_POINT('',#1684);
#499=VERTEX_POINT('',#1690);
#500=VERTEX_POINT('',#1692);
#501=VERTEX_POINT('',#1699);
#502=VERTEX_POINT('',#1700);
#503=VERTEX_POINT('',#1705);
#504=VERTEX_POINT('',#1709);
#505=VERTEX_POINT('',#1713);
#506=VERTEX_POINT('',#1714);
#507=VERTEX_POINT('',#1737);
#508=VERTEX_POINT('',#1757);
#509=LINE('',#1323,#626);
#510=LINE('',#1326,#627);
#511=LINE('',#1328,#628);
#512=LINE('',#1330,#629);
#513=LINE('',#1332,#630);
#514=LINE('',#1334,#631);
#515=LINE('',#1336,#632);
#516=LINE('',#1338,#633);
#517=LINE('',#1340,#634);
#518=LINE('',#1342,#635);
#519=LINE('',#1344,#636);
#520=LINE('',#1346,#637);
#521=LINE('',#1348,#638);
#522=LINE('',#1350,#639);
#523=LINE('',#1352,#640);
#524=LINE('',#1354,#641);
#525=LINE('',#1356,#642);
#526=LINE('',#1357,#643);
#527=LINE('',#1360,#644);
#528=LINE('',#1362,#645);
#529=LINE('',#1364,#646);
#530=LINE('',#1365,#647);
#531=LINE('',#1368,#648);
#532=LINE('',#1370,#649);
#533=LINE('',#1372,#650);
#534=LINE('',#1374,#651);
#535=LINE('',#1376,#652);
#536=LINE('',#1380,#653);
#537=LINE('',#1383,#654);
#538=LINE('',#1385,#655);
#539=LINE('',#1387,#656);
#540=LINE('',#1389,#657);
#541=LINE('',#1390,#658);
#542=LINE('',#1396,#659);
#543=LINE('',#1398,#660);
#544=LINE('',#1400,#661);
#545=LINE('',#1402,#662);
#546=LINE('',#1404,#663);
#547=LINE('',#1406,#664);
#548=LINE('',#1408,#665);
#549=LINE('',#1410,#666);
#550=LINE('',#1412,#667);
#551=LINE('',#1414,#668);
#552=LINE('',#1416,#669);
#553=LINE('',#1418,#670);
#554=LINE('',#1420,#671);
#555=LINE('',#1422,#672);
#556=LINE('',#1424,#673);
#557=LINE('',#1427,#674);
#558=LINE('',#1428,#675);
#559=LINE('',#1476,#676);
#560=LINE('',#1479,#677);
#561=LINE('',#1481,#678);
#562=LINE('',#1483,#679);
#563=LINE('',#1531,#680);
#564=LINE('',#1534,#681);
#565=LINE('',#1536,#682);
#566=LINE('',#1538,#683);
#567=LINE('',#1540,#684);
#568=LINE('',#1543,#685);
#569=LINE('',#1545,#686);
#570=LINE('',#1547,#687);
#571=LINE('',#1551,#688);
#572=LINE('',#1552,#689);
#573=LINE('',#1574,#690);
#574=LINE('',#1575,#691);
#575=LINE('',#1634,#692);
#576=LINE('',#1637,#693);
#577=LINE('',#1638,#694);
#578=LINE('',#1640,#695);
#579=LINE('',#1642,#696);
#580=LINE('',#1644,#697);
#581=LINE('',#1646,#698);
#582=LINE('',#1648,#699);
#583=LINE('',#1650,#700);
#584=LINE('',#1652,#701);
#585=LINE('',#1654,#702);
#586=LINE('',#1656,#703);
#587=LINE('',#1659,#704);
#588=LINE('',#1662,#705);
#589=LINE('',#1663,#706);
#590=LINE('',#1665,#707);
#591=LINE('',#1667,#708);
#592=LINE('',#1669,#709);
#593=LINE('',#1671,#710);
#594=LINE('',#1673,#711);
#595=LINE('',#1676,#712);
#596=LINE('',#1681,#713);
#597=LINE('',#1683,#714);
#598=LINE('',#1685,#715);
#599=LINE('',#1687,#716);
#600=LINE('',#1694,#717);
#601=LINE('',#1698,#718);
#602=LINE('',#1701,#719);
#603=LINE('',#1702,#720);
#604=LINE('',#1704,#721);
#605=LINE('',#1706,#722);
#606=LINE('',#1708,#723);
#607=LINE('',#1710,#724);
#608=LINE('',#1712,#725);
#609=LINE('',#1715,#726);
#610=LINE('',#1716,#727);
#611=LINE('',#1758,#728);
#612=LINE('',#1759,#729);
#613=LINE('',#1834,#730);
#614=LINE('',#1836,#731);
#615=LINE('',#1838,#732);
#616=LINE('',#1839,#733);
#617=LINE('',#1841,#734);
#618=LINE('',#1843,#735);
#619=LINE('',#1845,#736);
#620=LINE('',#1847,#737);
#621=LINE('',#1849,#738);
#622=LINE('',#1851,#739);
#623=LINE('',#1853,#740);
#624=LINE('',#1855,#741);
#625=LINE('',#1857,#742);
#626=VECTOR('',#1082,1.);
#627=VECTOR('',#1083,1.);
#628=VECTOR('',#1084,1.);
#629=VECTOR('',#1085,1.);
#630=VECTOR('',#1086,1.);
#631=VECTOR('',#1087,1.);
#632=VECTOR('',#1088,1.);
#633=VECTOR('',#1089,1.);
#634=VECTOR('',#1092,1.);
#635=VECTOR('',#1093,1.);
#636=VECTOR('',#1094,1.);
#637=VECTOR('',#1095,1.);
#638=VECTOR('',#1096,1.);
#639=VECTOR('',#1097,1.);
#640=VECTOR('',#1098,1.);
#641=VECTOR('',#1099,1.);
#642=VECTOR('',#1100,1.);
#643=VECTOR('',#1101,1.);
#644=VECTOR('',#1102,1.);
#645=VECTOR('',#1103,1.);
#646=VECTOR('',#1104,1.);
#647=VECTOR('',#1105,1.);
#648=VECTOR('',#1106,1.);
#649=VECTOR('',#1107,1.);
#650=VECTOR('',#1108,1.);
#651=VECTOR('',#1109,1.);
#652=VECTOR('',#1110,1.);
#653=VECTOR('',#1115,1.);
#654=VECTOR('',#1116,1.);
#655=VECTOR('',#1117,1.);
#656=VECTOR('',#1118,1.);
#657=VECTOR('',#1121,1.);
#658=VECTOR('',#1122,1.);
#659=VECTOR('',#1129,1.);
#660=VECTOR('',#1130,1.);
#661=VECTOR('',#1131,1.);
#662=VECTOR('',#1132,1.);
#663=VECTOR('',#1133,1.);
#664=VECTOR('',#1136,1.);
#665=VECTOR('',#1137,1.);
#666=VECTOR('',#1138,1.);
#667=VECTOR('',#1139,1.);
#668=VECTOR('',#1140,1.);
#669=VECTOR('',#1141,1.);
#670=VECTOR('',#1144,1.);
#671=VECTOR('',#1145,1.);
#672=VECTOR('',#1146,1.);
#673=VECTOR('',#1149,1.);
#674=VECTOR('',#1150,1.);
#675=VECTOR('',#1151,1.);
#676=VECTOR('',#1156,1.);
#677=VECTOR('',#1157,1.);
#678=VECTOR('',#1158,1.);
#679=VECTOR('',#1159,1.);
#680=VECTOR('',#1164,1.);
#681=VECTOR('',#1165,1.);
#682=VECTOR('',#1166,1.);
#683=VECTOR('',#1167,1.);
#684=VECTOR('',#1170,1.);
#685=VECTOR('',#1171,1.);
#686=VECTOR('',#1172,1.);
#687=VECTOR('',#1173,1.);
#688=VECTOR('',#1178,1.);
#689=VECTOR('',#1179,1.);
#690=VECTOR('',#1182,1.);
#691=VECTOR('',#1183,1.);
#692=VECTOR('',#1188,1.);
#693=VECTOR('',#1189,1.);
#694=VECTOR('',#1190,1.);
#695=VECTOR('',#1193,1.);
#696=VECTOR('',#1194,1.);
#697=VECTOR('',#1197,1.);
#698=VECTOR('',#1198,1.);
#699=VECTOR('',#1201,1.);
#700=VECTOR('',#1202,1.);
#701=VECTOR('',#1205,1.);
#702=VECTOR('',#1206,1.);
#703=VECTOR('',#1209,1.);
#704=VECTOR('',#1214,1.);
#705=VECTOR('',#1215,1.);
#706=VECTOR('',#1216,1.);
#707=VECTOR('',#1219,1.);
#708=VECTOR('',#1220,1.);
#709=VECTOR('',#1223,1.);
#710=VECTOR('',#1224,1.);
#711=VECTOR('',#1227,1.);
#712=VECTOR('',#1232,1.);
#713=VECTOR('',#1239,1.);
#714=VECTOR('',#1240,1.);
#715=VECTOR('',#1241,1.);
#716=VECTOR('',#1244,1.);
#717=VECTOR('',#1253,1.);
#718=VECTOR('',#1260,1.);
#719=VECTOR('',#1261,1.);
#720=VECTOR('',#1262,1.);
#721=VECTOR('',#1265,1.);
#722=VECTOR('',#1266,1.);
#723=VECTOR('',#1269,1.);
#724=VECTOR('',#1270,1.);
#725=VECTOR('',#1273,1.);
#726=VECTOR('',#1274,1.);
#727=VECTOR('',#1275,1.);
#728=VECTOR('',#1278,1.);
#729=VECTOR('',#1279,1.);
#730=VECTOR('',#1284,1.);
#731=VECTOR('',#1287,1.);
#732=VECTOR('',#1290,1.);
#733=VECTOR('',#1291,1.);
#734=VECTOR('',#1294,1.);
#735=VECTOR('',#1297,1.);
#736=VECTOR('',#1300,1.);
#737=VECTOR('',#1303,1.);
#738=VECTOR('',#1306,1.);
#739=VECTOR('',#1309,1.);
#740=VECTOR('',#1312,1.);
#741=VECTOR('',#1315,1.);
#742=VECTOR('',#1318,1.);
#743=EDGE_LOOP('',(#33,#34,#35,#36,#37,#38,#39,#40));
#744=EDGE_LOOP('',(#41,#42,#43,#44,#45,#46,#47,#48,#49,#50));
#745=EDGE_LOOP('',(#51,#52,#53,#54));
#746=EDGE_LOOP('',(#55,#56,#57,#58,#59,#60));
#747=EDGE_LOOP('',(#61));
#748=EDGE_LOOP('',(#62,#63,#64,#65));
#749=EDGE_LOOP('',(#66,#67,#68,#69));
#750=EDGE_LOOP('',(#70));
#751=EDGE_LOOP('',(#71));
#752=EDGE_LOOP('',(#72,#73,#74,#75,#76,#77));
#753=EDGE_LOOP('',(#78,#79,#80,#81,#82,#83,#84));
#754=EDGE_LOOP('',(#85,#86,#87,#88));
#755=EDGE_LOOP('',(#89,#90,#91,#92));
#756=EDGE_LOOP('',(#93));
#757=EDGE_LOOP('',(#94));
#758=EDGE_LOOP('',(#95,#96,#97,#98));
#759=EDGE_LOOP('',(#99));
#760=EDGE_LOOP('',(#100));
#761=EDGE_LOOP('',(#101,#102,#103,#104));
#762=EDGE_LOOP('',(#105,#106,#107,#108));
#763=EDGE_LOOP('',(#109));
#764=EDGE_LOOP('',(#110,#111,#112,#113,#114,#115));
#765=EDGE_LOOP('',(#116));
#766=EDGE_LOOP('',(#117,#118,#119,#120));
#767=EDGE_LOOP('',(#121));
#768=EDGE_LOOP('',(#122));
#769=EDGE_LOOP('',(#123,#124,#125,#126));
#770=EDGE_LOOP('',(#127,#128,#129,#130));
#771=EDGE_LOOP('',(#131,#132,#133,#134));
#772=EDGE_LOOP('',(#135,#136,#137,#138));
#773=EDGE_LOOP('',(#139,#140,#141,#142));
#774=EDGE_LOOP('',(#143,#144,#145,#146));
#775=EDGE_LOOP('',(#147,#148,#149,#150,#151,#152));
#776=EDGE_LOOP('',(#153,#154,#155,#156));
#777=EDGE_LOOP('',(#157,#158,#159,#160));
#778=EDGE_LOOP('',(#161,#162,#163,#164));
#779=EDGE_LOOP('',(#165,#166,#167,#168));
#780=EDGE_LOOP('',(#169,#170,#171,#172));
#781=EDGE_LOOP('',(#173,#174,#175,#176,#177));
#782=EDGE_LOOP('',(#178));
#783=EDGE_LOOP('',(#179));
#784=EDGE_LOOP('',(#180,#181,#182,#183));
#785=EDGE_LOOP('',(#184,#185,#186,#187));
#786=EDGE_LOOP('',(#188));
#787=EDGE_LOOP('',(#189));
#788=EDGE_LOOP('',(#190,#191,#192,#193));
#789=EDGE_LOOP('',(#194));
#790=EDGE_LOOP('',(#195));
#791=EDGE_LOOP('',(#196));
#792=EDGE_LOOP('',(#197,#198,#199,#200,#201,#202,#203));
#793=EDGE_LOOP('',(#204,#205,#206,#207));
#794=EDGE_LOOP('',(#208,#209,#210,#211,#212,#213));
#795=EDGE_LOOP('',(#214,#215,#216,#217));
#796=EDGE_LOOP('',(#218));
#797=EDGE_LOOP('',(#219));
#798=EDGE_LOOP('',(#220,#221,#222,#223));
#799=EDGE_LOOP('',(#224));
#800=EDGE_LOOP('',(#225));
#801=EDGE_LOOP('',(#226));
#802=EDGE_LOOP('',(#227));
#803=EDGE_LOOP('',(#228,#229,#230,#231,#232,#233));
#804=EDGE_LOOP('',(#234,#235,#236,#237,#238,#239));
#805=EDGE_LOOP('',(#240,#241,#242,#243,#244,#245));
#806=EDGE_LOOP('',(#246,#247,#248,#249,#250));
#807=EDGE_LOOP('',(#251,#252,#253,#254,#255));
#808=EDGE_LOOP('',(#256,#257,#258,#259,#260));
#809=EDGE_LOOP('',(#261,#262,#263));
#810=EDGE_LOOP('',(#264,#265,#266,#267));
#811=EDGE_LOOP('',(#268,#269,#270,#271,#272));
#812=EDGE_LOOP('',(#273,#274,#275,#276));
#813=EDGE_LOOP('',(#277,#278,#279,#280));
#814=EDGE_LOOP('',(#281,#282,#283));
#815=EDGE_LOOP('',(#284,#285,#286));
#816=EDGE_LOOP('',(#287,#288,#289,#290));
#817=EDGE_LOOP('',(#291));
#818=EDGE_LOOP('',(#292));
#819=FACE_BOUND('',#743,.T.);
#820=FACE_BOUND('',#744,.T.);
#821=FACE_BOUND('',#745,.T.);
#822=FACE_BOUND('',#746,.T.);
#823=FACE_BOUND('',#747,.T.);
#824=FACE_BOUND('',#748,.T.);
#825=FACE_BOUND('',#749,.T.);
#826=FACE_BOUND('',#750,.T.);
#827=FACE_BOUND('',#751,.T.);
#828=FACE_BOUND('',#752,.T.);
#829=FACE_BOUND('',#753,.T.);
#830=FACE_BOUND('',#754,.T.);
#831=FACE_BOUND('',#755,.T.);
#832=FACE_BOUND('',#756,.T.);
#833=FACE_BOUND('',#757,.T.);
#834=FACE_BOUND('',#758,.T.);
#835=FACE_BOUND('',#759,.T.);
#836=FACE_BOUND('',#760,.T.);
#837=FACE_BOUND('',#761,.T.);
#838=FACE_BOUND('',#762,.T.);
#839=FACE_BOUND('',#763,.T.);
#840=FACE_BOUND('',#764,.T.);
#841=FACE_BOUND('',#765,.T.);
#842=FACE_BOUND('',#766,.T.);
#843=FACE_BOUND('',#767,.T.);
#844=FACE_BOUND('',#768,.T.);
#845=FACE_BOUND('',#769,.T.);
#846=FACE_BOUND('',#770,.T.);
#847=FACE_BOUND('',#771,.T.);
#848=FACE_BOUND('',#772,.T.);
#849=FACE_BOUND('',#773,.T.);
#850=FACE_BOUND('',#774,.T.);
#851=FACE_BOUND('',#775,.T.);
#852=FACE_BOUND('',#776,.T.);
#853=FACE_BOUND('',#777,.T.);
#854=FACE_BOUND('',#778,.T.);
#855=FACE_BOUND('',#779,.T.);
#856=FACE_BOUND('',#780,.T.);
#857=FACE_BOUND('',#781,.T.);
#858=FACE_BOUND('',#782,.T.);
#859=FACE_BOUND('',#783,.T.);
#860=FACE_BOUND('',#784,.T.);
#861=FACE_BOUND('',#785,.T.);
#862=FACE_BOUND('',#786,.T.);
#863=FACE_BOUND('',#787,.T.);
#864=FACE_BOUND('',#788,.T.);
#865=FACE_BOUND('',#789,.T.);
#866=FACE_BOUND('',#790,.T.);
#867=FACE_BOUND('',#791,.T.);
#868=FACE_BOUND('',#792,.T.);
#869=FACE_BOUND('',#793,.T.);
#870=FACE_BOUND('',#794,.T.);
#871=FACE_BOUND('',#795,.T.);
#872=FACE_BOUND('',#796,.T.);
#873=FACE_BOUND('',#797,.T.);
#874=FACE_BOUND('',#798,.T.);
#875=FACE_BOUND('',#799,.T.);
#876=FACE_BOUND('',#800,.T.);
#877=FACE_BOUND('',#801,.T.);
#878=FACE_BOUND('',#802,.T.);
#879=FACE_BOUND('',#803,.T.);
#880=FACE_BOUND('',#804,.T.);
#881=FACE_BOUND('',#805,.T.);
#882=FACE_BOUND('',#806,.T.);
#883=FACE_BOUND('',#807,.T.);
#884=FACE_BOUND('',#808,.T.);
#885=FACE_BOUND('',#809,.T.);
#886=FACE_BOUND('',#810,.T.);
#887=FACE_BOUND('',#811,.T.);
#888=FACE_BOUND('',#812,.T.);
#889=FACE_BOUND('',#813,.T.);
#890=FACE_BOUND('',#814,.T.);
#891=FACE_BOUND('',#815,.T.);
#892=FACE_BOUND('',#816,.T.);
#893=FACE_BOUND('',#817,.T.);
#894=FACE_BOUND('',#818,.T.);
#895=PLANE('',#1016);
#896=PLANE('',#1017);
#897=PLANE('',#1018);
#898=PLANE('',#1020);
#899=PLANE('',#1021);
#900=PLANE('',#1024);
#901=PLANE('',#1025);
#902=PLANE('',#1026);
#903=PLANE('',#1028);
#904=PLANE('',#1030);
#905=PLANE('',#1031);
#906=PLANE('',#1032);
#907=PLANE('',#1034);
#908=PLANE('',#1036);
#909=PLANE('',#1037);
#910=PLANE('',#1038);
#911=PLANE('',#1039);
#912=PLANE('',#1040);
#913=PLANE('',#1041);
#914=PLANE('',#1042);
#915=PLANE('',#1043);
#916=PLANE('',#1044);
#917=PLANE('',#1045);
#918=PLANE('',#1046);
#919=PLANE('',#1047);
#920=PLANE('',#1048);
#921=PLANE('',#1051);
#922=PLANE('',#1052);
#923=PLANE('',#1056);
#924=PLANE('',#1057);
#925=PLANE('',#1058);
#926=PLANE('',#1059);
#927=PLANE('',#1060);
#928=PLANE('',#1061);
#929=PLANE('',#1062);
#930=PLANE('',#1063);
#931=PLANE('',#1064);
#932=PLANE('',#1065);
#933=PLANE('',#1066);
#934=PLANE('',#1067);
#935=PLANE('',#1068);
#936=PLANE('',#1069);
#937=PLANE('',#1070);
#938=PLANE('',#1071);
#939=PLANE('',#1072);
#940=PLANE('',#1073);
#941=PLANE('',#1074);
#942=PLANE('',#1075);
#943=PLANE('',#1076);
#944=PLANE('',#1077);
#945=ADVANCED_FACE('',(#819),#895,.F.);
#946=ADVANCED_FACE('',(#820,#821,#822),#896,.T.);
#947=ADVANCED_FACE('',(#823,#824),#897,.T.);
#948=ADVANCED_FACE('',(#825),#898,.T.);
#949=ADVANCED_FACE('',(#826,#827,#828),#899,.F.);
#950=ADVANCED_FACE('',(#829),#900,.T.);
#951=ADVANCED_FACE('',(#830),#901,.T.);
#952=ADVANCED_FACE('',(#831),#902,.F.);
#953=ADVANCED_FACE('',(#832,#833),#21,.F.);
#954=ADVANCED_FACE('',(#834),#903,.F.);
#955=ADVANCED_FACE('',(#835,#836),#22,.F.);
#956=ADVANCED_FACE('',(#837),#904,.F.);
#957=ADVANCED_FACE('',(#838),#905,.F.);
#958=ADVANCED_FACE('',(#839,#840),#906,.F.);
#959=ADVANCED_FACE('',(#841,#842),#907,.F.);
#960=ADVANCED_FACE('',(#843,#844),#23,.F.);
#961=ADVANCED_FACE('',(#845),#908,.F.);
#962=ADVANCED_FACE('',(#846),#909,.T.);
#963=ADVANCED_FACE('',(#847),#910,.T.);
#964=ADVANCED_FACE('',(#848),#911,.F.);
#965=ADVANCED_FACE('',(#849),#912,.T.);
#966=ADVANCED_FACE('',(#850),#913,.T.);
#967=ADVANCED_FACE('',(#851),#914,.T.);
#968=ADVANCED_FACE('',(#852),#915,.F.);
#969=ADVANCED_FACE('',(#853),#916,.F.);
#970=ADVANCED_FACE('',(#854),#917,.T.);
#971=ADVANCED_FACE('',(#855),#918,.T.);
#972=ADVANCED_FACE('',(#856),#919,.T.);
#973=ADVANCED_FACE('',(#857),#920,.T.);
#974=ADVANCED_FACE('',(#858,#859),#24,.F.);
#975=ADVANCED_FACE('',(#860),#921,.F.);
#976=ADVANCED_FACE('',(#861),#922,.T.);
#977=ADVANCED_FACE('',(#862,#863),#25,.F.);
#978=ADVANCED_FACE('',(#864,#865),#923,.T.);
#979=ADVANCED_FACE('',(#866),#924,.T.);
#980=ADVANCED_FACE('',(#867),#925,.T.);
#981=ADVANCED_FACE('',(#868),#926,.T.);
#982=ADVANCED_FACE('',(#869),#927,.T.);
#983=ADVANCED_FACE('',(#870),#928,.F.);
#984=ADVANCED_FACE('',(#871),#929,.T.);
#985=ADVANCED_FACE('',(#872,#873,#874),#930,.T.);
#986=ADVANCED_FACE('',(#875,#876),#12,.T.);
#987=ADVANCED_FACE('',(#877,#878),#13,.T.);
#988=ADVANCED_FACE('',(#879),#931,.T.);
#989=ADVANCED_FACE('',(#880),#932,.F.);
#990=ADVANCED_FACE('',(#881),#933,.F.);
#991=ADVANCED_FACE('',(#882),#934,.F.);
#992=ADVANCED_FACE('',(#883),#935,.F.);
#993=ADVANCED_FACE('',(#884),#936,.T.);
#994=ADVANCED_FACE('',(#885),#937,.T.);
#995=ADVANCED_FACE('',(#886),#938,.T.);
#996=ADVANCED_FACE('',(#887),#939,.F.);
#997=ADVANCED_FACE('',(#888),#940,.T.);
#998=ADVANCED_FACE('',(#889),#941,.F.);
#999=ADVANCED_FACE('',(#890),#942,.T.);
#1000=ADVANCED_FACE('',(#891),#943,.T.);
#1001=ADVANCED_FACE('',(#892),#944,.T.);
#1002=ADVANCED_FACE('',(#893,#894),#14,.T.);
#1003=CLOSED_SHELL('',(#945,#946,#947,#948,#949,#950,#951,#952,#953,#954,
#955,#956,#957,#958,#959,#960,#961,#962,#963,#964,#965,#966,#967,#968,#969,
#970,#971,#972,#973,#974,#975,#976,#977,#978,#979,#980,#981,#982,#983,#984,
#985,#986,#987,#988,#989,#990,#991,#992,#993,#994,#995,#996,#997,#998,#999,
#1000,#1001,#1002));
#1004=STYLED_ITEM('',(#1005),#1012);
#1005=PRESENTATION_STYLE_ASSIGNMENT((#1006));
#1006=SURFACE_STYLE_USAGE(.BOTH.,#1007);
#1007=SURFACE_SIDE_STYLE('',(#1008));
#1008=SURFACE_STYLE_FILL_AREA(#1009);
#1009=FILL_AREA_STYLE('',(#1010));
#1010=FILL_AREA_STYLE_COLOUR('',#1011);
#1011=COLOUR_RGB('',0.866666666666667,0.32156862745098,0.156862745098039);
#1012=MANIFOLD_SOLID_BREP('PCB_Holder',#1003);
#1013=SHAPE_DEFINITION_REPRESENTATION(#1917,#1014);
#1014=SHAPE_REPRESENTATION('PCB_Holder',(#1015),#1912);
#1015=AXIS2_PLACEMENT_3D('',#1321,#1078,#1079);
#1016=AXIS2_PLACEMENT_3D('',#1322,#1080,#1081);
#1017=AXIS2_PLACEMENT_3D('',#1339,#1090,#1091);
#1018=AXIS2_PLACEMENT_3D('',#1377,#1111,#1112);
#1019=AXIS2_PLACEMENT_3D('',#1378,#1113,#1114);
#1020=AXIS2_PLACEMENT_3D('',#1388,#1119,#1120);
#1021=AXIS2_PLACEMENT_3D('',#1391,#1123,#1124);
#1022=AXIS2_PLACEMENT_3D('',#1392,#1125,#1126);
#1023=AXIS2_PLACEMENT_3D('',#1394,#1127,#1128);
#1024=AXIS2_PLACEMENT_3D('',#1405,#1134,#1135);
#1025=AXIS2_PLACEMENT_3D('',#1417,#1142,#1143);
#1026=AXIS2_PLACEMENT_3D('',#1423,#1147,#1148);
#1027=AXIS2_PLACEMENT_3D('',#1429,#1152,#1153);
#1028=AXIS2_PLACEMENT_3D('',#1475,#1154,#1155);
#1029=AXIS2_PLACEMENT_3D('',#1484,#1160,#1161);
#1030=AXIS2_PLACEMENT_3D('',#1530,#1162,#1163);
#1031=AXIS2_PLACEMENT_3D('',#1539,#1168,#1169);
#1032=AXIS2_PLACEMENT_3D('',#1548,#1174,#1175);
#1033=AXIS2_PLACEMENT_3D('',#1549,#1176,#1177);
#1034=AXIS2_PLACEMENT_3D('',#1553,#1180,#1181);
#1035=AXIS2_PLACEMENT_3D('',#1576,#1184,#1185);
#1036=AXIS2_PLACEMENT_3D('',#1633,#1186,#1187);
#1037=AXIS2_PLACEMENT_3D('',#1639,#1191,#1192);
#1038=AXIS2_PLACEMENT_3D('',#1643,#1195,#1196);
#1039=AXIS2_PLACEMENT_3D('',#1647,#1199,#1200);
#1040=AXIS2_PLACEMENT_3D('',#1651,#1203,#1204);
#1041=AXIS2_PLACEMENT_3D('',#1655,#1207,#1208);
#1042=AXIS2_PLACEMENT_3D('',#1657,#1210,#1211);
#1043=AXIS2_PLACEMENT_3D('',#1658,#1212,#1213);
#1044=AXIS2_PLACEMENT_3D('',#1664,#1217,#1218);
#1045=AXIS2_PLACEMENT_3D('',#1668,#1221,#1222);
#1046=AXIS2_PLACEMENT_3D('',#1672,#1225,#1226);
#1047=AXIS2_PLACEMENT_3D('',#1674,#1228,#1229);
#1048=AXIS2_PLACEMENT_3D('',#1675,#1230,#1231);
#1049=AXIS2_PLACEMENT_3D('',#1677,#1233,#1234);
#1050=AXIS2_PLACEMENT_3D('',#1678,#1235,#1236);
#1051=AXIS2_PLACEMENT_3D('',#1680,#1237,#1238);
#1052=AXIS2_PLACEMENT_3D('',#1686,#1242,#1243);
#1053=AXIS2_PLACEMENT_3D('',#1688,#1245,#1246);
#1054=AXIS2_PLACEMENT_3D('',#1689,#1247,#1248);
#1055=AXIS2_PLACEMENT_3D('',#1691,#1249,#1250);
#1056=AXIS2_PLACEMENT_3D('',#1693,#1251,#1252);
#1057=AXIS2_PLACEMENT_3D('',#1695,#1254,#1255);
#1058=AXIS2_PLACEMENT_3D('',#1696,#1256,#1257);
#1059=AXIS2_PLACEMENT_3D('',#1697,#1258,#1259);
#1060=AXIS2_PLACEMENT_3D('',#1703,#1263,#1264);
#1061=AXIS2_PLACEMENT_3D('',#1707,#1267,#1268);
#1062=AXIS2_PLACEMENT_3D('',#1711,#1271,#1272);
#1063=AXIS2_PLACEMENT_3D('',#1717,#1276,#1277);
#1064=AXIS2_PLACEMENT_3D('',#1832,#1280,#1281);
#1065=AXIS2_PLACEMENT_3D('',#1833,#1282,#1283);
#1066=AXIS2_PLACEMENT_3D('',#1835,#1285,#1286);
#1067=AXIS2_PLACEMENT_3D('',#1837,#1288,#1289);
#1068=AXIS2_PLACEMENT_3D('',#1840,#1292,#1293);
#1069=AXIS2_PLACEMENT_3D('',#1842,#1295,#1296);
#1070=AXIS2_PLACEMENT_3D('',#1844,#1298,#1299);
#1071=AXIS2_PLACEMENT_3D('',#1846,#1301,#1302);
#1072=AXIS2_PLACEMENT_3D('',#1848,#1304,#1305);
#1073=AXIS2_PLACEMENT_3D('',#1850,#1307,#1308);
#1074=AXIS2_PLACEMENT_3D('',#1852,#1310,#1311);
#1075=AXIS2_PLACEMENT_3D('',#1854,#1313,#1314);
#1076=AXIS2_PLACEMENT_3D('',#1856,#1316,#1317);
#1077=AXIS2_PLACEMENT_3D('',#1858,#1319,#1320);
#1078=DIRECTION('',(0.,0.,1.));
#1079=DIRECTION('',(1.,0.,0.));
#1080=DIRECTION('',(0.,-1.,0.));
#1081=DIRECTION('',(-1.,0.,0.));
#1082=DIRECTION('',(0.,0.,1.));
#1083=DIRECTION('',(-0.894427190999916,0.,0.447213595499958));
#1084=DIRECTION('',(1.,0.,0.));
#1085=DIRECTION('',(0.,0.,-1.));
#1086=DIRECTION('',(0.69995814608884,0.,-0.714183865488344));
#1087=DIRECTION('',(1.,0.,0.));
#1088=DIRECTION('',(0.,0.,1.));
#1089=DIRECTION('',(1.,0.,0.));
#1090=DIRECTION('',(0.,0.,-1.));
#1091=DIRECTION('',(-1.,0.,0.));
#1092=DIRECTION('',(-0.81377267019216,0.581183311226607,0.));
#1093=DIRECTION('',(-1.,0.,0.));
#1094=DIRECTION('',(0.,-1.,0.));
#1095=DIRECTION('',(1.,0.,0.));
#1096=DIRECTION('',(2.51181679779447E-16,1.,0.));
#1097=DIRECTION('',(-1.,0.,0.));
#1098=DIRECTION('',(0.,1.,0.));
#1099=DIRECTION('',(-1.,0.,0.));
#1100=DIRECTION('',(0.,1.,0.));
#1101=DIRECTION('',(0.,-1.,0.));
#1102=DIRECTION('',(-1.,0.,0.));
#1103=DIRECTION('',(0.,-1.,0.));
#1104=DIRECTION('',(-1.,0.,0.));
#1105=DIRECTION('',(-1.,0.,0.));
#1106=DIRECTION('',(0.,1.,0.));
#1107=DIRECTION('',(-1.,0.,0.));
#1108=DIRECTION('',(0.,1.,0.));
#1109=DIRECTION('',(-1.,0.,0.));
#1110=DIRECTION('',(0.,-1.,0.));
#1111=DIRECTION('',(0.,0.,-1.));
#1112=DIRECTION('',(0.,1.,0.));
#1113=DIRECTION('',(0.,0.,-1.));
#1114=DIRECTION('',(0.,1.,0.));
#1115=DIRECTION('',(1.,0.,0.));
#1116=DIRECTION('',(-2.51181679779447E-16,-1.,0.));
#1117=DIRECTION('',(1.,0.,0.));
#1118=DIRECTION('',(0.,-1.,0.));
#1119=DIRECTION('',(0.,-1.,0.));
#1120=DIRECTION('',(-1.,0.,0.));
#1121=DIRECTION('',(0.,0.,1.));
#1122=DIRECTION('',(0.,0.,1.));
#1123=DIRECTION('',(0.,0.,-1.));
#1124=DIRECTION('',(-1.,0.,0.));
#1125=DIRECTION('',(0.,0.,-1.));
#1126=DIRECTION('',(0.,1.,0.));
#1127=DIRECTION('',(0.,0.,-1.));
#1128=DIRECTION('',(0.,1.,0.));
#1129=DIRECTION('',(-0.912870929175277,-0.408248290463863,0.));
#1130=DIRECTION('',(0.,-1.,0.));
#1131=DIRECTION('',(-0.912870929175277,0.408248290463863,0.));
#1132=DIRECTION('',(1.,0.,0.));
#1133=DIRECTION('',(0.,-1.,0.));
#1134=DIRECTION('',(0.,-1.,0.));
#1135=DIRECTION('',(-1.,0.,0.));
#1136=DIRECTION('',(0.894427190999916,0.,-0.447213595499958));
#1137=DIRECTION('',(1.,0.,0.));
#1138=DIRECTION('',(0.,0.,1.));
#1139=DIRECTION('',(-1.,0.,0.));
#1140=DIRECTION('',(-0.69995814608884,0.,0.714183865488344));
#1141=DIRECTION('',(0.,0.,-1.));
#1142=DIRECTION('',(-1.,0.,0.));
#1143=DIRECTION('',(0.,1.,0.));
#1144=DIRECTION('',(0.,-0.666666666666667,-0.74535599249993));
#1145=DIRECTION('',(0.,-1.,0.));
#1146=DIRECTION('',(0.,0.666666666666667,-0.74535599249993));
#1147=DIRECTION('',(0.,-1.,0.));
#1148=DIRECTION('',(-1.,0.,0.));
#1149=DIRECTION('',(1.,0.,0.));
#1150=DIRECTION('',(0.,0.,-1.));
#1151=DIRECTION('',(0.,0.,1.));
#1152=DIRECTION('',(0.,0.,1.));
#1153=DIRECTION('',(0.,-1.,0.));
#1154=DIRECTION('',(-1.,1.81805080451718E-16,0.));
#1155=DIRECTION('',(1.81805080451718E-16,1.,0.));
#1156=DIRECTION('',(0.,0.,-1.));
#1157=DIRECTION('',(1.81805080451718E-16,1.,0.));
#1158=DIRECTION('',(0.,0.,1.));
#1159=DIRECTION('',(-1.81805080451718E-16,-1.,0.));
#1160=DIRECTION('',(0.,0.,1.));
#1161=DIRECTION('',(0.,-1.,0.));
#1162=DIRECTION('',(0.,0.,-1.));
#1163=DIRECTION('',(-1.,0.,0.));
#1164=DIRECTION('',(1.81805080451718E-16,1.,0.));
#1165=DIRECTION('',(-1.,0.,0.));
#1166=DIRECTION('',(0.,-1.,0.));
#1167=DIRECTION('',(1.,0.,0.));
#1168=DIRECTION('',(0.,0.,-1.));
#1169=DIRECTION('',(0.,1.,0.));
#1170=DIRECTION('',(0.,1.,0.));
#1171=DIRECTION('',(0.81377267019216,-0.581183311226607,0.));
#1172=DIRECTION('',(0.,1.,0.));
#1173=DIRECTION('',(0.81377267019216,0.581183311226607,0.));
#1174=DIRECTION('',(1.,0.,0.));
#1175=DIRECTION('',(0.,-1.,0.));
#1176=DIRECTION('',(1.,0.,0.));
#1177=DIRECTION('',(0.,-1.,0.));
#1178=DIRECTION('',(0.,-0.573439331563772,0.819248028997138));
#1179=DIRECTION('',(0.,0.573439331563772,0.819248028997138));
#1180=DIRECTION('',(-0.714183865488344,0.,-0.69995814608884));
#1181=DIRECTION('',(-0.69995814608884,0.,0.714183865488344));
#1182=DIRECTION('',(-0.69995814608884,0.,0.714183865488344));
#1183=DIRECTION('',(0.69995814608884,0.,-0.714183865488344));
#1184=DIRECTION('',(1.,0.,0.));
#1185=DIRECTION('',(0.,-1.,0.));
#1186=DIRECTION('',(0.,1.,0.));
#1187=DIRECTION('',(1.,0.,0.));
#1188=DIRECTION('',(-1.,0.,0.));
#1189=DIRECTION('',(0.,0.,1.));
#1190=DIRECTION('',(0.,0.,1.));
#1191=DIRECTION('',(-1.,0.,0.));
#1192=DIRECTION('',(0.,1.,0.));
#1193=DIRECTION('',(0.,0.,1.));
#1194=DIRECTION('',(0.,-1.,0.));
#1195=DIRECTION('',(0.,1.,0.));
#1196=DIRECTION('',(1.,0.,0.));
#1197=DIRECTION('',(0.,0.,1.));
#1198=DIRECTION('',(-1.,0.,0.));
#1199=DIRECTION('',(1.,0.,0.));
#1200=DIRECTION('',(0.,-1.,0.));
#1201=DIRECTION('',(0.,1.,0.));
#1202=DIRECTION('',(0.,0.,1.));
#1203=DIRECTION('',(1.,0.,0.));
#1204=DIRECTION('',(0.,-1.,0.));
#1205=DIRECTION('',(0.,1.,0.));
#1206=DIRECTION('',(0.,0.,1.));
#1207=DIRECTION('',(0.,1.,0.));
#1208=DIRECTION('',(1.,0.,0.));
#1209=DIRECTION('',(-1.,0.,0.));
#1210=DIRECTION('',(0.,0.,-1.));
#1211=DIRECTION('',(0.,1.,0.));
#1212=DIRECTION('',(-1.,0.,0.));
#1213=DIRECTION('',(0.,1.,0.));
#1214=DIRECTION('',(0.,-1.,0.));
#1215=DIRECTION('',(0.,0.,1.));
#1216=DIRECTION('',(0.,0.,1.));
#1217=DIRECTION('',(0.,1.,0.));
#1218=DIRECTION('',(1.,0.,0.));
#1219=DIRECTION('',(-1.,0.,0.));
#1220=DIRECTION('',(0.,0.,1.));
#1221=DIRECTION('',(0.,1.,0.));
#1222=DIRECTION('',(1.,0.,0.));
#1223=DIRECTION('',(-1.,0.,0.));
#1224=DIRECTION('',(0.,0.,1.));
#1225=DIRECTION('',(-1.,0.,0.));
#1226=DIRECTION('',(0.,1.,0.));
#1227=DIRECTION('',(0.,-1.,0.));
#1228=DIRECTION('',(0.,0.,-1.));
#1229=DIRECTION('',(0.,1.,0.));
#1230=DIRECTION('',(-1.,0.,0.));
#1231=DIRECTION('',(0.,1.,0.));
#1232=DIRECTION('',(0.,-0.707106781186548,0.707106781186548));
#1233=DIRECTION('',(0.,0.,1.));
#1234=DIRECTION('',(0.,-1.,0.));
#1235=DIRECTION('',(0.,0.,-1.));
#1236=DIRECTION('',(0.,1.,0.));
#1237=DIRECTION('',(0.,1.,0.));
#1238=DIRECTION('',(1.,0.,0.));
#1239=DIRECTION('',(0.,0.,-1.));
#1240=DIRECTION('',(-1.,0.,0.));
#1241=DIRECTION('',(0.,0.,1.));
#1242=DIRECTION('',(1.,0.,0.));
#1243=DIRECTION('',(0.,-1.,0.));
#1244=DIRECTION('',(0.,1.,0.));
#1245=DIRECTION('',(0.,0.,1.));
#1246=DIRECTION('',(0.,-1.,0.));
#1247=DIRECTION('',(0.,0.,-1.));
#1248=DIRECTION('',(0.,1.,0.));
#1249=DIRECTION('',(0.,0.,-1.));
#1250=DIRECTION('',(0.,1.,0.));
#1251=DIRECTION('',(0.,0.,-1.));
#1252=DIRECTION('',(0.,1.,0.));
#1253=DIRECTION('',(0.,-1.,0.));
#1254=DIRECTION('',(0.,0.,-1.));
#1255=DIRECTION('',(-1.,0.,0.));
#1256=DIRECTION('',(0.,0.,-1.));
#1257=DIRECTION('',(-1.,0.,0.));
#1258=DIRECTION('',(1.,0.,0.));
#1259=DIRECTION('',(0.,-1.,0.));
#1260=DIRECTION('',(0.,1.,0.));
#1261=DIRECTION('',(0.,0.666666666666667,0.74535599249993));
#1262=DIRECTION('',(0.,0.,1.));
#1263=DIRECTION('',(0.,1.,0.));
#1264=DIRECTION('',(1.,0.,0.));
#1265=DIRECTION('',(0.,0.,1.));
#1266=DIRECTION('',(-1.,0.,0.));
#1267=DIRECTION('',(1.,-2.51181679779447E-16,0.));
#1268=DIRECTION('',(-2.51181679779447E-16,-1.,0.));
#1269=DIRECTION('',(0.,0.,1.));
#1270=DIRECTION('',(2.51181679779447E-16,1.,0.));
#1271=DIRECTION('',(0.,0.,-1.));
#1272=DIRECTION('',(-1.,0.,0.));
#1273=DIRECTION('',(0.,1.,0.));
#1274=DIRECTION('',(0.912870929175277,0.408248290463863,0.));
#1275=DIRECTION('',(-1.,0.,0.));
#1276=DIRECTION('',(-0.447213595499958,0.,-0.894427190999916));
#1277=DIRECTION('',(-0.894427190999916,0.,0.447213595499958));
#1278=DIRECTION('',(0.894427190999916,0.,-0.447213595499958));
#1279=DIRECTION('',(-0.894427190999916,0.,0.447213595499958));
#1280=DIRECTION('',(-0.316227766016838,0.707106781186547,-0.632455532033676));
#1281=DIRECTION('',(0.894427190999916,0.,-0.447213595499958));
#1282=DIRECTION('',(-0.505004254300829,-0.707106781186548,-0.494945151646183));
#1283=DIRECTION('',(-0.69995814608884,0.,0.714183865488344));
#1284=DIRECTION('',(-0.28476887165871,0.677829879001444,-0.677829879001444));
#1285=DIRECTION('',(0.,-0.707106781186548,-0.707106781186548));
#1286=DIRECTION('',(1.,0.,0.));
#1287=DIRECTION('',(0.,0.707106781186548,-0.707106781186548));
#1288=DIRECTION('',(-0.707106781186548,-0.707106781186547,0.));
#1289=DIRECTION('',(0.,0.,1.));
#1290=DIRECTION('',(0.707106781186547,-0.707106781186548,-1.92296268638356E-16));
#1291=DIRECTION('',(-0.577350269189625,0.577350269189626,-0.577350269189627));
#1292=DIRECTION('',(0.316227766016838,0.707106781186547,0.632455532033676));
#1293=DIRECTION('',(0.894427190999916,0.,-0.447213595499958));
#1294=DIRECTION('',(0.16464716006393,-0.697456562333056,0.697456562333052));
#1295=DIRECTION('',(0.505004254300829,-0.707106781186548,0.494945151646183));
#1296=DIRECTION('',(-0.69995814608884,0.,0.714183865488344));
#1297=DIRECTION('',(0.28476887165871,0.677829879001444,0.677829879001444));
#1298=DIRECTION('',(0.577350269189627,0.577350269189625,0.577350269189625));
#1299=DIRECTION('',(0.707106781186547,-0.707106781186548,0.));
#1300=DIRECTION('',(-0.707106781186547,-3.95172902929287E-16,0.707106781186549));
#1301=DIRECTION('',(0.707106781186549,-1.28555605241576E-16,-0.707106781186546));
#1302=DIRECTION('',(-1.81805080451718E-16,-1.,0.));
#1303=DIRECTION('',(0.707106781186546,-1.15776313317224E-15,0.707106781186549));
#1304=DIRECTION('',(0.,0.707106781186545,0.70710678118655));
#1305=DIRECTION('',(1.,0.,0.));
#1306=DIRECTION('',(2.49985149229862E-15,-0.70710678118655,0.707106781186545));
#1307=DIRECTION('',(0.,-0.707106781186548,0.707106781186548));
#1308=DIRECTION('',(-1.,0.,0.));
#1309=DIRECTION('',(2.27979964804465E-15,-0.707106781186548,-0.707106781186548));
#1310=DIRECTION('',(-0.707106781186549,1.28555605241576E-16,-0.707106781186547));
#1311=DIRECTION('',(-1.81805080451718E-16,-1.,0.));
#1312=DIRECTION('',(0.707106781186547,-3.95172902929288E-16,-0.707106781186548));
#1313=DIRECTION('',(0.577350269189629,-0.577350269189621,-0.577350269189627));
#1314=DIRECTION('',(-0.707106781186547,0.,-0.707106781186548));
#1315=DIRECTION('',(-0.707106781186546,-0.707106781186549,-5.09585111891643E-15));
#1316=DIRECTION('',(0.577350269189627,-0.577350269189624,0.577350269189626));
#1317=DIRECTION('',(0.707106781186547,0.,-0.707106781186548));
#1318=DIRECTION('',(0.707106781186546,0.707106781186549,-2.77555756156289E-17));
#1319=DIRECTION('',(0.707106781186549,-0.707106781186546,0.));
#1320=DIRECTION('',(0.,0.,-1.));
#1321=CARTESIAN_POINT('',(0.,0.,0.));
#1322=CARTESIAN_POINT('',(-0.121289642517814,0.285702301887224,-0.174498574116913));
#1323=CARTESIAN_POINT('',(-0.158789642517813,0.285702301887224,-0.184498574116914));
#1324=CARTESIAN_POINT('',(-0.158789642517813,0.285702301887224,-0.182026438161914));
#1325=CARTESIAN_POINT('',(-0.158789642517813,0.285702301887224,-0.181498574116914));
#1326=CARTESIAN_POINT('',(-0.181000788135814,0.285702301887224,-0.170920865352914));
#1327=CARTESIAN_POINT('',(-0.179845370607814,0.285702301887224,-0.171498574116913));
#1328=CARTESIAN_POINT('',(-0.121289642517814,0.285702301887224,-0.171498574116913));
#1329=CARTESIAN_POINT('',(-0.162789642517813,0.285702301887224,-0.171498574116913));
#1330=CARTESIAN_POINT('',(-0.162789642517813,0.285702301887224,-0.15149942588324));
#1331=CARTESIAN_POINT('',(-0.162789642517813,0.285702301887224,-0.152114434925218));
#1332=CARTESIAN_POINT('',(-0.131267269512857,0.285702301887224,-0.184277458282885));
#1333=CARTESIAN_POINT('',(-0.140851369577832,0.285702301887224,-0.174498574116913));
#1334=CARTESIAN_POINT('',(-0.121289642517814,0.285702301887224,-0.174498574116913));
#1335=CARTESIAN_POINT('',(-0.143789642517814,0.285702301887224,-0.174498574116913));
#1336=CARTESIAN_POINT('',(-0.143789642517814,0.285702301887224,-0.181500574116914));
#1337=CARTESIAN_POINT('',(-0.143789642517814,0.285702301887224,-0.181498574116914));
#1338=CARTESIAN_POINT('',(-0.121289642517814,0.285702301887224,-0.181498574116914));
#1339=CARTESIAN_POINT('',(-0.121289642517814,0.253481042157609,-0.174498574116913));
#1340=CARTESIAN_POINT('',(-0.112658006047726,0.265567056540174,-0.174498574116913));
#1341=CARTESIAN_POINT('',(-0.139451169925721,0.284702301887224,-0.174498574116913));
#1342=CARTESIAN_POINT('',(-0.121289642517814,0.284702301887224,-0.174498574116913));
#1343=CARTESIAN_POINT('',(-0.0777896425178136,0.284702301887224,-0.174498574116913));
#1344=CARTESIAN_POINT('',(-0.0777896425178136,0.279202301887224,-0.174498574116913));
#1345=CARTESIAN_POINT('',(-0.0777896425178136,0.272702301887223,-0.174498574116913));
#1346=CARTESIAN_POINT('',(-0.0687896425178136,0.272702301887223,-0.174498574116913));
#1347=CARTESIAN_POINT('',(-0.0637896425178136,0.272702301887223,-0.174498574116913));
#1348=CARTESIAN_POINT('',(-0.0637896425178136,0.230452301887223,-0.174498574116913));
#1349=CARTESIAN_POINT('',(-0.0637896425178136,0.175202301887223,-0.174498574116913));
#1350=CARTESIAN_POINT('',(-0.111289642517814,0.175202301887223,-0.174498574116913));
#1351=CARTESIAN_POINT('',(-0.158789642517813,0.175202301887223,-0.174498574116913));
#1352=CARTESIAN_POINT('',(-0.158789642517813,0.230452301887223,-0.174498574116913));
#1353=CARTESIAN_POINT('',(-0.158789642517813,0.272702301887223,-0.174498574116913));
#1354=CARTESIAN_POINT('',(-0.152789642517813,0.272702301887223,-0.174498574116913));
#1355=CARTESIAN_POINT('',(-0.143789642517814,0.272702301887223,-0.174498574116913));
#1356=CARTESIAN_POINT('',(-0.143789642517814,0.279202301887224,-0.174498574116913));
#1357=CARTESIAN_POINT('',(-0.0647896425178136,0.230702301887223,-0.174498574116913));
#1358=CARTESIAN_POINT('',(-0.0647896425178136,0.245702301887224,-0.174498574116913));
#1359=CARTESIAN_POINT('',(-0.0647896425178136,0.215702301887224,-0.174498574116913));
#1360=CARTESIAN_POINT('',(-0.0747896425178136,0.245702301887224,-0.174498574116913));
#1361=CARTESIAN_POINT('',(-0.0847896425178136,0.245702301887224,-0.174498574116913));
#1362=CARTESIAN_POINT('',(-0.0847896425178136,0.230702301887223,-0.174498574116913));
#1363=CARTESIAN_POINT('',(-0.0847896425178136,0.215702301887224,-0.174498574116913));
#1364=CARTESIAN_POINT('',(-0.0747896425178136,0.215702301887224,-0.174498574116913));
#1365=CARTESIAN_POINT('',(-0.120789642517814,0.184202301887224,-0.174498574116913));
#1366=CARTESIAN_POINT('',(-0.115789642517814,0.184202301887224,-0.174498574116913));
#1367=CARTESIAN_POINT('',(-0.153789642517813,0.184202301887224,-0.174498574116913));
#1368=CARTESIAN_POINT('',(-0.115789642517814,0.205202301887223,-0.174498574116913));
#1369=CARTESIAN_POINT('',(-0.115789642517814,0.226202301887223,-0.174498574116913));
#1370=CARTESIAN_POINT('',(-0.120789642517814,0.226202301887223,-0.174498574116913));
#1371=CARTESIAN_POINT('',(-0.125789642517814,0.226202301887223,-0.174498574116913));
#1372=CARTESIAN_POINT('',(-0.125789642517814,0.208702301887223,-0.174498574116913));
#1373=CARTESIAN_POINT('',(-0.125789642517814,0.191202301887224,-0.174498574116913));
#1374=CARTESIAN_POINT('',(-0.139789642517814,0.191202301887224,-0.174498574116913));
#1375=CARTESIAN_POINT('',(-0.153789642517813,0.191202301887224,-0.174498574116913));
#1376=CARTESIAN_POINT('',(-0.153789642517813,0.187702301887224,-0.174498574116913));
#1377=CARTESIAN_POINT('',(-0.00778964251781364,0.0800898018872232,-0.181498574116914));
#1378=CARTESIAN_POINT('',(-0.0704092235178136,0.279027301887224,-0.181498574116914));
#1379=CARTESIAN_POINT('',(-0.0704092235178136,0.282027301887224,-0.181498574116914));
#1380=CARTESIAN_POINT('',(-0.121289642517814,0.285702301887224,-0.181498574116914));
#1381=CARTESIAN_POINT('',(-0.0777896425178136,0.285702301887224,-0.181498574116914));
#1382=CARTESIAN_POINT('',(-0.0637896425178136,0.285702301887224,-0.181498574116914));
#1383=CARTESIAN_POINT('',(-0.0637896425178136,0.0800898018872232,-0.181498574116914));
#1384=CARTESIAN_POINT('',(-0.0637896425178136,0.272702301887223,-0.181498574116914));
#1385=CARTESIAN_POINT('',(-0.0687896425178136,0.272702301887223,-0.181498574116914));
#1386=CARTESIAN_POINT('',(-0.0777896425178136,0.272702301887223,-0.181498574116914));
#1387=CARTESIAN_POINT('',(-0.0777896425178136,0.279202301887224,-0.181498574116914));
#1388=CARTESIAN_POINT('',(-0.0687896425178136,0.272702301887223,-0.181500574116914));
#1389=CARTESIAN_POINT('',(-0.0637896425178136,0.272702301887223,-0.181500574116914));
#1390=CARTESIAN_POINT('',(-0.0777896425178136,0.272702301887223,-0.181500574116914));
#1391=CARTESIAN_POINT('',(-0.121289642517814,0.253481042157609,-0.171498574116913));
#1392=CARTESIAN_POINT('',(-0.172789642517814,0.258452301887224,-0.171498574116913));
#1393=CARTESIAN_POINT('',(-0.172789642517814,0.261102301887223,-0.171498574116913));
#1394=CARTESIAN_POINT('',(-0.172789642517814,0.198452301887224,-0.171498574116913));
#1395=CARTESIAN_POINT('',(-0.172789642517814,0.201102301887224,-0.171498574116913));
#1396=CARTESIAN_POINT('',(-0.139808218547814,0.303607460613555,-0.171498574116913));
#1397=CARTESIAN_POINT('',(-0.182789642517813,0.284385583460223,-0.171498574116913));
#1398=CARTESIAN_POINT('',(-0.182789642517813,0.228452301887223,-0.171498574116913));
#1399=CARTESIAN_POINT('',(-0.182789642517813,0.172519020314224,-0.171498574116913));
#1400=CARTESIAN_POINT('',(-0.139808218547814,0.153297143160892,-0.171498574116913));
#1401=CARTESIAN_POINT('',(-0.179845370607814,0.171202301887224,-0.171498574116913));
#1402=CARTESIAN_POINT('',(-0.121289642517814,0.171202301887224,-0.171498574116913));
#1403=CARTESIAN_POINT('',(-0.162789642517813,0.171202301887224,-0.171498574116913));
#1404=CARTESIAN_POINT('',(-0.162789642517813,0.228452301887223,-0.171498574116913));
#1405=CARTESIAN_POINT('',(-0.121289642517814,0.171202301887224,-0.174498574116913));
#1406=CARTESIAN_POINT('',(-0.131800788135814,0.171202301887224,-0.195520865352914));
#1407=CARTESIAN_POINT('',(-0.161845370607815,0.171202301887224,-0.180498574116914));
#1408=CARTESIAN_POINT('',(-0.121289642517814,0.171202301887224,-0.180498574116914));
#1409=CARTESIAN_POINT('',(-0.0637896425178136,0.171202301887224,-0.180498574116914));
#1410=CARTESIAN_POINT('',(-0.0637896425178136,0.171202301887224,-0.171498574116913));
#1411=CARTESIAN_POINT('',(-0.0637896425178136,0.171202301887224,-0.175498574116913));
#1412=CARTESIAN_POINT('',(-0.138190814427326,0.171202301887224,-0.175498574116913));
#1413=CARTESIAN_POINT('',(-0.139871288425186,0.171202301887224,-0.175498574116913));
#1414=CARTESIAN_POINT('',(-0.160646377979767,0.171202301887224,-0.154301258467596));
#1415=CARTESIAN_POINT('',(-0.162789642517813,0.171202301887224,-0.152114434925218));
#1416=CARTESIAN_POINT('',(-0.162789642517813,0.171202301887224,-0.15149942588324));
#1417=CARTESIAN_POINT('',(-0.182789642517813,0.228452301887223,-0.174498574116913));
#1418=CARTESIAN_POINT('',(-0.182789642517813,0.258035635220557,-0.200958711850661));
#1419=CARTESIAN_POINT('',(-0.182789642517813,0.281702301887224,-0.174498574116913));
#1420=CARTESIAN_POINT('',(-0.182789642517813,0.228452301887223,-0.174498574116913));
#1421=CARTESIAN_POINT('',(-0.182789642517813,0.175202301887223,-0.174498574116913));
#1422=CARTESIAN_POINT('',(-0.182789642517813,0.19886896855389,-0.200958711850661));
#1423=CARTESIAN_POINT('',(-0.121289642517814,0.285702301887224,-0.174498574116913));
#1424=CARTESIAN_POINT('',(-0.121289642517814,0.285702301887224,-0.175498574116913));
#1425=CARTESIAN_POINT('',(-0.0777896425178136,0.285702301887224,-0.175498574116913));
#1426=CARTESIAN_POINT('',(-0.0637896425178136,0.285702301887224,-0.175498574116913));
#1427=CARTESIAN_POINT('',(-0.0637896425178136,0.285702301887224,-0.174498574116913));
#1428=CARTESIAN_POINT('',(-0.0777896425178136,0.285702301887224,-0.181500574116914));
#1429=CARTESIAN_POINT('',(-0.172789642517814,0.198452301887224,-0.174498574116913));
#1430=CARTESIAN_POINT('',(-0.170213045509998,0.199247074434695,-0.179221037375532));
#1431=CARTESIAN_POINT('',(-0.170094121755871,0.198396653088629,-0.17934191829927));
#1432=CARTESIAN_POINT('',(-0.170224657175688,0.197659744814755,-0.179209616417681));
#1433=CARTESIAN_POINT('',(-0.170513761808405,0.197061448898413,-0.178931769183199));
#1434=CARTESIAN_POINT('',(-0.170788634015968,0.196700393755109,-0.17866864570251));
#1435=CARTESIAN_POINT('',(-0.171024340085032,0.196470719386369,-0.178440612515729));
#1436=CARTESIAN_POINT('',(-0.171222475748158,0.196309736129782,-0.178248287170858));
#1437=CARTESIAN_POINT('',(-0.171455250325575,0.196157210078941,-0.178023013781361));
#1438=CARTESIAN_POINT('',(-0.171643598327131,0.19605982646552,-0.177841220864611));
#1439=CARTESIAN_POINT('',(-0.171786167931579,0.195999411541675,-0.177703606074557));
#1440=CARTESIAN_POINT('',(-0.171833916224051,0.195980430735189,-0.177657411868014));
#1441=CARTESIAN_POINT('',(-0.171949543427229,0.195937128121168,-0.177545305873277));
#1442=CARTESIAN_POINT('',(-0.172201718133144,0.195859512667448,-0.177300752141733));
#1443=CARTESIAN_POINT('',(-0.172648846234208,0.195783613223682,-0.176870334672011));
#1444=CARTESIAN_POINT('',(-0.173214885571773,0.195822474851939,-0.176325656163474));
#1445=CARTESIAN_POINT('',(-0.173621330967222,0.195926403857767,-0.175936563379478));
#1446=CARTESIAN_POINT('',(-0.173904105813857,0.196043617020094,-0.175661691440054));
#1447=CARTESIAN_POINT('',(-0.174092306026471,0.196142825390174,-0.175477716107609));
#1448=CARTESIAN_POINT('',(-0.17419758765515,0.196206672865283,-0.175374854970251));
#1449=CARTESIAN_POINT('',(-0.174270368623993,0.196253930954887,-0.175304243085016));
#1450=CARTESIAN_POINT('',(-0.174394456639794,0.196341099327674,-0.175184311967814));
#1451=CARTESIAN_POINT('',(-0.174575078835391,0.196486335776916,-0.175010286596619));
#1452=CARTESIAN_POINT('',(-0.174910031403568,0.196825119543239,-0.174688283921343));
#1453=CARTESIAN_POINT('',(-0.175235680912938,0.197343098553961,-0.174372369057221));
#1454=CARTESIAN_POINT('',(-0.175459096943408,0.198115870182654,-0.174157439994769));
#1455=CARTESIAN_POINT('',(-0.175438587965756,0.198899816223596,-0.174174563881727));
#1456=CARTESIAN_POINT('',(-0.175244873058081,0.1995034968214,-0.174364872451518));
#1457=CARTESIAN_POINT('',(-0.174986848593491,0.199953653546361,-0.174612559027593));
#1458=CARTESIAN_POINT('',(-0.174717741287598,0.20028313760002,-0.174870788616404));
#1459=CARTESIAN_POINT('',(-0.174480141509788,0.20050178214854,-0.175101727707485));
#1460=CARTESIAN_POINT('',(-0.174183273570732,0.200716977300997,-0.175391122945936));
#1461=CARTESIAN_POINT('',(-0.173831370263702,0.200901696769871,-0.175730767427702));
#1462=CARTESIAN_POINT('',(-0.173465856322587,0.201022258023103,-0.176081466453545));
#1463=CARTESIAN_POINT('',(-0.173182806994494,0.201075639284803,-0.17635479246187));
#1464=CARTESIAN_POINT('',(-0.172916687383125,0.201105409854367,-0.176609950702932));
#1465=CARTESIAN_POINT('',(-0.172441766118222,0.201101562729456,-0.177071100928355));
#1466=CARTESIAN_POINT('',(-0.171954919635888,0.200994726001135,-0.177541024884917));
#1467=CARTESIAN_POINT('',(-0.171430548029498,0.200740303246597,-0.178046299514635));
#1468=CARTESIAN_POINT('',(-0.171108553651683,0.200512890949606,-0.178356468667983));
#1469=CARTESIAN_POINT('',(-0.170834976420107,0.200252646859919,-0.178622002426127));
#1470=CARTESIAN_POINT('',(-0.170541670263081,0.199893812085078,-0.178907024476642));
#1471=CARTESIAN_POINT('',(-0.170213045509998,0.199247074434695,-0.179221037375532));
#1472=CARTESIAN_POINT('',(-0.170094121755871,0.198396653088629,-0.17934191829927));
#1473=CARTESIAN_POINT('',(-0.170224657175688,0.197659744814755,-0.179209616417681));
#1474=CARTESIAN_POINT('',(-0.170139642517813,0.198452301887224,-0.179295710071913));
#1475=CARTESIAN_POINT('',(-0.0597896425178136,0.228452301887223,-0.174498574116913));
#1476=CARTESIAN_POINT('',(-0.0597896425178136,0.175202301887223,-0.184498574116914));
#1477=CARTESIAN_POINT('',(-0.0597896425178136,0.175202301887223,-0.175498574116913));
#1478=CARTESIAN_POINT('',(-0.0597896425178136,0.175202301887223,-0.180498574116914));
#1479=CARTESIAN_POINT('',(-0.0597896425178136,0.285702301887224,-0.180498574116914));
#1480=CARTESIAN_POINT('',(-0.0597896425178136,0.281702301887224,-0.180498574116914));
#1481=CARTESIAN_POINT('',(-0.0597896425178136,0.281702301887224,-0.174498574116913));
#1482=CARTESIAN_POINT('',(-0.0597896425178136,0.281702301887224,-0.175498574116913));
#1483=CARTESIAN_POINT('',(-0.0597896425178136,0.228452301887223,-0.175498574116913));
#1484=CARTESIAN_POINT('',(-0.172789642517814,0.258452301887224,-0.174498574116913));
#1485=CARTESIAN_POINT('',(-0.170213045509935,0.259247074434533,-0.179221037375542));
#1486=CARTESIAN_POINT('',(-0.1700941217559,0.258396653088648,-0.179341918299269));
#1487=CARTESIAN_POINT('',(-0.170224657175654,0.257659744814886,-0.179209616417673));
#1488=CARTESIAN_POINT('',(-0.170513761808329,0.257061448898521,-0.178931769183213));
#1489=CARTESIAN_POINT('',(-0.170788634015984,0.256700393755091,-0.178668645702465));
#1490=CARTESIAN_POINT('',(-0.171024340084967,0.256470719386433,-0.178440612515815));
#1491=CARTESIAN_POINT('',(-0.171222475748007,0.256309736129893,-0.178248287171024));
#1492=CARTESIAN_POINT('',(-0.171455250325436,0.25615721007902,-0.178023013781503));
#1493=CARTESIAN_POINT('',(-0.171643598327052,0.256059826465554,-0.177841220864688));
#1494=CARTESIAN_POINT('',(-0.171786167931588,0.255999411541671,-0.177703606074548));
#1495=CARTESIAN_POINT('',(-0.171833916224046,0.255980430735191,-0.177657411868019));
#1496=CARTESIAN_POINT('',(-0.171949543427233,0.255937128121167,-0.177545305873273));
#1497=CARTESIAN_POINT('',(-0.172201718133141,0.255859512667449,-0.177300752141736));
#1498=CARTESIAN_POINT('',(-0.172648846234213,0.255783613223682,-0.176870334672006));
#1499=CARTESIAN_POINT('',(-0.173214885571761,0.255822474851938,-0.176325656163486));
#1500=CARTESIAN_POINT('',(-0.173621330967208,0.255926403857762,-0.175936563379493));
#1501=CARTESIAN_POINT('',(-0.173904105813844,0.256043617020088,-0.175661691440067));
#1502=CARTESIAN_POINT('',(-0.174092306026464,0.256142825390169,-0.175477716107617));
#1503=CARTESIAN_POINT('',(-0.174197587655146,0.256206672865281,-0.175374854970256));
#1504=CARTESIAN_POINT('',(-0.174270368623993,0.256253930954887,-0.175304243085015));
#1505=CARTESIAN_POINT('',(-0.174394456639787,0.25634109932767,-0.175184311967819));
#1506=CARTESIAN_POINT('',(-0.174575078835381,0.256486335776906,-0.175010286596627));
#1507=CARTESIAN_POINT('',(-0.174910031403553,0.256825119543218,-0.174688283921358));
#1508=CARTESIAN_POINT('',(-0.175235680912943,0.257343098553973,-0.174372369057217));
#1509=CARTESIAN_POINT('',(-0.175459096943399,0.258115870182614,-0.174157439994779));
#1510=CARTESIAN_POINT('',(-0.175438587965769,0.258899816223573,-0.174174563881726));
#1511=CARTESIAN_POINT('',(-0.175244873058054,0.259503496821477,-0.174364872451517));
#1512=CARTESIAN_POINT('',(-0.17498684859344,0.259953653546426,-0.174612559027605));
#1513=CARTESIAN_POINT('',(-0.174717741287621,0.260283137599997,-0.174870788616371));
#1514=CARTESIAN_POINT('',(-0.174480141509684,0.260501782148635,-0.175101727707609));
#1515=CARTESIAN_POINT('',(-0.174183273570559,0.260716977301105,-0.175391122946114));
#1516=CARTESIAN_POINT('',(-0.173831370263527,0.260901696769939,-0.175730767427867));
#1517=CARTESIAN_POINT('',(-0.173465856322542,0.261022258023111,-0.176081466453583));
#1518=CARTESIAN_POINT('',(-0.173182806994503,0.261075639284802,-0.176354792461866));
#1519=CARTESIAN_POINT('',(-0.17291668738312,0.261105409854368,-0.176609950702944));
#1520=CARTESIAN_POINT('',(-0.172441766118222,0.261101562729453,-0.177071100928351));
#1521=CARTESIAN_POINT('',(-0.171954919635906,0.26099472600115,-0.177541024884905));
#1522=CARTESIAN_POINT('',(-0.1714305480294,0.260740303246545,-0.178046299514725));
#1523=CARTESIAN_POINT('',(-0.171108553651558,0.260512890949506,-0.178356468668114));
#1524=CARTESIAN_POINT('',(-0.170834976420012,0.260252646859807,-0.178622002426245));
#1525=CARTESIAN_POINT('',(-0.170541670263116,0.259893812085122,-0.17890702447661));
#1526=CARTESIAN_POINT('',(-0.170213045509935,0.259247074434533,-0.179221037375542));
#1527=CARTESIAN_POINT('',(-0.1700941217559,0.258396653088648,-0.179341918299269));
#1528=CARTESIAN_POINT('',(-0.170224657175654,0.257659744814886,-0.179209616417673));
#1529=CARTESIAN_POINT('',(-0.170139642517813,0.258452301887224,-0.179295710071913));
#1530=CARTESIAN_POINT('',(-0.121289642517814,0.253481042157609,-0.171498574116913));
#1531=CARTESIAN_POINT('',(-0.0637896425178136,0.253481042157609,-0.171498574116913));
#1532=CARTESIAN_POINT('',(-0.0637896425178136,0.175202301887223,-0.171498574116913));
#1533=CARTESIAN_POINT('',(-0.0637896425178136,0.281702301887224,-0.171498574116913));
#1534=CARTESIAN_POINT('',(-0.121289642517814,0.281702301887224,-0.171498574116913));
#1535=CARTESIAN_POINT('',(-0.138190814427326,0.281702301887224,-0.171498574116913));
#1536=CARTESIAN_POINT('',(-0.138190814427326,0.285704301887224,-0.171498574116913));
#1537=CARTESIAN_POINT('',(-0.138190814427326,0.175202301887223,-0.171498574116913));
#1538=CARTESIAN_POINT('',(-0.0597896425178136,0.175202301887223,-0.171498574116913));
#1539=CARTESIAN_POINT('',(-0.168039642517814,0.97250602965761,-0.15150142588324));
#1540=CARTESIAN_POINT('',(-0.157789642517813,0.228452301887223,-0.15150142588324));
#1541=CARTESIAN_POINT('',(-0.157789642517813,0.175202301887223,-0.15150142588324));
#1542=CARTESIAN_POINT('',(-0.157789642517813,0.281702301887224,-0.15150142588324));
#1543=CARTESIAN_POINT('',(-0.151300216156497,0.277067658283697,-0.15150142588324));
#1544=CARTESIAN_POINT('',(-0.162789642517813,0.285273221214665,-0.15150142588324));
#1545=CARTESIAN_POINT('',(-0.162789642517813,0.228452301887223,-0.15150142588324));
#1546=CARTESIAN_POINT('',(-0.162789642517813,0.171631382559782,-0.15150142588324));
#1547=CARTESIAN_POINT('',(-0.151300216156497,0.17983694549075,-0.15150142588324));
#1548=CARTESIAN_POINT('',(-0.162789642517813,0.228452301887223,-0.15149942588324));
#1549=CARTESIAN_POINT('',(-0.162789642517813,0.228452301887223,-0.161500000000077));
#1550=CARTESIAN_POINT('',(-0.162789642517813,0.225802301887223,-0.161500000000077));
#1551=CARTESIAN_POINT('',(-0.162789642517813,0.288796206845682,-0.156534563436824));
#1552=CARTESIAN_POINT('',(-0.162789642517813,0.168108396928765,-0.156534563436824));
#1553=CARTESIAN_POINT('',(-0.14799022847257,0.285704301887224,-0.161500000000077));
#1554=CARTESIAN_POINT('',(-0.145139011768313,0.23021365234135,-0.164409163895903));
#1555=CARTESIAN_POINT('',(-0.144788191601617,0.228509671059266,-0.16476711401641));
#1556=CARTESIAN_POINT('',(-0.145102682921132,0.22681184676257,-0.164446231078639));
#1557=CARTESIAN_POINT('',(-0.146001308566708,0.225373763964553,-0.163529342060673));
#1558=CARTESIAN_POINT('',(-0.147393052373836,0.224391127405842,-0.162109312909647));
#1559=CARTESIAN_POINT('',(-0.149054589273333,0.224006728070223,-0.16041400748008));
#1560=CARTESIAN_POINT('',(-0.150720547563909,0.224318515644057,-0.158714190800534));
#1561=CARTESIAN_POINT('',(-0.152159582318047,0.225245083367573,-0.157245909576828));
#1562=CARTESIAN_POINT('',(-0.153129941496238,0.226666494814366,-0.156255829137498));
#1563=CARTESIAN_POINT('',(-0.153497015398012,0.228359536968235,-0.155881294946341));
#1564=CARTESIAN_POINT('',(-0.153200222768285,0.230065912583058,-0.156184119491967));
#1565=CARTESIAN_POINT('',(-0.152286056782932,0.231529803896028,-0.15711686468647));
#1566=CARTESIAN_POINT('',(-0.150893153361909,0.232513490377283,-0.158538077019002));
#1567=CARTESIAN_POINT('',(-0.149231535075143,0.232897859261737,-0.160233465489927));
#1568=CARTESIAN_POINT('',(-0.147565563548838,0.232586124133311,-0.161933295674201));
#1569=CARTESIAN_POINT('',(-0.146126575387815,0.231659393950598,-0.163401529357849));
#1570=CARTESIAN_POINT('',(-0.145139011768313,0.23021365234135,-0.164409163895903));
#1571=CARTESIAN_POINT('',(-0.144788191601617,0.228509671059266,-0.16476711401641));
#1572=CARTESIAN_POINT('',(-0.145102682921132,0.22681184676257,-0.164446231078639));
#1573=CARTESIAN_POINT('',(-0.144898844216785,0.228452301887223,-0.164654212533845));
#1574=CARTESIAN_POINT('',(-0.14799022847257,0.281702301887224,-0.161500000000077));
#1575=CARTESIAN_POINT('',(-0.138190814427326,0.175202301887223,-0.171498574116913));
#1576=CARTESIAN_POINT('',(-0.969231557211813,0.228452301887223,-0.161500000000077));
#1577=CARTESIAN_POINT('',(-0.146288572816216,0.227543676326771,-0.164031375637536));
#1578=CARTESIAN_POINT('',(-0.145983695594059,0.228415982098686,-0.164222141660173));
#1579=CARTESIAN_POINT('',(-0.146256831482649,0.229290325112291,-0.164051296447263));
#1580=CARTESIAN_POINT('',(-0.146672539846681,0.229800713692824,-0.163792150237378));
#1581=CARTESIAN_POINT('',(-0.14699063911505,0.230084827513493,-0.163593490435837));
#1582=CARTESIAN_POINT('',(-0.147376212528811,0.230361274999404,-0.163352302481066));
#1583=CARTESIAN_POINT('',(-0.147748874862204,0.230560321530407,-0.163120783650397));
#1584=CARTESIAN_POINT('',(-0.148167404310182,0.230730139888941,-0.162859812893783));
#1585=CARTESIAN_POINT('',(-0.148426110342227,0.230817260833206,-0.1626981539047));
#1586=CARTESIAN_POINT('',(-0.148594273759521,0.230867332523248,-0.162593021700991));
#1587=CARTESIAN_POINT('',(-0.148739320082028,0.230905643275756,-0.162502341587067));
#1588=CARTESIAN_POINT('',(-0.148816633887161,0.230924802140586,-0.162454122206635));
#1589=CARTESIAN_POINT('',(-0.149001893557516,0.230967904883657,-0.162338808949989));
#1590=CARTESIAN_POINT('',(-0.149408216215479,0.23104542069983,-0.162086046103445));
#1591=CARTESIAN_POINT('',(-0.15003797457962,0.231112764870248,-0.16169067511939));
#1592=CARTESIAN_POINT('',(-0.150769938322942,0.231095350984917,-0.161233069622898));
#1593=CARTESIAN_POINT('',(-0.151220047355823,0.231049159390747,-0.160950602188437));
#1594=CARTESIAN_POINT('',(-0.1515428708249,0.230995681955405,-0.160749329128555));
#1595=CARTESIAN_POINT('',(-0.15176311004724,0.230949956531645,-0.160612300206124));
#1596=CARTESIAN_POINT('',(-0.151888883399872,0.23092019752805,-0.160534014238944));
#1597=CARTESIAN_POINT('',(-0.151974286281751,0.230898696154514,-0.160480683816886));
#1598=CARTESIAN_POINT('',(-0.152128517945978,0.230856976619837,-0.16038426720572));
#1599=CARTESIAN_POINT('',(-0.152355493440496,0.230787897833543,-0.160242365497057));
#1600=CARTESIAN_POINT('',(-0.152801215394771,0.230624001567902,-0.159964007058188));
#1601=CARTESIAN_POINT('',(-0.15329084656521,0.2303814449924,-0.159660037639294));
#1602=CARTESIAN_POINT('',(-0.153862622094466,0.229964719665458,-0.159302107279826));
#1603=CARTESIAN_POINT('',(-0.154383993598666,0.229376632395446,-0.158977282917569));
#1604=CARTESIAN_POINT('',(-0.154701805788767,0.228507841529413,-0.15877843737454));
#1605=CARTESIAN_POINT('',(-0.15444331155586,0.227631868127077,-0.158940166708508));
#1606=CARTESIAN_POINT('',(-0.154015289602688,0.22710524714232,-0.159206992796121));
#1607=CARTESIAN_POINT('',(-0.153696649297695,0.226820410471353,-0.159405988327937));
#1608=CARTESIAN_POINT('',(-0.153310638332676,0.22654354491642,-0.159647450956482));
#1609=CARTESIAN_POINT('',(-0.152937679536205,0.226344327188262,-0.15987915470131));
#1610=CARTESIAN_POINT('',(-0.152519116804514,0.226174487700748,-0.160140145906689));
#1611=CARTESIAN_POINT('',(-0.152260379347907,0.226087353604662,-0.160301824508688));
#1612=CARTESIAN_POINT('',(-0.152092204261313,0.226037277481961,-0.160406964006847));
#1613=CARTESIAN_POINT('',(-0.151947140262283,0.225998961797027,-0.16049765517304));
#1614=CARTESIAN_POINT('',(-0.151869828674971,0.225979803438012,-0.160545873183311));
#1615=CARTESIAN_POINT('',(-0.15168456741206,0.225936700049995,-0.16066118743909));
#1616=CARTESIAN_POINT('',(-0.151278244554779,0.225859183857991,-0.16091395038437));
#1617=CARTESIAN_POINT('',(-0.150648483513972,0.225791838864085,-0.161309323045785));
#1618=CARTESIAN_POINT('',(-0.149916517340696,0.225809252754504,-0.16176693006058));
#1619=CARTESIAN_POINT('',(-0.149466408098622,0.225855444340038,-0.162049397626866));
#1620=CARTESIAN_POINT('',(-0.149143584497005,0.225908921787653,-0.162250670770267));
#1621=CARTESIAN_POINT('',(-0.148923345190374,0.225954647225143,-0.162387699745358));
#1622=CARTESIAN_POINT('',(-0.148797571788393,0.225984406238362,-0.162465985743262));
#1623=CARTESIAN_POINT('',(-0.148712168905167,0.226005907614474,-0.162519316166181));
#1624=CARTESIAN_POINT('',(-0.148557937243625,0.226047627137014,-0.162615732775346));
#1625=CARTESIAN_POINT('',(-0.148330961642586,0.22611670606475,-0.162757634553826));
#1626=CARTESIAN_POINT('',(-0.147885240859883,0.226280600725518,-0.16303599222351));
#1627=CARTESIAN_POINT('',(-0.147395600146548,0.226523170267778,-0.163339967905092));
#1628=CARTESIAN_POINT('',(-0.146823863877474,0.226939842225068,-0.163697872498707));
#1629=CARTESIAN_POINT('',(-0.146288572816216,0.227543676326771,-0.164031375637536));
#1630=CARTESIAN_POINT('',(-0.145983695594059,0.228415982098686,-0.164222141660173));
#1631=CARTESIAN_POINT('',(-0.146256831482649,0.229290325112291,-0.164051296447263));
#1632=CARTESIAN_POINT('',(-0.14609901163243,0.228452301887223,-0.164150000000077));
#1633=CARTESIAN_POINT('',(-0.120789642517814,0.184202301887224,-0.181500574116914));
#1634=CARTESIAN_POINT('',(-0.120789642517814,0.184202301887224,-0.181498574116914));
#1635=CARTESIAN_POINT('',(-0.115789642517814,0.184202301887224,-0.181498574116914));
#1636=CARTESIAN_POINT('',(-0.153789642517813,0.184202301887224,-0.181498574116914));
#1637=CARTESIAN_POINT('',(-0.115789642517814,0.184202301887224,-0.181500574116914));
#1638=CARTESIAN_POINT('',(-0.153789642517813,0.184202301887224,-0.181500574116914));
#1639=CARTESIAN_POINT('',(-0.153789642517813,0.187702301887224,-0.181500574116914));
#1640=CARTESIAN_POINT('',(-0.153789642517813,0.191202301887224,-0.181500574116914));
#1641=CARTESIAN_POINT('',(-0.153789642517813,0.191202301887224,-0.181498574116914));
#1642=CARTESIAN_POINT('',(-0.153789642517813,0.187702301887224,-0.181498574116914));
#1643=CARTESIAN_POINT('',(-0.139789642517814,0.191202301887224,-0.181500574116914));
#1644=CARTESIAN_POINT('',(-0.125789642517814,0.191202301887224,-0.181500574116914));
#1645=CARTESIAN_POINT('',(-0.125789642517814,0.191202301887224,-0.181498574116914));
#1646=CARTESIAN_POINT('',(-0.139789642517814,0.191202301887224,-0.181498574116914));
#1647=CARTESIAN_POINT('',(-0.125789642517814,0.208702301887223,-0.181500574116914));
#1648=CARTESIAN_POINT('',(-0.125789642517814,0.208702301887223,-0.181498574116914));
#1649=CARTESIAN_POINT('',(-0.125789642517814,0.226202301887223,-0.181498574116914));
#1650=CARTESIAN_POINT('',(-0.125789642517814,0.226202301887223,-0.181500574116914));
#1651=CARTESIAN_POINT('',(-0.115789642517814,0.205202301887223,-0.181500574116914));
#1652=CARTESIAN_POINT('',(-0.115789642517814,0.205202301887223,-0.181498574116914));
#1653=CARTESIAN_POINT('',(-0.115789642517814,0.226202301887223,-0.181498574116914));
#1654=CARTESIAN_POINT('',(-0.115789642517814,0.226202301887223,-0.181500574116914));
#1655=CARTESIAN_POINT('',(-0.120789642517814,0.226202301887223,-0.181500574116914));
#1656=CARTESIAN_POINT('',(-0.120789642517814,0.226202301887223,-0.181498574116914));
#1657=CARTESIAN_POINT('',(-0.00778964251781364,0.0800898018872232,-0.181498574116914));
#1658=CARTESIAN_POINT('',(-0.0647896425178136,0.230702301887223,-0.181500574116914));
#1659=CARTESIAN_POINT('',(-0.0647896425178136,0.230702301887223,-0.181498574116914));
#1660=CARTESIAN_POINT('',(-0.0647896425178136,0.245702301887224,-0.181498574116914));
#1661=CARTESIAN_POINT('',(-0.0647896425178136,0.215702301887224,-0.181498574116914));
#1662=CARTESIAN_POINT('',(-0.0647896425178136,0.245702301887224,-0.181500574116914));
#1663=CARTESIAN_POINT('',(-0.0647896425178136,0.215702301887224,-0.181500574116914));
#1664=CARTESIAN_POINT('',(-0.0747896425178136,0.215702301887224,-0.181500574116914));
#1665=CARTESIAN_POINT('',(-0.0747896425178136,0.215702301887224,-0.181498574116914));
#1666=CARTESIAN_POINT('',(-0.0847896425178136,0.215702301887224,-0.181498574116914));
#1667=CARTESIAN_POINT('',(-0.0847896425178136,0.215702301887224,-0.181500574116914));
#1668=CARTESIAN_POINT('',(-0.0747896425178136,0.245702301887224,-0.181500574116914));
#1669=CARTESIAN_POINT('',(-0.0747896425178136,0.245702301887224,-0.181498574116914));
#1670=CARTESIAN_POINT('',(-0.0847896425178136,0.245702301887224,-0.181498574116914));
#1671=CARTESIAN_POINT('',(-0.0847896425178136,0.245702301887224,-0.181500574116914));
#1672=CARTESIAN_POINT('',(-0.0847896425178136,0.230702301887223,-0.181500574116914));
#1673=CARTESIAN_POINT('',(-0.0847896425178136,0.230702301887223,-0.181498574116914));
#1674=CARTESIAN_POINT('',(-0.00778964251781364,0.0800898018872232,-0.181498574116914));
#1675=CARTESIAN_POINT('',(-0.0777896425178136,0.279202301887224,-0.181500574116914));
#1676=CARTESIAN_POINT('',(-0.0777896425178136,0.285453301887224,-0.175249574116913));
#1677=CARTESIAN_POINT('',(-0.0704092235178136,0.279027301887224,-0.181500574116914));
#1678=CARTESIAN_POINT('',(-0.0704092235178136,0.279027301887224,-0.174498574116913));
#1679=CARTESIAN_POINT('',(-0.0704092235178136,0.282027301887224,-0.174498574116913));
#1680=CARTESIAN_POINT('',(-0.152789642517813,0.272702301887223,-0.181500574116914));
#1681=CARTESIAN_POINT('',(-0.158789642517813,0.272702301887223,-0.181500574116914));
#1682=CARTESIAN_POINT('',(-0.158789642517813,0.272702301887223,-0.181498574116914));
#1683=CARTESIAN_POINT('',(-0.152789642517813,0.272702301887223,-0.181498574116914));
#1684=CARTESIAN_POINT('',(-0.143789642517814,0.272702301887223,-0.181498574116914));
#1685=CARTESIAN_POINT('',(-0.143789642517814,0.272702301887223,-0.181500574116914));
#1686=CARTESIAN_POINT('',(-0.143789642517814,0.279202301887224,-0.181500574116914));
#1687=CARTESIAN_POINT('',(-0.143789642517814,0.279202301887224,-0.181498574116914));
#1688=CARTESIAN_POINT('',(-0.152089642517814,0.278882301887224,-0.181500574116914));
#1689=CARTESIAN_POINT('',(-0.152089642517814,0.278882301887224,-0.174498574116913));
#1690=CARTESIAN_POINT('',(-0.152089642517814,0.281882301887224,-0.174498574116913));
#1691=CARTESIAN_POINT('',(-0.152089642517814,0.278882301887224,-0.181498574116914));
#1692=CARTESIAN_POINT('',(-0.152089642517814,0.281882301887224,-0.181498574116914));
#1693=CARTESIAN_POINT('',(-0.00778964251781364,0.0800898018872232,-0.181498574116914));
#1694=CARTESIAN_POINT('',(-0.158789642517813,0.0800898018872232,-0.181498574116914));
#1695=CARTESIAN_POINT('',(-0.121289642517814,0.253481042157609,-0.174498574116913));
#1696=CARTESIAN_POINT('',(-0.121289642517814,0.253481042157609,-0.174498574116913));
#1697=CARTESIAN_POINT('',(-0.158789642517813,0.230452301887223,-0.184498574116914));
#1698=CARTESIAN_POINT('',(-0.158789642517813,0.230452301887223,-0.184498574116914));
#1699=CARTESIAN_POINT('',(-0.158789642517813,0.175202301887223,-0.184498574116914));
#1700=CARTESIAN_POINT('',(-0.158789642517813,0.283491156269223,-0.184498574116914));
#1701=CARTESIAN_POINT('',(-0.158789642517813,0.259918332099445,-0.21085379274955));
#1702=CARTESIAN_POINT('',(-0.158789642517813,0.175202301887223,-0.184498574116914));
#1703=CARTESIAN_POINT('',(-0.111289642517814,0.175202301887223,-0.184498574116914));
#1704=CARTESIAN_POINT('',(-0.0637896425178136,0.175202301887223,-0.184498574116914));
#1705=CARTESIAN_POINT('',(-0.0637896425178136,0.175202301887223,-0.184498574116914));
#1706=CARTESIAN_POINT('',(-0.111289642517814,0.175202301887223,-0.184498574116914));
#1707=CARTESIAN_POINT('',(-0.0637896425178136,0.230452301887223,-0.184498574116914));
#1708=CARTESIAN_POINT('',(-0.0637896425178136,0.285702301887224,-0.184498574116914));
#1709=CARTESIAN_POINT('',(-0.0637896425178136,0.285702301887224,-0.184498574116914));
#1710=CARTESIAN_POINT('',(-0.0637896425178136,0.230452301887223,-0.184498574116914));
#1711=CARTESIAN_POINT('',(-0.121289642517814,0.228452301887223,-0.184498574116914));
#1712=CARTESIAN_POINT('',(-0.162789642517813,0.173202301887224,-0.184498574116914));
#1713=CARTESIAN_POINT('',(-0.162789642517813,0.175202301887223,-0.184498574116914));
#1714=CARTESIAN_POINT('',(-0.162789642517813,0.281702301887224,-0.184498574116914));
#1715=CARTESIAN_POINT('',(-0.148051412484791,0.288293438731597,-0.184498574116914));
#1716=CARTESIAN_POINT('',(-0.121289642517814,0.175202301887223,-0.184498574116914));
#1717=CARTESIAN_POINT('',(-0.172789642517814,0.285704301887224,-0.179498574116914));
#1718=CARTESIAN_POINT('',(-0.169071276214493,0.196369878554134,-0.181357757268574));
#1719=CARTESIAN_POINT('',(-0.168635819387161,0.198385572455574,-0.18157548568224));
#1720=CARTESIAN_POINT('',(-0.169025705825667,0.200387831961417,-0.181380542462987));
#1721=CARTESIAN_POINT('',(-0.170103066155073,0.202096102602369,-0.180841862298284));
#1722=CARTESIAN_POINT('',(-0.17178345393993,0.20325562413026,-0.180001668405856));
#1723=CARTESIAN_POINT('',(-0.173788517281367,0.203710581284104,-0.178999136735137));
#1724=CARTESIAN_POINT('',(-0.175798337915686,0.203342069271576,-0.177994226417977));
#1725=CARTESIAN_POINT('',(-0.177537935087571,0.202245913632385,-0.177124427832035));
#1726=CARTESIAN_POINT('',(-0.178698513567911,0.200564180284527,-0.176544138591865));
#1727=CARTESIAN_POINT('',(-0.179153496140772,0.198558999335517,-0.176316647305434));
#1728=CARTESIAN_POINT('',(-0.178784982390657,0.196549177737546,-0.176500904180492));
#1729=CARTESIAN_POINT('',(-0.177688828252623,0.194809582739526,-0.177048981249509));
#1730=CARTESIAN_POINT('',(-0.17600708986955,0.193649003336672,-0.177889850441045));
#1731=CARTESIAN_POINT('',(-0.174001917389701,0.193194022088386,-0.17889243668097));
#1732=CARTESIAN_POINT('',(-0.17199207486007,0.193562531072545,-0.179897357945785));
#1733=CARTESIAN_POINT('',(-0.170252568533556,0.194658702949542,-0.180767111109042));
#1734=CARTESIAN_POINT('',(-0.169071276214493,0.196369878554134,-0.181357757268574));
#1735=CARTESIAN_POINT('',(-0.168635819387161,0.198385572455574,-0.18157548568224));
#1736=CARTESIAN_POINT('',(-0.169025705825667,0.200387831961417,-0.181380542462987));
#1737=CARTESIAN_POINT('',(-0.168773079371814,0.198452301887224,-0.181506855689913));
#1738=CARTESIAN_POINT('',(-0.169071276214493,0.256369878554149,-0.181357757268573));
#1739=CARTESIAN_POINT('',(-0.168635819387161,0.258385572455569,-0.18157548568224));
#1740=CARTESIAN_POINT('',(-0.169025705825665,0.260387831961422,-0.181380542462988));
#1741=CARTESIAN_POINT('',(-0.170103066155079,0.262096102602378,-0.180841862298281));
#1742=CARTESIAN_POINT('',(-0.171783453939934,0.263255624130259,-0.180001668405853));
#1743=CARTESIAN_POINT('',(-0.173788517281356,0.2637105812841,-0.178999136735142));
#1744=CARTESIAN_POINT('',(-0.17579833791568,0.26334206927158,-0.17799422641798));
#1745=CARTESIAN_POINT('',(-0.177537935087573,0.262245913632383,-0.177124427832034));
#1746=CARTESIAN_POINT('',(-0.178698513567909,0.260564180284528,-0.176544138591866));
#1747=CARTESIAN_POINT('',(-0.179153496140773,0.25855899933552,-0.176316647305434));
#1748=CARTESIAN_POINT('',(-0.178784982390658,0.256549177737541,-0.176500904180491));
#1749=CARTESIAN_POINT('',(-0.177688828252619,0.254809582739527,-0.177048981249511));
#1750=CARTESIAN_POINT('',(-0.176007089869567,0.253649003336686,-0.177889850441037));
#1751=CARTESIAN_POINT('',(-0.174001917389694,0.253194022088373,-0.178892436680973));
#1752=CARTESIAN_POINT('',(-0.171992074860066,0.253562531072556,-0.179897357945787));
#1753=CARTESIAN_POINT('',(-0.170252568533546,0.254658702949537,-0.180767111109047));
#1754=CARTESIAN_POINT('',(-0.169071276214493,0.256369878554149,-0.181357757268573));
#1755=CARTESIAN_POINT('',(-0.168635819387161,0.258385572455569,-0.18157548568224));
#1756=CARTESIAN_POINT('',(-0.169025705825665,0.260387831961422,-0.181380542462988));
#1757=CARTESIAN_POINT('',(-0.168773079371814,0.258452301887224,-0.181506855689913));
#1758=CARTESIAN_POINT('',(-0.162789642517813,0.281702301887224,-0.184498574116914));
#1759=CARTESIAN_POINT('',(-0.172789642517814,0.175202301887223,-0.179498574116914));
#1760=CARTESIAN_POINT('',(-0.170139642517813,0.199147048671895,-0.179295710071913));
#1761=CARTESIAN_POINT('',(-0.170139642517813,0.197757555102551,-0.179295710071913));
#1762=CARTESIAN_POINT('',(-0.17042455356025,0.197069724904498,-0.179020360431452));
#1763=CARTESIAN_POINT('',(-0.171407065535088,0.19608721292966,-0.178070820825314));
#1764=CARTESIAN_POINT('',(-0.172094903814127,0.195802301887224,-0.177406065885637));
#1765=CARTESIAN_POINT('',(-0.173484381221501,0.195802301887224,-0.176063218303189));
#1766=CARTESIAN_POINT('',(-0.17417221950054,0.19608721292966,-0.175398463363513));
#1767=CARTESIAN_POINT('',(-0.175154731475377,0.197069724904498,-0.174448923757375));
#1768=CARTESIAN_POINT('',(-0.175439642517813,0.197757555102551,-0.174173574116914));
#1769=CARTESIAN_POINT('',(-0.175439642517813,0.199147048671895,-0.174173574116914));
#1770=CARTESIAN_POINT('',(-0.175154731475377,0.199834878869949,-0.174448923757375));
#1771=CARTESIAN_POINT('',(-0.17417221950054,0.200817390844787,-0.175398463363513));
#1772=CARTESIAN_POINT('',(-0.173484381221501,0.201102301887224,-0.176063218303189));
#1773=CARTESIAN_POINT('',(-0.172094903814127,0.201102301887224,-0.177406065885637));
#1774=CARTESIAN_POINT('',(-0.171407065535088,0.200817390844787,-0.178070820825314));
#1775=CARTESIAN_POINT('',(-0.17042455356025,0.199834878869949,-0.179020360431452));
#1776=CARTESIAN_POINT('',(-0.170139642517813,0.199147048671895,-0.179295710071913));
#1777=CARTESIAN_POINT('',(-0.170139642517813,0.197757555102551,-0.179295710071913));
#1778=CARTESIAN_POINT('',(-0.168773079371814,0.199795157549181,-0.181506855689913));
#1779=CARTESIAN_POINT('',(-0.168773079371814,0.197109446225266,-0.181506855689913));
#1780=CARTESIAN_POINT('',(-0.169323777959063,0.195779945119095,-0.181231506396289));
#1781=CARTESIAN_POINT('',(-0.171222858558685,0.193880864519472,-0.180281966096477));
#1782=CARTESIAN_POINT('',(-0.172552364625399,0.193330165932224,-0.179617213063121));
#1783=CARTESIAN_POINT('',(-0.175238066028229,0.193330165932224,-0.178274362361706));
#1784=CARTESIAN_POINT('',(-0.176567572094942,0.193880864519473,-0.177609609328349));
#1785=CARTESIAN_POINT('',(-0.178466652694565,0.195779945119095,-0.176660069028538));
#1786=CARTESIAN_POINT('',(-0.179017351281814,0.197109446225266,-0.176384719734914));
#1787=CARTESIAN_POINT('',(-0.179017351281814,0.199795157549181,-0.176384719734914));
#1788=CARTESIAN_POINT('',(-0.178466652694565,0.201124658655352,-0.176660069028538));
#1789=CARTESIAN_POINT('',(-0.176567572094942,0.203023739254974,-0.177609609328349));
#1790=CARTESIAN_POINT('',(-0.175238066028229,0.203574437842223,-0.178274362361706));
#1791=CARTESIAN_POINT('',(-0.172552364625399,0.203574437842223,-0.179617213063121));
#1792=CARTESIAN_POINT('',(-0.171222858558685,0.203023739254974,-0.180281966096477));
#1793=CARTESIAN_POINT('',(-0.169323777959063,0.201124658655352,-0.181231506396289));
#1794=CARTESIAN_POINT('',(-0.168773079371814,0.199795157549181,-0.181506855689913));
#1795=CARTESIAN_POINT('',(-0.168773079371814,0.197109446225266,-0.181506855689913));
#1796=CARTESIAN_POINT('',(-0.170139642517813,0.259147048671895,-0.179295710071913));
#1797=CARTESIAN_POINT('',(-0.170139642517813,0.257757555102552,-0.179295710071913));
#1798=CARTESIAN_POINT('',(-0.17042455356025,0.257069724904497,-0.179020360431452));
#1799=CARTESIAN_POINT('',(-0.171407065535088,0.256087212929661,-0.178070820825315));
#1800=CARTESIAN_POINT('',(-0.172094903814127,0.255802301887224,-0.177406065885637));
#1801=CARTESIAN_POINT('',(-0.173484381221501,0.255802301887224,-0.176063218303189));
#1802=CARTESIAN_POINT('',(-0.17417221950054,0.256087212929661,-0.175398463363513));
#1803=CARTESIAN_POINT('',(-0.175154731475377,0.257069724904497,-0.174448923757375));
#1804=CARTESIAN_POINT('',(-0.175439642517813,0.257757555102552,-0.174173574116914));
#1805=CARTESIAN_POINT('',(-0.175439642517813,0.259147048671895,-0.174173574116914));
#1806=CARTESIAN_POINT('',(-0.175154731475377,0.259834878869949,-0.174448923757375));
#1807=CARTESIAN_POINT('',(-0.17417221950054,0.260817390844787,-0.175398463363513));
#1808=CARTESIAN_POINT('',(-0.173484381221501,0.261102301887223,-0.176063218303189));
#1809=CARTESIAN_POINT('',(-0.172094903814127,0.261102301887223,-0.177406065885637));
#1810=CARTESIAN_POINT('',(-0.171407065535088,0.260817390844787,-0.178070820825314));
#1811=CARTESIAN_POINT('',(-0.17042455356025,0.259834878869949,-0.179020360431452));
#1812=CARTESIAN_POINT('',(-0.170139642517813,0.259147048671895,-0.179295710071913));
#1813=CARTESIAN_POINT('',(-0.170139642517813,0.257757555102552,-0.179295710071913));
#1814=CARTESIAN_POINT('',(-0.168773079371814,0.259795157549181,-0.181506855689913));
#1815=CARTESIAN_POINT('',(-0.168773079371814,0.257109446225265,-0.181506855689913));
#1816=CARTESIAN_POINT('',(-0.169323777959063,0.255779945119096,-0.181231506396289));
#1817=CARTESIAN_POINT('',(-0.171222858558685,0.253880864519473,-0.180281966096477));
#1818=CARTESIAN_POINT('',(-0.172552364625399,0.253330165932224,-0.179617213063121));
#1819=CARTESIAN_POINT('',(-0.175238066028229,0.253330165932224,-0.178274362361706));
#1820=CARTESIAN_POINT('',(-0.176567572094942,0.253880864519473,-0.177609609328349));
#1821=CARTESIAN_POINT('',(-0.178466652694565,0.255779945119096,-0.176660069028538));
#1822=CARTESIAN_POINT('',(-0.179017351281814,0.257109446225265,-0.176384719734914));
#1823=CARTESIAN_POINT('',(-0.179017351281814,0.259795157549181,-0.176384719734914));
#1824=CARTESIAN_POINT('',(-0.178466652694565,0.261124658655352,-0.176660069028538));
#1825=CARTESIAN_POINT('',(-0.176567572094942,0.263023739254974,-0.177609609328349));
#1826=CARTESIAN_POINT('',(-0.175238066028229,0.263574437842223,-0.178274362361706));
#1827=CARTESIAN_POINT('',(-0.172552364625399,0.263574437842223,-0.179617213063121));
#1828=CARTESIAN_POINT('',(-0.171222858558685,0.263023739254974,-0.180281966096477));
#1829=CARTESIAN_POINT('',(-0.169323777959063,0.261124658655352,-0.181231506396289));
#1830=CARTESIAN_POINT('',(-0.168773079371814,0.259795157549181,-0.181506855689913));
#1831=CARTESIAN_POINT('',(-0.168773079371814,0.257109446225265,-0.181506855689913));
#1832=CARTESIAN_POINT('',(-0.131800788135814,0.285702301887224,-0.195520865352914));
#1833=CARTESIAN_POINT('',(-0.14799022847257,0.281702301887224,-0.161500000000077));
#1834=CARTESIAN_POINT('',(-0.138364441248371,0.282115582476548,-0.171911854706239));
#1835=CARTESIAN_POINT('',(-0.121289642517814,0.285702301887224,-0.175498574116913));
#1836=CARTESIAN_POINT('',(-0.0637896425178136,0.283702301887224,-0.173498574116913));
#1837=CARTESIAN_POINT('',(-0.0597896425178136,0.281702301887224,-0.174498574116913));
#1838=CARTESIAN_POINT('',(-0.0597896425178136,0.281702301887224,-0.175498574116913));
#1839=CARTESIAN_POINT('',(-0.0420396425178137,0.263952301887224,-0.162748574116913));
#1840=CARTESIAN_POINT('',(-0.131800788135814,0.171202301887224,-0.195520865352914));
#1841=CARTESIAN_POINT('',(-0.162755974847044,0.175059683345199,-0.18435595557489));
#1842=CARTESIAN_POINT('',(-0.14799022847257,0.175202301887223,-0.161500000000077));
#1843=CARTESIAN_POINT('',(-0.136820242449813,0.178464648056836,-0.168236227947302));
#1844=CARTESIAN_POINT('',(-0.0597896425178136,0.281702301887224,-0.175498574116913));
#1845=CARTESIAN_POINT('',(-0.0597896425178136,0.281702301887224,-0.175498574116913));
#1846=CARTESIAN_POINT('',(-0.0597896425178136,0.228452301887223,-0.180498574116914));
#1847=CARTESIAN_POINT('',(-0.0597896425178136,0.175202301887223,-0.180498574116914));
#1848=CARTESIAN_POINT('',(-0.121289642517814,0.171202301887224,-0.180498574116914));
#1849=CARTESIAN_POINT('',(-0.0637896425178136,0.173202301887224,-0.182498574116914));
#1850=CARTESIAN_POINT('',(-0.121289642517814,0.175202301887223,-0.171498574116913));
#1851=CARTESIAN_POINT('',(-0.0637896425178136,0.171202301887224,-0.175498574116913));
#1852=CARTESIAN_POINT('',(-0.0597896425178136,0.228452301887223,-0.175498574116913));
#1853=CARTESIAN_POINT('',(-0.0617896425178136,0.175202301887223,-0.173498574116913));
#1854=CARTESIAN_POINT('',(-0.0597896425178136,0.175202301887223,-0.180498574116914));
#1855=CARTESIAN_POINT('',(-0.0597896425178136,0.175202301887223,-0.180498574116914));
#1856=CARTESIAN_POINT('',(-0.0637896425178136,0.171202301887224,-0.175498574116913));
#1857=CARTESIAN_POINT('',(-0.0637896425178136,0.171202301887224,-0.175498574116913));
#1858=CARTESIAN_POINT('',(-0.0637896425178136,0.171202301887224,-0.174498574116913));
#1859=CARTESIAN_POINT('',(-0.144898844216785,0.229019210197435,-0.164654212533845));
#1860=CARTESIAN_POINT('',(-0.144898844216785,0.227885393577012,-0.164654212533845));
#1861=CARTESIAN_POINT('',(-0.145009290837093,0.227318856184875,-0.164541521232711));
#1862=CARTESIAN_POINT('',(-0.145434541000544,0.226271346283034,-0.164107628424649));
#1863=CARTESIAN_POINT('',(-0.145748652891643,0.225791338611247,-0.163787132626672));
#1864=CARTESIAN_POINT('',(-0.146928533077525,0.22458790585026,-0.162583272943525));
#1865=CARTESIAN_POINT('',(-0.148030373026029,0.224121827889363,-0.161459039561903));
#1866=CARTESIAN_POINT('',(-0.150255747302193,0.224121827889363,-0.159188437510066));
#1867=CARTESIAN_POINT('',(-0.151357587250697,0.22458790585026,-0.158064204128442));
#1868=CARTESIAN_POINT('',(-0.152537467436579,0.225791338611247,-0.156860344445296));
#1869=CARTESIAN_POINT('',(-0.152851579327678,0.226271346283034,-0.15653984864732));
#1870=CARTESIAN_POINT('',(-0.153276829491129,0.227318856184875,-0.156105955839257));
#1871=CARTESIAN_POINT('',(-0.153387276111437,0.227885393577012,-0.155993264538124));
#1872=CARTESIAN_POINT('',(-0.153387276111436,0.229019210197435,-0.155993264538124));
#1873=CARTESIAN_POINT('',(-0.153276829491129,0.229585747589572,-0.156105955839257));
#1874=CARTESIAN_POINT('',(-0.152851579327678,0.230633257491413,-0.15653984864732));
#1875=CARTESIAN_POINT('',(-0.152537467436579,0.231113265163201,-0.156860344445296));
#1876=CARTESIAN_POINT('',(-0.151357587250697,0.232316697924187,-0.158064204128442));
#1877=CARTESIAN_POINT('',(-0.150255747302193,0.232782775885084,-0.159188437510066));
#1878=CARTESIAN_POINT('',(-0.148030373026029,0.232782775885084,-0.161459039561903));
#1879=CARTESIAN_POINT('',(-0.146928533077525,0.232316697924187,-0.162583272943525));
#1880=CARTESIAN_POINT('',(-0.145748652891643,0.231113265163201,-0.163787132626672));
#1881=CARTESIAN_POINT('',(-0.145434541000544,0.230633257491413,-0.164107628424649));
#1882=CARTESIAN_POINT('',(-0.145009290837093,0.229585747589572,-0.164541521232711));
#1883=CARTESIAN_POINT('',(-0.144898844216785,0.229019210197435,-0.164654212533845));
#1884=CARTESIAN_POINT('',(-0.144898844216785,0.227885393577012,-0.164654212533845));
#1885=CARTESIAN_POINT('',(-0.14609901163243,0.228799217112799,-0.164150000000077));
#1886=CARTESIAN_POINT('',(-0.14609901163243,0.228105386661647,-0.164150000000077));
#1887=CARTESIAN_POINT('',(-0.146209458241371,0.227758698591486,-0.16408103943885));
#1888=CARTESIAN_POINT('',(-0.146634708427556,0.227117682991426,-0.163815522083613));
#1889=CARTESIAN_POINT('',(-0.146948820762982,0.226823945749546,-0.16361939688659));
#1890=CARTESIAN_POINT('',(-0.14812869958178,0.226087515252146,-0.162882705137485));
#1891=CARTESIAN_POINT('',(-0.149230542538505,0.225802301887223,-0.162194737354611));
#1892=CARTESIAN_POINT('',(-0.151455912621006,0.225802301887223,-0.160805262645543));
#1893=CARTESIAN_POINT('',(-0.152557755577731,0.226087515252146,-0.160117294862669));
#1894=CARTESIAN_POINT('',(-0.153737634396529,0.226823945749546,-0.159380603113565));
#1895=CARTESIAN_POINT('',(-0.154051746731955,0.227117682991426,-0.159184477916541));
#1896=CARTESIAN_POINT('',(-0.15447699691814,0.227758698591486,-0.158918960561303));
#1897=CARTESIAN_POINT('',(-0.154587443527082,0.228105386661648,-0.158850000000077));
#1898=CARTESIAN_POINT('',(-0.154587443527082,0.228799217112799,-0.158850000000077));
#1899=CARTESIAN_POINT('',(-0.15447699691814,0.229145905182961,-0.158918960561303));
#1900=CARTESIAN_POINT('',(-0.154051746731955,0.229786920783021,-0.159184477916541));
#1901=CARTESIAN_POINT('',(-0.153737634396529,0.230080658024901,-0.159380603113565));
#1902=CARTESIAN_POINT('',(-0.152557755577731,0.230817088522301,-0.160117294862669));
#1903=CARTESIAN_POINT('',(-0.151455912621006,0.231102301887223,-0.160805262645543));
#1904=CARTESIAN_POINT('',(-0.149230542538505,0.231102301887223,-0.162194737354611));
#1905=CARTESIAN_POINT('',(-0.14812869958178,0.230817088522301,-0.162882705137485));
#1906=CARTESIAN_POINT('',(-0.146948820762982,0.230080658024901,-0.16361939688659));
#1907=CARTESIAN_POINT('',(-0.146634708427556,0.229786920783021,-0.163815522083613));
#1908=CARTESIAN_POINT('',(-0.146209458241371,0.229145905182961,-0.16408103943885));
#1909=CARTESIAN_POINT('',(-0.14609901163243,0.228799217112799,-0.164150000000077));
#1910=CARTESIAN_POINT('',(-0.14609901163243,0.228105386661647,-0.164150000000077));
#1911=MECHANICAL_DESIGN_GEOMETRIC_PRESENTATION_REPRESENTATION('',(#1004),
#1912);
#1912=(
GEOMETRIC_REPRESENTATION_CONTEXT(3)
GLOBAL_UNCERTAINTY_ASSIGNED_CONTEXT((#1913))
GLOBAL_UNIT_ASSIGNED_CONTEXT((#1916,#1915,#1914))
REPRESENTATION_CONTEXT('PCB_Holder','TOP_LEVEL_ASSEMBLY_PART')
);
#1913=UNCERTAINTY_MEASURE_WITH_UNIT(LENGTH_MEASURE(2.E-5),#1916,
'DISTANCE_ACCURACY_VALUE','Maximum Tolerance applied to model');
#1914=(
NAMED_UNIT(*)
SI_UNIT($,.STERADIAN.)
SOLID_ANGLE_UNIT()
);
#1915=(
NAMED_UNIT(*)
PLANE_ANGLE_UNIT()
SI_UNIT($,.RADIAN.)
);
#1916=(
LENGTH_UNIT()
NAMED_UNIT(*)
SI_UNIT($,.METRE.)
);
#1917=PRODUCT_DEFINITION_SHAPE('','',#1918);
#1918=PRODUCT_DEFINITION('','',#1920,#1919);
#1919=PRODUCT_DEFINITION_CONTEXT('',#1926,'design');
#1920=PRODUCT_DEFINITION_FORMATION_WITH_SPECIFIED_SOURCE('','',#1922,
 .NOT_KNOWN.);
#1921=PRODUCT_RELATED_PRODUCT_CATEGORY('','',(#1922));
#1922=PRODUCT('PCB_Holder','PCB_Holder','PCB_Holder',(#1924));
#1923=PRODUCT_CATEGORY('','');
#1924=PRODUCT_CONTEXT('',#1926,'mechanical');
#1925=APPLICATION_PROTOCOL_DEFINITION('international standard',
'ap242_managed_model_based_3d_engineering',2020,#1926);
#1926=APPLICATION_CONTEXT('managed model based 3d engineering');
ENDSEC;
END-ISO-10303-21;
