ISO-10303-21;
HEADER;
/* Generated by software containing ST-Developer
 * from STEP Tools, Inc. (www.steptools.com) 
 */
/* OPTION: using custom renumber hook */

FILE_DESCRIPTION(
/* description */ ('STEP AP242 Edition 2',
'CAx-IF Rec.Pracs.---Representation and Presentation of Product Manufa
cturing Information (PMI)---4.0---2014-10-13',
'CAx-IF Rec.Pracs.---3D Tessellated Geometry---0.4---2014-09-14','2;1',
'CAx-IF Rec.Pracs.---User Defined Attributes---1.5---2016-08-15'),
/* implementation_level */ '2;1');

FILE_NAME(
/* name */ 'NOT-618 - Bearing Mount',
/* time_stamp */ '2026-07-11T05:52:37Z',
/* author */ (''),
/* organization */ (''),
/* preprocessor_version */ 'ST-DEVELOPER v20',
/* originating_system */ 'ONSHAPE BY PTC INC, 1.217',
/* authorisation */ '  ');

FILE_SCHEMA (('AP242_MANAGED_MODEL_BASED_3D_ENGINEERING_MIM_LF { 1 0 10303 442 3 1 4 }'));
ENDSEC;

DATA;
#10=SHAPE_REPRESENTATION_RELATIONSHIP('','',#1810,#11);
#11=ADVANCED_BREP_SHAPE_REPRESENTATION('',(#1808),#3052);
#12=CONICAL_SURFACE('',#1883,0.00804159628599882,1.56827632412411);
#13=CONICAL_SURFACE('',#1885,0.00804159628599882,1.56827632412411);
#14=CONICAL_SURFACE('',#1924,0.00275,0.785398163397449);
#15=CONICAL_SURFACE('',#1925,0.00275,0.785398163397448);
#16=CONICAL_SURFACE('',#1926,0.0035,0.785398163397449);
#17=ELLIPSE('',#1873,0.0111799409111935,0.01115);
#18=CYLINDRICAL_SURFACE('',#1820,0.0016);
#19=CYLINDRICAL_SURFACE('',#1823,0.0016);
#20=CYLINDRICAL_SURFACE('',#1843,0.0025);
#21=CYLINDRICAL_SURFACE('',#1872,0.01115);
#22=CYLINDRICAL_SURFACE('',#1881,0.015);
#23=CYLINDRICAL_SURFACE('',#1888,0.00804159628599882);
#24=CYLINDRICAL_SURFACE('',#1893,0.00603159628599882);
#25=CYLINDRICAL_SURFACE('',#1897,0.00804159628599882);
#26=CYLINDRICAL_SURFACE('',#1898,0.015);
#27=CYLINDRICAL_SURFACE('',#1904,0.0021);
#28=CYLINDRICAL_SURFACE('',#1907,0.0021);
#29=CYLINDRICAL_SURFACE('',#1912,0.0016);
#30=CYLINDRICAL_SURFACE('',#1914,0.0016);
#31=CYLINDRICAL_SURFACE('',#1918,0.00275);
#32=CYLINDRICAL_SURFACE('',#1922,0.00275);
#33=CYLINDRICAL_SURFACE('',#1928,0.0105);
#34=CYLINDRICAL_SURFACE('',#1930,0.013);
#35=CYLINDRICAL_SURFACE('',#1931,0.013);
#36=CYLINDRICAL_SURFACE('',#1934,0.0128442920079649);
#37=CYLINDRICAL_SURFACE('',#1936,0.0105);
#38=CYLINDRICAL_SURFACE('',#1938,0.0128442920079649);
#39=CYLINDRICAL_SURFACE('',#1942,0.001);
#40=CYLINDRICAL_SURFACE('',#1943,0.001);
#41=CYLINDRICAL_SURFACE('',#1944,0.001);
#42=CYLINDRICAL_SURFACE('',#1945,0.001);
#43=CYLINDRICAL_SURFACE('',#1946,0.001);
#44=CYLINDRICAL_SURFACE('',#1947,0.001);
#45=CYLINDRICAL_SURFACE('',#1948,0.001);
#46=CYLINDRICAL_SURFACE('',#1949,0.001);
#47=CYLINDRICAL_SURFACE('',#1950,0.0029);
#48=CYLINDRICAL_SURFACE('',#1953,0.0029);
#49=CYLINDRICAL_SURFACE('',#1956,0.0024142135623731);
#50=CYLINDRICAL_SURFACE('',#1957,0.0024142135623731);
#51=CYLINDRICAL_SURFACE('',#1958,0.0024142135623731);
#52=CYLINDRICAL_SURFACE('',#1969,0.0011);
#53=CYLINDRICAL_SURFACE('',#1970,0.0011);
#54=CYLINDRICAL_SURFACE('',#1971,0.0011);
#55=CYLINDRICAL_SURFACE('',#1972,0.0011);
#56=CYLINDRICAL_SURFACE('',#1983,0.00225);
#57=CYLINDRICAL_SURFACE('',#1986,0.00225);
#58=B_SPLINE_CURVE_WITH_KNOTS('',3,(#2618,#2619,#2620,#2621),
 .UNSPECIFIED.,.F.,.F.,(4,4),(0.0312525709871222,0.039646133776561),
 .UNSPECIFIED.);
#59=B_SPLINE_CURVE_WITH_KNOTS('',3,(#2625,#2626,#2627,#2628),
 .UNSPECIFIED.,.F.,.F.,(4,4),(0.0503544955243981,0.0587480583133144),
 .UNSPECIFIED.);
#60=B_SPLINE_CURVE_WITH_KNOTS('',3,(#2789,#2790,#2791,#2792,#2793,#2794,
#2795),.UNSPECIFIED.,.F.,.F.,(4,1,1,1,4),(0.,0.00117988286826304,0.00235976573652607,
0.00353964860478911,0.00471953147305214),.UNSPECIFIED.);
#61=B_SPLINE_CURVE_WITH_KNOTS('',3,(#2799,#2800,#2801,#2802,#2803,#2804,
#2805),.UNSPECIFIED.,.F.,.F.,(4,1,1,1,4),(5.55382496713543E-18,0.00117380783865499,
0.00234761567730997,0.00352142351596495,0.00469523135461993),
 .UNSPECIFIED.);
#62=CIRCLE('',#1814,0.00225);
#63=CIRCLE('',#1815,0.00225);
#64=CIRCLE('',#1817,0.0035);
#65=CIRCLE('',#1818,0.0016);
#66=CIRCLE('',#1819,0.0016);
#67=CIRCLE('',#1821,0.0016);
#68=CIRCLE('',#1822,0.0016);
#69=CIRCLE('',#1824,0.0016);
#70=CIRCLE('',#1825,0.0016);
#71=CIRCLE('',#1827,0.0024142135623731);
#72=CIRCLE('',#1828,0.013);
#73=CIRCLE('',#1829,0.001);
#74=CIRCLE('',#1830,0.001);
#75=CIRCLE('',#1831,0.0105);
#76=CIRCLE('',#1832,0.001);
#77=CIRCLE('',#1833,0.001);
#78=CIRCLE('',#1834,0.013);
#79=CIRCLE('',#1835,0.0128442920079649);
#80=CIRCLE('',#1836,0.001);
#81=CIRCLE('',#1837,0.001);
#82=CIRCLE('',#1838,0.0105);
#83=CIRCLE('',#1839,0.001);
#84=CIRCLE('',#1840,0.001);
#85=CIRCLE('',#1841,0.0128442920079649);
#86=CIRCLE('',#1842,0.0024142135623731);
#87=CIRCLE('',#1844,0.0025);
#88=CIRCLE('',#1845,0.0025);
#89=CIRCLE('',#1847,0.0024142135623731);
#90=CIRCLE('',#1848,0.0128442920079649);
#91=CIRCLE('',#1849,0.001);
#92=CIRCLE('',#1850,0.001);
#93=CIRCLE('',#1851,0.0105);
#94=CIRCLE('',#1852,0.001);
#95=CIRCLE('',#1853,0.001);
#96=CIRCLE('',#1854,0.0128442920079649);
#97=CIRCLE('',#1855,0.013);
#98=CIRCLE('',#1856,0.001);
#99=CIRCLE('',#1857,0.001);
#100=CIRCLE('',#1858,0.0105);
#101=CIRCLE('',#1859,0.001);
#102=CIRCLE('',#1860,0.001);
#103=CIRCLE('',#1861,0.013);
#104=CIRCLE('',#1862,0.0024142135623731);
#105=CIRCLE('',#1864,0.0011);
#106=CIRCLE('',#1865,0.0011);
#107=CIRCLE('',#1866,0.0011);
#108=CIRCLE('',#1867,0.0011);
#109=CIRCLE('',#1868,0.00375);
#110=CIRCLE('',#1869,0.00375);
#111=CIRCLE('',#1870,0.0029);
#112=CIRCLE('',#1871,0.0029);
#113=CIRCLE('',#1874,0.01115);
#114=CIRCLE('',#1876,0.00804159628599882);
#115=CIRCLE('',#1880,0.015);
#116=CIRCLE('',#1882,0.015);
#117=CIRCLE('',#1884,0.00804159628599882);
#118=CIRCLE('',#1886,0.00804159628599882);
#119=CIRCLE('',#1887,0.015);
#120=CIRCLE('',#1889,0.00804159628599882);
#121=CIRCLE('',#1890,0.00804159628599882);
#122=CIRCLE('',#1892,0.00603159628599882);
#123=CIRCLE('',#1894,0.00603159628599882);
#124=CIRCLE('',#1896,0.00804159628599882);
#125=CIRCLE('',#1899,0.015);
#126=CIRCLE('',#1901,0.0021);
#127=CIRCLE('',#1903,0.0021);
#128=CIRCLE('',#1905,0.0021);
#129=CIRCLE('',#1908,0.0021);
#130=CIRCLE('',#1913,0.0016);
#131=CIRCLE('',#1915,0.0016);
#132=CIRCLE('',#1917,0.00275);
#133=CIRCLE('',#1919,0.00275);
#134=CIRCLE('',#1921,0.00275);
#135=CIRCLE('',#1923,0.00275);
#136=CIRCLE('',#1951,0.0029);
#137=CIRCLE('',#1954,0.0029);
#138=CIRCLE('',#1962,0.0011);
#139=CIRCLE('',#1963,0.0011);
#140=CIRCLE('',#1967,0.0011);
#141=CIRCLE('',#1968,0.0011);
#142=CIRCLE('',#1982,0.00225);
#143=CIRCLE('',#1985,0.00225);
#144=ORIENTED_EDGE('',*,*,#628,.F.);
#145=ORIENTED_EDGE('',*,*,#629,.T.);
#146=ORIENTED_EDGE('',*,*,#630,.T.);
#147=ORIENTED_EDGE('',*,*,#631,.F.);
#148=ORIENTED_EDGE('',*,*,#632,.F.);
#149=ORIENTED_EDGE('',*,*,#633,.F.);
#150=ORIENTED_EDGE('',*,*,#634,.F.);
#151=ORIENTED_EDGE('',*,*,#635,.T.);
#152=ORIENTED_EDGE('',*,*,#636,.T.);
#153=ORIENTED_EDGE('',*,*,#637,.T.);
#154=ORIENTED_EDGE('',*,*,#638,.F.);
#155=ORIENTED_EDGE('',*,*,#639,.T.);
#156=ORIENTED_EDGE('',*,*,#640,.T.);
#157=ORIENTED_EDGE('',*,*,#641,.T.);
#158=ORIENTED_EDGE('',*,*,#642,.F.);
#159=ORIENTED_EDGE('',*,*,#643,.F.);
#160=ORIENTED_EDGE('',*,*,#644,.T.);
#161=ORIENTED_EDGE('',*,*,#645,.T.);
#162=ORIENTED_EDGE('',*,*,#646,.T.);
#163=ORIENTED_EDGE('',*,*,#647,.T.);
#164=ORIENTED_EDGE('',*,*,#648,.T.);
#165=ORIENTED_EDGE('',*,*,#649,.F.);
#166=ORIENTED_EDGE('',*,*,#650,.F.);
#167=ORIENTED_EDGE('',*,*,#641,.F.);
#168=ORIENTED_EDGE('',*,*,#651,.T.);
#169=ORIENTED_EDGE('',*,*,#652,.F.);
#170=ORIENTED_EDGE('',*,*,#653,.T.);
#171=ORIENTED_EDGE('',*,*,#654,.T.);
#172=ORIENTED_EDGE('',*,*,#655,.F.);
#173=ORIENTED_EDGE('',*,*,#656,.F.);
#174=ORIENTED_EDGE('',*,*,#657,.T.);
#175=ORIENTED_EDGE('',*,*,#658,.T.);
#176=ORIENTED_EDGE('',*,*,#659,.T.);
#177=ORIENTED_EDGE('',*,*,#660,.T.);
#178=ORIENTED_EDGE('',*,*,#661,.T.);
#179=ORIENTED_EDGE('',*,*,#662,.F.);
#180=ORIENTED_EDGE('',*,*,#663,.T.);
#181=ORIENTED_EDGE('',*,*,#664,.T.);
#182=ORIENTED_EDGE('',*,*,#665,.F.);
#183=ORIENTED_EDGE('',*,*,#666,.T.);
#184=ORIENTED_EDGE('',*,*,#667,.T.);
#185=ORIENTED_EDGE('',*,*,#668,.F.);
#186=ORIENTED_EDGE('',*,*,#669,.F.);
#187=ORIENTED_EDGE('',*,*,#670,.T.);
#188=ORIENTED_EDGE('',*,*,#671,.F.);
#189=ORIENTED_EDGE('',*,*,#672,.T.);
#190=ORIENTED_EDGE('',*,*,#673,.T.);
#191=ORIENTED_EDGE('',*,*,#674,.T.);
#192=ORIENTED_EDGE('',*,*,#675,.T.);
#193=ORIENTED_EDGE('',*,*,#676,.T.);
#194=ORIENTED_EDGE('',*,*,#677,.T.);
#195=ORIENTED_EDGE('',*,*,#678,.T.);
#196=ORIENTED_EDGE('',*,*,#679,.T.);
#197=ORIENTED_EDGE('',*,*,#680,.T.);
#198=ORIENTED_EDGE('',*,*,#630,.F.);
#199=ORIENTED_EDGE('',*,*,#681,.T.);
#200=ORIENTED_EDGE('',*,*,#682,.F.);
#201=ORIENTED_EDGE('',*,*,#683,.T.);
#202=ORIENTED_EDGE('',*,*,#684,.F.);
#203=ORIENTED_EDGE('',*,*,#685,.T.);
#204=ORIENTED_EDGE('',*,*,#686,.F.);
#205=ORIENTED_EDGE('',*,*,#687,.T.);
#206=ORIENTED_EDGE('',*,*,#688,.T.);
#207=ORIENTED_EDGE('',*,*,#665,.T.);
#208=ORIENTED_EDGE('',*,*,#689,.T.);
#209=ORIENTED_EDGE('',*,*,#690,.T.);
#210=ORIENTED_EDGE('',*,*,#691,.T.);
#211=ORIENTED_EDGE('',*,*,#692,.T.);
#212=ORIENTED_EDGE('',*,*,#693,.T.);
#213=ORIENTED_EDGE('',*,*,#694,.T.);
#214=ORIENTED_EDGE('',*,*,#695,.F.);
#215=ORIENTED_EDGE('',*,*,#696,.T.);
#216=ORIENTED_EDGE('',*,*,#697,.F.);
#217=ORIENTED_EDGE('',*,*,#698,.T.);
#218=ORIENTED_EDGE('',*,*,#699,.F.);
#219=ORIENTED_EDGE('',*,*,#700,.T.);
#220=ORIENTED_EDGE('',*,*,#701,.F.);
#221=ORIENTED_EDGE('',*,*,#702,.T.);
#222=ORIENTED_EDGE('',*,*,#703,.F.);
#223=ORIENTED_EDGE('',*,*,#704,.F.);
#224=ORIENTED_EDGE('',*,*,#705,.T.);
#225=ORIENTED_EDGE('',*,*,#706,.T.);
#226=ORIENTED_EDGE('',*,*,#707,.T.);
#227=ORIENTED_EDGE('',*,*,#708,.F.);
#228=ORIENTED_EDGE('',*,*,#709,.T.);
#229=ORIENTED_EDGE('',*,*,#710,.F.);
#230=ORIENTED_EDGE('',*,*,#711,.T.);
#231=ORIENTED_EDGE('',*,*,#712,.T.);
#232=ORIENTED_EDGE('',*,*,#713,.T.);
#233=ORIENTED_EDGE('',*,*,#714,.T.);
#234=ORIENTED_EDGE('',*,*,#715,.T.);
#235=ORIENTED_EDGE('',*,*,#669,.T.);
#236=ORIENTED_EDGE('',*,*,#716,.F.);
#237=ORIENTED_EDGE('',*,*,#717,.T.);
#238=ORIENTED_EDGE('',*,*,#718,.T.);
#239=ORIENTED_EDGE('',*,*,#719,.F.);
#240=ORIENTED_EDGE('',*,*,#720,.T.);
#241=ORIENTED_EDGE('',*,*,#659,.F.);
#242=ORIENTED_EDGE('',*,*,#721,.T.);
#243=ORIENTED_EDGE('',*,*,#722,.T.);
#244=ORIENTED_EDGE('',*,*,#723,.F.);
#245=ORIENTED_EDGE('',*,*,#724,.F.);
#246=ORIENTED_EDGE('',*,*,#725,.T.);
#247=ORIENTED_EDGE('',*,*,#726,.T.);
#248=ORIENTED_EDGE('',*,*,#727,.T.);
#249=ORIENTED_EDGE('',*,*,#728,.T.);
#250=ORIENTED_EDGE('',*,*,#729,.T.);
#251=ORIENTED_EDGE('',*,*,#730,.F.);
#252=ORIENTED_EDGE('',*,*,#731,.T.);
#253=ORIENTED_EDGE('',*,*,#732,.T.);
#254=ORIENTED_EDGE('',*,*,#733,.T.);
#255=ORIENTED_EDGE('',*,*,#734,.T.);
#256=ORIENTED_EDGE('',*,*,#735,.T.);
#257=ORIENTED_EDGE('',*,*,#736,.F.);
#258=ORIENTED_EDGE('',*,*,#737,.T.);
#259=ORIENTED_EDGE('',*,*,#738,.T.);
#260=ORIENTED_EDGE('',*,*,#739,.T.);
#261=ORIENTED_EDGE('',*,*,#740,.T.);
#262=ORIENTED_EDGE('',*,*,#741,.T.);
#263=ORIENTED_EDGE('',*,*,#742,.T.);
#264=ORIENTED_EDGE('',*,*,#743,.F.);
#265=ORIENTED_EDGE('',*,*,#744,.T.);
#266=ORIENTED_EDGE('',*,*,#745,.F.);
#267=ORIENTED_EDGE('',*,*,#746,.T.);
#268=ORIENTED_EDGE('',*,*,#747,.T.);
#269=ORIENTED_EDGE('',*,*,#663,.F.);
#270=ORIENTED_EDGE('',*,*,#748,.F.);
#271=ORIENTED_EDGE('',*,*,#749,.T.);
#272=ORIENTED_EDGE('',*,*,#750,.T.);
#273=ORIENTED_EDGE('',*,*,#751,.T.);
#274=ORIENTED_EDGE('',*,*,#752,.T.);
#275=ORIENTED_EDGE('',*,*,#701,.T.);
#276=ORIENTED_EDGE('',*,*,#753,.F.);
#277=ORIENTED_EDGE('',*,*,#735,.F.);
#278=ORIENTED_EDGE('',*,*,#754,.T.);
#279=ORIENTED_EDGE('',*,*,#755,.T.);
#280=ORIENTED_EDGE('',*,*,#756,.T.);
#281=ORIENTED_EDGE('',*,*,#757,.F.);
#282=ORIENTED_EDGE('',*,*,#758,.F.);
#283=ORIENTED_EDGE('',*,*,#671,.T.);
#284=ORIENTED_EDGE('',*,*,#759,.T.);
#285=ORIENTED_EDGE('',*,*,#760,.T.);
#286=ORIENTED_EDGE('',*,*,#761,.T.);
#287=ORIENTED_EDGE('',*,*,#657,.F.);
#288=ORIENTED_EDGE('',*,*,#762,.F.);
#289=ORIENTED_EDGE('',*,*,#672,.F.);
#290=ORIENTED_EDGE('',*,*,#762,.T.);
#291=ORIENTED_EDGE('',*,*,#656,.T.);
#292=ORIENTED_EDGE('',*,*,#763,.F.);
#293=ORIENTED_EDGE('',*,*,#764,.F.);
#294=ORIENTED_EDGE('',*,*,#765,.T.);
#295=ORIENTED_EDGE('',*,*,#766,.T.);
#296=ORIENTED_EDGE('',*,*,#767,.F.);
#297=ORIENTED_EDGE('',*,*,#753,.T.);
#298=ORIENTED_EDGE('',*,*,#700,.F.);
#299=ORIENTED_EDGE('',*,*,#768,.F.);
#300=ORIENTED_EDGE('',*,*,#736,.T.);
#301=ORIENTED_EDGE('',*,*,#769,.F.);
#302=ORIENTED_EDGE('',*,*,#673,.F.);
#303=ORIENTED_EDGE('',*,*,#767,.T.);
#304=ORIENTED_EDGE('',*,*,#770,.T.);
#305=ORIENTED_EDGE('',*,*,#769,.T.);
#306=ORIENTED_EDGE('',*,*,#771,.T.);
#307=ORIENTED_EDGE('',*,*,#674,.F.);
#308=ORIENTED_EDGE('',*,*,#771,.F.);
#309=ORIENTED_EDGE('',*,*,#772,.F.);
#310=ORIENTED_EDGE('',*,*,#773,.F.);
#311=ORIENTED_EDGE('',*,*,#675,.F.);
#312=ORIENTED_EDGE('',*,*,#676,.F.);
#313=ORIENTED_EDGE('',*,*,#773,.T.);
#314=ORIENTED_EDGE('',*,*,#774,.F.);
#315=ORIENTED_EDGE('',*,*,#775,.F.);
#316=ORIENTED_EDGE('',*,*,#678,.F.);
#317=ORIENTED_EDGE('',*,*,#776,.F.);
#318=ORIENTED_EDGE('',*,*,#777,.T.);
#319=ORIENTED_EDGE('',*,*,#778,.T.);
#320=ORIENTED_EDGE('',*,*,#779,.F.);
#321=ORIENTED_EDGE('',*,*,#780,.T.);
#322=ORIENTED_EDGE('',*,*,#776,.T.);
#323=ORIENTED_EDGE('',*,*,#781,.F.);
#324=ORIENTED_EDGE('',*,*,#775,.T.);
#325=ORIENTED_EDGE('',*,*,#782,.F.);
#326=ORIENTED_EDGE('',*,*,#783,.F.);
#327=ORIENTED_EDGE('',*,*,#784,.T.);
#328=ORIENTED_EDGE('',*,*,#779,.T.);
#329=ORIENTED_EDGE('',*,*,#785,.F.);
#330=ORIENTED_EDGE('',*,*,#786,.F.);
#331=ORIENTED_EDGE('',*,*,#787,.T.);
#332=ORIENTED_EDGE('',*,*,#783,.T.);
#333=ORIENTED_EDGE('',*,*,#788,.F.);
#334=ORIENTED_EDGE('',*,*,#789,.F.);
#335=ORIENTED_EDGE('',*,*,#790,.T.);
#336=ORIENTED_EDGE('',*,*,#786,.T.);
#337=ORIENTED_EDGE('',*,*,#791,.F.);
#338=ORIENTED_EDGE('',*,*,#765,.F.);
#339=ORIENTED_EDGE('',*,*,#792,.T.);
#340=ORIENTED_EDGE('',*,*,#789,.T.);
#341=ORIENTED_EDGE('',*,*,#793,.F.);
#342=ORIENTED_EDGE('',*,*,#679,.F.);
#343=ORIENTED_EDGE('',*,*,#778,.F.);
#344=ORIENTED_EDGE('',*,*,#794,.T.);
#345=ORIENTED_EDGE('',*,*,#795,.F.);
#346=ORIENTED_EDGE('',*,*,#796,.F.);
#347=ORIENTED_EDGE('',*,*,#777,.F.);
#348=ORIENTED_EDGE('',*,*,#780,.F.);
#349=ORIENTED_EDGE('',*,*,#784,.F.);
#350=ORIENTED_EDGE('',*,*,#787,.F.);
#351=ORIENTED_EDGE('',*,*,#790,.F.);
#352=ORIENTED_EDGE('',*,*,#792,.F.);
#353=ORIENTED_EDGE('',*,*,#764,.T.);
#354=ORIENTED_EDGE('',*,*,#797,.T.);
#355=ORIENTED_EDGE('',*,*,#628,.T.);
#356=ORIENTED_EDGE('',*,*,#794,.F.);
#357=ORIENTED_EDGE('',*,*,#798,.F.);
#358=ORIENTED_EDGE('',*,*,#774,.T.);
#359=ORIENTED_EDGE('',*,*,#772,.T.);
#360=ORIENTED_EDGE('',*,*,#770,.F.);
#361=ORIENTED_EDGE('',*,*,#766,.F.);
#362=ORIENTED_EDGE('',*,*,#793,.T.);
#363=ORIENTED_EDGE('',*,*,#791,.T.);
#364=ORIENTED_EDGE('',*,*,#788,.T.);
#365=ORIENTED_EDGE('',*,*,#785,.T.);
#366=ORIENTED_EDGE('',*,*,#782,.T.);
#367=ORIENTED_EDGE('',*,*,#799,.F.);
#368=ORIENTED_EDGE('',*,*,#798,.T.);
#369=ORIENTED_EDGE('',*,*,#799,.T.);
#370=ORIENTED_EDGE('',*,*,#800,.F.);
#371=ORIENTED_EDGE('',*,*,#796,.T.);
#372=ORIENTED_EDGE('',*,*,#800,.T.);
#373=ORIENTED_EDGE('',*,*,#680,.F.);
#374=ORIENTED_EDGE('',*,*,#795,.T.);
#375=ORIENTED_EDGE('',*,*,#631,.T.);
#376=ORIENTED_EDGE('',*,*,#677,.F.);
#377=ORIENTED_EDGE('',*,*,#781,.T.);
#378=ORIENTED_EDGE('',*,*,#649,.T.);
#379=ORIENTED_EDGE('',*,*,#801,.F.);
#380=ORIENTED_EDGE('',*,*,#650,.T.);
#381=ORIENTED_EDGE('',*,*,#802,.F.);
#382=ORIENTED_EDGE('',*,*,#803,.T.);
#383=ORIENTED_EDGE('',*,*,#802,.T.);
#384=ORIENTED_EDGE('',*,*,#804,.T.);
#385=ORIENTED_EDGE('',*,*,#803,.F.);
#386=ORIENTED_EDGE('',*,*,#805,.T.);
#387=ORIENTED_EDGE('',*,*,#801,.T.);
#388=ORIENTED_EDGE('',*,*,#806,.T.);
#389=ORIENTED_EDGE('',*,*,#805,.F.);
#390=ORIENTED_EDGE('',*,*,#755,.F.);
#391=ORIENTED_EDGE('',*,*,#806,.F.);
#392=ORIENTED_EDGE('',*,*,#756,.F.);
#393=ORIENTED_EDGE('',*,*,#804,.F.);
#394=ORIENTED_EDGE('',*,*,#717,.F.);
#395=ORIENTED_EDGE('',*,*,#648,.F.);
#396=ORIENTED_EDGE('',*,*,#697,.T.);
#397=ORIENTED_EDGE('',*,*,#807,.T.);
#398=ORIENTED_EDGE('',*,*,#739,.F.);
#399=ORIENTED_EDGE('',*,*,#808,.T.);
#400=ORIENTED_EDGE('',*,*,#695,.T.);
#401=ORIENTED_EDGE('',*,*,#809,.T.);
#402=ORIENTED_EDGE('',*,*,#741,.F.);
#403=ORIENTED_EDGE('',*,*,#810,.T.);
#404=ORIENTED_EDGE('',*,*,#743,.T.);
#405=ORIENTED_EDGE('',*,*,#811,.T.);
#406=ORIENTED_EDGE('',*,*,#693,.F.);
#407=ORIENTED_EDGE('',*,*,#812,.T.);
#408=ORIENTED_EDGE('',*,*,#745,.T.);
#409=ORIENTED_EDGE('',*,*,#813,.T.);
#410=ORIENTED_EDGE('',*,*,#691,.F.);
#411=ORIENTED_EDGE('',*,*,#814,.F.);
#412=ORIENTED_EDGE('',*,*,#699,.T.);
#413=ORIENTED_EDGE('',*,*,#815,.T.);
#414=ORIENTED_EDGE('',*,*,#737,.F.);
#415=ORIENTED_EDGE('',*,*,#768,.T.);
#416=ORIENTED_EDGE('',*,*,#690,.F.);
#417=ORIENTED_EDGE('',*,*,#816,.T.);
#418=ORIENTED_EDGE('',*,*,#746,.F.);
#419=ORIENTED_EDGE('',*,*,#814,.T.);
#420=ORIENTED_EDGE('',*,*,#723,.T.);
#421=ORIENTED_EDGE('',*,*,#817,.T.);
#422=ORIENTED_EDGE('',*,*,#713,.F.);
#423=ORIENTED_EDGE('',*,*,#818,.F.);
#424=ORIENTED_EDGE('',*,*,#712,.F.);
#425=ORIENTED_EDGE('',*,*,#819,.T.);
#426=ORIENTED_EDGE('',*,*,#724,.T.);
#427=ORIENTED_EDGE('',*,*,#818,.T.);
#428=ORIENTED_EDGE('',*,*,#726,.F.);
#429=ORIENTED_EDGE('',*,*,#820,.T.);
#430=ORIENTED_EDGE('',*,*,#710,.T.);
#431=ORIENTED_EDGE('',*,*,#821,.T.);
#432=ORIENTED_EDGE('',*,*,#728,.F.);
#433=ORIENTED_EDGE('',*,*,#822,.T.);
#434=ORIENTED_EDGE('',*,*,#708,.T.);
#435=ORIENTED_EDGE('',*,*,#823,.T.);
#436=ORIENTED_EDGE('',*,*,#706,.F.);
#437=ORIENTED_EDGE('',*,*,#824,.T.);
#438=ORIENTED_EDGE('',*,*,#730,.T.);
#439=ORIENTED_EDGE('',*,*,#825,.T.);
#440=ORIENTED_EDGE('',*,*,#732,.F.);
#441=ORIENTED_EDGE('',*,*,#826,.T.);
#442=ORIENTED_EDGE('',*,*,#704,.T.);
#443=ORIENTED_EDGE('',*,*,#827,.F.);
#444=ORIENTED_EDGE('',*,*,#703,.T.);
#445=ORIENTED_EDGE('',*,*,#828,.T.);
#446=ORIENTED_EDGE('',*,*,#733,.F.);
#447=ORIENTED_EDGE('',*,*,#827,.T.);
#448=ORIENTED_EDGE('',*,*,#760,.F.);
#449=ORIENTED_EDGE('',*,*,#829,.T.);
#450=ORIENTED_EDGE('',*,*,#714,.F.);
#451=ORIENTED_EDGE('',*,*,#817,.F.);
#452=ORIENTED_EDGE('',*,*,#722,.F.);
#453=ORIENTED_EDGE('',*,*,#830,.T.);
#454=ORIENTED_EDGE('',*,*,#734,.F.);
#455=ORIENTED_EDGE('',*,*,#828,.F.);
#456=ORIENTED_EDGE('',*,*,#702,.F.);
#457=ORIENTED_EDGE('',*,*,#754,.F.);
#458=ORIENTED_EDGE('',*,*,#725,.F.);
#459=ORIENTED_EDGE('',*,*,#819,.F.);
#460=ORIENTED_EDGE('',*,*,#711,.F.);
#461=ORIENTED_EDGE('',*,*,#820,.F.);
#462=ORIENTED_EDGE('',*,*,#727,.F.);
#463=ORIENTED_EDGE('',*,*,#821,.F.);
#464=ORIENTED_EDGE('',*,*,#709,.F.);
#465=ORIENTED_EDGE('',*,*,#822,.F.);
#466=ORIENTED_EDGE('',*,*,#731,.F.);
#467=ORIENTED_EDGE('',*,*,#824,.F.);
#468=ORIENTED_EDGE('',*,*,#705,.F.);
#469=ORIENTED_EDGE('',*,*,#826,.F.);
#470=ORIENTED_EDGE('',*,*,#729,.F.);
#471=ORIENTED_EDGE('',*,*,#823,.F.);
#472=ORIENTED_EDGE('',*,*,#707,.F.);
#473=ORIENTED_EDGE('',*,*,#825,.F.);
#474=ORIENTED_EDGE('',*,*,#742,.F.);
#475=ORIENTED_EDGE('',*,*,#809,.F.);
#476=ORIENTED_EDGE('',*,*,#694,.F.);
#477=ORIENTED_EDGE('',*,*,#811,.F.);
#478=ORIENTED_EDGE('',*,*,#740,.F.);
#479=ORIENTED_EDGE('',*,*,#807,.F.);
#480=ORIENTED_EDGE('',*,*,#696,.F.);
#481=ORIENTED_EDGE('',*,*,#810,.F.);
#482=ORIENTED_EDGE('',*,*,#744,.F.);
#483=ORIENTED_EDGE('',*,*,#812,.F.);
#484=ORIENTED_EDGE('',*,*,#692,.F.);
#485=ORIENTED_EDGE('',*,*,#813,.F.);
#486=ORIENTED_EDGE('',*,*,#738,.F.);
#487=ORIENTED_EDGE('',*,*,#815,.F.);
#488=ORIENTED_EDGE('',*,*,#698,.F.);
#489=ORIENTED_EDGE('',*,*,#808,.F.);
#490=ORIENTED_EDGE('',*,*,#831,.F.);
#491=ORIENTED_EDGE('',*,*,#757,.T.);
#492=ORIENTED_EDGE('',*,*,#718,.F.);
#493=ORIENTED_EDGE('',*,*,#831,.T.);
#494=ORIENTED_EDGE('',*,*,#832,.F.);
#495=ORIENTED_EDGE('',*,*,#758,.T.);
#496=ORIENTED_EDGE('',*,*,#832,.T.);
#497=ORIENTED_EDGE('',*,*,#759,.F.);
#498=ORIENTED_EDGE('',*,*,#670,.F.);
#499=ORIENTED_EDGE('',*,*,#715,.F.);
#500=ORIENTED_EDGE('',*,*,#829,.F.);
#501=ORIENTED_EDGE('',*,*,#747,.F.);
#502=ORIENTED_EDGE('',*,*,#816,.F.);
#503=ORIENTED_EDGE('',*,*,#689,.F.);
#504=ORIENTED_EDGE('',*,*,#664,.F.);
#505=ORIENTED_EDGE('',*,*,#761,.F.);
#506=ORIENTED_EDGE('',*,*,#830,.F.);
#507=ORIENTED_EDGE('',*,*,#721,.F.);
#508=ORIENTED_EDGE('',*,*,#658,.F.);
#509=ORIENTED_EDGE('',*,*,#668,.T.);
#510=ORIENTED_EDGE('',*,*,#833,.T.);
#511=ORIENTED_EDGE('',*,*,#834,.F.);
#512=ORIENTED_EDGE('',*,*,#716,.T.);
#513=ORIENTED_EDGE('',*,*,#666,.F.);
#514=ORIENTED_EDGE('',*,*,#688,.F.);
#515=ORIENTED_EDGE('',*,*,#835,.T.);
#516=ORIENTED_EDGE('',*,*,#836,.T.);
#517=ORIENTED_EDGE('',*,*,#837,.F.);
#518=ORIENTED_EDGE('',*,*,#838,.F.);
#519=ORIENTED_EDGE('',*,*,#687,.F.);
#520=ORIENTED_EDGE('',*,*,#834,.T.);
#521=ORIENTED_EDGE('',*,*,#839,.T.);
#522=ORIENTED_EDGE('',*,*,#835,.F.);
#523=ORIENTED_EDGE('',*,*,#662,.T.);
#524=ORIENTED_EDGE('',*,*,#840,.T.);
#525=ORIENTED_EDGE('',*,*,#841,.F.);
#526=ORIENTED_EDGE('',*,*,#748,.T.);
#527=ORIENTED_EDGE('',*,*,#660,.F.);
#528=ORIENTED_EDGE('',*,*,#720,.F.);
#529=ORIENTED_EDGE('',*,*,#842,.T.);
#530=ORIENTED_EDGE('',*,*,#843,.T.);
#531=ORIENTED_EDGE('',*,*,#844,.F.);
#532=ORIENTED_EDGE('',*,*,#845,.F.);
#533=ORIENTED_EDGE('',*,*,#719,.T.);
#534=ORIENTED_EDGE('',*,*,#841,.T.);
#535=ORIENTED_EDGE('',*,*,#846,.T.);
#536=ORIENTED_EDGE('',*,*,#842,.F.);
#537=ORIENTED_EDGE('',*,*,#845,.T.);
#538=ORIENTED_EDGE('',*,*,#752,.F.);
#539=ORIENTED_EDGE('',*,*,#844,.T.);
#540=ORIENTED_EDGE('',*,*,#749,.F.);
#541=ORIENTED_EDGE('',*,*,#838,.T.);
#542=ORIENTED_EDGE('',*,*,#751,.F.);
#543=ORIENTED_EDGE('',*,*,#837,.T.);
#544=ORIENTED_EDGE('',*,*,#750,.F.);
#545=ORIENTED_EDGE('',*,*,#840,.F.);
#546=ORIENTED_EDGE('',*,*,#661,.F.);
#547=ORIENTED_EDGE('',*,*,#843,.F.);
#548=ORIENTED_EDGE('',*,*,#846,.F.);
#549=ORIENTED_EDGE('',*,*,#833,.F.);
#550=ORIENTED_EDGE('',*,*,#667,.F.);
#551=ORIENTED_EDGE('',*,*,#836,.F.);
#552=ORIENTED_EDGE('',*,*,#839,.F.);
#553=ORIENTED_EDGE('',*,*,#847,.F.);
#554=ORIENTED_EDGE('',*,*,#848,.T.);
#555=ORIENTED_EDGE('',*,*,#634,.T.);
#556=ORIENTED_EDGE('',*,*,#849,.T.);
#557=ORIENTED_EDGE('',*,*,#685,.F.);
#558=ORIENTED_EDGE('',*,*,#683,.F.);
#559=ORIENTED_EDGE('',*,*,#850,.T.);
#560=ORIENTED_EDGE('',*,*,#851,.T.);
#561=ORIENTED_EDGE('',*,*,#847,.T.);
#562=ORIENTED_EDGE('',*,*,#852,.T.);
#563=ORIENTED_EDGE('',*,*,#853,.T.);
#564=ORIENTED_EDGE('',*,*,#854,.T.);
#565=ORIENTED_EDGE('',*,*,#855,.F.);
#566=ORIENTED_EDGE('',*,*,#654,.F.);
#567=ORIENTED_EDGE('',*,*,#856,.T.);
#568=ORIENTED_EDGE('',*,*,#857,.T.);
#569=ORIENTED_EDGE('',*,*,#638,.T.);
#570=ORIENTED_EDGE('',*,*,#858,.T.);
#571=ORIENTED_EDGE('',*,*,#856,.F.);
#572=ORIENTED_EDGE('',*,*,#653,.F.);
#573=ORIENTED_EDGE('',*,*,#859,.F.);
#574=ORIENTED_EDGE('',*,*,#855,.T.);
#575=ORIENTED_EDGE('',*,*,#860,.T.);
#576=ORIENTED_EDGE('',*,*,#644,.F.);
#577=ORIENTED_EDGE('',*,*,#861,.T.);
#578=ORIENTED_EDGE('',*,*,#797,.F.);
#579=ORIENTED_EDGE('',*,*,#763,.T.);
#580=ORIENTED_EDGE('',*,*,#655,.T.);
#581=ORIENTED_EDGE('',*,*,#636,.F.);
#582=ORIENTED_EDGE('',*,*,#862,.T.);
#583=ORIENTED_EDGE('',*,*,#850,.F.);
#584=ORIENTED_EDGE('',*,*,#863,.T.);
#585=ORIENTED_EDGE('',*,*,#646,.F.);
#586=ORIENTED_EDGE('',*,*,#864,.T.);
#587=ORIENTED_EDGE('',*,*,#853,.F.);
#588=ORIENTED_EDGE('',*,*,#865,.T.);
#589=ORIENTED_EDGE('',*,*,#866,.T.);
#590=ORIENTED_EDGE('',*,*,#686,.T.);
#591=ORIENTED_EDGE('',*,*,#866,.F.);
#592=ORIENTED_EDGE('',*,*,#633,.T.);
#593=ORIENTED_EDGE('',*,*,#867,.T.);
#594=ORIENTED_EDGE('',*,*,#684,.T.);
#595=ORIENTED_EDGE('',*,*,#867,.F.);
#596=ORIENTED_EDGE('',*,*,#632,.T.);
#597=ORIENTED_EDGE('',*,*,#639,.F.);
#598=ORIENTED_EDGE('',*,*,#859,.T.);
#599=ORIENTED_EDGE('',*,*,#652,.T.);
#600=ORIENTED_EDGE('',*,*,#868,.F.);
#601=ORIENTED_EDGE('',*,*,#651,.F.);
#602=ORIENTED_EDGE('',*,*,#640,.F.);
#603=ORIENTED_EDGE('',*,*,#868,.T.);
#604=ORIENTED_EDGE('',*,*,#861,.F.);
#605=ORIENTED_EDGE('',*,*,#643,.T.);
#606=ORIENTED_EDGE('',*,*,#869,.T.);
#607=ORIENTED_EDGE('',*,*,#681,.F.);
#608=ORIENTED_EDGE('',*,*,#629,.F.);
#609=ORIENTED_EDGE('',*,*,#682,.T.);
#610=ORIENTED_EDGE('',*,*,#869,.F.);
#611=ORIENTED_EDGE('',*,*,#642,.T.);
#612=ORIENTED_EDGE('',*,*,#851,.F.);
#613=ORIENTED_EDGE('',*,*,#862,.F.);
#614=ORIENTED_EDGE('',*,*,#635,.F.);
#615=ORIENTED_EDGE('',*,*,#848,.F.);
#616=ORIENTED_EDGE('',*,*,#637,.F.);
#617=ORIENTED_EDGE('',*,*,#863,.F.);
#618=ORIENTED_EDGE('',*,*,#857,.F.);
#619=ORIENTED_EDGE('',*,*,#858,.F.);
#620=ORIENTED_EDGE('',*,*,#854,.F.);
#621=ORIENTED_EDGE('',*,*,#864,.F.);
#622=ORIENTED_EDGE('',*,*,#645,.F.);
#623=ORIENTED_EDGE('',*,*,#860,.F.);
#624=ORIENTED_EDGE('',*,*,#647,.F.);
#625=ORIENTED_EDGE('',*,*,#865,.F.);
#626=ORIENTED_EDGE('',*,*,#852,.F.);
#627=ORIENTED_EDGE('',*,*,#849,.F.);
#628=EDGE_CURVE('',#870,#871,#1042,.T.);
#629=EDGE_CURVE('',#870,#872,#1043,.T.);
#630=EDGE_CURVE('',#872,#873,#1044,.T.);
#631=EDGE_CURVE('',#871,#873,#1045,.T.);
#632=EDGE_CURVE('',#874,#874,#62,.T.);
#633=EDGE_CURVE('',#875,#875,#63,.T.);
#634=EDGE_CURVE('',#876,#877,#1046,.T.);
#635=EDGE_CURVE('',#876,#878,#1047,.T.);
#636=EDGE_CURVE('',#878,#879,#1048,.T.);
#637=EDGE_CURVE('',#879,#880,#1049,.F.);
#638=EDGE_CURVE('',#881,#880,#1050,.T.);
#639=EDGE_CURVE('',#881,#882,#1051,.F.);
#640=EDGE_CURVE('',#882,#883,#1052,.T.);
#641=EDGE_CURVE('',#883,#884,#1053,.T.);
#642=EDGE_CURVE('',#885,#884,#1054,.T.);
#643=EDGE_CURVE('',#886,#885,#1055,.T.);
#644=EDGE_CURVE('',#886,#887,#1056,.T.);
#645=EDGE_CURVE('',#887,#888,#1057,.F.);
#646=EDGE_CURVE('',#888,#889,#1058,.F.);
#647=EDGE_CURVE('',#889,#877,#1059,.F.);
#648=EDGE_CURVE('',#890,#890,#64,.F.);
#649=EDGE_CURVE('',#891,#891,#65,.T.);
#650=EDGE_CURVE('',#892,#892,#66,.T.);
#651=EDGE_CURVE('',#883,#893,#1060,.T.);
#652=EDGE_CURVE('',#894,#893,#1061,.F.);
#653=EDGE_CURVE('',#894,#895,#1062,.T.);
#654=EDGE_CURVE('',#895,#896,#1063,.T.);
#655=EDGE_CURVE('',#897,#896,#1064,.T.);
#656=EDGE_CURVE('',#898,#897,#1065,.T.);
#657=EDGE_CURVE('',#898,#899,#1066,.T.);
#658=EDGE_CURVE('',#899,#900,#1067,.F.);
#659=EDGE_CURVE('',#900,#901,#1068,.T.);
#660=EDGE_CURVE('',#901,#902,#1069,.T.);
#661=EDGE_CURVE('',#902,#903,#1070,.T.);
#662=EDGE_CURVE('',#904,#903,#1071,.T.);
#663=EDGE_CURVE('',#904,#905,#1072,.T.);
#664=EDGE_CURVE('',#905,#906,#1073,.T.);
#665=EDGE_CURVE('',#907,#906,#1074,.T.);
#666=EDGE_CURVE('',#907,#908,#1075,.T.);
#667=EDGE_CURVE('',#908,#909,#1076,.T.);
#668=EDGE_CURVE('',#910,#909,#1077,.T.);
#669=EDGE_CURVE('',#911,#910,#1078,.T.);
#670=EDGE_CURVE('',#911,#912,#1079,.T.);
#671=EDGE_CURVE('',#913,#912,#1080,.T.);
#672=EDGE_CURVE('',#913,#914,#1081,.T.);
#673=EDGE_CURVE('',#914,#915,#1082,.T.);
#674=EDGE_CURVE('',#915,#916,#1083,.T.);
#675=EDGE_CURVE('',#916,#917,#1084,.T.);
#676=EDGE_CURVE('',#917,#918,#58,.T.);
#677=EDGE_CURVE('',#918,#919,#1085,.T.);
#678=EDGE_CURVE('',#919,#920,#59,.T.);
#679=EDGE_CURVE('',#920,#921,#1086,.F.);
#680=EDGE_CURVE('',#921,#873,#1087,.T.);
#681=EDGE_CURVE('',#872,#922,#1088,.T.);
#682=EDGE_CURVE('',#884,#922,#1089,.T.);
#683=EDGE_CURVE('',#923,#923,#67,.T.);
#684=EDGE_CURVE('',#924,#924,#68,.F.);
#685=EDGE_CURVE('',#925,#925,#69,.T.);
#686=EDGE_CURVE('',#926,#926,#70,.F.);
#687=EDGE_CURVE('',#927,#928,#1090,.T.);
#688=EDGE_CURVE('',#928,#907,#1091,.T.);
#689=EDGE_CURVE('',#906,#929,#71,.T.);
#690=EDGE_CURVE('',#929,#930,#1092,.T.);
#691=EDGE_CURVE('',#930,#931,#72,.T.);
#692=EDGE_CURVE('',#931,#932,#73,.T.);
#693=EDGE_CURVE('',#932,#933,#1093,.T.);
#694=EDGE_CURVE('',#933,#934,#74,.T.);
#695=EDGE_CURVE('',#935,#934,#75,.T.);
#696=EDGE_CURVE('',#935,#936,#76,.T.);
#697=EDGE_CURVE('',#937,#936,#1094,.T.);
#698=EDGE_CURVE('',#937,#938,#77,.T.);
#699=EDGE_CURVE('',#939,#938,#78,.T.);
#700=EDGE_CURVE('',#939,#940,#1095,.T.);
#701=EDGE_CURVE('',#941,#940,#1096,.T.);
#702=EDGE_CURVE('',#941,#942,#1097,.T.);
#703=EDGE_CURVE('',#943,#942,#1098,.T.);
#704=EDGE_CURVE('',#944,#943,#79,.T.);
#705=EDGE_CURVE('',#944,#945,#80,.T.);
#706=EDGE_CURVE('',#945,#946,#1099,.T.);
#707=EDGE_CURVE('',#946,#947,#81,.T.);
#708=EDGE_CURVE('',#948,#947,#82,.T.);
#709=EDGE_CURVE('',#948,#949,#83,.T.);
#710=EDGE_CURVE('',#950,#949,#1100,.T.);
#711=EDGE_CURVE('',#950,#951,#84,.T.);
#712=EDGE_CURVE('',#951,#952,#85,.T.);
#713=EDGE_CURVE('',#952,#953,#1101,.T.);
#714=EDGE_CURVE('',#953,#954,#1102,.F.);
#715=EDGE_CURVE('',#954,#911,#86,.T.);
#716=EDGE_CURVE('',#927,#910,#1103,.T.);
#717=EDGE_CURVE('',#955,#955,#87,.T.);
#718=EDGE_CURVE('',#956,#956,#88,.T.);
#719=EDGE_CURVE('',#957,#958,#1104,.T.);
#720=EDGE_CURVE('',#957,#901,#1105,.T.);
#721=EDGE_CURVE('',#900,#959,#89,.F.);
#722=EDGE_CURVE('',#959,#960,#1106,.F.);
#723=EDGE_CURVE('',#961,#960,#1107,.T.);
#724=EDGE_CURVE('',#962,#961,#90,.T.);
#725=EDGE_CURVE('',#962,#963,#91,.F.);
#726=EDGE_CURVE('',#963,#964,#1108,.T.);
#727=EDGE_CURVE('',#964,#965,#92,.F.);
#728=EDGE_CURVE('',#965,#966,#93,.T.);
#729=EDGE_CURVE('',#966,#967,#94,.F.);
#730=EDGE_CURVE('',#968,#967,#1109,.T.);
#731=EDGE_CURVE('',#968,#969,#95,.F.);
#732=EDGE_CURVE('',#969,#970,#96,.F.);
#733=EDGE_CURVE('',#970,#971,#1110,.T.);
#734=EDGE_CURVE('',#971,#972,#1111,.T.);
#735=EDGE_CURVE('',#972,#973,#1112,.T.);
#736=EDGE_CURVE('',#974,#973,#1113,.T.);
#737=EDGE_CURVE('',#974,#975,#97,.F.);
#738=EDGE_CURVE('',#975,#976,#98,.F.);
#739=EDGE_CURVE('',#976,#977,#1114,.T.);
#740=EDGE_CURVE('',#977,#978,#99,.F.);
#741=EDGE_CURVE('',#978,#979,#100,.T.);
#742=EDGE_CURVE('',#979,#980,#101,.F.);
#743=EDGE_CURVE('',#981,#980,#1115,.T.);
#744=EDGE_CURVE('',#981,#982,#102,.F.);
#745=EDGE_CURVE('',#983,#982,#103,.T.);
#746=EDGE_CURVE('',#983,#984,#1116,.T.);
#747=EDGE_CURVE('',#984,#905,#104,.F.);
#748=EDGE_CURVE('',#958,#904,#1117,.T.);
#749=EDGE_CURVE('',#985,#985,#105,.T.);
#750=EDGE_CURVE('',#986,#986,#106,.T.);
#751=EDGE_CURVE('',#987,#987,#107,.T.);
#752=EDGE_CURVE('',#988,#988,#108,.T.);
#753=EDGE_CURVE('',#973,#940,#1118,.T.);
#754=EDGE_CURVE('',#972,#941,#1119,.T.);
#755=EDGE_CURVE('',#989,#989,#109,.F.);
#756=EDGE_CURVE('',#990,#990,#110,.F.);
#757=EDGE_CURVE('',#991,#991,#111,.T.);
#758=EDGE_CURVE('',#992,#992,#112,.T.);
#759=EDGE_CURVE('',#912,#993,#60,.T.);
#760=EDGE_CURVE('',#993,#994,#17,.F.);
#761=EDGE_CURVE('',#994,#899,#61,.T.);
#762=EDGE_CURVE('',#913,#898,#113,.T.);
#763=EDGE_CURVE('',#995,#897,#1120,.T.);
#764=EDGE_CURVE('',#996,#995,#1121,.T.);
#765=EDGE_CURVE('',#996,#997,#114,.T.);
#766=EDGE_CURVE('',#997,#998,#1122,.T.);
#767=EDGE_CURVE('',#914,#998,#1123,.T.);
#768=EDGE_CURVE('',#974,#939,#1124,.T.);
#769=EDGE_CURVE('',#915,#999,#1125,.T.);
#770=EDGE_CURVE('',#998,#999,#1126,.T.);
#771=EDGE_CURVE('',#999,#916,#115,.T.);
#772=EDGE_CURVE('',#1000,#999,#1127,.T.);
#773=EDGE_CURVE('',#917,#1000,#116,.T.);
#774=EDGE_CURVE('',#1001,#1000,#1128,.T.);
#775=EDGE_CURVE('',#918,#1001,#117,.T.);
#776=EDGE_CURVE('',#1002,#919,#118,.T.);
#777=EDGE_CURVE('',#1002,#1003,#1129,.T.);
#778=EDGE_CURVE('',#1003,#920,#119,.T.);
#779=EDGE_CURVE('',#1004,#1005,#120,.T.);
#780=EDGE_CURVE('',#1004,#1002,#1130,.T.);
#781=EDGE_CURVE('',#918,#919,#121,.T.);
#782=EDGE_CURVE('',#1005,#1001,#1131,.T.);
#783=EDGE_CURVE('',#1006,#1007,#122,.T.);
#784=EDGE_CURVE('',#1006,#1004,#1132,.T.);
#785=EDGE_CURVE('',#1007,#1005,#1133,.T.);
#786=EDGE_CURVE('',#1008,#1009,#123,.T.);
#787=EDGE_CURVE('',#1008,#1006,#1134,.T.);
#788=EDGE_CURVE('',#1009,#1007,#1135,.T.);
#789=EDGE_CURVE('',#1010,#1011,#124,.T.);
#790=EDGE_CURVE('',#1010,#1008,#1136,.T.);
#791=EDGE_CURVE('',#1011,#1009,#1137,.T.);
#792=EDGE_CURVE('',#996,#1010,#1138,.T.);
#793=EDGE_CURVE('',#997,#1011,#1139,.T.);
#794=EDGE_CURVE('',#1003,#871,#1140,.T.);
#795=EDGE_CURVE('',#921,#871,#125,.T.);
#796=EDGE_CURVE('',#1012,#1012,#126,.T.);
#797=EDGE_CURVE('',#995,#870,#1141,.T.);
#798=EDGE_CURVE('',#1013,#1013,#127,.T.);
#799=EDGE_CURVE('',#1014,#1014,#128,.T.);
#800=EDGE_CURVE('',#1015,#1015,#129,.T.);
#801=EDGE_CURVE('',#1016,#1016,#130,.F.);
#802=EDGE_CURVE('',#1017,#1017,#131,.F.);
#803=EDGE_CURVE('',#1018,#1018,#132,.T.);
#804=EDGE_CURVE('',#1019,#1019,#133,.T.);
#805=EDGE_CURVE('',#1020,#1020,#134,.T.);
#806=EDGE_CURVE('',#1021,#1021,#135,.T.);
#807=EDGE_CURVE('',#936,#977,#1142,.F.);
#808=EDGE_CURVE('',#976,#937,#1143,.T.);
#809=EDGE_CURVE('',#934,#979,#1144,.F.);
#810=EDGE_CURVE('',#978,#935,#1145,.T.);
#811=EDGE_CURVE('',#980,#933,#1146,.F.);
#812=EDGE_CURVE('',#932,#981,#1147,.F.);
#813=EDGE_CURVE('',#982,#931,#1148,.T.);
#814=EDGE_CURVE('',#983,#930,#1149,.T.);
#815=EDGE_CURVE('',#938,#975,#1150,.F.);
#816=EDGE_CURVE('',#929,#984,#1151,.F.);
#817=EDGE_CURVE('',#960,#953,#1152,.T.);
#818=EDGE_CURVE('',#961,#952,#1153,.T.);
#819=EDGE_CURVE('',#951,#962,#1154,.F.);
#820=EDGE_CURVE('',#963,#950,#1155,.F.);
#821=EDGE_CURVE('',#949,#964,#1156,.F.);
#822=EDGE_CURVE('',#965,#948,#1157,.T.);
#823=EDGE_CURVE('',#947,#966,#1158,.F.);
#824=EDGE_CURVE('',#945,#968,#1159,.T.);
#825=EDGE_CURVE('',#967,#946,#1160,.F.);
#826=EDGE_CURVE('',#969,#944,#1161,.T.);
#827=EDGE_CURVE('',#970,#943,#1162,.T.);
#828=EDGE_CURVE('',#942,#971,#1163,.T.);
#829=EDGE_CURVE('',#993,#954,#1164,.T.);
#830=EDGE_CURVE('',#959,#994,#1165,.F.);
#831=EDGE_CURVE('',#1022,#1022,#136,.T.);
#832=EDGE_CURVE('',#1023,#1023,#137,.T.);
#833=EDGE_CURVE('',#909,#1024,#1166,.T.);
#834=EDGE_CURVE('',#927,#1024,#1167,.T.);
#835=EDGE_CURVE('',#928,#1025,#1168,.T.);
#836=EDGE_CURVE('',#1025,#908,#1169,.T.);
#837=EDGE_CURVE('',#1026,#1026,#138,.T.);
#838=EDGE_CURVE('',#1027,#1027,#139,.T.);
#839=EDGE_CURVE('',#1024,#1025,#1170,.T.);
#840=EDGE_CURVE('',#903,#1028,#1171,.T.);
#841=EDGE_CURVE('',#958,#1028,#1172,.T.);
#842=EDGE_CURVE('',#957,#1029,#1173,.T.);
#843=EDGE_CURVE('',#1029,#902,#1174,.T.);
#844=EDGE_CURVE('',#1030,#1030,#140,.T.);
#845=EDGE_CURVE('',#1031,#1031,#141,.T.);
#846=EDGE_CURVE('',#1028,#1029,#1175,.T.);
#847=EDGE_CURVE('',#1032,#1033,#1176,.T.);
#848=EDGE_CURVE('',#1032,#876,#1177,.T.);
#849=EDGE_CURVE('',#877,#1033,#1178,.T.);
#850=EDGE_CURVE('',#1034,#1035,#1179,.T.);
#851=EDGE_CURVE('',#1035,#1032,#1180,.T.);
#852=EDGE_CURVE('',#1033,#1036,#1181,.F.);
#853=EDGE_CURVE('',#1036,#1037,#1182,.F.);
#854=EDGE_CURVE('',#1037,#1038,#1183,.F.);
#855=EDGE_CURVE('',#896,#1038,#1184,.T.);
#856=EDGE_CURVE('',#895,#1039,#1185,.T.);
#857=EDGE_CURVE('',#1039,#1034,#1186,.F.);
#858=EDGE_CURVE('',#880,#1039,#1187,.T.);
#859=EDGE_CURVE('',#881,#894,#1188,.F.);
#860=EDGE_CURVE('',#1038,#887,#1189,.T.);
#861=EDGE_CURVE('',#886,#870,#1190,.T.);
#862=EDGE_CURVE('',#878,#1035,#1191,.T.);
#863=EDGE_CURVE('',#1034,#879,#1192,.T.);
#864=EDGE_CURVE('',#888,#1037,#1193,.F.);
#865=EDGE_CURVE('',#1036,#889,#1194,.F.);
#866=EDGE_CURVE('',#1040,#1040,#142,.T.);
#867=EDGE_CURVE('',#1041,#1041,#143,.T.);
#868=EDGE_CURVE('',#882,#893,#1195,.F.);
#869=EDGE_CURVE('',#885,#922,#1196,.T.);
#870=VERTEX_POINT('',#2521);
#871=VERTEX_POINT('',#2522);
#872=VERTEX_POINT('',#2524);
#873=VERTEX_POINT('',#2526);
#874=VERTEX_POINT('',#2530);
#875=VERTEX_POINT('',#2532);
#876=VERTEX_POINT('',#2534);
#877=VERTEX_POINT('',#2535);
#878=VERTEX_POINT('',#2537);
#879=VERTEX_POINT('',#2539);
#880=VERTEX_POINT('',#2541);
#881=VERTEX_POINT('',#2543);
#882=VERTEX_POINT('',#2545);
#883=VERTEX_POINT('',#2547);
#884=VERTEX_POINT('',#2549);
#885=VERTEX_POINT('',#2551);
#886=VERTEX_POINT('',#2553);
#887=VERTEX_POINT('',#2555);
#888=VERTEX_POINT('',#2557);
#889=VERTEX_POINT('',#2559);
#890=VERTEX_POINT('',#2563);
#891=VERTEX_POINT('',#2565);
#892=VERTEX_POINT('',#2567);
#893=VERTEX_POINT('',#2569);
#894=VERTEX_POINT('',#2571);
#895=VERTEX_POINT('',#2573);
#896=VERTEX_POINT('',#2575);
#897=VERTEX_POINT('',#2577);
#898=VERTEX_POINT('',#2579);
#899=VERTEX_POINT('',#2581);
#900=VERTEX_POINT('',#2583);
#901=VERTEX_POINT('',#2585);
#902=VERTEX_POINT('',#2587);
#903=VERTEX_POINT('',#2589);
#904=VERTEX_POINT('',#2591);
#905=VERTEX_POINT('',#2593);
#906=VERTEX_POINT('',#2595);
#907=VERTEX_POINT('',#2597);
#908=VERTEX_POINT('',#2599);
#909=VERTEX_POINT('',#2601);
#910=VERTEX_POINT('',#2603);
#911=VERTEX_POINT('',#2605);
#912=VERTEX_POINT('',#2607);
#913=VERTEX_POINT('',#2609);
#914=VERTEX_POINT('',#2611);
#915=VERTEX_POINT('',#2613);
#916=VERTEX_POINT('',#2615);
#917=VERTEX_POINT('',#2617);
#918=VERTEX_POINT('',#2622);
#919=VERTEX_POINT('',#2624);
#920=VERTEX_POINT('',#2629);
#921=VERTEX_POINT('',#2631);
#922=VERTEX_POINT('',#2634);
#923=VERTEX_POINT('',#2638);
#924=VERTEX_POINT('',#2640);
#925=VERTEX_POINT('',#2643);
#926=VERTEX_POINT('',#2645);
#927=VERTEX_POINT('',#2648);
#928=VERTEX_POINT('',#2649);
#929=VERTEX_POINT('',#2652);
#930=VERTEX_POINT('',#2654);
#931=VERTEX_POINT('',#2656);
#932=VERTEX_POINT('',#2658);
#933=VERTEX_POINT('',#2660);
#934=VERTEX_POINT('',#2662);
#935=VERTEX_POINT('',#2664);
#936=VERTEX_POINT('',#2666);
#937=VERTEX_POINT('',#2668);
#938=VERTEX_POINT('',#2670);
#939=VERTEX_POINT('',#2672);
#940=VERTEX_POINT('',#2674);
#941=VERTEX_POINT('',#2676);
#942=VERTEX_POINT('',#2678);
#943=VERTEX_POINT('',#2680);
#944=VERTEX_POINT('',#2682);
#945=VERTEX_POINT('',#2684);
#946=VERTEX_POINT('',#2686);
#947=VERTEX_POINT('',#2688);
#948=VERTEX_POINT('',#2690);
#949=VERTEX_POINT('',#2692);
#950=VERTEX_POINT('',#2694);
#951=VERTEX_POINT('',#2696);
#952=VERTEX_POINT('',#2698);
#953=VERTEX_POINT('',#2700);
#954=VERTEX_POINT('',#2702);
#955=VERTEX_POINT('',#2707);
#956=VERTEX_POINT('',#2709);
#957=VERTEX_POINT('',#2712);
#958=VERTEX_POINT('',#2713);
#959=VERTEX_POINT('',#2716);
#960=VERTEX_POINT('',#2718);
#961=VERTEX_POINT('',#2720);
#962=VERTEX_POINT('',#2722);
#963=VERTEX_POINT('',#2724);
#964=VERTEX_POINT('',#2726);
#965=VERTEX_POINT('',#2728);
#966=VERTEX_POINT('',#2730);
#967=VERTEX_POINT('',#2732);
#968=VERTEX_POINT('',#2734);
#969=VERTEX_POINT('',#2736);
#970=VERTEX_POINT('',#2738);
#971=VERTEX_POINT('',#2740);
#972=VERTEX_POINT('',#2742);
#973=VERTEX_POINT('',#2744);
#974=VERTEX_POINT('',#2746);
#975=VERTEX_POINT('',#2748);
#976=VERTEX_POINT('',#2750);
#977=VERTEX_POINT('',#2752);
#978=VERTEX_POINT('',#2754);
#979=VERTEX_POINT('',#2756);
#980=VERTEX_POINT('',#2758);
#981=VERTEX_POINT('',#2760);
#982=VERTEX_POINT('',#2762);
#983=VERTEX_POINT('',#2764);
#984=VERTEX_POINT('',#2766);
#985=VERTEX_POINT('',#2771);
#986=VERTEX_POINT('',#2773);
#987=VERTEX_POINT('',#2775);
#988=VERTEX_POINT('',#2777);
#989=VERTEX_POINT('',#2781);
#990=VERTEX_POINT('',#2783);
#991=VERTEX_POINT('',#2785);
#992=VERTEX_POINT('',#2787);
#993=VERTEX_POINT('',#2796);
#994=VERTEX_POINT('',#2798);
#995=VERTEX_POINT('',#2809);
#996=VERTEX_POINT('',#2811);
#997=VERTEX_POINT('',#2813);
#998=VERTEX_POINT('',#2815);
#999=VERTEX_POINT('',#2821);
#1000=VERTEX_POINT('',#2827);
#1001=VERTEX_POINT('',#2831);
#1002=VERTEX_POINT('',#2835);
#1003=VERTEX_POINT('',#2837);
#1004=VERTEX_POINT('',#2841);
#1005=VERTEX_POINT('',#2842);
#1006=VERTEX_POINT('',#2848);
#1007=VERTEX_POINT('',#2849);
#1008=VERTEX_POINT('',#2854);
#1009=VERTEX_POINT('',#2855);
#1010=VERTEX_POINT('',#2860);
#1011=VERTEX_POINT('',#2861);
#1012=VERTEX_POINT('',#2872);
#1013=VERTEX_POINT('',#2876);
#1014=VERTEX_POINT('',#2879);
#1015=VERTEX_POINT('',#2883);
#1016=VERTEX_POINT('',#2889);
#1017=VERTEX_POINT('',#2892);
#1018=VERTEX_POINT('',#2895);
#1019=VERTEX_POINT('',#2898);
#1020=VERTEX_POINT('',#2901);
#1021=VERTEX_POINT('',#2904);
#1022=VERTEX_POINT('',#2957);
#1023=VERTEX_POINT('',#2961);
#1024=VERTEX_POINT('',#2968);
#1025=VERTEX_POINT('',#2972);
#1026=VERTEX_POINT('',#2976);
#1027=VERTEX_POINT('',#2978);
#1028=VERTEX_POINT('',#2982);
#1029=VERTEX_POINT('',#2986);
#1030=VERTEX_POINT('',#2990);
#1031=VERTEX_POINT('',#2992);
#1032=VERTEX_POINT('',#3002);
#1033=VERTEX_POINT('',#3003);
#1034=VERTEX_POINT('',#3008);
#1035=VERTEX_POINT('',#3009);
#1036=VERTEX_POINT('',#3012);
#1037=VERTEX_POINT('',#3014);
#1038=VERTEX_POINT('',#3016);
#1039=VERTEX_POINT('',#3019);
#1040=VERTEX_POINT('',#3035);
#1041=VERTEX_POINT('',#3039);
#1042=LINE('',#2520,#1197);
#1043=LINE('',#2523,#1198);
#1044=LINE('',#2525,#1199);
#1045=LINE('',#2527,#1200);
#1046=LINE('',#2533,#1201);
#1047=LINE('',#2536,#1202);
#1048=LINE('',#2538,#1203);
#1049=LINE('',#2540,#1204);
#1050=LINE('',#2542,#1205);
#1051=LINE('',#2544,#1206);
#1052=LINE('',#2546,#1207);
#1053=LINE('',#2548,#1208);
#1054=LINE('',#2550,#1209);
#1055=LINE('',#2552,#1210);
#1056=LINE('',#2554,#1211);
#1057=LINE('',#2556,#1212);
#1058=LINE('',#2558,#1213);
#1059=LINE('',#2560,#1214);
#1060=LINE('',#2568,#1215);
#1061=LINE('',#2570,#1216);
#1062=LINE('',#2572,#1217);
#1063=LINE('',#2574,#1218);
#1064=LINE('',#2576,#1219);
#1065=LINE('',#2578,#1220);
#1066=LINE('',#2580,#1221);
#1067=LINE('',#2582,#1222);
#1068=LINE('',#2584,#1223);
#1069=LINE('',#2586,#1224);
#1070=LINE('',#2588,#1225);
#1071=LINE('',#2590,#1226);
#1072=LINE('',#2592,#1227);
#1073=LINE('',#2594,#1228);
#1074=LINE('',#2596,#1229);
#1075=LINE('',#2598,#1230);
#1076=LINE('',#2600,#1231);
#1077=LINE('',#2602,#1232);
#1078=LINE('',#2604,#1233);
#1079=LINE('',#2606,#1234);
#1080=LINE('',#2608,#1235);
#1081=LINE('',#2610,#1236);
#1082=LINE('',#2612,#1237);
#1083=LINE('',#2614,#1238);
#1084=LINE('',#2616,#1239);
#1085=LINE('',#2623,#1240);
#1086=LINE('',#2630,#1241);
#1087=LINE('',#2632,#1242);
#1088=LINE('',#2633,#1243);
#1089=LINE('',#2635,#1244);
#1090=LINE('',#2647,#1245);
#1091=LINE('',#2650,#1246);
#1092=LINE('',#2653,#1247);
#1093=LINE('',#2659,#1248);
#1094=LINE('',#2667,#1249);
#1095=LINE('',#2673,#1250);
#1096=LINE('',#2675,#1251);
#1097=LINE('',#2677,#1252);
#1098=LINE('',#2679,#1253);
#1099=LINE('',#2685,#1254);
#1100=LINE('',#2693,#1255);
#1101=LINE('',#2699,#1256);
#1102=LINE('',#2701,#1257);
#1103=LINE('',#2704,#1258);
#1104=LINE('',#2711,#1259);
#1105=LINE('',#2714,#1260);
#1106=LINE('',#2717,#1261);
#1107=LINE('',#2719,#1262);
#1108=LINE('',#2725,#1263);
#1109=LINE('',#2733,#1264);
#1110=LINE('',#2739,#1265);
#1111=LINE('',#2741,#1266);
#1112=LINE('',#2743,#1267);
#1113=LINE('',#2745,#1268);
#1114=LINE('',#2751,#1269);
#1115=LINE('',#2759,#1270);
#1116=LINE('',#2765,#1271);
#1117=LINE('',#2768,#1272);
#1118=LINE('',#2778,#1273);
#1119=LINE('',#2779,#1274);
#1120=LINE('',#2808,#1275);
#1121=LINE('',#2810,#1276);
#1122=LINE('',#2814,#1277);
#1123=LINE('',#2816,#1278);
#1124=LINE('',#2818,#1279);
#1125=LINE('',#2820,#1280);
#1126=LINE('',#2822,#1281);
#1127=LINE('',#2826,#1282);
#1128=LINE('',#2830,#1283);
#1129=LINE('',#2836,#1284);
#1130=LINE('',#2843,#1285);
#1131=LINE('',#2845,#1286);
#1132=LINE('',#2850,#1287);
#1133=LINE('',#2851,#1288);
#1134=LINE('',#2856,#1289);
#1135=LINE('',#2857,#1290);
#1136=LINE('',#2862,#1291);
#1137=LINE('',#2863,#1292);
#1138=LINE('',#2865,#1293);
#1139=LINE('',#2866,#1294);
#1140=LINE('',#2868,#1295);
#1141=LINE('',#2873,#1296);
#1142=LINE('',#2909,#1297);
#1143=LINE('',#2910,#1298);
#1144=LINE('',#2912,#1299);
#1145=LINE('',#2913,#1300);
#1146=LINE('',#2915,#1301);
#1147=LINE('',#2916,#1302);
#1148=LINE('',#2918,#1303);
#1149=LINE('',#2919,#1304);
#1150=LINE('',#2921,#1305);
#1151=LINE('',#2923,#1306);
#1152=LINE('',#2925,#1307);
#1153=LINE('',#2926,#1308);
#1154=LINE('',#2928,#1309);
#1155=LINE('',#2930,#1310);
#1156=LINE('',#2931,#1311);
#1157=LINE('',#2933,#1312);
#1158=LINE('',#2934,#1313);
#1159=LINE('',#2936,#1314);
#1160=LINE('',#2937,#1315);
#1161=LINE('',#2939,#1316);
#1162=LINE('',#2940,#1317);
#1163=LINE('',#2942,#1318);
#1164=LINE('',#2944,#1319);
#1165=LINE('',#2945,#1320);
#1166=LINE('',#2967,#1321);
#1167=LINE('',#2969,#1322);
#1168=LINE('',#2971,#1323);
#1169=LINE('',#2973,#1324);
#1170=LINE('',#2979,#1325);
#1171=LINE('',#2981,#1326);
#1172=LINE('',#2983,#1327);
#1173=LINE('',#2985,#1328);
#1174=LINE('',#2987,#1329);
#1175=LINE('',#2993,#1330);
#1176=LINE('',#3001,#1331);
#1177=LINE('',#3004,#1332);
#1178=LINE('',#3005,#1333);
#1179=LINE('',#3007,#1334);
#1180=LINE('',#3010,#1335);
#1181=LINE('',#3011,#1336);
#1182=LINE('',#3013,#1337);
#1183=LINE('',#3015,#1338);
#1184=LINE('',#3017,#1339);
#1185=LINE('',#3018,#1340);
#1186=LINE('',#3020,#1341);
#1187=LINE('',#3022,#1342);
#1188=LINE('',#3023,#1343);
#1189=LINE('',#3025,#1344);
#1190=LINE('',#3026,#1345);
#1191=LINE('',#3028,#1346);
#1192=LINE('',#3029,#1347);
#1193=LINE('',#3031,#1348);
#1194=LINE('',#3032,#1349);
#1195=LINE('',#3042,#1350);
#1196=LINE('',#3045,#1351);
#1197=VECTOR('',#1999,1.);
#1198=VECTOR('',#2000,1.);
#1199=VECTOR('',#2001,1.);
#1200=VECTOR('',#2002,1.);
#1201=VECTOR('',#2009,1.);
#1202=VECTOR('',#2010,1.);
#1203=VECTOR('',#2011,1.);
#1204=VECTOR('',#2012,1.);
#1205=VECTOR('',#2013,1.);
#1206=VECTOR('',#2014,1.);
#1207=VECTOR('',#2015,1.);
#1208=VECTOR('',#2016,1.);
#1209=VECTOR('',#2017,1.);
#1210=VECTOR('',#2018,1.);
#1211=VECTOR('',#2019,1.);
#1212=VECTOR('',#2020,1.);
#1213=VECTOR('',#2021,1.);
#1214=VECTOR('',#2022,1.);
#1215=VECTOR('',#2031,1.);
#1216=VECTOR('',#2032,1.);
#1217=VECTOR('',#2033,1.);
#1218=VECTOR('',#2034,1.);
#1219=VECTOR('',#2035,1.);
#1220=VECTOR('',#2036,1.);
#1221=VECTOR('',#2037,1.);
#1222=VECTOR('',#2038,1.);
#1223=VECTOR('',#2039,1.);
#1224=VECTOR('',#2040,1.);
#1225=VECTOR('',#2041,1.);
#1226=VECTOR('',#2042,1.);
#1227=VECTOR('',#2043,1.);
#1228=VECTOR('',#2044,1.);
#1229=VECTOR('',#2045,1.);
#1230=VECTOR('',#2046,1.);
#1231=VECTOR('',#2047,1.);
#1232=VECTOR('',#2048,1.);
#1233=VECTOR('',#2049,1.);
#1234=VECTOR('',#2050,1.);
#1235=VECTOR('',#2051,1.);
#1236=VECTOR('',#2052,1.);
#1237=VECTOR('',#2053,1.);
#1238=VECTOR('',#2054,1.);
#1239=VECTOR('',#2055,1.);
#1240=VECTOR('',#2056,1.);
#1241=VECTOR('',#2057,1.);
#1242=VECTOR('',#2058,1.);
#1243=VECTOR('',#2059,1.);
#1244=VECTOR('',#2060,1.);
#1245=VECTOR('',#2075,1.);
#1246=VECTOR('',#2076,1.);
#1247=VECTOR('',#2079,1.);
#1248=VECTOR('',#2084,1.);
#1249=VECTOR('',#2091,1.);
#1250=VECTOR('',#2096,1.);
#1251=VECTOR('',#2097,1.);
#1252=VECTOR('',#2098,1.);
#1253=VECTOR('',#2099,1.);
#1254=VECTOR('',#2104,1.);
#1255=VECTOR('',#2111,1.);
#1256=VECTOR('',#2116,1.);
#1257=VECTOR('',#2117,1.);
#1258=VECTOR('',#2120,1.);
#1259=VECTOR('',#2129,1.);
#1260=VECTOR('',#2130,1.);
#1261=VECTOR('',#2133,1.);
#1262=VECTOR('',#2134,1.);
#1263=VECTOR('',#2139,1.);
#1264=VECTOR('',#2146,1.);
#1265=VECTOR('',#2151,1.);
#1266=VECTOR('',#2152,1.);
#1267=VECTOR('',#2153,1.);
#1268=VECTOR('',#2154,1.);
#1269=VECTOR('',#2159,1.);
#1270=VECTOR('',#2166,1.);
#1271=VECTOR('',#2171,1.);
#1272=VECTOR('',#2174,1.);
#1273=VECTOR('',#2185,1.);
#1274=VECTOR('',#2186,1.);
#1275=VECTOR('',#2203,1.);
#1276=VECTOR('',#2204,1.);
#1277=VECTOR('',#2207,1.);
#1278=VECTOR('',#2208,1.);
#1279=VECTOR('',#2211,1.);
#1280=VECTOR('',#2214,1.);
#1281=VECTOR('',#2215,1.);
#1282=VECTOR('',#2222,1.);
#1283=VECTOR('',#2227,1.);
#1284=VECTOR('',#2234,1.);
#1285=VECTOR('',#2241,1.);
#1286=VECTOR('',#2244,1.);
#1287=VECTOR('',#2249,1.);
#1288=VECTOR('',#2250,1.);
#1289=VECTOR('',#2255,1.);
#1290=VECTOR('',#2256,1.);
#1291=VECTOR('',#2261,1.);
#1292=VECTOR('',#2262,1.);
#1293=VECTOR('',#2265,1.);
#1294=VECTOR('',#2266,1.);
#1295=VECTOR('',#2269,1.);
#1296=VECTOR('',#2276,1.);
#1297=VECTOR('',#2329,1.);
#1298=VECTOR('',#2330,1.);
#1299=VECTOR('',#2333,1.);
#1300=VECTOR('',#2334,1.);
#1301=VECTOR('',#2337,1.);
#1302=VECTOR('',#2338,1.);
#1303=VECTOR('',#2341,1.);
#1304=VECTOR('',#2342,1.);
#1305=VECTOR('',#2345,1.);
#1306=VECTOR('',#2348,1.);
#1307=VECTOR('',#2351,1.);
#1308=VECTOR('',#2352,1.);
#1309=VECTOR('',#2355,1.);
#1310=VECTOR('',#2358,1.);
#1311=VECTOR('',#2359,1.);
#1312=VECTOR('',#2362,1.);
#1313=VECTOR('',#2363,1.);
#1314=VECTOR('',#2366,1.);
#1315=VECTOR('',#2367,1.);
#1316=VECTOR('',#2370,1.);
#1317=VECTOR('',#2371,1.);
#1318=VECTOR('',#2374,1.);
#1319=VECTOR('',#2377,1.);
#1320=VECTOR('',#2378,1.);
#1321=VECTOR('',#2417,1.);
#1322=VECTOR('',#2418,1.);
#1323=VECTOR('',#2421,1.);
#1324=VECTOR('',#2422,1.);
#1325=VECTOR('',#2429,1.);
#1326=VECTOR('',#2432,1.);
#1327=VECTOR('',#2433,1.);
#1328=VECTOR('',#2436,1.);
#1329=VECTOR('',#2437,1.);
#1330=VECTOR('',#2444,1.);
#1331=VECTOR('',#2459,1.);
#1332=VECTOR('',#2460,1.);
#1333=VECTOR('',#2461,1.);
#1334=VECTOR('',#2464,1.);
#1335=VECTOR('',#2465,1.);
#1336=VECTOR('',#2466,1.);
#1337=VECTOR('',#2467,1.);
#1338=VECTOR('',#2468,1.);
#1339=VECTOR('',#2469,1.);
#1340=VECTOR('',#2470,1.);
#1341=VECTOR('',#2471,1.);
#1342=VECTOR('',#2474,1.);
#1343=VECTOR('',#2475,1.);
#1344=VECTOR('',#2478,1.);
#1345=VECTOR('',#2479,1.);
#1346=VECTOR('',#2482,1.);
#1347=VECTOR('',#2483,1.);
#1348=VECTOR('',#2486,1.);
#1349=VECTOR('',#2487,1.);
#1350=VECTOR('',#2502,1.);
#1351=VECTOR('',#2507,1.);
#1352=EDGE_LOOP('',(#144,#145,#146,#147));
#1353=EDGE_LOOP('',(#148));
#1354=EDGE_LOOP('',(#149));
#1355=EDGE_LOOP('',(#150,#151,#152,#153,#154,#155,#156,#157,#158,#159,#160,
#161,#162,#163));
#1356=EDGE_LOOP('',(#164));
#1357=EDGE_LOOP('',(#165));
#1358=EDGE_LOOP('',(#166));
#1359=EDGE_LOOP('',(#167,#168,#169,#170,#171,#172,#173,#174,#175,#176,#177,
#178,#179,#180,#181,#182,#183,#184,#185,#186,#187,#188,#189,#190,#191,#192,
#193,#194,#195,#196,#197,#198,#199,#200));
#1360=EDGE_LOOP('',(#201));
#1361=EDGE_LOOP('',(#202));
#1362=EDGE_LOOP('',(#203));
#1363=EDGE_LOOP('',(#204));
#1364=EDGE_LOOP('',(#205,#206,#207,#208,#209,#210,#211,#212,#213,#214,#215,
#216,#217,#218,#219,#220,#221,#222,#223,#224,#225,#226,#227,#228,#229,#230,
#231,#232,#233,#234,#235,#236));
#1365=EDGE_LOOP('',(#237));
#1366=EDGE_LOOP('',(#238));
#1367=EDGE_LOOP('',(#239,#240,#241,#242,#243,#244,#245,#246,#247,#248,#249,
#250,#251,#252,#253,#254,#255,#256,#257,#258,#259,#260,#261,#262,#263,#264,
#265,#266,#267,#268,#269,#270));
#1368=EDGE_LOOP('',(#271));
#1369=EDGE_LOOP('',(#272));
#1370=EDGE_LOOP('',(#273));
#1371=EDGE_LOOP('',(#274));
#1372=EDGE_LOOP('',(#275,#276,#277,#278));
#1373=EDGE_LOOP('',(#279));
#1374=EDGE_LOOP('',(#280));
#1375=EDGE_LOOP('',(#281));
#1376=EDGE_LOOP('',(#282));
#1377=EDGE_LOOP('',(#283,#284,#285,#286,#287,#288));
#1378=EDGE_LOOP('',(#289,#290,#291,#292,#293,#294,#295,#296));
#1379=EDGE_LOOP('',(#297,#298,#299,#300));
#1380=EDGE_LOOP('',(#301,#302,#303,#304));
#1381=EDGE_LOOP('',(#305,#306,#307));
#1382=EDGE_LOOP('',(#308,#309,#310,#311));
#1383=EDGE_LOOP('',(#312,#313,#314,#315));
#1384=EDGE_LOOP('',(#316,#317,#318,#319));
#1385=EDGE_LOOP('',(#320,#321,#322,#323,#324,#325));
#1386=EDGE_LOOP('',(#326,#327,#328,#329));
#1387=EDGE_LOOP('',(#330,#331,#332,#333));
#1388=EDGE_LOOP('',(#334,#335,#336,#337));
#1389=EDGE_LOOP('',(#338,#339,#340,#341));
#1390=EDGE_LOOP('',(#342,#343,#344,#345));
#1391=EDGE_LOOP('',(#346));
#1392=EDGE_LOOP('',(#347,#348,#349,#350,#351,#352,#353,#354,#355,#356));
#1393=EDGE_LOOP('',(#357));
#1394=EDGE_LOOP('',(#358,#359,#360,#361,#362,#363,#364,#365,#366));
#1395=EDGE_LOOP('',(#367));
#1396=EDGE_LOOP('',(#368));
#1397=EDGE_LOOP('',(#369));
#1398=EDGE_LOOP('',(#370));
#1399=EDGE_LOOP('',(#371));
#1400=EDGE_LOOP('',(#372));
#1401=EDGE_LOOP('',(#373,#374,#375));
#1402=EDGE_LOOP('',(#376,#377));
#1403=EDGE_LOOP('',(#378));
#1404=EDGE_LOOP('',(#379));
#1405=EDGE_LOOP('',(#380));
#1406=EDGE_LOOP('',(#381));
#1407=EDGE_LOOP('',(#382));
#1408=EDGE_LOOP('',(#383));
#1409=EDGE_LOOP('',(#384));
#1410=EDGE_LOOP('',(#385));
#1411=EDGE_LOOP('',(#386));
#1412=EDGE_LOOP('',(#387));
#1413=EDGE_LOOP('',(#388));
#1414=EDGE_LOOP('',(#389));
#1415=EDGE_LOOP('',(#390));
#1416=EDGE_LOOP('',(#391));
#1417=EDGE_LOOP('',(#392));
#1418=EDGE_LOOP('',(#393));
#1419=EDGE_LOOP('',(#394));
#1420=EDGE_LOOP('',(#395));
#1421=EDGE_LOOP('',(#396,#397,#398,#399));
#1422=EDGE_LOOP('',(#400,#401,#402,#403));
#1423=EDGE_LOOP('',(#404,#405,#406,#407));
#1424=EDGE_LOOP('',(#408,#409,#410,#411));
#1425=EDGE_LOOP('',(#412,#413,#414,#415));
#1426=EDGE_LOOP('',(#416,#417,#418,#419));
#1427=EDGE_LOOP('',(#420,#421,#422,#423));
#1428=EDGE_LOOP('',(#424,#425,#426,#427));
#1429=EDGE_LOOP('',(#428,#429,#430,#431));
#1430=EDGE_LOOP('',(#432,#433,#434,#435));
#1431=EDGE_LOOP('',(#436,#437,#438,#439));
#1432=EDGE_LOOP('',(#440,#441,#442,#443));
#1433=EDGE_LOOP('',(#444,#445,#446,#447));
#1434=EDGE_LOOP('',(#448,#449,#450,#451,#452,#453));
#1435=EDGE_LOOP('',(#454,#455,#456,#457));
#1436=EDGE_LOOP('',(#458,#459,#460,#461));
#1437=EDGE_LOOP('',(#462,#463,#464,#465));
#1438=EDGE_LOOP('',(#466,#467,#468,#469));
#1439=EDGE_LOOP('',(#470,#471,#472,#473));
#1440=EDGE_LOOP('',(#474,#475,#476,#477));
#1441=EDGE_LOOP('',(#478,#479,#480,#481));
#1442=EDGE_LOOP('',(#482,#483,#484,#485));
#1443=EDGE_LOOP('',(#486,#487,#488,#489));
#1444=EDGE_LOOP('',(#490));
#1445=EDGE_LOOP('',(#491));
#1446=EDGE_LOOP('',(#492));
#1447=EDGE_LOOP('',(#493));
#1448=EDGE_LOOP('',(#494));
#1449=EDGE_LOOP('',(#495));
#1450=EDGE_LOOP('',(#496));
#1451=EDGE_LOOP('',(#497,#498,#499,#500));
#1452=EDGE_LOOP('',(#501,#502,#503,#504));
#1453=EDGE_LOOP('',(#505,#506,#507,#508));
#1454=EDGE_LOOP('',(#509,#510,#511,#512));
#1455=EDGE_LOOP('',(#513,#514,#515,#516));
#1456=EDGE_LOOP('',(#517));
#1457=EDGE_LOOP('',(#518));
#1458=EDGE_LOOP('',(#519,#520,#521,#522));
#1459=EDGE_LOOP('',(#523,#524,#525,#526));
#1460=EDGE_LOOP('',(#527,#528,#529,#530));
#1461=EDGE_LOOP('',(#531));
#1462=EDGE_LOOP('',(#532));
#1463=EDGE_LOOP('',(#533,#534,#535,#536));
#1464=EDGE_LOOP('',(#537));
#1465=EDGE_LOOP('',(#538));
#1466=EDGE_LOOP('',(#539));
#1467=EDGE_LOOP('',(#540));
#1468=EDGE_LOOP('',(#541));
#1469=EDGE_LOOP('',(#542));
#1470=EDGE_LOOP('',(#543));
#1471=EDGE_LOOP('',(#544));
#1472=EDGE_LOOP('',(#545,#546,#547,#548));
#1473=EDGE_LOOP('',(#549,#550,#551,#552));
#1474=EDGE_LOOP('',(#553,#554,#555,#556));
#1475=EDGE_LOOP('',(#557));
#1476=EDGE_LOOP('',(#558));
#1477=EDGE_LOOP('',(#559,#560,#561,#562,#563,#564,#565,#566,#567,#568));
#1478=EDGE_LOOP('',(#569,#570,#571,#572,#573));
#1479=EDGE_LOOP('',(#574,#575,#576,#577,#578,#579,#580));
#1480=EDGE_LOOP('',(#581,#582,#583,#584));
#1481=EDGE_LOOP('',(#585,#586,#587,#588));
#1482=EDGE_LOOP('',(#589));
#1483=EDGE_LOOP('',(#590));
#1484=EDGE_LOOP('',(#591));
#1485=EDGE_LOOP('',(#592));
#1486=EDGE_LOOP('',(#593));
#1487=EDGE_LOOP('',(#594));
#1488=EDGE_LOOP('',(#595));
#1489=EDGE_LOOP('',(#596));
#1490=EDGE_LOOP('',(#597,#598,#599,#600));
#1491=EDGE_LOOP('',(#601,#602,#603));
#1492=EDGE_LOOP('',(#604,#605,#606,#607,#608));
#1493=EDGE_LOOP('',(#609,#610,#611));
#1494=EDGE_LOOP('',(#612,#613,#614,#615));
#1495=EDGE_LOOP('',(#616,#617,#618,#619));
#1496=EDGE_LOOP('',(#620,#621,#622,#623));
#1497=EDGE_LOOP('',(#624,#625,#626,#627));
#1498=FACE_BOUND('',#1352,.T.);
#1499=FACE_BOUND('',#1353,.T.);
#1500=FACE_BOUND('',#1354,.T.);
#1501=FACE_BOUND('',#1355,.T.);
#1502=FACE_BOUND('',#1356,.T.);
#1503=FACE_BOUND('',#1357,.T.);
#1504=FACE_BOUND('',#1358,.T.);
#1505=FACE_BOUND('',#1359,.T.);
#1506=FACE_BOUND('',#1360,.T.);
#1507=FACE_BOUND('',#1361,.T.);
#1508=FACE_BOUND('',#1362,.T.);
#1509=FACE_BOUND('',#1363,.T.);
#1510=FACE_BOUND('',#1364,.T.);
#1511=FACE_BOUND('',#1365,.T.);
#1512=FACE_BOUND('',#1366,.T.);
#1513=FACE_BOUND('',#1367,.T.);
#1514=FACE_BOUND('',#1368,.T.);
#1515=FACE_BOUND('',#1369,.T.);
#1516=FACE_BOUND('',#1370,.T.);
#1517=FACE_BOUND('',#1371,.T.);
#1518=FACE_BOUND('',#1372,.T.);
#1519=FACE_BOUND('',#1373,.T.);
#1520=FACE_BOUND('',#1374,.T.);
#1521=FACE_BOUND('',#1375,.T.);
#1522=FACE_BOUND('',#1376,.T.);
#1523=FACE_BOUND('',#1377,.T.);
#1524=FACE_BOUND('',#1378,.T.);
#1525=FACE_BOUND('',#1379,.T.);
#1526=FACE_BOUND('',#1380,.T.);
#1527=FACE_BOUND('',#1381,.T.);
#1528=FACE_BOUND('',#1382,.T.);
#1529=FACE_BOUND('',#1383,.T.);
#1530=FACE_BOUND('',#1384,.T.);
#1531=FACE_BOUND('',#1385,.T.);
#1532=FACE_BOUND('',#1386,.T.);
#1533=FACE_BOUND('',#1387,.T.);
#1534=FACE_BOUND('',#1388,.T.);
#1535=FACE_BOUND('',#1389,.T.);
#1536=FACE_BOUND('',#1390,.T.);
#1537=FACE_BOUND('',#1391,.T.);
#1538=FACE_BOUND('',#1392,.T.);
#1539=FACE_BOUND('',#1393,.T.);
#1540=FACE_BOUND('',#1394,.T.);
#1541=FACE_BOUND('',#1395,.T.);
#1542=FACE_BOUND('',#1396,.T.);
#1543=FACE_BOUND('',#1397,.T.);
#1544=FACE_BOUND('',#1398,.T.);
#1545=FACE_BOUND('',#1399,.T.);
#1546=FACE_BOUND('',#1400,.T.);
#1547=FACE_BOUND('',#1401,.T.);
#1548=FACE_BOUND('',#1402,.T.);
#1549=FACE_BOUND('',#1403,.T.);
#1550=FACE_BOUND('',#1404,.T.);
#1551=FACE_BOUND('',#1405,.T.);
#1552=FACE_BOUND('',#1406,.T.);
#1553=FACE_BOUND('',#1407,.T.);
#1554=FACE_BOUND('',#1408,.T.);
#1555=FACE_BOUND('',#1409,.T.);
#1556=FACE_BOUND('',#1410,.T.);
#1557=FACE_BOUND('',#1411,.T.);
#1558=FACE_BOUND('',#1412,.T.);
#1559=FACE_BOUND('',#1413,.T.);
#1560=FACE_BOUND('',#1414,.T.);
#1561=FACE_BOUND('',#1415,.T.);
#1562=FACE_BOUND('',#1416,.T.);
#1563=FACE_BOUND('',#1417,.T.);
#1564=FACE_BOUND('',#1418,.T.);
#1565=FACE_BOUND('',#1419,.T.);
#1566=FACE_BOUND('',#1420,.T.);
#1567=FACE_BOUND('',#1421,.T.);
#1568=FACE_BOUND('',#1422,.T.);
#1569=FACE_BOUND('',#1423,.T.);
#1570=FACE_BOUND('',#1424,.T.);
#1571=FACE_BOUND('',#1425,.T.);
#1572=FACE_BOUND('',#1426,.T.);
#1573=FACE_BOUND('',#1427,.T.);
#1574=FACE_BOUND('',#1428,.T.);
#1575=FACE_BOUND('',#1429,.T.);
#1576=FACE_BOUND('',#1430,.T.);
#1577=FACE_BOUND('',#1431,.T.);
#1578=FACE_BOUND('',#1432,.T.);
#1579=FACE_BOUND('',#1433,.T.);
#1580=FACE_BOUND('',#1434,.T.);
#1581=FACE_BOUND('',#1435,.T.);
#1582=FACE_BOUND('',#1436,.T.);
#1583=FACE_BOUND('',#1437,.T.);
#1584=FACE_BOUND('',#1438,.T.);
#1585=FACE_BOUND('',#1439,.T.);
#1586=FACE_BOUND('',#1440,.T.);
#1587=FACE_BOUND('',#1441,.T.);
#1588=FACE_BOUND('',#1442,.T.);
#1589=FACE_BOUND('',#1443,.T.);
#1590=FACE_BOUND('',#1444,.T.);
#1591=FACE_BOUND('',#1445,.T.);
#1592=FACE_BOUND('',#1446,.T.);
#1593=FACE_BOUND('',#1447,.T.);
#1594=FACE_BOUND('',#1448,.T.);
#1595=FACE_BOUND('',#1449,.T.);
#1596=FACE_BOUND('',#1450,.T.);
#1597=FACE_BOUND('',#1451,.T.);
#1598=FACE_BOUND('',#1452,.T.);
#1599=FACE_BOUND('',#1453,.T.);
#1600=FACE_BOUND('',#1454,.T.);
#1601=FACE_BOUND('',#1455,.T.);
#1602=FACE_BOUND('',#1456,.T.);
#1603=FACE_BOUND('',#1457,.T.);
#1604=FACE_BOUND('',#1458,.T.);
#1605=FACE_BOUND('',#1459,.T.);
#1606=FACE_BOUND('',#1460,.T.);
#1607=FACE_BOUND('',#1461,.T.);
#1608=FACE_BOUND('',#1462,.T.);
#1609=FACE_BOUND('',#1463,.T.);
#1610=FACE_BOUND('',#1464,.T.);
#1611=FACE_BOUND('',#1465,.T.);
#1612=FACE_BOUND('',#1466,.T.);
#1613=FACE_BOUND('',#1467,.T.);
#1614=FACE_BOUND('',#1468,.T.);
#1615=FACE_BOUND('',#1469,.T.);
#1616=FACE_BOUND('',#1470,.T.);
#1617=FACE_BOUND('',#1471,.T.);
#1618=FACE_BOUND('',#1472,.T.);
#1619=FACE_BOUND('',#1473,.T.);
#1620=FACE_BOUND('',#1474,.T.);
#1621=FACE_BOUND('',#1475,.T.);
#1622=FACE_BOUND('',#1476,.T.);
#1623=FACE_BOUND('',#1477,.T.);
#1624=FACE_BOUND('',#1478,.T.);
#1625=FACE_BOUND('',#1479,.T.);
#1626=FACE_BOUND('',#1480,.T.);
#1627=FACE_BOUND('',#1481,.T.);
#1628=FACE_BOUND('',#1482,.T.);
#1629=FACE_BOUND('',#1483,.T.);
#1630=FACE_BOUND('',#1484,.T.);
#1631=FACE_BOUND('',#1485,.T.);
#1632=FACE_BOUND('',#1486,.T.);
#1633=FACE_BOUND('',#1487,.T.);
#1634=FACE_BOUND('',#1488,.T.);
#1635=FACE_BOUND('',#1489,.T.);
#1636=FACE_BOUND('',#1490,.T.);
#1637=FACE_BOUND('',#1491,.T.);
#1638=FACE_BOUND('',#1492,.T.);
#1639=FACE_BOUND('',#1493,.T.);
#1640=FACE_BOUND('',#1494,.T.);
#1641=FACE_BOUND('',#1495,.T.);
#1642=FACE_BOUND('',#1496,.T.);
#1643=FACE_BOUND('',#1497,.T.);
#1644=PLANE('',#1812);
#1645=PLANE('',#1813);
#1646=PLANE('',#1816);
#1647=PLANE('',#1826);
#1648=PLANE('',#1846);
#1649=PLANE('',#1863);
#1650=PLANE('',#1875);
#1651=PLANE('',#1877);
#1652=PLANE('',#1878);
#1653=PLANE('',#1879);
#1654=PLANE('',#1891);
#1655=PLANE('',#1895);
#1656=PLANE('',#1900);
#1657=PLANE('',#1902);
#1658=PLANE('',#1906);
#1659=PLANE('',#1909);
#1660=PLANE('',#1910);
#1661=PLANE('',#1911);
#1662=PLANE('',#1916);
#1663=PLANE('',#1920);
#1664=PLANE('',#1927);
#1665=PLANE('',#1929);
#1666=PLANE('',#1932);
#1667=PLANE('',#1933);
#1668=PLANE('',#1935);
#1669=PLANE('',#1937);
#1670=PLANE('',#1939);
#1671=PLANE('',#1940);
#1672=PLANE('',#1941);
#1673=PLANE('',#1952);
#1674=PLANE('',#1955);
#1675=PLANE('',#1959);
#1676=PLANE('',#1960);
#1677=PLANE('',#1961);
#1678=PLANE('',#1964);
#1679=PLANE('',#1965);
#1680=PLANE('',#1966);
#1681=PLANE('',#1973);
#1682=PLANE('',#1974);
#1683=PLANE('',#1975);
#1684=PLANE('',#1976);
#1685=PLANE('',#1977);
#1686=PLANE('',#1978);
#1687=PLANE('',#1979);
#1688=PLANE('',#1980);
#1689=PLANE('',#1981);
#1690=PLANE('',#1984);
#1691=PLANE('',#1987);
#1692=PLANE('',#1988);
#1693=PLANE('',#1989);
#1694=PLANE('',#1990);
#1695=PLANE('',#1991);
#1696=PLANE('',#1992);
#1697=PLANE('',#1993);
#1698=PLANE('',#1994);
#1699=ADVANCED_FACE('',(#1498),#1644,.T.);
#1700=ADVANCED_FACE('',(#1499,#1500,#1501),#1645,.F.);
#1701=ADVANCED_FACE('',(#1502,#1503,#1504,#1505),#1646,.T.);
#1702=ADVANCED_FACE('',(#1506,#1507),#18,.F.);
#1703=ADVANCED_FACE('',(#1508,#1509),#19,.F.);
#1704=ADVANCED_FACE('',(#1510),#1647,.T.);
#1705=ADVANCED_FACE('',(#1511,#1512),#20,.F.);
#1706=ADVANCED_FACE('',(#1513),#1648,.F.);
#1707=ADVANCED_FACE('',(#1514,#1515,#1516,#1517,#1518,#1519,#1520,#1521,
#1522),#1649,.F.);
#1708=ADVANCED_FACE('',(#1523),#21,.F.);
#1709=ADVANCED_FACE('',(#1524),#1650,.T.);
#1710=ADVANCED_FACE('',(#1525),#1651,.F.);
#1711=ADVANCED_FACE('',(#1526),#1652,.T.);
#1712=ADVANCED_FACE('',(#1527),#1653,.F.);
#1713=ADVANCED_FACE('',(#1528),#22,.T.);
#1714=ADVANCED_FACE('',(#1529),#12,.F.);
#1715=ADVANCED_FACE('',(#1530),#13,.F.);
#1716=ADVANCED_FACE('',(#1531),#23,.F.);
#1717=ADVANCED_FACE('',(#1532),#1654,.T.);
#1718=ADVANCED_FACE('',(#1533),#24,.F.);
#1719=ADVANCED_FACE('',(#1534),#1655,.T.);
#1720=ADVANCED_FACE('',(#1535),#25,.F.);
#1721=ADVANCED_FACE('',(#1536),#26,.T.);
#1722=ADVANCED_FACE('',(#1537,#1538),#1656,.T.);
#1723=ADVANCED_FACE('',(#1539,#1540),#1657,.F.);
#1724=ADVANCED_FACE('',(#1541,#1542),#27,.F.);
#1725=ADVANCED_FACE('',(#1543),#1658,.T.);
#1726=ADVANCED_FACE('',(#1544,#1545),#28,.F.);
#1727=ADVANCED_FACE('',(#1546),#1659,.T.);
#1728=ADVANCED_FACE('',(#1547),#1660,.F.);
#1729=ADVANCED_FACE('',(#1548),#1661,.T.);
#1730=ADVANCED_FACE('',(#1549,#1550),#29,.F.);
#1731=ADVANCED_FACE('',(#1551,#1552),#30,.F.);
#1732=ADVANCED_FACE('',(#1553,#1554),#1662,.T.);
#1733=ADVANCED_FACE('',(#1555,#1556),#31,.F.);
#1734=ADVANCED_FACE('',(#1557,#1558),#1663,.T.);
#1735=ADVANCED_FACE('',(#1559,#1560),#32,.F.);
#1736=ADVANCED_FACE('',(#1561,#1562),#14,.F.);
#1737=ADVANCED_FACE('',(#1563,#1564),#15,.F.);
#1738=ADVANCED_FACE('',(#1565,#1566),#16,.F.);
#1739=ADVANCED_FACE('',(#1567),#1664,.F.);
#1740=ADVANCED_FACE('',(#1568),#33,.F.);
#1741=ADVANCED_FACE('',(#1569),#1665,.T.);
#1742=ADVANCED_FACE('',(#1570),#34,.T.);
#1743=ADVANCED_FACE('',(#1571),#35,.T.);
#1744=ADVANCED_FACE('',(#1572),#1666,.T.);
#1745=ADVANCED_FACE('',(#1573),#1667,.T.);
#1746=ADVANCED_FACE('',(#1574),#36,.T.);
#1747=ADVANCED_FACE('',(#1575),#1668,.F.);
#1748=ADVANCED_FACE('',(#1576),#37,.F.);
#1749=ADVANCED_FACE('',(#1577),#1669,.T.);
#1750=ADVANCED_FACE('',(#1578),#38,.T.);
#1751=ADVANCED_FACE('',(#1579),#1670,.F.);
#1752=ADVANCED_FACE('',(#1580),#1671,.F.);
#1753=ADVANCED_FACE('',(#1581),#1672,.T.);
#1754=ADVANCED_FACE('',(#1582),#39,.T.);
#1755=ADVANCED_FACE('',(#1583),#40,.T.);
#1756=ADVANCED_FACE('',(#1584),#41,.T.);
#1757=ADVANCED_FACE('',(#1585),#42,.T.);
#1758=ADVANCED_FACE('',(#1586),#43,.T.);
#1759=ADVANCED_FACE('',(#1587),#44,.T.);
#1760=ADVANCED_FACE('',(#1588),#45,.T.);
#1761=ADVANCED_FACE('',(#1589),#46,.T.);
#1762=ADVANCED_FACE('',(#1590,#1591),#47,.F.);
#1763=ADVANCED_FACE('',(#1592,#1593),#1673,.T.);
#1764=ADVANCED_FACE('',(#1594,#1595),#48,.F.);
#1765=ADVANCED_FACE('',(#1596),#1674,.T.);
#1766=ADVANCED_FACE('',(#1597),#49,.T.);
#1767=ADVANCED_FACE('',(#1598),#50,.T.);
#1768=ADVANCED_FACE('',(#1599),#51,.T.);
#1769=ADVANCED_FACE('',(#1600),#1675,.F.);
#1770=ADVANCED_FACE('',(#1601),#1676,.T.);
#1771=ADVANCED_FACE('',(#1602,#1603,#1604),#1677,.T.);
#1772=ADVANCED_FACE('',(#1605),#1678,.F.);
#1773=ADVANCED_FACE('',(#1606),#1679,.T.);
#1774=ADVANCED_FACE('',(#1607,#1608,#1609),#1680,.T.);
#1775=ADVANCED_FACE('',(#1610,#1611),#52,.F.);
#1776=ADVANCED_FACE('',(#1612,#1613),#53,.F.);
#1777=ADVANCED_FACE('',(#1614,#1615),#54,.F.);
#1778=ADVANCED_FACE('',(#1616,#1617),#55,.F.);
#1779=ADVANCED_FACE('',(#1618),#1681,.T.);
#1780=ADVANCED_FACE('',(#1619),#1682,.T.);
#1781=ADVANCED_FACE('',(#1620),#1683,.F.);
#1782=ADVANCED_FACE('',(#1621,#1622,#1623),#1684,.T.);
#1783=ADVANCED_FACE('',(#1624),#1685,.T.);
#1784=ADVANCED_FACE('',(#1625),#1686,.F.);
#1785=ADVANCED_FACE('',(#1626),#1687,.T.);
#1786=ADVANCED_FACE('',(#1627),#1688,.F.);
#1787=ADVANCED_FACE('',(#1628,#1629),#1689,.T.);
#1788=ADVANCED_FACE('',(#1630,#1631),#56,.F.);
#1789=ADVANCED_FACE('',(#1632,#1633),#1690,.T.);
#1790=ADVANCED_FACE('',(#1634,#1635),#57,.F.);
#1791=ADVANCED_FACE('',(#1636),#1691,.T.);
#1792=ADVANCED_FACE('',(#1637),#1692,.T.);
#1793=ADVANCED_FACE('',(#1638),#1693,.T.);
#1794=ADVANCED_FACE('',(#1639),#1694,.F.);
#1795=ADVANCED_FACE('',(#1640),#1695,.T.);
#1796=ADVANCED_FACE('',(#1641),#1696,.F.);
#1797=ADVANCED_FACE('',(#1642),#1697,.F.);
#1798=ADVANCED_FACE('',(#1643),#1698,.F.);
#1799=CLOSED_SHELL('',(#1699,#1700,#1701,#1702,#1703,#1704,#1705,#1706,
#1707,#1708,#1709,#1710,#1711,#1712,#1713,#1714,#1715,#1716,#1717,#1718,
#1719,#1720,#1721,#1722,#1723,#1724,#1725,#1726,#1727,#1728,#1729,#1730,
#1731,#1732,#1733,#1734,#1735,#1736,#1737,#1738,#1739,#1740,#1741,#1742,
#1743,#1744,#1745,#1746,#1747,#1748,#1749,#1750,#1751,#1752,#1753,#1754,
#1755,#1756,#1757,#1758,#1759,#1760,#1761,#1762,#1763,#1764,#1765,#1766,
#1767,#1768,#1769,#1770,#1771,#1772,#1773,#1774,#1775,#1776,#1777,#1778,
#1779,#1780,#1781,#1782,#1783,#1784,#1785,#1786,#1787,#1788,#1789,#1790,
#1791,#1792,#1793,#1794,#1795,#1796,#1797,#1798));
#1800=STYLED_ITEM('',(#1801),#1808);
#1801=PRESENTATION_STYLE_ASSIGNMENT((#1802));
#1802=SURFACE_STYLE_USAGE(.BOTH.,#1803);
#1803=SURFACE_SIDE_STYLE('',(#1804));
#1804=SURFACE_STYLE_FILL_AREA(#1805);
#1805=FILL_AREA_STYLE('',(#1806));
#1806=FILL_AREA_STYLE_COLOUR('',#1807);
#1807=COLOUR_RGB('',0.301960784313725,0.301960784313725,0.301960784313725);
#1808=MANIFOLD_SOLID_BREP('Bearing Mount',#1799);
#1809=SHAPE_DEFINITION_REPRESENTATION(#3057,#1810);
#1810=SHAPE_REPRESENTATION('Bearing Mount',(#1811),#3052);
#1811=AXIS2_PLACEMENT_3D('',#2518,#1995,#1996);
#1812=AXIS2_PLACEMENT_3D('',#2519,#1997,#1998);
#1813=AXIS2_PLACEMENT_3D('',#2528,#2003,#2004);
#1814=AXIS2_PLACEMENT_3D('',#2529,#2005,#2006);
#1815=AXIS2_PLACEMENT_3D('',#2531,#2007,#2008);
#1816=AXIS2_PLACEMENT_3D('',#2561,#2023,#2024);
#1817=AXIS2_PLACEMENT_3D('',#2562,#2025,#2026);
#1818=AXIS2_PLACEMENT_3D('',#2564,#2027,#2028);
#1819=AXIS2_PLACEMENT_3D('',#2566,#2029,#2030);
#1820=AXIS2_PLACEMENT_3D('',#2636,#2061,#2062);
#1821=AXIS2_PLACEMENT_3D('',#2637,#2063,#2064);
#1822=AXIS2_PLACEMENT_3D('',#2639,#2065,#2066);
#1823=AXIS2_PLACEMENT_3D('',#2641,#2067,#2068);
#1824=AXIS2_PLACEMENT_3D('',#2642,#2069,#2070);
#1825=AXIS2_PLACEMENT_3D('',#2644,#2071,#2072);
#1826=AXIS2_PLACEMENT_3D('',#2646,#2073,#2074);
#1827=AXIS2_PLACEMENT_3D('',#2651,#2077,#2078);
#1828=AXIS2_PLACEMENT_3D('',#2655,#2080,#2081);
#1829=AXIS2_PLACEMENT_3D('',#2657,#2082,#2083);
#1830=AXIS2_PLACEMENT_3D('',#2661,#2085,#2086);
#1831=AXIS2_PLACEMENT_3D('',#2663,#2087,#2088);
#1832=AXIS2_PLACEMENT_3D('',#2665,#2089,#2090);
#1833=AXIS2_PLACEMENT_3D('',#2669,#2092,#2093);
#1834=AXIS2_PLACEMENT_3D('',#2671,#2094,#2095);
#1835=AXIS2_PLACEMENT_3D('',#2681,#2100,#2101);
#1836=AXIS2_PLACEMENT_3D('',#2683,#2102,#2103);
#1837=AXIS2_PLACEMENT_3D('',#2687,#2105,#2106);
#1838=AXIS2_PLACEMENT_3D('',#2689,#2107,#2108);
#1839=AXIS2_PLACEMENT_3D('',#2691,#2109,#2110);
#1840=AXIS2_PLACEMENT_3D('',#2695,#2112,#2113);
#1841=AXIS2_PLACEMENT_3D('',#2697,#2114,#2115);
#1842=AXIS2_PLACEMENT_3D('',#2703,#2118,#2119);
#1843=AXIS2_PLACEMENT_3D('',#2705,#2121,#2122);
#1844=AXIS2_PLACEMENT_3D('',#2706,#2123,#2124);
#1845=AXIS2_PLACEMENT_3D('',#2708,#2125,#2126);
#1846=AXIS2_PLACEMENT_3D('',#2710,#2127,#2128);
#1847=AXIS2_PLACEMENT_3D('',#2715,#2131,#2132);
#1848=AXIS2_PLACEMENT_3D('',#2721,#2135,#2136);
#1849=AXIS2_PLACEMENT_3D('',#2723,#2137,#2138);
#1850=AXIS2_PLACEMENT_3D('',#2727,#2140,#2141);
#1851=AXIS2_PLACEMENT_3D('',#2729,#2142,#2143);
#1852=AXIS2_PLACEMENT_3D('',#2731,#2144,#2145);
#1853=AXIS2_PLACEMENT_3D('',#2735,#2147,#2148);
#1854=AXIS2_PLACEMENT_3D('',#2737,#2149,#2150);
#1855=AXIS2_PLACEMENT_3D('',#2747,#2155,#2156);
#1856=AXIS2_PLACEMENT_3D('',#2749,#2157,#2158);
#1857=AXIS2_PLACEMENT_3D('',#2753,#2160,#2161);
#1858=AXIS2_PLACEMENT_3D('',#2755,#2162,#2163);
#1859=AXIS2_PLACEMENT_3D('',#2757,#2164,#2165);
#1860=AXIS2_PLACEMENT_3D('',#2761,#2167,#2168);
#1861=AXIS2_PLACEMENT_3D('',#2763,#2169,#2170);
#1862=AXIS2_PLACEMENT_3D('',#2767,#2172,#2173);
#1863=AXIS2_PLACEMENT_3D('',#2769,#2175,#2176);
#1864=AXIS2_PLACEMENT_3D('',#2770,#2177,#2178);
#1865=AXIS2_PLACEMENT_3D('',#2772,#2179,#2180);
#1866=AXIS2_PLACEMENT_3D('',#2774,#2181,#2182);
#1867=AXIS2_PLACEMENT_3D('',#2776,#2183,#2184);
#1868=AXIS2_PLACEMENT_3D('',#2780,#2187,#2188);
#1869=AXIS2_PLACEMENT_3D('',#2782,#2189,#2190);
#1870=AXIS2_PLACEMENT_3D('',#2784,#2191,#2192);
#1871=AXIS2_PLACEMENT_3D('',#2786,#2193,#2194);
#1872=AXIS2_PLACEMENT_3D('',#2788,#2195,#2196);
#1873=AXIS2_PLACEMENT_3D('',#2797,#2197,#2198);
#1874=AXIS2_PLACEMENT_3D('',#2806,#2199,#2200);
#1875=AXIS2_PLACEMENT_3D('',#2807,#2201,#2202);
#1876=AXIS2_PLACEMENT_3D('',#2812,#2205,#2206);
#1877=AXIS2_PLACEMENT_3D('',#2817,#2209,#2210);
#1878=AXIS2_PLACEMENT_3D('',#2819,#2212,#2213);
#1879=AXIS2_PLACEMENT_3D('',#2823,#2216,#2217);
#1880=AXIS2_PLACEMENT_3D('',#2824,#2218,#2219);
#1881=AXIS2_PLACEMENT_3D('',#2825,#2220,#2221);
#1882=AXIS2_PLACEMENT_3D('',#2828,#2223,#2224);
#1883=AXIS2_PLACEMENT_3D('',#2829,#2225,#2226);
#1884=AXIS2_PLACEMENT_3D('',#2832,#2228,#2229);
#1885=AXIS2_PLACEMENT_3D('',#2833,#2230,#2231);
#1886=AXIS2_PLACEMENT_3D('',#2834,#2232,#2233);
#1887=AXIS2_PLACEMENT_3D('',#2838,#2235,#2236);
#1888=AXIS2_PLACEMENT_3D('',#2839,#2237,#2238);
#1889=AXIS2_PLACEMENT_3D('',#2840,#2239,#2240);
#1890=AXIS2_PLACEMENT_3D('',#2844,#2242,#2243);
#1891=AXIS2_PLACEMENT_3D('',#2846,#2245,#2246);
#1892=AXIS2_PLACEMENT_3D('',#2847,#2247,#2248);
#1893=AXIS2_PLACEMENT_3D('',#2852,#2251,#2252);
#1894=AXIS2_PLACEMENT_3D('',#2853,#2253,#2254);
#1895=AXIS2_PLACEMENT_3D('',#2858,#2257,#2258);
#1896=AXIS2_PLACEMENT_3D('',#2859,#2259,#2260);
#1897=AXIS2_PLACEMENT_3D('',#2864,#2263,#2264);
#1898=AXIS2_PLACEMENT_3D('',#2867,#2267,#2268);
#1899=AXIS2_PLACEMENT_3D('',#2869,#2270,#2271);
#1900=AXIS2_PLACEMENT_3D('',#2870,#2272,#2273);
#1901=AXIS2_PLACEMENT_3D('',#2871,#2274,#2275);
#1902=AXIS2_PLACEMENT_3D('',#2874,#2277,#2278);
#1903=AXIS2_PLACEMENT_3D('',#2875,#2279,#2280);
#1904=AXIS2_PLACEMENT_3D('',#2877,#2281,#2282);
#1905=AXIS2_PLACEMENT_3D('',#2878,#2283,#2284);
#1906=AXIS2_PLACEMENT_3D('',#2880,#2285,#2286);
#1907=AXIS2_PLACEMENT_3D('',#2881,#2287,#2288);
#1908=AXIS2_PLACEMENT_3D('',#2882,#2289,#2290);
#1909=AXIS2_PLACEMENT_3D('',#2884,#2291,#2292);
#1910=AXIS2_PLACEMENT_3D('',#2885,#2293,#2294);
#1911=AXIS2_PLACEMENT_3D('',#2886,#2295,#2296);
#1912=AXIS2_PLACEMENT_3D('',#2887,#2297,#2298);
#1913=AXIS2_PLACEMENT_3D('',#2888,#2299,#2300);
#1914=AXIS2_PLACEMENT_3D('',#2890,#2301,#2302);
#1915=AXIS2_PLACEMENT_3D('',#2891,#2303,#2304);
#1916=AXIS2_PLACEMENT_3D('',#2893,#2305,#2306);
#1917=AXIS2_PLACEMENT_3D('',#2894,#2307,#2308);
#1918=AXIS2_PLACEMENT_3D('',#2896,#2309,#2310);
#1919=AXIS2_PLACEMENT_3D('',#2897,#2311,#2312);
#1920=AXIS2_PLACEMENT_3D('',#2899,#2313,#2314);
#1921=AXIS2_PLACEMENT_3D('',#2900,#2315,#2316);
#1922=AXIS2_PLACEMENT_3D('',#2902,#2317,#2318);
#1923=AXIS2_PLACEMENT_3D('',#2903,#2319,#2320);
#1924=AXIS2_PLACEMENT_3D('',#2905,#2321,#2322);
#1925=AXIS2_PLACEMENT_3D('',#2906,#2323,#2324);
#1926=AXIS2_PLACEMENT_3D('',#2907,#2325,#2326);
#1927=AXIS2_PLACEMENT_3D('',#2908,#2327,#2328);
#1928=AXIS2_PLACEMENT_3D('',#2911,#2331,#2332);
#1929=AXIS2_PLACEMENT_3D('',#2914,#2335,#2336);
#1930=AXIS2_PLACEMENT_3D('',#2917,#2339,#2340);
#1931=AXIS2_PLACEMENT_3D('',#2920,#2343,#2344);
#1932=AXIS2_PLACEMENT_3D('',#2922,#2346,#2347);
#1933=AXIS2_PLACEMENT_3D('',#2924,#2349,#2350);
#1934=AXIS2_PLACEMENT_3D('',#2927,#2353,#2354);
#1935=AXIS2_PLACEMENT_3D('',#2929,#2356,#2357);
#1936=AXIS2_PLACEMENT_3D('',#2932,#2360,#2361);
#1937=AXIS2_PLACEMENT_3D('',#2935,#2364,#2365);
#1938=AXIS2_PLACEMENT_3D('',#2938,#2368,#2369);
#1939=AXIS2_PLACEMENT_3D('',#2941,#2372,#2373);
#1940=AXIS2_PLACEMENT_3D('',#2943,#2375,#2376);
#1941=AXIS2_PLACEMENT_3D('',#2946,#2379,#2380);
#1942=AXIS2_PLACEMENT_3D('',#2947,#2381,#2382);
#1943=AXIS2_PLACEMENT_3D('',#2948,#2383,#2384);
#1944=AXIS2_PLACEMENT_3D('',#2949,#2385,#2386);
#1945=AXIS2_PLACEMENT_3D('',#2950,#2387,#2388);
#1946=AXIS2_PLACEMENT_3D('',#2951,#2389,#2390);
#1947=AXIS2_PLACEMENT_3D('',#2952,#2391,#2392);
#1948=AXIS2_PLACEMENT_3D('',#2953,#2393,#2394);
#1949=AXIS2_PLACEMENT_3D('',#2954,#2395,#2396);
#1950=AXIS2_PLACEMENT_3D('',#2955,#2397,#2398);
#1951=AXIS2_PLACEMENT_3D('',#2956,#2399,#2400);
#1952=AXIS2_PLACEMENT_3D('',#2958,#2401,#2402);
#1953=AXIS2_PLACEMENT_3D('',#2959,#2403,#2404);
#1954=AXIS2_PLACEMENT_3D('',#2960,#2405,#2406);
#1955=AXIS2_PLACEMENT_3D('',#2962,#2407,#2408);
#1956=AXIS2_PLACEMENT_3D('',#2963,#2409,#2410);
#1957=AXIS2_PLACEMENT_3D('',#2964,#2411,#2412);
#1958=AXIS2_PLACEMENT_3D('',#2965,#2413,#2414);
#1959=AXIS2_PLACEMENT_3D('',#2966,#2415,#2416);
#1960=AXIS2_PLACEMENT_3D('',#2970,#2419,#2420);
#1961=AXIS2_PLACEMENT_3D('',#2974,#2423,#2424);
#1962=AXIS2_PLACEMENT_3D('',#2975,#2425,#2426);
#1963=AXIS2_PLACEMENT_3D('',#2977,#2427,#2428);
#1964=AXIS2_PLACEMENT_3D('',#2980,#2430,#2431);
#1965=AXIS2_PLACEMENT_3D('',#2984,#2434,#2435);
#1966=AXIS2_PLACEMENT_3D('',#2988,#2438,#2439);
#1967=AXIS2_PLACEMENT_3D('',#2989,#2440,#2441);
#1968=AXIS2_PLACEMENT_3D('',#2991,#2442,#2443);
#1969=AXIS2_PLACEMENT_3D('',#2994,#2445,#2446);
#1970=AXIS2_PLACEMENT_3D('',#2995,#2447,#2448);
#1971=AXIS2_PLACEMENT_3D('',#2996,#2449,#2450);
#1972=AXIS2_PLACEMENT_3D('',#2997,#2451,#2452);
#1973=AXIS2_PLACEMENT_3D('',#2998,#2453,#2454);
#1974=AXIS2_PLACEMENT_3D('',#2999,#2455,#2456);
#1975=AXIS2_PLACEMENT_3D('',#3000,#2457,#2458);
#1976=AXIS2_PLACEMENT_3D('',#3006,#2462,#2463);
#1977=AXIS2_PLACEMENT_3D('',#3021,#2472,#2473);
#1978=AXIS2_PLACEMENT_3D('',#3024,#2476,#2477);
#1979=AXIS2_PLACEMENT_3D('',#3027,#2480,#2481);
#1980=AXIS2_PLACEMENT_3D('',#3030,#2484,#2485);
#1981=AXIS2_PLACEMENT_3D('',#3033,#2488,#2489);
#1982=AXIS2_PLACEMENT_3D('',#3034,#2490,#2491);
#1983=AXIS2_PLACEMENT_3D('',#3036,#2492,#2493);
#1984=AXIS2_PLACEMENT_3D('',#3037,#2494,#2495);
#1985=AXIS2_PLACEMENT_3D('',#3038,#2496,#2497);
#1986=AXIS2_PLACEMENT_3D('',#3040,#2498,#2499);
#1987=AXIS2_PLACEMENT_3D('',#3041,#2500,#2501);
#1988=AXIS2_PLACEMENT_3D('',#3043,#2503,#2504);
#1989=AXIS2_PLACEMENT_3D('',#3044,#2505,#2506);
#1990=AXIS2_PLACEMENT_3D('',#3046,#2508,#2509);
#1991=AXIS2_PLACEMENT_3D('',#3047,#2510,#2511);
#1992=AXIS2_PLACEMENT_3D('',#3048,#2512,#2513);
#1993=AXIS2_PLACEMENT_3D('',#3049,#2514,#2515);
#1994=AXIS2_PLACEMENT_3D('',#3050,#2516,#2517);
#1995=DIRECTION('',(0.,0.,1.));
#1996=DIRECTION('',(1.,0.,0.));
#1997=DIRECTION('',(1.,0.,0.));
#1998=DIRECTION('',(0.,0.,-1.));
#1999=DIRECTION('',(0.,0.,1.));
#2000=DIRECTION('',(1.10990693043675E-16,0.90630778703665,0.422618261740699));
#2001=DIRECTION('',(0.,0.,1.));
#2002=DIRECTION('',(0.,1.,0.));
#2003=DIRECTION('',(0.,0.,-1.));
#2004=DIRECTION('',(-1.,0.,0.));
#2005=DIRECTION('',(0.,0.,1.));
#2006=DIRECTION('',(1.,0.,0.));
#2007=DIRECTION('',(0.,0.,1.));
#2008=DIRECTION('',(1.,0.,0.));
#2009=DIRECTION('',(-1.,0.,0.));
#2010=DIRECTION('',(0.832050294337845,0.554700196225227,0.));
#2011=DIRECTION('',(0.384615384615385,0.923076923076923,0.));
#2012=DIRECTION('',(-0.196116135138185,-0.98058067569092,0.));
#2013=DIRECTION('',(0.,-1.,0.));
#2014=DIRECTION('',(1.,-1.22464679914735E-16,0.));
#2015=DIRECTION('',(1.22464679914735E-16,1.,0.));
#2016=DIRECTION('',(-1.,0.,0.));
#2017=DIRECTION('',(1.22464679914735E-16,1.,0.));
#2018=DIRECTION('',(1.,-1.22464679914735E-16,0.));
#2019=DIRECTION('',(0.,-1.,0.));
#2020=DIRECTION('',(-0.196116135138184,0.98058067569092,0.));
#2021=DIRECTION('',(-0.384615384615385,0.923076923076923,0.));
#2022=DIRECTION('',(-0.832050294337845,0.554700196225228,0.));
#2023=DIRECTION('',(-1.22464679914735E-16,-1.,0.));
#2024=DIRECTION('',(1.,-1.22464679914735E-16,0.));
#2025=DIRECTION('',(-1.22464679914735E-16,-1.,0.));
#2026=DIRECTION('',(1.,-1.22464679914735E-16,0.));
#2027=DIRECTION('',(-1.22464679914735E-16,-1.,0.));
#2028=DIRECTION('',(1.,-1.22464679914735E-16,0.));
#2029=DIRECTION('',(-1.22464679914735E-16,-1.,0.));
#2030=DIRECTION('',(1.,-1.22464679914735E-16,0.));
#2031=DIRECTION('',(0.,0.,1.));
#2032=DIRECTION('',(1.,-1.22464679914735E-16,-6.16297582203915E-33));
#2033=DIRECTION('',(0.,0.,-1.));
#2034=DIRECTION('',(-1.,0.,0.));
#2035=DIRECTION('',(0.,0.,-1.));
#2036=DIRECTION('',(1.,-1.22464679914735E-16,0.));
#2037=DIRECTION('',(0.,0.,-1.));
#2038=DIRECTION('',(-1.,1.22464679914735E-16,-1.54900754403693E-33));
#2039=DIRECTION('',(0.,0.,1.));
#2040=DIRECTION('',(-1.,1.22464679914735E-16,0.));
#2041=DIRECTION('',(-2.47817639425258E-16,3.03489078894395E-32,1.));
#2042=DIRECTION('',(-1.,1.22464679914735E-16,0.));
#2043=DIRECTION('',(0.,0.,1.));
#2044=DIRECTION('',(-1.,1.22464679914735E-16,3.08148791101958E-33));
#2045=DIRECTION('',(0.,0.,1.));
#2046=DIRECTION('',(1.,-1.22464679914735E-16,0.));
#2047=DIRECTION('',(1.23908819712629E-16,-1.51744539447198E-32,-1.));
#2048=DIRECTION('',(1.,-1.22464679914735E-16,0.));
#2049=DIRECTION('',(0.,0.,1.));
#2050=DIRECTION('',(1.,-1.22464679914735E-16,1.54900754403693E-33));
#2051=DIRECTION('',(0.,0.,-1.));
#2052=DIRECTION('',(-1.,0.,0.));
#2053=DIRECTION('',(0.,0.,1.));
#2054=DIRECTION('',(1.,-1.22464679914735E-16,0.));
#2055=DIRECTION('',(0.,0.,1.));
#2056=DIRECTION('',(1.,-1.22464679914735E-16,0.));
#2057=DIRECTION('',(0.,0.,1.));
#2058=DIRECTION('',(1.,-1.22464679914735E-16,0.));
#2059=DIRECTION('',(1.,-1.22464679914735E-16,-6.16297582203915E-33));
#2060=DIRECTION('',(0.,0.,1.));
#2061=DIRECTION('',(0.,0.,-1.));
#2062=DIRECTION('',(-1.,0.,0.));
#2063=DIRECTION('',(0.,0.,-1.));
#2064=DIRECTION('',(-1.,0.,0.));
#2065=DIRECTION('',(0.,0.,1.));
#2066=DIRECTION('',(1.,0.,0.));
#2067=DIRECTION('',(0.,0.,-1.));
#2068=DIRECTION('',(-1.,0.,0.));
#2069=DIRECTION('',(0.,0.,-1.));
#2070=DIRECTION('',(-1.,0.,0.));
#2071=DIRECTION('',(0.,0.,1.));
#2072=DIRECTION('',(1.,0.,0.));
#2073=DIRECTION('',(-1.,1.22464679914735E-16,0.));
#2074=DIRECTION('',(-1.22464679914735E-16,-1.,0.));
#2075=DIRECTION('',(0.,0.,1.));
#2076=DIRECTION('',(-1.22464679914735E-16,-1.,0.));
#2077=DIRECTION('',(-1.,1.22464679914735E-16,0.));
#2078=DIRECTION('',(-1.22464679914735E-16,-1.,0.));
#2079=DIRECTION('',(1.21518992558212E-16,0.992277876713668,-0.124034734589209));
#2080=DIRECTION('',(-1.,1.22464679914735E-16,0.));
#2081=DIRECTION('',(-1.22464679914735E-16,-1.,0.));
#2082=DIRECTION('',(-1.,1.22464679914735E-16,0.));
#2083=DIRECTION('',(-1.22464679914735E-16,-1.,0.));
#2084=DIRECTION('',(-1.22464679914735E-16,-1.,0.));
#2085=DIRECTION('',(-1.,1.22464679914735E-16,0.));
#2086=DIRECTION('',(-1.22464679914735E-16,-1.,0.));
#2087=DIRECTION('',(-1.,1.22464679914735E-16,0.));
#2088=DIRECTION('',(-1.22464679914735E-16,-1.,0.));
#2089=DIRECTION('',(-1.,1.22464679914735E-16,0.));
#2090=DIRECTION('',(-1.22464679914735E-16,-1.,0.));
#2091=DIRECTION('',(-1.22464679914735E-16,-1.,0.));
#2092=DIRECTION('',(-1.,1.22464679914735E-16,0.));
#2093=DIRECTION('',(-1.22464679914735E-16,-1.,0.));
#2094=DIRECTION('',(1.,-1.22464679914735E-16,0.));
#2095=DIRECTION('',(-1.22464679914735E-16,-1.,0.));
#2096=DIRECTION('',(-1.22464679914735E-16,-1.,0.));
#2097=DIRECTION('',(0.,0.,1.));
#2098=DIRECTION('',(1.22136708225547E-16,0.9973219079214,-0.073136939914236));
#2099=DIRECTION('',(0.,0.,1.));
#2100=DIRECTION('',(1.,-1.22464679914735E-16,0.));
#2101=DIRECTION('',(-1.22464679914735E-16,-1.,0.));
#2102=DIRECTION('',(-1.,1.22464679914735E-16,0.));
#2103=DIRECTION('',(-1.22464679914735E-16,-1.,0.));
#2104=DIRECTION('',(-1.22464679914735E-16,-1.,0.));
#2105=DIRECTION('',(-1.,1.22464679914735E-16,0.));
#2106=DIRECTION('',(-1.22464679914735E-16,-1.,0.));
#2107=DIRECTION('',(-1.,1.22464679914735E-16,0.));
#2108=DIRECTION('',(-1.22464679914735E-16,-1.,0.));
#2109=DIRECTION('',(-1.,1.22464679914735E-16,0.));
#2110=DIRECTION('',(-1.22464679914735E-16,-1.,0.));
#2111=DIRECTION('',(-1.22464679914735E-16,-1.,0.));
#2112=DIRECTION('',(-1.,1.22464679914735E-16,0.));
#2113=DIRECTION('',(-1.22464679914735E-16,-1.,0.));
#2114=DIRECTION('',(-1.,1.22464679914735E-16,0.));
#2115=DIRECTION('',(-1.22464679914735E-16,-1.,0.));
#2116=DIRECTION('',(0.,0.,-1.));
#2117=DIRECTION('',(1.22136708225547E-16,0.9973219079214,0.073136939914236));
#2118=DIRECTION('',(-1.,1.22464679914735E-16,0.));
#2119=DIRECTION('',(-1.22464679914735E-16,-1.,0.));
#2120=DIRECTION('',(-1.22464679914735E-16,-1.,0.));
#2121=DIRECTION('',(-1.22464679914735E-16,-1.,0.));
#2122=DIRECTION('',(1.,-1.22464679914735E-16,0.));
#2123=DIRECTION('',(0.,-1.,0.));
#2124=DIRECTION('',(0.,0.,-1.));
#2125=DIRECTION('',(1.22464679914735E-16,1.,0.));
#2126=DIRECTION('',(-1.,1.22464679914735E-16,0.));
#2127=DIRECTION('',(-1.,1.22464679914735E-16,0.));
#2128=DIRECTION('',(-1.22464679914735E-16,-1.,0.));
#2129=DIRECTION('',(0.,0.,1.));
#2130=DIRECTION('',(-1.22464679914735E-16,-1.,0.));
#2131=DIRECTION('',(-1.,1.22464679914735E-16,0.));
#2132=DIRECTION('',(-1.22464679914735E-16,-1.,0.));
#2133=DIRECTION('',(-1.22136708225547E-16,-0.9973219079214,-0.073136939914236));
#2134=DIRECTION('',(0.,0.,-1.));
#2135=DIRECTION('',(-1.,1.22464679914735E-16,0.));
#2136=DIRECTION('',(-1.22464679914735E-16,-1.,0.));
#2137=DIRECTION('',(-1.,1.22464679914735E-16,0.));
#2138=DIRECTION('',(-1.22464679914735E-16,-1.,0.));
#2139=DIRECTION('',(-1.22464679914735E-16,-1.,0.));
#2140=DIRECTION('',(-1.,1.22464679914735E-16,0.));
#2141=DIRECTION('',(-1.22464679914735E-16,-1.,0.));
#2142=DIRECTION('',(-1.,1.22464679914735E-16,0.));
#2143=DIRECTION('',(-1.22464679914735E-16,-1.,0.));
#2144=DIRECTION('',(-1.,1.22464679914735E-16,0.));
#2145=DIRECTION('',(-1.22464679914735E-16,-1.,0.));
#2146=DIRECTION('',(-1.22464679914735E-16,-1.,0.));
#2147=DIRECTION('',(-1.,1.22464679914735E-16,0.));
#2148=DIRECTION('',(-1.22464679914735E-16,-1.,0.));
#2149=DIRECTION('',(-1.,1.22464679914735E-16,0.));
#2150=DIRECTION('',(-1.22464679914735E-16,-1.,0.));
#2151=DIRECTION('',(0.,0.,1.));
#2152=DIRECTION('',(-1.22136708225547E-16,-0.9973219079214,0.073136939914236));
#2153=DIRECTION('',(0.,0.,1.));
#2154=DIRECTION('',(-1.22464679914735E-16,-1.,0.));
#2155=DIRECTION('',(-1.,1.22464679914735E-16,0.));
#2156=DIRECTION('',(-1.22464679914735E-16,-1.,0.));
#2157=DIRECTION('',(-1.,1.22464679914735E-16,0.));
#2158=DIRECTION('',(-1.22464679914735E-16,-1.,0.));
#2159=DIRECTION('',(-1.22464679914735E-16,-1.,0.));
#2160=DIRECTION('',(-1.,1.22464679914735E-16,0.));
#2161=DIRECTION('',(-1.22464679914735E-16,-1.,0.));
#2162=DIRECTION('',(-1.,1.22464679914735E-16,0.));
#2163=DIRECTION('',(-1.22464679914735E-16,-1.,0.));
#2164=DIRECTION('',(-1.,1.22464679914735E-16,0.));
#2165=DIRECTION('',(-1.22464679914735E-16,-1.,0.));
#2166=DIRECTION('',(-1.22464679914735E-16,-1.,0.));
#2167=DIRECTION('',(-1.,1.22464679914735E-16,0.));
#2168=DIRECTION('',(-1.22464679914735E-16,-1.,0.));
#2169=DIRECTION('',(-1.,1.22464679914735E-16,0.));
#2170=DIRECTION('',(-1.22464679914735E-16,-1.,0.));
#2171=DIRECTION('',(-1.21518992558212E-16,-0.992277876713668,0.124034734589209));
#2172=DIRECTION('',(-1.,1.22464679914735E-16,0.));
#2173=DIRECTION('',(-1.22464679914735E-16,-1.,0.));
#2174=DIRECTION('',(-1.22464679914735E-16,-1.,0.));
#2175=DIRECTION('',(-1.22464679914735E-16,-1.,0.));
#2176=DIRECTION('',(1.,-1.22464679914735E-16,0.));
#2177=DIRECTION('',(-1.22464679914735E-16,-1.,0.));
#2178=DIRECTION('',(1.,-1.22464679914735E-16,0.));
#2179=DIRECTION('',(-1.22464679914735E-16,-1.,0.));
#2180=DIRECTION('',(1.,-1.22464679914735E-16,0.));
#2181=DIRECTION('',(-1.22464679914735E-16,-1.,0.));
#2182=DIRECTION('',(1.,-1.22464679914735E-16,0.));
#2183=DIRECTION('',(-1.22464679914735E-16,-1.,0.));
#2184=DIRECTION('',(1.,-1.22464679914735E-16,0.));
#2185=DIRECTION('',(-1.,1.22464679914735E-16,0.));
#2186=DIRECTION('',(-1.,1.22464679914735E-16,3.09801508807385E-33));
#2187=DIRECTION('',(1.22464679914735E-16,1.,0.));
#2188=DIRECTION('',(-1.,1.22464679914735E-16,0.));
#2189=DIRECTION('',(1.22464679914735E-16,1.,0.));
#2190=DIRECTION('',(-1.,1.22464679914735E-16,0.));
#2191=DIRECTION('',(1.22464679914735E-16,1.,0.));
#2192=DIRECTION('',(-1.,1.22464679914735E-16,0.));
#2193=DIRECTION('',(1.22464679914735E-16,1.,0.));
#2194=DIRECTION('',(-1.,1.22464679914735E-16,0.));
#2195=DIRECTION('',(0.,0.,-1.));
#2196=DIRECTION('',(-1.,0.,0.));
#2197=DIRECTION('',(-8.95669193654014E-18,-0.073136939914236,0.9973219079214));
#2198=DIRECTION('',(-1.22136708225547E-16,-0.9973219079214,-0.073136939914236));
#2199=DIRECTION('',(0.,0.,-1.));
#2200=DIRECTION('',(-1.,0.,0.));
#2201=DIRECTION('',(0.,0.,-1.));
#2202=DIRECTION('',(1.,0.,0.));
#2203=DIRECTION('',(0.,1.,0.));
#2204=DIRECTION('',(1.,1.22464679914735E-16,0.));
#2205=DIRECTION('',(0.,0.,1.));
#2206=DIRECTION('',(1.,0.,0.));
#2207=DIRECTION('',(-1.,0.,0.));
#2208=DIRECTION('',(-5.78241158658935E-16,-1.,0.));
#2209=DIRECTION('',(0.,0.,1.));
#2210=DIRECTION('',(1.,0.,0.));
#2211=DIRECTION('',(-1.,1.22464679914735E-16,0.));
#2212=DIRECTION('',(-1.,5.78241158658935E-16,0.));
#2213=DIRECTION('',(-5.78241158658935E-16,-1.,0.));
#2214=DIRECTION('',(-5.78241158658935E-16,-1.,0.));
#2215=DIRECTION('',(0.,0.,1.));
#2216=DIRECTION('',(0.,0.,-1.));
#2217=DIRECTION('',(1.,0.,0.));
#2218=DIRECTION('',(0.,0.,-1.));
#2219=DIRECTION('',(-1.,0.,0.));
#2220=DIRECTION('',(0.,0.,1.));
#2221=DIRECTION('',(1.,0.,0.));
#2222=DIRECTION('',(0.,0.,-1.));
#2223=DIRECTION('',(0.,0.,1.));
#2224=DIRECTION('',(1.,0.,0.));
#2225=DIRECTION('',(0.,0.,1.));
#2226=DIRECTION('',(1.,0.,0.));
#2227=DIRECTION('',(-0.99999682479495,0.,0.00252000000361153));
#2228=DIRECTION('',(0.,0.,1.));
#2229=DIRECTION('',(1.,0.,0.));
#2230=DIRECTION('',(0.,0.,1.));
#2231=DIRECTION('',(1.,0.,0.));
#2232=DIRECTION('',(0.,0.,1.));
#2233=DIRECTION('',(1.,0.,0.));
#2234=DIRECTION('',(0.99999682479495,1.22464291064265E-16,0.00252000000361153));
#2235=DIRECTION('',(0.,0.,1.));
#2236=DIRECTION('',(1.,0.,0.));
#2237=DIRECTION('',(0.,0.,1.));
#2238=DIRECTION('',(1.,0.,0.));
#2239=DIRECTION('',(0.,0.,1.));
#2240=DIRECTION('',(1.,0.,0.));
#2241=DIRECTION('',(0.,0.,1.));
#2242=DIRECTION('',(0.,0.,-1.));
#2243=DIRECTION('',(-1.,0.,0.));
#2244=DIRECTION('',(0.,0.,1.));
#2245=DIRECTION('',(0.,0.,1.));
#2246=DIRECTION('',(1.,0.,0.));
#2247=DIRECTION('',(0.,0.,1.));
#2248=DIRECTION('',(1.,0.,0.));
#2249=DIRECTION('',(1.,1.22464679914735E-16,0.));
#2250=DIRECTION('',(-1.,0.,0.));
#2251=DIRECTION('',(0.,0.,1.));
#2252=DIRECTION('',(1.,0.,0.));
#2253=DIRECTION('',(0.,0.,1.));
#2254=DIRECTION('',(1.,0.,0.));
#2255=DIRECTION('',(2.90512162347792E-16,3.55774789732599E-32,1.));
#2256=DIRECTION('',(-2.90512162347792E-16,0.,1.));
#2257=DIRECTION('',(0.,0.,-1.));
#2258=DIRECTION('',(-1.,0.,0.));
#2259=DIRECTION('',(0.,0.,1.));
#2260=DIRECTION('',(1.,0.,0.));
#2261=DIRECTION('',(-1.,-1.22464679914735E-16,0.));
#2262=DIRECTION('',(1.,0.,0.));
#2263=DIRECTION('',(0.,0.,1.));
#2264=DIRECTION('',(1.,0.,0.));
#2265=DIRECTION('',(0.,0.,1.));
#2266=DIRECTION('',(0.,0.,1.));
#2267=DIRECTION('',(0.,0.,1.));
#2268=DIRECTION('',(1.,0.,0.));
#2269=DIRECTION('',(0.,0.,-1.));
#2270=DIRECTION('',(0.,0.,-1.));
#2271=DIRECTION('',(-1.,0.,0.));
#2272=DIRECTION('',(1.22464679914735E-16,-1.,0.));
#2273=DIRECTION('',(1.,1.22464679914735E-16,0.));
#2274=DIRECTION('',(0.,-1.,0.));
#2275=DIRECTION('',(0.,0.,-1.));
#2276=DIRECTION('',(0.,0.,1.));
#2277=DIRECTION('',(0.,1.,0.));
#2278=DIRECTION('',(-1.,0.,0.));
#2279=DIRECTION('',(0.,-1.,0.));
#2280=DIRECTION('',(0.,0.,-1.));
#2281=DIRECTION('',(0.,-1.,0.));
#2282=DIRECTION('',(0.,0.,-1.));
#2283=DIRECTION('',(0.,-1.,0.));
#2284=DIRECTION('',(0.,0.,-1.));
#2285=DIRECTION('',(0.,-1.,0.));
#2286=DIRECTION('',(1.,0.,0.));
#2287=DIRECTION('',(0.,-1.,0.));
#2288=DIRECTION('',(0.,0.,-1.));
#2289=DIRECTION('',(0.,-1.,0.));
#2290=DIRECTION('',(0.,0.,-1.));
#2291=DIRECTION('',(0.,-1.,0.));
#2292=DIRECTION('',(1.,0.,0.));
#2293=DIRECTION('',(0.,0.,-1.));
#2294=DIRECTION('',(1.,0.,0.));
#2295=DIRECTION('',(0.,0.,-1.));
#2296=DIRECTION('',(-1.,0.,0.));
#2297=DIRECTION('',(-1.22464679914735E-16,-1.,0.));
#2298=DIRECTION('',(1.,-1.22464679914735E-16,0.));
#2299=DIRECTION('',(1.22464679914735E-16,1.,0.));
#2300=DIRECTION('',(-1.,1.22464679914735E-16,0.));
#2301=DIRECTION('',(-1.22464679914735E-16,-1.,0.));
#2302=DIRECTION('',(1.,-1.22464679914735E-16,0.));
#2303=DIRECTION('',(1.22464679914735E-16,1.,0.));
#2304=DIRECTION('',(-1.,1.22464679914735E-16,0.));
#2305=DIRECTION('',(1.22464679914735E-16,1.,0.));
#2306=DIRECTION('',(-1.,1.22464679914735E-16,0.));
#2307=DIRECTION('',(1.22464679914735E-16,1.,0.));
#2308=DIRECTION('',(-1.,1.22464679914735E-16,0.));
#2309=DIRECTION('',(1.22464679914735E-16,1.,0.));
#2310=DIRECTION('',(-1.,1.22464679914735E-16,0.));
#2311=DIRECTION('',(0.,1.,0.));
#2312=DIRECTION('',(0.,0.,1.));
#2313=DIRECTION('',(1.22464679914735E-16,1.,0.));
#2314=DIRECTION('',(-1.,1.22464679914735E-16,0.));
#2315=DIRECTION('',(1.22464679914735E-16,1.,0.));
#2316=DIRECTION('',(-1.,1.22464679914735E-16,0.));
#2317=DIRECTION('',(1.22464679914735E-16,1.,0.));
#2318=DIRECTION('',(-1.,1.22464679914735E-16,0.));
#2319=DIRECTION('',(0.,1.,0.));
#2320=DIRECTION('',(0.,0.,1.));
#2321=DIRECTION('',(0.,1.,0.));
#2322=DIRECTION('',(0.,0.,1.));
#2323=DIRECTION('',(0.,1.,0.));
#2324=DIRECTION('',(0.,0.,1.));
#2325=DIRECTION('',(0.,-1.,0.));
#2326=DIRECTION('',(0.,0.,-1.));
#2327=DIRECTION('',(0.,0.,-1.));
#2328=DIRECTION('',(-1.,0.,0.));
#2329=DIRECTION('',(-1.,1.22464679914735E-16,0.));
#2330=DIRECTION('',(-1.,1.22464679914735E-16,0.));
#2331=DIRECTION('',(-1.,1.22464679914735E-16,0.));
#2332=DIRECTION('',(-1.22464679914735E-16,-1.,0.));
#2333=DIRECTION('',(-1.,1.22464679914735E-16,0.));
#2334=DIRECTION('',(-1.,1.22464679914735E-16,0.));
#2335=DIRECTION('',(0.,0.,-1.));
#2336=DIRECTION('',(-1.,0.,0.));
#2337=DIRECTION('',(1.,-1.22464679914735E-16,0.));
#2338=DIRECTION('',(-1.,1.22464679914735E-16,0.));
#2339=DIRECTION('',(-1.,1.22464679914735E-16,0.));
#2340=DIRECTION('',(-1.22464679914735E-16,-1.,0.));
#2341=DIRECTION('',(-1.,1.22464679914735E-16,0.));
#2342=DIRECTION('',(-1.,1.22464679914735E-16,0.));
#2343=DIRECTION('',(-1.,1.22464679914735E-16,0.));
#2344=DIRECTION('',(-1.22464679914735E-16,-1.,0.));
#2345=DIRECTION('',(-1.,1.22464679914735E-16,0.));
#2346=DIRECTION('',(1.51898740697766E-17,0.124034734589209,0.992277876713668));
#2347=DIRECTION('',(-1.,1.22464679914735E-16,0.));
#2348=DIRECTION('',(-1.,1.22464679914735E-16,3.10437044153759E-33));
#2349=DIRECTION('',(1.22464679914735E-16,1.,0.));
#2350=DIRECTION('',(-1.,1.22464679914735E-16,0.));
#2351=DIRECTION('',(-1.,1.22464679914735E-16,0.));
#2352=DIRECTION('',(-1.,1.22464679914735E-16,0.));
#2353=DIRECTION('',(-1.,1.22464679914735E-16,0.));
#2354=DIRECTION('',(-1.22464679914735E-16,-1.,0.));
#2355=DIRECTION('',(-1.,1.22464679914735E-16,0.));
#2356=DIRECTION('',(0.,0.,-1.));
#2357=DIRECTION('',(-1.,0.,0.));
#2358=DIRECTION('',(1.,-1.22464679914735E-16,0.));
#2359=DIRECTION('',(-1.,1.22464679914735E-16,0.));
#2360=DIRECTION('',(-1.,1.22464679914735E-16,0.));
#2361=DIRECTION('',(-1.22464679914735E-16,-1.,0.));
#2362=DIRECTION('',(-1.,1.22464679914735E-16,0.));
#2363=DIRECTION('',(-1.,1.22464679914735E-16,0.));
#2364=DIRECTION('',(0.,0.,-1.));
#2365=DIRECTION('',(-1.,0.,0.));
#2366=DIRECTION('',(1.,-1.22464679914735E-16,0.));
#2367=DIRECTION('',(1.,-1.22464679914735E-16,0.));
#2368=DIRECTION('',(-1.,1.22464679914735E-16,0.));
#2369=DIRECTION('',(-1.22464679914735E-16,-1.,0.));
#2370=DIRECTION('',(-1.,1.22464679914735E-16,0.));
#2371=DIRECTION('',(-1.,1.22464679914735E-16,0.));
#2372=DIRECTION('',(-1.22464679914735E-16,-1.,0.));
#2373=DIRECTION('',(1.,-1.22464679914735E-16,0.));
#2374=DIRECTION('',(1.,-1.22464679914735E-16,0.));
#2375=DIRECTION('',(-8.95669193654014E-18,-0.073136939914236,0.9973219079214));
#2376=DIRECTION('',(-1.,1.22464679914735E-16,0.));
#2377=DIRECTION('',(-1.,1.22464679914735E-16,-3.07319137810706E-33));
#2378=DIRECTION('',(1.,-1.22464679914735E-16,3.07319137810706E-33));
#2379=DIRECTION('',(8.95669193654015E-18,0.073136939914236,0.9973219079214));
#2380=DIRECTION('',(1.,-1.22464679914735E-16,0.));
#2381=DIRECTION('',(-1.,1.22464679914735E-16,0.));
#2382=DIRECTION('',(-1.22464679914735E-16,-1.,0.));
#2383=DIRECTION('',(-1.,1.22464679914735E-16,0.));
#2384=DIRECTION('',(-1.22464679914735E-16,-1.,0.));
#2385=DIRECTION('',(-1.,1.22464679914735E-16,0.));
#2386=DIRECTION('',(-1.22464679914735E-16,-1.,0.));
#2387=DIRECTION('',(-1.,1.22464679914735E-16,0.));
#2388=DIRECTION('',(-1.22464679914735E-16,-1.,0.));
#2389=DIRECTION('',(-1.,1.22464679914735E-16,0.));
#2390=DIRECTION('',(-1.22464679914735E-16,-1.,0.));
#2391=DIRECTION('',(-1.,1.22464679914735E-16,0.));
#2392=DIRECTION('',(-1.22464679914735E-16,-1.,0.));
#2393=DIRECTION('',(-1.,1.22464679914735E-16,0.));
#2394=DIRECTION('',(-1.22464679914735E-16,-1.,0.));
#2395=DIRECTION('',(-1.,1.22464679914735E-16,0.));
#2396=DIRECTION('',(-1.22464679914735E-16,-1.,0.));
#2397=DIRECTION('',(1.22464679914735E-16,1.,0.));
#2398=DIRECTION('',(-1.,1.22464679914735E-16,0.));
#2399=DIRECTION('',(1.22464679914735E-16,1.,0.));
#2400=DIRECTION('',(-1.,1.22464679914735E-16,0.));
#2401=DIRECTION('',(1.22464679914735E-16,1.,0.));
#2402=DIRECTION('',(-1.,1.22464679914735E-16,0.));
#2403=DIRECTION('',(1.22464679914735E-16,1.,0.));
#2404=DIRECTION('',(-1.,1.22464679914735E-16,0.));
#2405=DIRECTION('',(1.22464679914735E-16,1.,0.));
#2406=DIRECTION('',(-1.,1.22464679914735E-16,0.));
#2407=DIRECTION('',(1.22464679914735E-16,1.,0.));
#2408=DIRECTION('',(-1.,1.22464679914735E-16,0.));
#2409=DIRECTION('',(1.,-1.22464679914735E-16,1.54900754403692E-33));
#2410=DIRECTION('',(1.22464679914735E-16,1.,0.));
#2411=DIRECTION('',(-1.,1.22464679914735E-16,3.08148791101957E-33));
#2412=DIRECTION('',(-1.22464679914735E-16,-1.,0.));
#2413=DIRECTION('',(-1.,1.22464679914735E-16,-1.54900754403692E-33));
#2414=DIRECTION('',(-1.22464679914735E-16,-1.,0.));
#2415=DIRECTION('',(0.,0.,-1.));
#2416=DIRECTION('',(-1.,0.,0.));
#2417=DIRECTION('',(-0.514495755427526,0.857492925712544,0.));
#2418=DIRECTION('',(1.,-1.22464679914735E-16,0.));
#2419=DIRECTION('',(0.,0.,-1.));
#2420=DIRECTION('',(-1.,0.,0.));
#2421=DIRECTION('',(1.,-1.22464679914735E-16,0.));
#2422=DIRECTION('',(0.514495755427526,-0.857492925712544,0.));
#2423=DIRECTION('',(-1.22464679914735E-16,-1.,0.));
#2424=DIRECTION('',(1.,-1.22464679914735E-16,0.));
#2425=DIRECTION('',(-1.22464679914735E-16,-1.,0.));
#2426=DIRECTION('',(1.,-1.22464679914735E-16,0.));
#2427=DIRECTION('',(-1.22464679914735E-16,-1.,0.));
#2428=DIRECTION('',(1.,-1.22464679914735E-16,0.));
#2429=DIRECTION('',(-1.23908819712629E-16,1.51744539447198E-32,1.));
#2430=DIRECTION('',(0.,0.,1.));
#2431=DIRECTION('',(1.,0.,0.));
#2432=DIRECTION('',(0.514495755427526,0.857492925712545,0.));
#2433=DIRECTION('',(-1.,1.22464679914735E-16,0.));
#2434=DIRECTION('',(0.,0.,1.));
#2435=DIRECTION('',(1.,0.,0.));
#2436=DIRECTION('',(-1.,1.22464679914735E-16,0.));
#2437=DIRECTION('',(-0.514495755427526,-0.857492925712545,0.));
#2438=DIRECTION('',(-1.22464679914735E-16,-1.,0.));
#2439=DIRECTION('',(1.,-1.22464679914735E-16,0.));
#2440=DIRECTION('',(-1.22464679914735E-16,-1.,0.));
#2441=DIRECTION('',(1.,-1.22464679914735E-16,0.));
#2442=DIRECTION('',(-1.22464679914735E-16,-1.,0.));
#2443=DIRECTION('',(1.,-1.22464679914735E-16,0.));
#2444=DIRECTION('',(2.47817639425258E-16,-3.03489078894395E-32,-1.));
#2445=DIRECTION('',(-1.22464679914735E-16,-1.,0.));
#2446=DIRECTION('',(1.,-1.22464679914735E-16,0.));
#2447=DIRECTION('',(-1.22464679914735E-16,-1.,0.));
#2448=DIRECTION('',(1.,-1.22464679914735E-16,0.));
#2449=DIRECTION('',(-1.22464679914735E-16,-1.,0.));
#2450=DIRECTION('',(1.,-1.22464679914735E-16,0.));
#2451=DIRECTION('',(-1.22464679914735E-16,-1.,0.));
#2452=DIRECTION('',(1.,-1.22464679914735E-16,0.));
#2453=DIRECTION('',(0.857492925712545,-0.514495755427526,2.12501872673941E-16));
#2454=DIRECTION('',(-2.47817639425258E-16,3.03489078894395E-32,1.));
#2455=DIRECTION('',(-0.857492925712544,-0.514495755427526,-1.0625093633697E-16));
#2456=DIRECTION('',(1.23908819712629E-16,-1.51744539447198E-32,-1.));
#2457=DIRECTION('',(0.,1.,0.));
#2458=DIRECTION('',(0.,0.,1.));
#2459=DIRECTION('',(-1.,0.,0.));
#2460=DIRECTION('',(0.,0.,1.));
#2461=DIRECTION('',(0.,0.,-1.));
#2462=DIRECTION('',(0.,0.,-1.));
#2463=DIRECTION('',(-1.,0.,0.));
#2464=DIRECTION('',(-0.384615384615385,-0.923076923076923,0.));
#2465=DIRECTION('',(-0.832050294337845,-0.554700196225227,0.));
#2466=DIRECTION('',(0.832050294337845,-0.554700196225228,0.));
#2467=DIRECTION('',(0.384615384615385,-0.923076923076923,0.));
#2468=DIRECTION('',(0.196116135138184,-0.98058067569092,0.));
#2469=DIRECTION('',(0.,-1.,0.));
#2470=DIRECTION('',(0.,-1.,0.));
#2471=DIRECTION('',(0.196116135138185,0.98058067569092,0.));
#2472=DIRECTION('',(1.,0.,0.));
#2473=DIRECTION('',(0.,1.,0.));
#2474=DIRECTION('',(0.,0.,-1.));
#2475=DIRECTION('',(-1.10990693043675E-16,-0.90630778703665,-0.422618261740699));
#2476=DIRECTION('',(1.,0.,0.));
#2477=DIRECTION('',(0.,1.,0.));
#2478=DIRECTION('',(0.,0.,1.));
#2479=DIRECTION('',(1.10990693043675E-16,0.90630778703665,0.422618261740699));
#2480=DIRECTION('',(0.923076923076923,-0.384615384615385,0.));
#2481=DIRECTION('',(0.,0.,1.));
#2482=DIRECTION('',(0.,0.,-1.));
#2483=DIRECTION('',(0.,0.,1.));
#2484=DIRECTION('',(0.923076923076923,0.384615384615385,0.));
#2485=DIRECTION('',(0.,0.,-1.));
#2486=DIRECTION('',(0.,0.,1.));
#2487=DIRECTION('',(0.,0.,-1.));
#2488=DIRECTION('',(0.,0.,1.));
#2489=DIRECTION('',(1.,0.,0.));
#2490=DIRECTION('',(0.,0.,1.));
#2491=DIRECTION('',(1.,0.,0.));
#2492=DIRECTION('',(0.,0.,1.));
#2493=DIRECTION('',(1.,0.,0.));
#2494=DIRECTION('',(0.,0.,1.));
#2495=DIRECTION('',(1.,0.,0.));
#2496=DIRECTION('',(0.,0.,1.));
#2497=DIRECTION('',(1.,0.,0.));
#2498=DIRECTION('',(0.,0.,1.));
#2499=DIRECTION('',(1.,0.,0.));
#2500=DIRECTION('',(-5.17558101501966E-17,-0.422618261740699,0.90630778703665));
#2501=DIRECTION('',(-1.10990693043675E-16,-0.90630778703665,-0.422618261740699));
#2502=DIRECTION('',(-1.10990693043675E-16,-0.90630778703665,-0.422618261740699));
#2503=DIRECTION('',(-1.,1.22464679914735E-16,0.));
#2504=DIRECTION('',(-1.22464679914735E-16,-1.,0.));
#2505=DIRECTION('',(-5.17558101501966E-17,-0.422618261740699,0.90630778703665));
#2506=DIRECTION('',(-1.10990693043675E-16,-0.90630778703665,-0.422618261740699));
#2507=DIRECTION('',(1.10990693043675E-16,0.90630778703665,0.422618261740699));
#2508=DIRECTION('',(-1.,1.22464679914735E-16,0.));
#2509=DIRECTION('',(-1.22464679914735E-16,-1.,0.));
#2510=DIRECTION('',(0.554700196225227,-0.832050294337845,0.));
#2511=DIRECTION('',(0.,0.,-1.));
#2512=DIRECTION('',(-0.98058067569092,0.196116135138185,0.));
#2513=DIRECTION('',(0.,0.,-1.));
#2514=DIRECTION('',(0.98058067569092,0.196116135138184,0.));
#2515=DIRECTION('',(0.,0.,1.));
#2516=DIRECTION('',(0.554700196225228,0.832050294337844,0.));
#2517=DIRECTION('',(0.,0.,-1.));
#2518=CARTESIAN_POINT('',(0.,0.,0.));
#2519=CARTESIAN_POINT('',(0.015,0.003,0.38));
#2520=CARTESIAN_POINT('',(0.015,0.,0.38));
#2521=CARTESIAN_POINT('',(0.015,0.,0.383982948433165));
#2522=CARTESIAN_POINT('',(0.015,0.,0.3927));
#2523=CARTESIAN_POINT('',(0.015,-0.00481113297660095,0.381739480281775));
#2524=CARTESIAN_POINT('',(0.015,0.006,0.386780794382096));
#2525=CARTESIAN_POINT('',(0.015,0.006,0.38));
#2526=CARTESIAN_POINT('',(0.015,0.006,0.3927));
#2527=CARTESIAN_POINT('',(0.015,0.003,0.3927));
#2528=CARTESIAN_POINT('',(0.0305,-0.007,0.3827));
#2529=CARTESIAN_POINT('',(0.02275,0.002,0.3827));
#2530=CARTESIAN_POINT('',(0.025,0.002,0.3827));
#2531=CARTESIAN_POINT('',(0.02275,-0.016,0.3827));
#2532=CARTESIAN_POINT('',(0.025,-0.016,0.3827));
#2533=CARTESIAN_POINT('',(0.0305,-0.02,0.3827));
#2534=CARTESIAN_POINT('',(0.0245,-0.02,0.3827));
#2535=CARTESIAN_POINT('',(0.021,-0.02,0.3827));
#2536=CARTESIAN_POINT('',(0.0245,-0.02,0.3827));
#2537=CARTESIAN_POINT('',(0.0258846153846154,-0.0190769230769231,0.3827));
#2538=CARTESIAN_POINT('',(0.0305,-0.008,0.3827));
#2539=CARTESIAN_POINT('',(0.0301153846153846,-0.00892307692307692,0.3827));
#2540=CARTESIAN_POINT('',(0.0305,-0.007,0.3827));
#2541=CARTESIAN_POINT('',(0.0305,-0.007,0.3827));
#2542=CARTESIAN_POINT('',(0.0305,-0.007,0.3827));
#2543=CARTESIAN_POINT('',(0.0305,-0.00275129179358002,0.3827));
#2544=CARTESIAN_POINT('',(0.00684987977147103,-0.00275129179358001,0.3827));
#2545=CARTESIAN_POINT('',(0.0275,-0.00275129179358002,0.3827));
#2546=CARTESIAN_POINT('',(0.0275,-0.004,0.3827));
#2547=CARTESIAN_POINT('',(0.0275,0.006,0.3827));
#2548=CARTESIAN_POINT('',(0.0305,0.006,0.3827));
#2549=CARTESIAN_POINT('',(0.018,0.006,0.3827));
#2550=CARTESIAN_POINT('',(0.018,-0.004,0.3827));
#2551=CARTESIAN_POINT('',(0.018,-0.00275129179357998,0.3827));
#2552=CARTESIAN_POINT('',(0.00684987977147103,-0.00275129179358001,0.3827));
#2553=CARTESIAN_POINT('',(0.015,-0.0027512917935801,0.3827));
#2554=CARTESIAN_POINT('',(0.015,-0.007,0.3827));
#2555=CARTESIAN_POINT('',(0.015,-0.007,0.3827));
#2556=CARTESIAN_POINT('',(0.015,-0.007,0.3827));
#2557=CARTESIAN_POINT('',(0.0153846153846154,-0.00892307692307691,0.3827));
#2558=CARTESIAN_POINT('',(0.02,-0.02,0.3827));
#2559=CARTESIAN_POINT('',(0.0196153846153846,-0.0190769230769231,0.3827));
#2560=CARTESIAN_POINT('',(0.021,-0.02,0.3827));
#2561=CARTESIAN_POINT('',(0.00684987977147103,0.006,0.35));
#2562=CARTESIAN_POINT('',(0.0065,0.006,0.4137));
#2563=CARTESIAN_POINT('',(0.01,0.006,0.4137));
#2564=CARTESIAN_POINT('',(0.022,0.006,0.3982));
#2565=CARTESIAN_POINT('',(0.0236,0.006,0.3982));
#2566=CARTESIAN_POINT('',(-0.009,0.006,0.3982));
#2567=CARTESIAN_POINT('',(-0.0074,0.006,0.3982));
#2568=CARTESIAN_POINT('',(0.0275,0.006,0.384740397191048));
#2569=CARTESIAN_POINT('',(0.0275,0.006,0.386780794382096));
#2570=CARTESIAN_POINT('',(0.00684987977147103,0.006,0.386780794382096));
#2571=CARTESIAN_POINT('',(0.0305,0.006,0.386780794382096));
#2572=CARTESIAN_POINT('',(0.0305,0.006,0.3802));
#2573=CARTESIAN_POINT('',(0.0305,0.006,0.3777));
#2574=CARTESIAN_POINT('',(0.0305,0.006,0.3777));
#2575=CARTESIAN_POINT('',(0.015,0.006,0.3777));
#2576=CARTESIAN_POINT('',(0.015,0.006,0.3802));
#2577=CARTESIAN_POINT('',(0.015,0.006,0.38));
#2578=CARTESIAN_POINT('',(0.00684987977147103,0.006,0.38));
#2579=CARTESIAN_POINT('',(0.00939800510746829,0.006,0.38));
#2580=CARTESIAN_POINT('',(0.00939800510746829,0.006,0.519536870916021));
#2581=CARTESIAN_POINT('',(0.00939800510746829,0.006,0.352524405404828));
#2582=CARTESIAN_POINT('',(0.00684987977147103,0.006,0.352524405404828));
#2583=CARTESIAN_POINT('',(0.0388498797714711,0.006,0.352524405404828));
#2584=CARTESIAN_POINT('',(0.0388498797714711,0.006,0.35));
#2585=CARTESIAN_POINT('',(0.0388498797714711,0.006,0.394121397961538));
#2586=CARTESIAN_POINT('',(0.0338498797714711,0.006,0.394121397961538));
#2587=CARTESIAN_POINT('',(0.0258498797714711,0.006,0.394121397961538));
#2588=CARTESIAN_POINT('',(0.0258498797714711,0.006,0.408121397961539));
#2589=CARTESIAN_POINT('',(0.0258498797714711,0.006,0.408121397961539));
#2590=CARTESIAN_POINT('',(0.033849879771471,0.006,0.408121397961539));
#2591=CARTESIAN_POINT('',(0.0388498797714711,0.006,0.408121397961539));
#2592=CARTESIAN_POINT('',(0.0388498797714711,0.006,0.35));
#2593=CARTESIAN_POINT('',(0.0388498797714711,0.006,0.448965221804792));
#2594=CARTESIAN_POINT('',(0.00684987977147103,0.006,0.448965221804792));
#2595=CARTESIAN_POINT('',(-0.025150120228529,0.006,0.448965221804792));
#2596=CARTESIAN_POINT('',(-0.025150120228529,0.006,0.35));
#2597=CARTESIAN_POINT('',(-0.025150120228529,0.006,0.408121397961539));
#2598=CARTESIAN_POINT('',(-0.020150120228529,0.006,0.408121397961539));
#2599=CARTESIAN_POINT('',(-0.012150120228529,0.006,0.408121397961539));
#2600=CARTESIAN_POINT('',(-0.012150120228529,0.006,0.394121397961538));
#2601=CARTESIAN_POINT('',(-0.012150120228529,0.006,0.394121397961538));
#2602=CARTESIAN_POINT('',(-0.020150120228529,0.006,0.394121397961538));
#2603=CARTESIAN_POINT('',(-0.025150120228529,0.006,0.394121397961538));
#2604=CARTESIAN_POINT('',(-0.025150120228529,0.006,0.35));
#2605=CARTESIAN_POINT('',(-0.025150120228529,0.006,0.352524405404828));
#2606=CARTESIAN_POINT('',(0.00684987977147103,0.006,0.352524405404828));
#2607=CARTESIAN_POINT('',(-0.00939800510746829,0.006,0.352524405404828));
#2608=CARTESIAN_POINT('',(-0.00939800510746829,0.006,0.519536870916021));
#2609=CARTESIAN_POINT('',(-0.00939800510746829,0.006,0.38));
#2610=CARTESIAN_POINT('',(0.00684987977147102,0.006,0.38));
#2611=CARTESIAN_POINT('',(-0.015,0.006,0.38));
#2612=CARTESIAN_POINT('',(-0.015,0.006,0.38));
#2613=CARTESIAN_POINT('',(-0.015,0.006,0.3927));
#2614=CARTESIAN_POINT('',(0.00684987977147103,0.006,0.3927));
#2615=CARTESIAN_POINT('',(-0.0137477270848675,0.006,0.3927));
#2616=CARTESIAN_POINT('',(-0.0137477270848675,0.006,0.38));
#2617=CARTESIAN_POINT('',(-0.0137477270848675,0.006,0.392717535233063));
#2618=CARTESIAN_POINT('',(-0.0137477270848675,0.006,0.392717535233062));
#2619=CARTESIAN_POINT('',(-0.0109498802691534,0.006,0.392711073254748));
#2620=CARTESIAN_POINT('',(-0.00815203327010819,0.006,0.392704694370542));
#2621=CARTESIAN_POINT('',(-0.00535418255450729,0.006,0.3927));
#2622=CARTESIAN_POINT('',(-0.00535418255450727,0.006,0.3927));
#2623=CARTESIAN_POINT('',(0.00684987977147103,0.006,0.3927));
#2624=CARTESIAN_POINT('',(0.00535418255450728,0.006,0.3927));
#2625=CARTESIAN_POINT('',(0.00535418255450728,0.006,0.3927));
#2626=CARTESIAN_POINT('',(0.00815203327011244,0.006,0.392704694370542));
#2627=CARTESIAN_POINT('',(0.0109498802691557,0.006,0.392711073254748));
#2628=CARTESIAN_POINT('',(0.0137477270848675,0.006,0.392717535233062));
#2629=CARTESIAN_POINT('',(0.0137477270848675,0.006,0.392717535233063));
#2630=CARTESIAN_POINT('',(0.0137477270848675,0.006,0.386));
#2631=CARTESIAN_POINT('',(0.0137477270848675,0.006,0.3927));
#2632=CARTESIAN_POINT('',(0.00684987977147103,0.006,0.3927));
#2633=CARTESIAN_POINT('',(0.00684987977147103,0.006,0.386780794382096));
#2634=CARTESIAN_POINT('',(0.018,0.006,0.386780794382096));
#2635=CARTESIAN_POINT('',(0.018,0.006,0.384740397191048));
#2636=CARTESIAN_POINT('',(0.02275,0.002,1.24580487521418));
#2637=CARTESIAN_POINT('',(0.02275,0.002,0.3777));
#2638=CARTESIAN_POINT('',(0.02115,0.002,0.3777));
#2639=CARTESIAN_POINT('',(0.02275,0.002,0.3807));
#2640=CARTESIAN_POINT('',(0.02435,0.002,0.3807));
#2641=CARTESIAN_POINT('',(0.02275,-0.016,1.24580487521418));
#2642=CARTESIAN_POINT('',(0.02275,-0.016,0.3777));
#2643=CARTESIAN_POINT('',(0.02115,-0.016,0.3777));
#2644=CARTESIAN_POINT('',(0.02275,-0.016,0.3807));
#2645=CARTESIAN_POINT('',(0.02435,-0.016,0.3807));
#2646=CARTESIAN_POINT('',(-0.025150120228529,0.015,0.35));
#2647=CARTESIAN_POINT('',(-0.025150120228529,0.01,0.35));
#2648=CARTESIAN_POINT('',(-0.025150120228529,0.01,0.394121397961538));
#2649=CARTESIAN_POINT('',(-0.025150120228529,0.01,0.408121397961539));
#2650=CARTESIAN_POINT('',(-0.025150120228529,0.01,0.408121397961539));
#2651=CARTESIAN_POINT('',(-0.025150120228529,0.0084142135623731,0.448965221804792));
#2652=CARTESIAN_POINT('',(-0.025150120228529,0.00871365990082372,0.451360792512397));
#2653=CARTESIAN_POINT('',(-0.025150120228529,0.0236861538461539,0.449489230769231));
#2654=CARTESIAN_POINT('',(-0.025150120228529,0.022,0.4497));
#2655=CARTESIAN_POINT('',(-0.025150120228529,0.022,0.4367));
#2656=CARTESIAN_POINT('',(-0.025150120228529,0.0347373466624726,0.4393));
#2657=CARTESIAN_POINT('',(-0.025150120228529,0.0337575507653593,0.4391));
#2658=CARTESIAN_POINT('',(-0.025150120228529,0.0337575507653593,0.4381));
#2659=CARTESIAN_POINT('',(-0.025150120228529,0.0336653218301229,0.4381));
#2660=CARTESIAN_POINT('',(-0.025150120228529,0.0332467773161917,0.4381));
#2661=CARTESIAN_POINT('',(-0.025150120228529,0.0332467773161917,0.4391));
#2662=CARTESIAN_POINT('',(-0.025150120228529,0.0322687966800011,0.438891304347826));
#2663=CARTESIAN_POINT('',(-0.025150120228529,0.022,0.4367));
#2664=CARTESIAN_POINT('',(-0.025150120228529,0.0322687966800011,0.434508695652174));
#2665=CARTESIAN_POINT('',(-0.025150120228529,0.0332467773161917,0.4343));
#2666=CARTESIAN_POINT('',(-0.025150120228529,0.0332467773161917,0.4353));
#2667=CARTESIAN_POINT('',(-0.025150120228529,0.0336653218301229,0.4353));
#2668=CARTESIAN_POINT('',(-0.025150120228529,0.0337575507653593,0.4353));
#2669=CARTESIAN_POINT('',(-0.025150120228529,0.0337575507653593,0.4343));
#2670=CARTESIAN_POINT('',(-0.025150120228529,0.0347373466624726,0.4341));
#2671=CARTESIAN_POINT('',(-0.025150120228529,0.022,0.4367));
#2672=CARTESIAN_POINT('',(-0.025150120228529,0.022,0.4237));
#2673=CARTESIAN_POINT('',(-0.025150120228529,0.035,0.4237));
#2674=CARTESIAN_POINT('',(-0.025150120228529,0.015,0.4237));
#2675=CARTESIAN_POINT('',(-0.025150120228529,0.015,0.35));
#2676=CARTESIAN_POINT('',(-0.025150120228529,0.015,0.377413333333334));
#2677=CARTESIAN_POINT('',(-0.025150120228529,0.0169995579328942,0.377266699084921));
#2678=CARTESIAN_POINT('',(-0.025150120228529,0.022,0.3769));
#2679=CARTESIAN_POINT('',(-0.025150120228529,0.022,0.377422146003982));
#2680=CARTESIAN_POINT('',(-0.025150120228529,0.022,0.376844292007965));
#2681=CARTESIAN_POINT('',(-0.025150120228529,0.022,0.364));
#2682=CARTESIAN_POINT('',(-0.025150120228529,0.0345778439398694,0.366602629249464));
#2683=CARTESIAN_POINT('',(-0.025150120228529,0.0335985884128173,0.3664));
#2684=CARTESIAN_POINT('',(-0.025150120228529,0.0335985884128173,0.3654));
#2685=CARTESIAN_POINT('',(-0.025150120228529,0.0335870068374642,0.3654));
#2686=CARTESIAN_POINT('',(-0.025150120228529,0.0332467773161916,0.3654));
#2687=CARTESIAN_POINT('',(-0.025150120228529,0.0332467773161916,0.3664));
#2688=CARTESIAN_POINT('',(-0.025150120228529,0.032268796680001,0.366191304347826));
#2689=CARTESIAN_POINT('',(-0.025150120228529,0.022,0.364));
#2690=CARTESIAN_POINT('',(-0.025150120228529,0.032268796680001,0.361808695652174));
#2691=CARTESIAN_POINT('',(-0.025150120228529,0.0332467773161916,0.3616));
#2692=CARTESIAN_POINT('',(-0.025150120228529,0.0332467773161916,0.3626));
#2693=CARTESIAN_POINT('',(-0.025150120228529,0.0335870068374642,0.3626));
#2694=CARTESIAN_POINT('',(-0.025150120228529,0.0335985884128173,0.3626));
#2695=CARTESIAN_POINT('',(-0.025150120228529,0.0335985884128173,0.3616));
#2696=CARTESIAN_POINT('',(-0.025150120228529,0.0345778439398694,0.361397370750537));
#2697=CARTESIAN_POINT('',(-0.025150120228529,0.022,0.364));
#2698=CARTESIAN_POINT('',(-0.025150120228529,0.022,0.351155707992035));
#2699=CARTESIAN_POINT('',(-0.025150120228529,0.022,0.350577853996017));
#2700=CARTESIAN_POINT('',(-0.025150120228529,0.022,0.3511));
#2701=CARTESIAN_POINT('',(-0.025150120228529,0.0149572079041599,0.350583528579638));
#2702=CARTESIAN_POINT('',(-0.025150120228529,0.00859078175462452,0.350116657328672));
#2703=CARTESIAN_POINT('',(-0.025150120228529,0.0084142135623731,0.352524405404828));
#2704=CARTESIAN_POINT('',(-0.025150120228529,0.01,0.394121397961538));
#2705=CARTESIAN_POINT('',(0.0065,0.015,0.4137));
#2706=CARTESIAN_POINT('',(0.0065,0.007,0.4137));
#2707=CARTESIAN_POINT('',(0.0065,0.007,0.4112));
#2708=CARTESIAN_POINT('',(0.0065,0.011,0.4137));
#2709=CARTESIAN_POINT('',(0.004,0.011,0.4137));
#2710=CARTESIAN_POINT('',(0.0388498797714711,0.015,0.35));
#2711=CARTESIAN_POINT('',(0.0388498797714711,0.01,0.35));
#2712=CARTESIAN_POINT('',(0.0388498797714711,0.01,0.394121397961538));
#2713=CARTESIAN_POINT('',(0.0388498797714711,0.01,0.408121397961539));
#2714=CARTESIAN_POINT('',(0.0388498797714711,0.01,0.394121397961538));
#2715=CARTESIAN_POINT('',(0.0388498797714711,0.0084142135623731,0.352524405404828));
#2716=CARTESIAN_POINT('',(0.0388498797714711,0.00859078175462451,0.350116657328672));
#2717=CARTESIAN_POINT('',(0.0388498797714711,0.022,0.3511));
#2718=CARTESIAN_POINT('',(0.0388498797714711,0.022,0.3511));
#2719=CARTESIAN_POINT('',(0.0388498797714711,0.022,0.35));
#2720=CARTESIAN_POINT('',(0.0388498797714711,0.022,0.351155707992035));
#2721=CARTESIAN_POINT('',(0.0388498797714711,0.022,0.364));
#2722=CARTESIAN_POINT('',(0.0388498797714711,0.0345778439398694,0.361397370750537));
#2723=CARTESIAN_POINT('',(0.0388498797714711,0.0335985884128173,0.3616));
#2724=CARTESIAN_POINT('',(0.0388498797714711,0.0335985884128173,0.3626));
#2725=CARTESIAN_POINT('',(0.0388498797714711,0.015,0.3626));
#2726=CARTESIAN_POINT('',(0.0388498797714711,0.0332467773161916,0.3626));
#2727=CARTESIAN_POINT('',(0.0388498797714711,0.0332467773161916,0.3616));
#2728=CARTESIAN_POINT('',(0.0388498797714711,0.032268796680001,0.361808695652174));
#2729=CARTESIAN_POINT('',(0.0388498797714711,0.022,0.364));
#2730=CARTESIAN_POINT('',(0.0388498797714711,0.032268796680001,0.366191304347826));
#2731=CARTESIAN_POINT('',(0.0388498797714711,0.0332467773161916,0.3664));
#2732=CARTESIAN_POINT('',(0.0388498797714711,0.0332467773161916,0.3654));
#2733=CARTESIAN_POINT('',(0.0388498797714711,0.015,0.3654));
#2734=CARTESIAN_POINT('',(0.0388498797714711,0.0335985884128173,0.3654));
#2735=CARTESIAN_POINT('',(0.0388498797714711,0.0335985884128173,0.3664));
#2736=CARTESIAN_POINT('',(0.0388498797714711,0.0345778439398694,0.366602629249464));
#2737=CARTESIAN_POINT('',(0.0388498797714711,0.022,0.364));
#2738=CARTESIAN_POINT('',(0.0388498797714711,0.022,0.376844292007965));
#2739=CARTESIAN_POINT('',(0.0388498797714711,0.022,0.35));
#2740=CARTESIAN_POINT('',(0.0388498797714711,0.022,0.3769));
#2741=CARTESIAN_POINT('',(0.0388498797714711,0.007,0.378));
#2742=CARTESIAN_POINT('',(0.0388498797714711,0.015,0.377413333333334));
#2743=CARTESIAN_POINT('',(0.0388498797714711,0.015,0.35));
#2744=CARTESIAN_POINT('',(0.0388498797714711,0.015,0.4237));
#2745=CARTESIAN_POINT('',(0.0388498797714711,0.035,0.4237));
#2746=CARTESIAN_POINT('',(0.0388498797714711,0.022,0.4237));
#2747=CARTESIAN_POINT('',(0.0388498797714711,0.022,0.4367));
#2748=CARTESIAN_POINT('',(0.0388498797714711,0.0347373466624725,0.4341));
#2749=CARTESIAN_POINT('',(0.0388498797714711,0.0337575507653593,0.4343));
#2750=CARTESIAN_POINT('',(0.0388498797714711,0.0337575507653593,0.4353));
#2751=CARTESIAN_POINT('',(0.0388498797714711,0.015,0.4353));
#2752=CARTESIAN_POINT('',(0.0388498797714711,0.0332467773161917,0.4353));
#2753=CARTESIAN_POINT('',(0.0388498797714711,0.0332467773161917,0.4343));
#2754=CARTESIAN_POINT('',(0.0388498797714711,0.0322687966800011,0.434508695652174));
#2755=CARTESIAN_POINT('',(0.0388498797714711,0.022,0.4367));
#2756=CARTESIAN_POINT('',(0.0388498797714711,0.0322687966800011,0.438891304347826));
#2757=CARTESIAN_POINT('',(0.0388498797714711,0.0332467773161917,0.4391));
#2758=CARTESIAN_POINT('',(0.0388498797714711,0.0332467773161917,0.4381));
#2759=CARTESIAN_POINT('',(0.0388498797714711,0.015,0.4381));
#2760=CARTESIAN_POINT('',(0.0388498797714711,0.0337575507653593,0.4381));
#2761=CARTESIAN_POINT('',(0.0388498797714711,0.0337575507653593,0.4391));
#2762=CARTESIAN_POINT('',(0.0388498797714711,0.0347373466624726,0.4393));
#2763=CARTESIAN_POINT('',(0.0388498797714711,0.022,0.4367));
#2764=CARTESIAN_POINT('',(0.0388498797714711,0.022,0.4497));
#2765=CARTESIAN_POINT('',(0.0388498797714711,0.022,0.4497));
#2766=CARTESIAN_POINT('',(0.0388498797714711,0.00871365990082371,0.451360792512397));
#2767=CARTESIAN_POINT('',(0.0388498797714711,0.0084142135623731,0.448965221804792));
#2768=CARTESIAN_POINT('',(0.0388498797714711,0.01,0.408121397961539));
#2769=CARTESIAN_POINT('',(0.00684987977147103,0.015,0.35));
#2770=CARTESIAN_POINT('',(0.033099879771471,0.015,0.404621397961539));
#2771=CARTESIAN_POINT('',(0.034199879771471,0.015,0.404621397961539));
#2772=CARTESIAN_POINT('',(-0.019400120228529,0.015,0.397621397961539));
#2773=CARTESIAN_POINT('',(-0.018300120228529,0.015,0.397621397961539));
#2774=CARTESIAN_POINT('',(-0.019400120228529,0.015,0.404621397961539));
#2775=CARTESIAN_POINT('',(-0.018300120228529,0.015,0.404621397961539));
#2776=CARTESIAN_POINT('',(0.033099879771471,0.015,0.397621397961539));
#2777=CARTESIAN_POINT('',(0.034199879771471,0.015,0.397621397961539));
#2778=CARTESIAN_POINT('',(0.00684987977147102,0.015,0.4237));
#2779=CARTESIAN_POINT('',(0.00684987977147103,0.015,0.377413333333334));
#2780=CARTESIAN_POINT('',(0.022,0.015,0.3982));
#2781=CARTESIAN_POINT('',(0.01825,0.015,0.3982));
#2782=CARTESIAN_POINT('',(-0.009,0.015,0.3982));
#2783=CARTESIAN_POINT('',(-0.01275,0.015,0.3982));
#2784=CARTESIAN_POINT('',(0.0065,0.015,0.4137));
#2785=CARTESIAN_POINT('',(0.0036,0.015,0.4137));
#2786=CARTESIAN_POINT('',(0.0065,0.015,0.387413333333334));
#2787=CARTESIAN_POINT('',(0.0036,0.015,0.387413333333334));
#2788=CARTESIAN_POINT('',(0.,-6.82740590524649E-19,0.519536870916021));
#2789=CARTESIAN_POINT('',(-0.00939800510746829,0.006,0.352524405404828));
#2790=CARTESIAN_POINT('',(-0.00939800510746829,0.006,0.352125110854152));
#2791=CARTESIAN_POINT('',(-0.00927200859942172,0.00620409599527653,0.351344721889416));
#2792=CARTESIAN_POINT('',(-0.00874472468677788,0.00694479085943901,0.350520736253254));
#2793=CARTESIAN_POINT('',(-0.00799491592623536,0.00780171335085985,0.35013740088658));
#2794=CARTESIAN_POINT('',(-0.0074129930360126,0.00833828084160457,0.350098140595051));
#2795=CARTESIAN_POINT('',(-0.0071078104114003,0.00859078175462452,0.350116657328672));
#2796=CARTESIAN_POINT('',(-0.0071078104114003,0.00859078175462452,0.350116657328672));
#2797=CARTESIAN_POINT('',(0.,-6.82740590524649E-19,0.349486666666667));
#2798=CARTESIAN_POINT('',(0.0071078104114003,0.00859078175462452,0.350116657328672));
#2799=CARTESIAN_POINT('',(0.0071078104114003,0.00859078175462451,0.350116657328672));
#2800=CARTESIAN_POINT('',(0.00741307337249108,0.00833821437309512,0.350098135720694));
#2801=CARTESIAN_POINT('',(0.00798892082502376,0.00780765587431952,0.350136210491833));
#2802=CARTESIAN_POINT('',(0.00874337058792081,0.00694681442628166,0.350518879419742));
#2803=CARTESIAN_POINT('',(0.00927092009493711,0.00620568378470547,0.351341618381844));
#2804=CARTESIAN_POINT('',(0.00939800510746829,0.006,0.352123973773487));
#2805=CARTESIAN_POINT('',(0.00939800510746829,0.006,0.352524405404828));
#2806=CARTESIAN_POINT('',(0.,-6.82740590524649E-19,0.38));
#2807=CARTESIAN_POINT('',(0.00684987977147103,0.0075,0.38));
#2808=CARTESIAN_POINT('',(0.015,0.003,0.38));
#2809=CARTESIAN_POINT('',(0.015,0.,0.38));
#2810=CARTESIAN_POINT('',(0.0122707981429994,6.3537762889235E-19,0.38));
#2811=CARTESIAN_POINT('',(0.00804159628599882,9.8481151516837E-19,0.38));
#2812=CARTESIAN_POINT('',(0.,0.,0.38));
#2813=CARTESIAN_POINT('',(-0.00804159628599882,0.,0.38));
#2814=CARTESIAN_POINT('',(-0.0122707981429994,8.67361737988404E-19,0.38));
#2815=CARTESIAN_POINT('',(-0.015,8.67361737988404E-19,0.38));
#2816=CARTESIAN_POINT('',(-0.015,0.003,0.38));
#2817=CARTESIAN_POINT('',(0.00684987977147103,0.035,0.4237));
#2818=CARTESIAN_POINT('',(0.151650721123399,0.022,0.4237));
#2819=CARTESIAN_POINT('',(-0.015,0.003,0.38));
#2820=CARTESIAN_POINT('',(-0.015,0.003,0.3927));
#2821=CARTESIAN_POINT('',(-0.015,8.67361737988404E-19,0.3927));
#2822=CARTESIAN_POINT('',(-0.015,1.83697019872103E-18,0.38));
#2823=CARTESIAN_POINT('',(0.00684987977147103,0.0075,0.3927));
#2824=CARTESIAN_POINT('',(3.67464513031882E-18,-1.42955574328964E-18,0.3927));
#2825=CARTESIAN_POINT('',(0.,0.,0.386));
#2826=CARTESIAN_POINT('',(-0.015,8.67361737988404E-19,0.391708767616531));
#2827=CARTESIAN_POINT('',(-0.015,8.67361737988404E-19,0.392717535233063));
#2828=CARTESIAN_POINT('',(0.,0.,0.392717535233063));
#2829=CARTESIAN_POINT('',(0.,0.,0.3927));
#2830=CARTESIAN_POINT('',(-0.0115207981429994,8.67361737988404E-19,0.392708767616531));
#2831=CARTESIAN_POINT('',(-0.00804159628599882,0.,0.3927));
#2832=CARTESIAN_POINT('',(0.,0.,0.3927));
#2833=CARTESIAN_POINT('',(0.,0.,0.3927));
#2834=CARTESIAN_POINT('',(0.,0.,0.3927));
#2835=CARTESIAN_POINT('',(0.00804159628599882,9.8481151516837E-19,0.3927));
#2836=CARTESIAN_POINT('',(0.0115207981429994,5.43529118956297E-19,0.392708767616531));
#2837=CARTESIAN_POINT('',(0.015,9.69608460732627E-19,0.392717535233063));
#2838=CARTESIAN_POINT('',(0.,0.,0.392717535233063));
#2839=CARTESIAN_POINT('',(0.,0.,0.386));
#2840=CARTESIAN_POINT('',(0.,0.,0.389));
#2841=CARTESIAN_POINT('',(0.00804159628599882,9.8481151516837E-19,0.389));
#2842=CARTESIAN_POINT('',(-0.00804159628599882,0.,0.389));
#2843=CARTESIAN_POINT('',(0.00804159628599882,9.8481151516837E-19,0.39085));
#2844=CARTESIAN_POINT('',(0.,0.,0.3927));
#2845=CARTESIAN_POINT('',(-0.00804159628599882,0.,0.39085));
#2846=CARTESIAN_POINT('',(0.00703659628599882,8.61734511854061E-19,0.389));
#2847=CARTESIAN_POINT('',(0.,0.,0.389));
#2848=CARTESIAN_POINT('',(0.00603159628599882,7.38657508539752E-19,0.389));
#2849=CARTESIAN_POINT('',(-0.00603159628599882,0.,0.389));
#2850=CARTESIAN_POINT('',(0.00703659628599882,8.61734511854061E-19,0.389));
#2851=CARTESIAN_POINT('',(-0.00703659628599882,0.,0.389));
#2852=CARTESIAN_POINT('',(0.,0.,0.386));
#2853=CARTESIAN_POINT('',(0.,0.,0.383028740614652));
#2854=CARTESIAN_POINT('',(0.00603159628599882,7.38657508539752E-19,0.383028740614652));
#2855=CARTESIAN_POINT('',(-0.00603159628599882,0.,0.383028740614652));
#2856=CARTESIAN_POINT('',(0.00603159628599882,7.38657508539752E-19,0.386014370307326));
#2857=CARTESIAN_POINT('',(-0.00603159628599882,0.,0.386014370307326));
#2858=CARTESIAN_POINT('',(0.00703659628599882,8.61734511854061E-19,0.383028740614652));
#2859=CARTESIAN_POINT('',(0.,0.,0.383028740614652));
#2860=CARTESIAN_POINT('',(0.00804159628599882,9.8481151516837E-19,0.383028740614652));
#2861=CARTESIAN_POINT('',(-0.00804159628599882,0.,0.383028740614652));
#2862=CARTESIAN_POINT('',(0.00703659628599882,8.61734511854061E-19,0.383028740614652));
#2863=CARTESIAN_POINT('',(-0.00703659628599882,0.,0.383028740614652));
#2864=CARTESIAN_POINT('',(0.,0.,0.386));
#2865=CARTESIAN_POINT('',(0.00804159628599882,9.8481151516837E-19,0.381514370307326));
#2866=CARTESIAN_POINT('',(-0.00804159628599882,0.,0.381514370307326));
#2867=CARTESIAN_POINT('',(0.,0.,0.386));
#2868=CARTESIAN_POINT('',(0.015,9.69608460732627E-19,0.391708767616531));
#2869=CARTESIAN_POINT('',(-1.8887982929699E-18,-2.34804084265016E-18,0.3927));
#2870=CARTESIAN_POINT('',(0.0105157981429994,4.20452115641987E-19,0.386358767616531));
#2871=CARTESIAN_POINT('',(0.011,0.,0.38635));
#2872=CARTESIAN_POINT('',(0.011,0.,0.38425));
#2873=CARTESIAN_POINT('',(0.015,0.,0.38));
#2874=CARTESIAN_POINT('',(-0.0105157981429994,8.67361737988404E-19,0.386358767616531));
#2875=CARTESIAN_POINT('',(-0.011,0.,0.38635));
#2876=CARTESIAN_POINT('',(-0.011,0.,0.38425));
#2877=CARTESIAN_POINT('',(-0.011,0.005,0.38635));
#2878=CARTESIAN_POINT('',(-0.011,0.005,0.38635));
#2879=CARTESIAN_POINT('',(-0.011,0.005,0.38425));
#2880=CARTESIAN_POINT('',(-5.20417042793042E-18,0.005,0.38635));
#2881=CARTESIAN_POINT('',(0.011,0.005,0.38635));
#2882=CARTESIAN_POINT('',(0.011,0.005,0.38635));
#2883=CARTESIAN_POINT('',(0.011,0.005,0.38425));
#2884=CARTESIAN_POINT('',(-5.20417042793042E-18,0.005,0.38635));
#2885=CARTESIAN_POINT('',(0.00684987977147103,0.0075,0.3927));
#2886=CARTESIAN_POINT('',(0.00684987977147103,0.015,0.3927));
#2887=CARTESIAN_POINT('',(0.022,0.015,0.3982));
#2888=CARTESIAN_POINT('',(0.022,0.009,0.3982));
#2889=CARTESIAN_POINT('',(0.0204,0.009,0.3982));
#2890=CARTESIAN_POINT('',(-0.009,0.015,0.3982));
#2891=CARTESIAN_POINT('',(-0.009,0.009,0.3982));
#2892=CARTESIAN_POINT('',(-0.0106,0.009,0.3982));
#2893=CARTESIAN_POINT('',(0.00684987977147103,0.009,0.4227));
#2894=CARTESIAN_POINT('',(-0.009,0.009,0.3982));
#2895=CARTESIAN_POINT('',(-0.01175,0.009,0.3982));
#2896=CARTESIAN_POINT('',(-0.009,0.009,0.3982));
#2897=CARTESIAN_POINT('',(-0.009,0.014,0.3982));
#2898=CARTESIAN_POINT('',(-0.009,0.014,0.40095));
#2899=CARTESIAN_POINT('',(0.00684987977147103,0.009,0.4227));
#2900=CARTESIAN_POINT('',(0.022,0.009,0.3982));
#2901=CARTESIAN_POINT('',(0.01925,0.009,0.3982));
#2902=CARTESIAN_POINT('',(0.022,0.009,0.3982));
#2903=CARTESIAN_POINT('',(0.022,0.014,0.3982));
#2904=CARTESIAN_POINT('',(0.022,0.014,0.40095));
#2905=CARTESIAN_POINT('',(0.022,0.014,0.3982));
#2906=CARTESIAN_POINT('',(-0.009,0.014,0.3982));
#2907=CARTESIAN_POINT('',(0.0065,0.006,0.4137));
#2908=CARTESIAN_POINT('',(0.151650721123399,0.0336653218301229,0.4353));
#2909=CARTESIAN_POINT('',(0.151650721123399,0.0332467773161916,0.4353));
#2910=CARTESIAN_POINT('',(0.151650721123399,0.0337575507653593,0.4353));
#2911=CARTESIAN_POINT('',(0.151650721123399,0.022,0.4367));
#2912=CARTESIAN_POINT('',(0.151650721123399,0.0322687966800011,0.438891304347826));
#2913=CARTESIAN_POINT('',(0.151650721123399,0.0322687966800011,0.434508695652174));
#2914=CARTESIAN_POINT('',(0.151650721123399,0.0336653218301229,0.4381));
#2915=CARTESIAN_POINT('',(-0.025150120228529,0.0332467773161917,0.4381));
#2916=CARTESIAN_POINT('',(0.151650721123399,0.0337575507653593,0.4381));
#2917=CARTESIAN_POINT('',(0.151650721123399,0.022,0.4367));
#2918=CARTESIAN_POINT('',(0.151650721123399,0.0347373466624725,0.4393));
#2919=CARTESIAN_POINT('',(0.151650721123399,0.022,0.4497));
#2920=CARTESIAN_POINT('',(0.151650721123399,0.022,0.4367));
#2921=CARTESIAN_POINT('',(0.151650721123399,0.0347373466624725,0.4341));
#2922=CARTESIAN_POINT('',(0.00684987977147103,0.022,0.4497));
#2923=CARTESIAN_POINT('',(0.00684987977147103,0.00871365990082371,0.451360792512397));
#2924=CARTESIAN_POINT('',(0.144386750687492,0.022,0.350577853996017));
#2925=CARTESIAN_POINT('',(0.144386750687492,0.022,0.3511));
#2926=CARTESIAN_POINT('',(0.144386750687492,0.022,0.351155707992035));
#2927=CARTESIAN_POINT('',(0.144386750687492,0.022,0.364));
#2928=CARTESIAN_POINT('',(0.144386750687492,0.0345778439398694,0.361397370750537));
#2929=CARTESIAN_POINT('',(0.144386750687492,0.0335870068374642,0.3626));
#2930=CARTESIAN_POINT('',(-0.025150120228529,0.0335985884128173,0.3626));
#2931=CARTESIAN_POINT('',(0.144386750687492,0.0332467773161916,0.3626));
#2932=CARTESIAN_POINT('',(0.144386750687492,0.022,0.364));
#2933=CARTESIAN_POINT('',(0.144386750687492,0.032268796680001,0.361808695652174));
#2934=CARTESIAN_POINT('',(0.144386750687492,0.032268796680001,0.366191304347826));
#2935=CARTESIAN_POINT('',(0.144386750687492,0.0335870068374642,0.3654));
#2936=CARTESIAN_POINT('',(0.0388498797714711,0.0335985884128173,0.3654));
#2937=CARTESIAN_POINT('',(-0.025150120228529,0.0332467773161916,0.3654));
#2938=CARTESIAN_POINT('',(0.144386750687492,0.022,0.364));
#2939=CARTESIAN_POINT('',(0.144386750687492,0.0345778439398694,0.366602629249464));
#2940=CARTESIAN_POINT('',(0.144386750687492,0.022,0.376844292007965));
#2941=CARTESIAN_POINT('',(0.144386750687492,0.022,0.377422146003982));
#2942=CARTESIAN_POINT('',(0.0388498797714711,0.022,0.3769));
#2943=CARTESIAN_POINT('',(0.144386750687492,0.022,0.3511));
#2944=CARTESIAN_POINT('',(0.144386750687492,0.00859078175462449,0.350116657328672));
#2945=CARTESIAN_POINT('',(0.144386750687492,0.00859078175462449,0.350116657328672));
#2946=CARTESIAN_POINT('',(0.00684987977147102,0.007,0.378));
#2947=CARTESIAN_POINT('',(0.144386750687492,0.0335985884128173,0.3616));
#2948=CARTESIAN_POINT('',(0.144386750687492,0.0332467773161916,0.3616));
#2949=CARTESIAN_POINT('',(0.144386750687492,0.0335985884128173,0.3664));
#2950=CARTESIAN_POINT('',(0.144386750687492,0.0332467773161916,0.3664));
#2951=CARTESIAN_POINT('',(0.151650721123399,0.0332467773161916,0.4391));
#2952=CARTESIAN_POINT('',(0.151650721123399,0.0332467773161916,0.4343));
#2953=CARTESIAN_POINT('',(0.151650721123399,0.0337575507653593,0.4391));
#2954=CARTESIAN_POINT('',(0.151650721123399,0.0337575507653593,0.4343));
#2955=CARTESIAN_POINT('',(0.0065,0.011,0.4137));
#2956=CARTESIAN_POINT('',(0.0065,0.011,0.4137));
#2957=CARTESIAN_POINT('',(0.0036,0.011,0.4137));
#2958=CARTESIAN_POINT('',(0.00684987977147102,0.011,0.400556666666667));
#2959=CARTESIAN_POINT('',(0.0065,0.011,0.387413333333334));
#2960=CARTESIAN_POINT('',(0.0065,0.011,0.387413333333334));
#2961=CARTESIAN_POINT('',(0.0036,0.011,0.387413333333334));
#2962=CARTESIAN_POINT('',(0.00684987977147102,0.011,0.400556666666667));
#2963=CARTESIAN_POINT('',(0.144386750687492,0.00841421356237308,0.352524405404828));
#2964=CARTESIAN_POINT('',(0.00684987977147103,0.0084142135623731,0.448965221804792));
#2965=CARTESIAN_POINT('',(0.00684987977147103,0.0084142135623731,0.352524405404828));
#2966=CARTESIAN_POINT('',(-0.020150120228529,0.01,0.394121397961538));
#2967=CARTESIAN_POINT('',(-0.0160324731697055,0.0124705882352941,0.394121397961538));
#2968=CARTESIAN_POINT('',(-0.014550120228529,0.01,0.394121397961538));
#2969=CARTESIAN_POINT('',(-0.020150120228529,0.01,0.394121397961538));
#2970=CARTESIAN_POINT('',(-0.020150120228529,0.01,0.408121397961539));
#2971=CARTESIAN_POINT('',(-0.020150120228529,0.01,0.408121397961539));
#2972=CARTESIAN_POINT('',(-0.014550120228529,0.01,0.408121397961539));
#2973=CARTESIAN_POINT('',(-0.015150120228529,0.011,0.408121397961539));
#2974=CARTESIAN_POINT('',(0.00684987977147102,0.01,0.40074481360481));
#2975=CARTESIAN_POINT('',(-0.019400120228529,0.01,0.397621397961539));
#2976=CARTESIAN_POINT('',(-0.018300120228529,0.01,0.397621397961539));
#2977=CARTESIAN_POINT('',(-0.019400120228529,0.01,0.404621397961539));
#2978=CARTESIAN_POINT('',(-0.018300120228529,0.01,0.404621397961539));
#2979=CARTESIAN_POINT('',(-0.014550120228529,0.01,0.401121397961539));
#2980=CARTESIAN_POINT('',(0.033849879771471,0.01,0.408121397961539));
#2981=CARTESIAN_POINT('',(0.0297322327126475,0.0124705882352941,0.408121397961539));
#2982=CARTESIAN_POINT('',(0.028249879771471,0.01,0.408121397961539));
#2983=CARTESIAN_POINT('',(0.033849879771471,0.01,0.408121397961539));
#2984=CARTESIAN_POINT('',(0.0338498797714711,0.01,0.394121397961538));
#2985=CARTESIAN_POINT('',(0.0338498797714711,0.01,0.394121397961538));
#2986=CARTESIAN_POINT('',(0.0282498797714711,0.01,0.394121397961538));
#2987=CARTESIAN_POINT('',(0.028849879771471,0.011,0.394121397961538));
#2988=CARTESIAN_POINT('',(0.00684987977147102,0.01,0.40074481360481));
#2989=CARTESIAN_POINT('',(0.033099879771471,0.01,0.404621397961539));
#2990=CARTESIAN_POINT('',(0.034199879771471,0.01,0.404621397961539));
#2991=CARTESIAN_POINT('',(0.033099879771471,0.01,0.397621397961539));
#2992=CARTESIAN_POINT('',(0.034199879771471,0.01,0.397621397961539));
#2993=CARTESIAN_POINT('',(0.028249879771471,0.01,0.401121397961539));
#2994=CARTESIAN_POINT('',(0.033099879771471,0.035,0.397621397961539));
#2995=CARTESIAN_POINT('',(0.033099879771471,0.035,0.404621397961539));
#2996=CARTESIAN_POINT('',(-0.019400120228529,0.035,0.404621397961539));
#2997=CARTESIAN_POINT('',(-0.019400120228529,0.035,0.397621397961539));
#2998=CARTESIAN_POINT('',(0.028849879771471,0.011,0.401121397961539));
#2999=CARTESIAN_POINT('',(-0.015150120228529,0.011,0.401121397961539));
#3000=CARTESIAN_POINT('',(0.0305,-0.02,0.3802));
#3001=CARTESIAN_POINT('',(0.0305,-0.02,0.3777));
#3002=CARTESIAN_POINT('',(0.0245,-0.02,0.3777));
#3003=CARTESIAN_POINT('',(0.021,-0.02,0.3777));
#3004=CARTESIAN_POINT('',(0.0245,-0.02,0.3827));
#3005=CARTESIAN_POINT('',(0.021,-0.02,0.3777));
#3006=CARTESIAN_POINT('',(0.0305,-0.007,0.3777));
#3007=CARTESIAN_POINT('',(0.0308550295857988,-0.00714792899408283,0.3777));
#3008=CARTESIAN_POINT('',(0.0301153846153846,-0.00892307692307692,0.3777));
#3009=CARTESIAN_POINT('',(0.0258846153846154,-0.0190769230769231,0.3777));
#3010=CARTESIAN_POINT('',(0.0346538461538462,-0.0132307692307693,0.3777));
#3011=CARTESIAN_POINT('',(0.0215769230769231,-0.0203846153846154,0.3777));
#3012=CARTESIAN_POINT('',(0.0196153846153847,-0.0190769230769231,0.3777));
#3013=CARTESIAN_POINT('',(0.0169378698224852,-0.0126508875739645,0.3777));
#3014=CARTESIAN_POINT('',(0.0153846153846154,-0.00892307692307691,0.3777));
#3015=CARTESIAN_POINT('',(0.0155961538461538,-0.00998076923076922,0.3777));
#3016=CARTESIAN_POINT('',(0.015,-0.007,0.3777));
#3017=CARTESIAN_POINT('',(0.015,-0.007,0.3777));
#3018=CARTESIAN_POINT('',(0.0305,-0.007,0.3777));
#3019=CARTESIAN_POINT('',(0.0305,-0.007,0.3777));
#3020=CARTESIAN_POINT('',(0.0305,-0.007,0.3777));
#3021=CARTESIAN_POINT('',(0.0305,-0.007,0.3852));
#3022=CARTESIAN_POINT('',(0.0305,-0.007,0.3852));
#3023=CARTESIAN_POINT('',(0.0305,0.006,0.386780794382096));
#3024=CARTESIAN_POINT('',(0.015,-0.007,0.3852));
#3025=CARTESIAN_POINT('',(0.015,-0.007,0.3827));
#3026=CARTESIAN_POINT('',(0.015,-0.00481113297660095,0.381739480281775));
#3027=CARTESIAN_POINT('',(0.0305,-0.008,0.3852));
#3028=CARTESIAN_POINT('',(0.0258846153846154,-0.0190769230769231,0.3777));
#3029=CARTESIAN_POINT('',(0.0301153846153846,-0.00892307692307692,0.3852));
#3030=CARTESIAN_POINT('',(0.02,-0.02,0.3802));
#3031=CARTESIAN_POINT('',(0.0153846153846154,-0.00892307692307691,0.3777));
#3032=CARTESIAN_POINT('',(0.0196153846153846,-0.0190769230769231,0.3827));
#3033=CARTESIAN_POINT('',(0.02275,-0.007,0.3807));
#3034=CARTESIAN_POINT('',(0.02275,-0.016,0.3807));
#3035=CARTESIAN_POINT('',(0.025,-0.016,0.3807));
#3036=CARTESIAN_POINT('',(0.02275,-0.016,0.3807));
#3037=CARTESIAN_POINT('',(0.02275,-0.007,0.3807));
#3038=CARTESIAN_POINT('',(0.02275,0.002,0.3807));
#3039=CARTESIAN_POINT('',(0.025,0.002,0.3807));
#3040=CARTESIAN_POINT('',(0.02275,0.002,0.3807));
#3041=CARTESIAN_POINT('',(0.00684987977147103,0.006,0.386780794382096));
#3042=CARTESIAN_POINT('',(0.0275,0.006,0.386780794382096));
#3043=CARTESIAN_POINT('',(0.0275,-0.004,0.384740397191048));
#3044=CARTESIAN_POINT('',(0.00684987977147103,0.006,0.386780794382096));
#3045=CARTESIAN_POINT('',(0.018,-0.00299545551341151,0.382586144587599));
#3046=CARTESIAN_POINT('',(0.018,-0.004,0.384740397191048));
#3047=CARTESIAN_POINT('',(0.0245,-0.02,0.3802));
#3048=CARTESIAN_POINT('',(0.0305,-0.007,0.3852));
#3049=CARTESIAN_POINT('',(0.015,-0.007,0.3852));
#3050=CARTESIAN_POINT('',(0.021,-0.02,0.3802));
#3051=MECHANICAL_DESIGN_GEOMETRIC_PRESENTATION_REPRESENTATION('',(#1800),
#3052);
#3052=(
GEOMETRIC_REPRESENTATION_CONTEXT(3)
GLOBAL_UNCERTAINTY_ASSIGNED_CONTEXT((#3053))
GLOBAL_UNIT_ASSIGNED_CONTEXT((#3056,#3055,#3054))
REPRESENTATION_CONTEXT('Bearing Mount','TOP_LEVEL_ASSEMBLY_PART')
);
#3053=UNCERTAINTY_MEASURE_WITH_UNIT(LENGTH_MEASURE(2.E-5),#3056,
'DISTANCE_ACCURACY_VALUE','Maximum Tolerance applied to model');
#3054=(
NAMED_UNIT(*)
SI_UNIT($,.STERADIAN.)
SOLID_ANGLE_UNIT()
);
#3055=(
NAMED_UNIT(*)
PLANE_ANGLE_UNIT()
SI_UNIT($,.RADIAN.)
);
#3056=(
LENGTH_UNIT()
NAMED_UNIT(*)
SI_UNIT($,.METRE.)
);
#3057=PRODUCT_DEFINITION_SHAPE('','',#3058);
#3058=PRODUCT_DEFINITION('','',#3060,#3059);
#3059=PRODUCT_DEFINITION_CONTEXT('',#3066,'design');
#3060=PRODUCT_DEFINITION_FORMATION_WITH_SPECIFIED_SOURCE('','',#3062,
 .NOT_KNOWN.);
#3061=PRODUCT_RELATED_PRODUCT_CATEGORY('','',(#3062));
#3062=PRODUCT('Bearing Mount','Bearing Mount','Bearing Mount',(#3064));
#3063=PRODUCT_CATEGORY('','');
#3064=PRODUCT_CONTEXT('',#3066,'mechanical');
#3065=APPLICATION_PROTOCOL_DEFINITION('international standard',
'ap242_managed_model_based_3d_engineering',2020,#3066);
#3066=APPLICATION_CONTEXT('managed model based 3d engineering');
ENDSEC;
END-ISO-10303-21;
