ISO-10303-21;
HEADER;
/* Generated by software containing ST-Developer
 * from STEP Tools, Inc. (www.steptools.com) 
 */
/* OPTION: using custom renumber hook */

FILE_DESCRIPTION(
/* description */ ('STEP AP242 Edition 2',
'CAx-IF Rec.Pracs.---Representation and Presentation of Product Manufa
cturing Information (PMI)---4.0---2014-10-13',
'CAx-IF Rec.Pracs.---3D Tessellated Geometry---0.4---2014-09-14','2;1',
'CAx-IF Rec.Pracs.---User Defined Attributes---1.5---2016-08-15'),
/* implementation_level */ '2;1');

FILE_NAME(
/* name */ 'NOT-618 - TBL-Rod Mount',
/* time_stamp */ '2026-07-26T08:51:50Z',
/* author */ (''),
/* organization */ (''),
/* preprocessor_version */ 'ST-DEVELOPER v20',
/* originating_system */ 'ONSHAPE BY PTC INC, 1.218',
/* authorisation */ '  ');

FILE_SCHEMA (('AP242_MANAGED_MODEL_BASED_3D_ENGINEERING_MIM_LF { 1 0 10303 442 3 1 4 }'));
ENDSEC;

DATA;
#10=SHAPE_REPRESENTATION_RELATIONSHIP('','',#2202,#11);
#11=ADVANCED_BREP_SHAPE_REPRESENTATION('',(#2200),#3534);
#12=CONICAL_SURFACE('',#2245,0.0045,0.785398163397448);
#13=CONICAL_SURFACE('',#2246,0.0045,0.785398163397448);
#14=CONICAL_SURFACE('',#2347,0.013,0.785398163397448);
#15=CONICAL_SURFACE('',#2348,0.0055,0.785398163397421);
#16=CONICAL_SURFACE('',#2349,0.0055,0.785398163397467);
#17=CONICAL_SURFACE('',#2350,0.0055,0.785398163397421);
#18=CYLINDRICAL_SURFACE('',#2219,0.005);
#19=CYLINDRICAL_SURFACE('',#2235,0.0025);
#20=CYLINDRICAL_SURFACE('',#2240,0.004);
#21=CYLINDRICAL_SURFACE('',#2241,0.0025);
#22=CYLINDRICAL_SURFACE('',#2243,0.0025);
#23=CYLINDRICAL_SURFACE('',#2272,0.0025);
#24=CYLINDRICAL_SURFACE('',#2275,0.0025);
#25=CYLINDRICAL_SURFACE('',#2296,0.0025);
#26=CYLINDRICAL_SURFACE('',#2297,0.0025);
#27=CYLINDRICAL_SURFACE('',#2300,0.0025);
#28=CYLINDRICAL_SURFACE('',#2303,0.0025);
#29=CYLINDRICAL_SURFACE('',#2306,0.013);
#30=CYLINDRICAL_SURFACE('',#2309,0.0025);
#31=CYLINDRICAL_SURFACE('',#2355,0.0095);
#32=LINE('',#2929,#289);
#33=LINE('',#2932,#290);
#34=LINE('',#2934,#291);
#35=LINE('',#2936,#292);
#36=LINE('',#2938,#293);
#37=LINE('',#2940,#294);
#38=LINE('',#2942,#295);
#39=LINE('',#2944,#296);
#40=LINE('',#2946,#297);
#41=LINE('',#2948,#298);
#42=LINE('',#2950,#299);
#43=LINE('',#2952,#300);
#44=LINE('',#2954,#301);
#45=LINE('',#2959,#302);
#46=LINE('',#2961,#303);
#47=LINE('',#2963,#304);
#48=LINE('',#2965,#305);
#49=LINE('',#2967,#306);
#50=LINE('',#2969,#307);
#51=LINE('',#2971,#308);
#52=LINE('',#2977,#309);
#53=LINE('',#2980,#310);
#54=LINE('',#2982,#311);
#55=LINE('',#2984,#312);
#56=LINE('',#2986,#313);
#57=LINE('',#2988,#314);
#58=LINE('',#2990,#315);
#59=LINE('',#2992,#316);
#60=LINE('',#2994,#317);
#61=LINE('',#2996,#318);
#62=LINE('',#2998,#319);
#63=LINE('',#3000,#320);
#64=LINE('',#3002,#321);
#65=LINE('',#3004,#322);
#66=LINE('',#3006,#323);
#67=LINE('',#3008,#324);
#68=LINE('',#3010,#325);
#69=LINE('',#3012,#326);
#70=LINE('',#3014,#327);
#71=LINE('',#3015,#328);
#72=LINE('',#3017,#329);
#73=LINE('',#3019,#330);
#74=LINE('',#3020,#331);
#75=LINE('',#3021,#332);
#76=LINE('',#3025,#333);
#77=LINE('',#3027,#334);
#78=LINE('',#3029,#335);
#79=LINE('',#3032,#336);
#80=LINE('',#3034,#337);
#81=LINE('',#3036,#338);
#82=LINE('',#3038,#339);
#83=LINE('',#3040,#340);
#84=LINE('',#3042,#341);
#85=LINE('',#3044,#342);
#86=LINE('',#3046,#343);
#87=LINE('',#3048,#344);
#88=LINE('',#3050,#345);
#89=LINE('',#3052,#346);
#90=LINE('',#3054,#347);
#91=LINE('',#3056,#348);
#92=LINE('',#3058,#349);
#93=LINE('',#3060,#350);
#94=LINE('',#3063,#351);
#95=LINE('',#3064,#352);
#96=LINE('',#3066,#353);
#97=LINE('',#3068,#354);
#98=LINE('',#3070,#355);
#99=LINE('',#3072,#356);
#100=LINE('',#3074,#357);
#101=LINE('',#3075,#358);
#102=LINE('',#3077,#359);
#103=LINE('',#3081,#360);
#104=LINE('',#3084,#361);
#105=LINE('',#3085,#362);
#106=LINE('',#3087,#363);
#107=LINE('',#3089,#364);
#108=LINE('',#3091,#365);
#109=LINE('',#3093,#366);
#110=LINE('',#3094,#367);
#111=LINE('',#3099,#368);
#112=LINE('',#3103,#369);
#113=LINE('',#3109,#370);
#114=LINE('',#3112,#371);
#115=LINE('',#3114,#372);
#116=LINE('',#3116,#373);
#117=LINE('',#3118,#374);
#118=LINE('',#3120,#375);
#119=LINE('',#3122,#376);
#120=LINE('',#3125,#377);
#121=LINE('',#3126,#378);
#122=LINE('',#3128,#379);
#123=LINE('',#3130,#380);
#124=LINE('',#3132,#381);
#125=LINE('',#3134,#382);
#126=LINE('',#3136,#383);
#127=LINE('',#3138,#384);
#128=LINE('',#3140,#385);
#129=LINE('',#3142,#386);
#130=LINE('',#3144,#387);
#131=LINE('',#3146,#388);
#132=LINE('',#3148,#389);
#133=LINE('',#3150,#390);
#134=LINE('',#3151,#391);
#135=LINE('',#3153,#392);
#136=LINE('',#3156,#393);
#137=LINE('',#3158,#394);
#138=LINE('',#3159,#395);
#139=LINE('',#3160,#396);
#140=LINE('',#3162,#397);
#141=LINE('',#3165,#398);
#142=LINE('',#3166,#399);
#143=LINE('',#3168,#400);
#144=LINE('',#3170,#401);
#145=LINE('',#3175,#402);
#146=LINE('',#3178,#403);
#147=LINE('',#3179,#404);
#148=LINE('',#3184,#405);
#149=LINE('',#3187,#406);
#150=LINE('',#3189,#407);
#151=LINE('',#3191,#408);
#152=LINE('',#3193,#409);
#153=LINE('',#3195,#410);
#154=LINE('',#3196,#411);
#155=LINE('',#3198,#412);
#156=LINE('',#3212,#413);
#157=LINE('',#3214,#414);
#158=LINE('',#3215,#415);
#159=LINE('',#3217,#416);
#160=LINE('',#3219,#417);
#161=LINE('',#3221,#418);
#162=LINE('',#3223,#419);
#163=LINE('',#3225,#420);
#164=LINE('',#3227,#421);
#165=LINE('',#3229,#422);
#166=LINE('',#3231,#423);
#167=LINE('',#3233,#424);
#168=LINE('',#3235,#425);
#169=LINE('',#3237,#426);
#170=LINE('',#3238,#427);
#171=LINE('',#3240,#428);
#172=LINE('',#3241,#429);
#173=LINE('',#3243,#430);
#174=LINE('',#3245,#431);
#175=LINE('',#3247,#432);
#176=LINE('',#3249,#433);
#177=LINE('',#3252,#434);
#178=LINE('',#3254,#435);
#179=LINE('',#3256,#436);
#180=LINE('',#3258,#437);
#181=LINE('',#3260,#438);
#182=LINE('',#3262,#439);
#183=LINE('',#3266,#440);
#184=LINE('',#3267,#441);
#185=LINE('',#3270,#442);
#186=LINE('',#3271,#443);
#187=LINE('',#3273,#444);
#188=LINE('',#3275,#445);
#189=LINE('',#3277,#446);
#190=LINE('',#3279,#447);
#191=LINE('',#3281,#448);
#192=LINE('',#3283,#449);
#193=LINE('',#3285,#450);
#194=LINE('',#3289,#451);
#195=LINE('',#3290,#452);
#196=LINE('',#3300,#453);
#197=LINE('',#3303,#454);
#198=LINE('',#3304,#455);
#199=LINE('',#3306,#456);
#200=LINE('',#3308,#457);
#201=LINE('',#3313,#458);
#202=LINE('',#3316,#459);
#203=LINE('',#3318,#460);
#204=LINE('',#3320,#461);
#205=LINE('',#3322,#462);
#206=LINE('',#3323,#463);
#207=LINE('',#3325,#464);
#208=LINE('',#3326,#465);
#209=LINE('',#3330,#466);
#210=LINE('',#3332,#467);
#211=LINE('',#3334,#468);
#212=LINE('',#3335,#469);
#213=LINE('',#3336,#470);
#214=LINE('',#3338,#471);
#215=LINE('',#3339,#472);
#216=LINE('',#3341,#473);
#217=LINE('',#3346,#474);
#218=LINE('',#3349,#475);
#219=LINE('',#3351,#476);
#220=LINE('',#3352,#477);
#221=LINE('',#3353,#478);
#222=LINE('',#3354,#479);
#223=LINE('',#3356,#480);
#224=LINE('',#3358,#481);
#225=LINE('',#3390,#482);
#226=LINE('',#3393,#483);
#227=LINE('',#3395,#484);
#228=LINE('',#3396,#485);
#229=LINE('',#3398,#486);
#230=LINE('',#3400,#487);
#231=LINE('',#3402,#488);
#232=LINE('',#3410,#489);
#233=LINE('',#3413,#490);
#234=LINE('',#3415,#491);
#235=LINE('',#3417,#492);
#236=LINE('',#3419,#493);
#237=LINE('',#3421,#494);
#238=LINE('',#3423,#495);
#239=LINE('',#3425,#496);
#240=LINE('',#3427,#497);
#241=LINE('',#3429,#498);
#242=LINE('',#3431,#499);
#243=LINE('',#3433,#500);
#244=LINE('',#3436,#501);
#245=LINE('',#3438,#502);
#246=LINE('',#3440,#503);
#247=LINE('',#3442,#504);
#248=LINE('',#3445,#505);
#249=LINE('',#3447,#506);
#250=LINE('',#3449,#507);
#251=LINE('',#3451,#508);
#252=LINE('',#3454,#509);
#253=LINE('',#3456,#510);
#254=LINE('',#3458,#511);
#255=LINE('',#3460,#512);
#256=LINE('',#3461,#513);
#257=LINE('',#3463,#514);
#258=LINE('',#3465,#515);
#259=LINE('',#3467,#516);
#260=LINE('',#3470,#517);
#261=LINE('',#3473,#518);
#262=LINE('',#3474,#519);
#263=LINE('',#3476,#520);
#264=LINE('',#3478,#521);
#265=LINE('',#3479,#522);
#266=LINE('',#3481,#523);
#267=LINE('',#3483,#524);
#268=LINE('',#3484,#525);
#269=LINE('',#3486,#526);
#270=LINE('',#3488,#527);
#271=LINE('',#3489,#528);
#272=LINE('',#3491,#529);
#273=LINE('',#3493,#530);
#274=LINE('',#3495,#531);
#275=LINE('',#3496,#532);
#276=LINE('',#3498,#533);
#277=LINE('',#3500,#534);
#278=LINE('',#3502,#535);
#279=LINE('',#3504,#536);
#280=LINE('',#3506,#537);
#281=LINE('',#3508,#538);
#282=LINE('',#3510,#539);
#283=LINE('',#3512,#540);
#284=LINE('',#3514,#541);
#285=LINE('',#3516,#542);
#286=LINE('',#3523,#543);
#287=LINE('',#3525,#544);
#288=LINE('',#3526,#545);
#289=VECTOR('',#2364,1.);
#290=VECTOR('',#2365,1.);
#291=VECTOR('',#2366,1.);
#292=VECTOR('',#2367,1.);
#293=VECTOR('',#2368,1.);
#294=VECTOR('',#2369,1.);
#295=VECTOR('',#2370,1.);
#296=VECTOR('',#2371,1.);
#297=VECTOR('',#2372,1.);
#298=VECTOR('',#2373,1.);
#299=VECTOR('',#2374,1.);
#300=VECTOR('',#2375,1.);
#301=VECTOR('',#2378,1.);
#302=VECTOR('',#2381,1.);
#303=VECTOR('',#2382,1.);
#304=VECTOR('',#2383,1.);
#305=VECTOR('',#2384,1.);
#306=VECTOR('',#2387,1.);
#307=VECTOR('',#2388,1.);
#308=VECTOR('',#2389,1.);
#309=VECTOR('',#2396,1.);
#310=VECTOR('',#2397,1.);
#311=VECTOR('',#2398,1.);
#312=VECTOR('',#2399,1.);
#313=VECTOR('',#2400,1.);
#314=VECTOR('',#2401,1.);
#315=VECTOR('',#2402,1.);
#316=VECTOR('',#2403,1.);
#317=VECTOR('',#2404,1.);
#318=VECTOR('',#2405,1.);
#319=VECTOR('',#2406,1.);
#320=VECTOR('',#2407,1.);
#321=VECTOR('',#2408,1.);
#322=VECTOR('',#2409,1.);
#323=VECTOR('',#2410,1.);
#324=VECTOR('',#2411,1.);
#325=VECTOR('',#2412,1.);
#326=VECTOR('',#2413,1.);
#327=VECTOR('',#2414,1.);
#328=VECTOR('',#2415,1.);
#329=VECTOR('',#2416,1.);
#330=VECTOR('',#2417,1.);
#331=VECTOR('',#2418,1.);
#332=VECTOR('',#2419,1.);
#333=VECTOR('',#2424,1.);
#334=VECTOR('',#2425,1.);
#335=VECTOR('',#2428,1.);
#336=VECTOR('',#2429,1.);
#337=VECTOR('',#2430,1.);
#338=VECTOR('',#2431,1.);
#339=VECTOR('',#2432,1.);
#340=VECTOR('',#2433,1.);
#341=VECTOR('',#2434,1.);
#342=VECTOR('',#2435,1.);
#343=VECTOR('',#2436,1.);
#344=VECTOR('',#2437,1.);
#345=VECTOR('',#2438,1.);
#346=VECTOR('',#2439,1.);
#347=VECTOR('',#2440,1.);
#348=VECTOR('',#2441,1.);
#349=VECTOR('',#2442,1.);
#350=VECTOR('',#2443,1.);
#351=VECTOR('',#2446,1.);
#352=VECTOR('',#2447,1.);
#353=VECTOR('',#2448,1.);
#354=VECTOR('',#2449,1.);
#355=VECTOR('',#2450,1.);
#356=VECTOR('',#2451,1.);
#357=VECTOR('',#2454,1.);
#358=VECTOR('',#2455,1.);
#359=VECTOR('',#2456,1.);
#360=VECTOR('',#2461,1.);
#361=VECTOR('',#2462,1.);
#362=VECTOR('',#2463,1.);
#363=VECTOR('',#2464,1.);
#364=VECTOR('',#2465,1.);
#365=VECTOR('',#2466,1.);
#366=VECTOR('',#2467,1.);
#367=VECTOR('',#2468,1.);
#368=VECTOR('',#2473,1.);
#369=VECTOR('',#2476,1.);
#370=VECTOR('',#2483,1.);
#371=VECTOR('',#2484,1.);
#372=VECTOR('',#2485,1.);
#373=VECTOR('',#2486,1.);
#374=VECTOR('',#2487,1.);
#375=VECTOR('',#2488,1.);
#376=VECTOR('',#2491,1.);
#377=VECTOR('',#2492,1.);
#378=VECTOR('',#2493,1.);
#379=VECTOR('',#2494,1.);
#380=VECTOR('',#2495,1.);
#381=VECTOR('',#2498,1.);
#382=VECTOR('',#2499,1.);
#383=VECTOR('',#2500,1.);
#384=VECTOR('',#2501,1.);
#385=VECTOR('',#2502,1.);
#386=VECTOR('',#2503,1.);
#387=VECTOR('',#2506,1.);
#388=VECTOR('',#2507,1.);
#389=VECTOR('',#2508,1.);
#390=VECTOR('',#2509,1.);
#391=VECTOR('',#2510,1.);
#392=VECTOR('',#2513,1.);
#393=VECTOR('',#2514,1.);
#394=VECTOR('',#2515,1.);
#395=VECTOR('',#2516,1.);
#396=VECTOR('',#2517,1.);
#397=VECTOR('',#2520,1.);
#398=VECTOR('',#2521,1.);
#399=VECTOR('',#2522,1.);
#400=VECTOR('',#2525,1.);
#401=VECTOR('',#2528,1.);
#402=VECTOR('',#2535,1.);
#403=VECTOR('',#2536,1.);
#404=VECTOR('',#2537,1.);
#405=VECTOR('',#2544,1.);
#406=VECTOR('',#2545,1.);
#407=VECTOR('',#2546,1.);
#408=VECTOR('',#2547,1.);
#409=VECTOR('',#2548,1.);
#410=VECTOR('',#2549,1.);
#411=VECTOR('',#2550,1.);
#412=VECTOR('',#2551,1.);
#413=VECTOR('',#2572,1.);
#414=VECTOR('',#2573,1.);
#415=VECTOR('',#2574,1.);
#416=VECTOR('',#2577,1.);
#417=VECTOR('',#2580,1.);
#418=VECTOR('',#2583,1.);
#419=VECTOR('',#2586,1.);
#420=VECTOR('',#2589,1.);
#421=VECTOR('',#2590,1.);
#422=VECTOR('',#2591,1.);
#423=VECTOR('',#2594,1.);
#424=VECTOR('',#2595,1.);
#425=VECTOR('',#2596,1.);
#426=VECTOR('',#2599,1.);
#427=VECTOR('',#2600,1.);
#428=VECTOR('',#2603,1.);
#429=VECTOR('',#2604,1.);
#430=VECTOR('',#2607,1.);
#431=VECTOR('',#2608,1.);
#432=VECTOR('',#2609,1.);
#433=VECTOR('',#2612,1.);
#434=VECTOR('',#2613,1.);
#435=VECTOR('',#2614,1.);
#436=VECTOR('',#2615,1.);
#437=VECTOR('',#2618,1.);
#438=VECTOR('',#2619,1.);
#439=VECTOR('',#2620,1.);
#440=VECTOR('',#2625,1.);
#441=VECTOR('',#2626,1.);
#442=VECTOR('',#2631,1.);
#443=VECTOR('',#2632,1.);
#444=VECTOR('',#2635,1.);
#445=VECTOR('',#2636,1.);
#446=VECTOR('',#2639,1.);
#447=VECTOR('',#2640,1.);
#448=VECTOR('',#2641,1.);
#449=VECTOR('',#2644,1.);
#450=VECTOR('',#2645,1.);
#451=VECTOR('',#2650,1.);
#452=VECTOR('',#2651,1.);
#453=VECTOR('',#2670,1.);
#454=VECTOR('',#2671,1.);
#455=VECTOR('',#2672,1.);
#456=VECTOR('',#2675,1.);
#457=VECTOR('',#2678,1.);
#458=VECTOR('',#2685,1.);
#459=VECTOR('',#2686,1.);
#460=VECTOR('',#2687,1.);
#461=VECTOR('',#2688,1.);
#462=VECTOR('',#2689,1.);
#463=VECTOR('',#2690,1.);
#464=VECTOR('',#2693,1.);
#465=VECTOR('',#2694,1.);
#466=VECTOR('',#2699,1.);
#467=VECTOR('',#2700,1.);
#468=VECTOR('',#2701,1.);
#469=VECTOR('',#2702,1.);
#470=VECTOR('',#2703,1.);
#471=VECTOR('',#2706,1.);
#472=VECTOR('',#2707,1.);
#473=VECTOR('',#2710,1.);
#474=VECTOR('',#2719,1.);
#475=VECTOR('',#2720,1.);
#476=VECTOR('',#2721,1.);
#477=VECTOR('',#2722,1.);
#478=VECTOR('',#2723,1.);
#479=VECTOR('',#2724,1.);
#480=VECTOR('',#2725,1.);
#481=VECTOR('',#2728,1.);
#482=VECTOR('',#2773,1.);
#483=VECTOR('',#2774,1.);
#484=VECTOR('',#2775,1.);
#485=VECTOR('',#2776,1.);
#486=VECTOR('',#2777,1.);
#487=VECTOR('',#2778,1.);
#488=VECTOR('',#2779,1.);
#489=VECTOR('',#2788,1.);
#490=VECTOR('',#2789,1.);
#491=VECTOR('',#2790,1.);
#492=VECTOR('',#2791,1.);
#493=VECTOR('',#2794,1.);
#494=VECTOR('',#2795,1.);
#495=VECTOR('',#2796,1.);
#496=VECTOR('',#2799,1.);
#497=VECTOR('',#2800,1.);
#498=VECTOR('',#2803,1.);
#499=VECTOR('',#2804,1.);
#500=VECTOR('',#2807,1.);
#501=VECTOR('',#2808,1.);
#502=VECTOR('',#2809,1.);
#503=VECTOR('',#2810,1.);
#504=VECTOR('',#2813,1.);
#505=VECTOR('',#2814,1.);
#506=VECTOR('',#2815,1.);
#507=VECTOR('',#2816,1.);
#508=VECTOR('',#2819,1.);
#509=VECTOR('',#2820,1.);
#510=VECTOR('',#2821,1.);
#511=VECTOR('',#2822,1.);
#512=VECTOR('',#2823,1.);
#513=VECTOR('',#2824,1.);
#514=VECTOR('',#2827,1.);
#515=VECTOR('',#2828,1.);
#516=VECTOR('',#2829,1.);
#517=VECTOR('',#2834,1.);
#518=VECTOR('',#2835,1.);
#519=VECTOR('',#2836,1.);
#520=VECTOR('',#2839,1.);
#521=VECTOR('',#2842,1.);
#522=VECTOR('',#2843,1.);
#523=VECTOR('',#2846,1.);
#524=VECTOR('',#2849,1.);
#525=VECTOR('',#2850,1.);
#526=VECTOR('',#2853,1.);
#527=VECTOR('',#2856,1.);
#528=VECTOR('',#2857,1.);
#529=VECTOR('',#2860,1.);
#530=VECTOR('',#2863,1.);
#531=VECTOR('',#2866,1.);
#532=VECTOR('',#2867,1.);
#533=VECTOR('',#2870,1.);
#534=VECTOR('',#2873,1.);
#535=VECTOR('',#2876,1.);
#536=VECTOR('',#2879,1.);
#537=VECTOR('',#2882,1.);
#538=VECTOR('',#2885,1.);
#539=VECTOR('',#2888,1.);
#540=VECTOR('',#2891,1.);
#541=VECTOR('',#2894,1.);
#542=VECTOR('',#2897,1.);
#543=VECTOR('',#2910,1.);
#544=VECTOR('',#2913,1.);
#545=VECTOR('',#2914,1.);
#546=ORIENTED_EDGE('',*,*,#1132,.F.);
#547=ORIENTED_EDGE('',*,*,#1133,.T.);
#548=ORIENTED_EDGE('',*,*,#1134,.T.);
#549=ORIENTED_EDGE('',*,*,#1135,.T.);
#550=ORIENTED_EDGE('',*,*,#1136,.T.);
#551=ORIENTED_EDGE('',*,*,#1137,.F.);
#552=ORIENTED_EDGE('',*,*,#1138,.F.);
#553=ORIENTED_EDGE('',*,*,#1139,.T.);
#554=ORIENTED_EDGE('',*,*,#1140,.F.);
#555=ORIENTED_EDGE('',*,*,#1141,.T.);
#556=ORIENTED_EDGE('',*,*,#1142,.T.);
#557=ORIENTED_EDGE('',*,*,#1143,.T.);
#558=ORIENTED_EDGE('',*,*,#1144,.F.);
#559=ORIENTED_EDGE('',*,*,#1145,.F.);
#560=ORIENTED_EDGE('',*,*,#1146,.T.);
#561=ORIENTED_EDGE('',*,*,#1147,.F.);
#562=ORIENTED_EDGE('',*,*,#1148,.T.);
#563=ORIENTED_EDGE('',*,*,#1149,.T.);
#564=ORIENTED_EDGE('',*,*,#1150,.T.);
#565=ORIENTED_EDGE('',*,*,#1137,.T.);
#566=ORIENTED_EDGE('',*,*,#1151,.T.);
#567=ORIENTED_EDGE('',*,*,#1152,.F.);
#568=ORIENTED_EDGE('',*,*,#1153,.T.);
#569=ORIENTED_EDGE('',*,*,#1154,.T.);
#570=ORIENTED_EDGE('',*,*,#1155,.T.);
#571=ORIENTED_EDGE('',*,*,#1156,.F.);
#572=ORIENTED_EDGE('',*,*,#1157,.T.);
#573=ORIENTED_EDGE('',*,*,#1158,.T.);
#574=ORIENTED_EDGE('',*,*,#1159,.F.);
#575=ORIENTED_EDGE('',*,*,#1160,.F.);
#576=ORIENTED_EDGE('',*,*,#1161,.F.);
#577=ORIENTED_EDGE('',*,*,#1162,.T.);
#578=ORIENTED_EDGE('',*,*,#1163,.T.);
#579=ORIENTED_EDGE('',*,*,#1164,.T.);
#580=ORIENTED_EDGE('',*,*,#1165,.T.);
#581=ORIENTED_EDGE('',*,*,#1166,.T.);
#582=ORIENTED_EDGE('',*,*,#1167,.T.);
#583=ORIENTED_EDGE('',*,*,#1168,.F.);
#584=ORIENTED_EDGE('',*,*,#1169,.T.);
#585=ORIENTED_EDGE('',*,*,#1170,.T.);
#586=ORIENTED_EDGE('',*,*,#1171,.T.);
#587=ORIENTED_EDGE('',*,*,#1172,.T.);
#588=ORIENTED_EDGE('',*,*,#1173,.T.);
#589=ORIENTED_EDGE('',*,*,#1174,.F.);
#590=ORIENTED_EDGE('',*,*,#1140,.T.);
#591=ORIENTED_EDGE('',*,*,#1175,.T.);
#592=ORIENTED_EDGE('',*,*,#1176,.T.);
#593=ORIENTED_EDGE('',*,*,#1177,.F.);
#594=ORIENTED_EDGE('',*,*,#1147,.T.);
#595=ORIENTED_EDGE('',*,*,#1178,.T.);
#596=ORIENTED_EDGE('',*,*,#1145,.T.);
#597=ORIENTED_EDGE('',*,*,#1179,.T.);
#598=ORIENTED_EDGE('',*,*,#1180,.T.);
#599=ORIENTED_EDGE('',*,*,#1181,.F.);
#600=ORIENTED_EDGE('',*,*,#1182,.T.);
#601=ORIENTED_EDGE('',*,*,#1138,.T.);
#602=ORIENTED_EDGE('',*,*,#1153,.F.);
#603=ORIENTED_EDGE('',*,*,#1183,.F.);
#604=ORIENTED_EDGE('',*,*,#1184,.T.);
#605=ORIENTED_EDGE('',*,*,#1185,.T.);
#606=ORIENTED_EDGE('',*,*,#1186,.T.);
#607=ORIENTED_EDGE('',*,*,#1187,.T.);
#608=ORIENTED_EDGE('',*,*,#1188,.F.);
#609=ORIENTED_EDGE('',*,*,#1189,.T.);
#610=ORIENTED_EDGE('',*,*,#1190,.T.);
#611=ORIENTED_EDGE('',*,*,#1191,.F.);
#612=ORIENTED_EDGE('',*,*,#1192,.T.);
#613=ORIENTED_EDGE('',*,*,#1193,.F.);
#614=ORIENTED_EDGE('',*,*,#1194,.F.);
#615=ORIENTED_EDGE('',*,*,#1195,.T.);
#616=ORIENTED_EDGE('',*,*,#1196,.T.);
#617=ORIENTED_EDGE('',*,*,#1197,.T.);
#618=ORIENTED_EDGE('',*,*,#1198,.T.);
#619=ORIENTED_EDGE('',*,*,#1199,.F.);
#620=ORIENTED_EDGE('',*,*,#1200,.T.);
#621=ORIENTED_EDGE('',*,*,#1135,.F.);
#622=ORIENTED_EDGE('',*,*,#1201,.T.);
#623=ORIENTED_EDGE('',*,*,#1202,.T.);
#624=ORIENTED_EDGE('',*,*,#1203,.F.);
#625=ORIENTED_EDGE('',*,*,#1204,.T.);
#626=ORIENTED_EDGE('',*,*,#1205,.T.);
#627=ORIENTED_EDGE('',*,*,#1158,.F.);
#628=ORIENTED_EDGE('',*,*,#1157,.F.);
#629=ORIENTED_EDGE('',*,*,#1206,.F.);
#630=ORIENTED_EDGE('',*,*,#1196,.F.);
#631=ORIENTED_EDGE('',*,*,#1195,.F.);
#632=ORIENTED_EDGE('',*,*,#1207,.F.);
#633=ORIENTED_EDGE('',*,*,#1208,.F.);
#634=ORIENTED_EDGE('',*,*,#1209,.F.);
#635=ORIENTED_EDGE('',*,*,#1210,.F.);
#636=ORIENTED_EDGE('',*,*,#1211,.T.);
#637=ORIENTED_EDGE('',*,*,#1165,.F.);
#638=ORIENTED_EDGE('',*,*,#1212,.F.);
#639=ORIENTED_EDGE('',*,*,#1213,.T.);
#640=ORIENTED_EDGE('',*,*,#1214,.F.);
#641=ORIENTED_EDGE('',*,*,#1215,.T.);
#642=ORIENTED_EDGE('',*,*,#1216,.F.);
#643=ORIENTED_EDGE('',*,*,#1187,.F.);
#644=ORIENTED_EDGE('',*,*,#1217,.T.);
#645=ORIENTED_EDGE('',*,*,#1218,.F.);
#646=ORIENTED_EDGE('',*,*,#1219,.F.);
#647=ORIENTED_EDGE('',*,*,#1220,.F.);
#648=ORIENTED_EDGE('',*,*,#1221,.F.);
#649=ORIENTED_EDGE('',*,*,#1222,.T.);
#650=ORIENTED_EDGE('',*,*,#1223,.T.);
#651=ORIENTED_EDGE('',*,*,#1224,.F.);
#652=ORIENTED_EDGE('',*,*,#1225,.F.);
#653=ORIENTED_EDGE('',*,*,#1226,.T.);
#654=ORIENTED_EDGE('',*,*,#1227,.F.);
#655=ORIENTED_EDGE('',*,*,#1228,.T.);
#656=ORIENTED_EDGE('',*,*,#1229,.T.);
#657=ORIENTED_EDGE('',*,*,#1230,.F.);
#658=ORIENTED_EDGE('',*,*,#1231,.T.);
#659=ORIENTED_EDGE('',*,*,#1171,.F.);
#660=ORIENTED_EDGE('',*,*,#1170,.F.);
#661=ORIENTED_EDGE('',*,*,#1232,.T.);
#662=ORIENTED_EDGE('',*,*,#1233,.T.);
#663=ORIENTED_EDGE('',*,*,#1234,.T.);
#664=ORIENTED_EDGE('',*,*,#1167,.F.);
#665=ORIENTED_EDGE('',*,*,#1235,.T.);
#666=ORIENTED_EDGE('',*,*,#1236,.T.);
#667=ORIENTED_EDGE('',*,*,#1237,.F.);
#668=ORIENTED_EDGE('',*,*,#1238,.F.);
#669=ORIENTED_EDGE('',*,*,#1239,.T.);
#670=ORIENTED_EDGE('',*,*,#1240,.T.);
#671=ORIENTED_EDGE('',*,*,#1168,.T.);
#672=ORIENTED_EDGE('',*,*,#1237,.T.);
#673=ORIENTED_EDGE('',*,*,#1241,.T.);
#674=ORIENTED_EDGE('',*,*,#1242,.T.);
#675=ORIENTED_EDGE('',*,*,#1243,.T.);
#676=ORIENTED_EDGE('',*,*,#1244,.F.);
#677=ORIENTED_EDGE('',*,*,#1229,.F.);
#678=ORIENTED_EDGE('',*,*,#1245,.T.);
#679=ORIENTED_EDGE('',*,*,#1238,.T.);
#680=ORIENTED_EDGE('',*,*,#1246,.T.);
#681=ORIENTED_EDGE('',*,*,#1247,.T.);
#682=ORIENTED_EDGE('',*,*,#1248,.T.);
#683=ORIENTED_EDGE('',*,*,#1230,.T.);
#684=ORIENTED_EDGE('',*,*,#1234,.F.);
#685=ORIENTED_EDGE('',*,*,#1249,.T.);
#686=ORIENTED_EDGE('',*,*,#1225,.T.);
#687=ORIENTED_EDGE('',*,*,#1250,.T.);
#688=ORIENTED_EDGE('',*,*,#1251,.T.);
#689=ORIENTED_EDGE('',*,*,#1252,.T.);
#690=ORIENTED_EDGE('',*,*,#1227,.T.);
#691=ORIENTED_EDGE('',*,*,#1253,.T.);
#692=ORIENTED_EDGE('',*,*,#1249,.F.);
#693=ORIENTED_EDGE('',*,*,#1233,.F.);
#694=ORIENTED_EDGE('',*,*,#1254,.F.);
#695=ORIENTED_EDGE('',*,*,#1253,.F.);
#696=ORIENTED_EDGE('',*,*,#1226,.F.);
#697=ORIENTED_EDGE('',*,*,#1169,.F.);
#698=ORIENTED_EDGE('',*,*,#1240,.F.);
#699=ORIENTED_EDGE('',*,*,#1255,.F.);
#700=ORIENTED_EDGE('',*,*,#1251,.F.);
#701=ORIENTED_EDGE('',*,*,#1254,.T.);
#702=ORIENTED_EDGE('',*,*,#1232,.F.);
#703=ORIENTED_EDGE('',*,*,#1239,.F.);
#704=ORIENTED_EDGE('',*,*,#1245,.F.);
#705=ORIENTED_EDGE('',*,*,#1228,.F.);
#706=ORIENTED_EDGE('',*,*,#1252,.F.);
#707=ORIENTED_EDGE('',*,*,#1255,.T.);
#708=ORIENTED_EDGE('',*,*,#1256,.T.);
#709=ORIENTED_EDGE('',*,*,#1257,.T.);
#710=ORIENTED_EDGE('',*,*,#1258,.T.);
#711=ORIENTED_EDGE('',*,*,#1250,.F.);
#712=ORIENTED_EDGE('',*,*,#1224,.T.);
#713=ORIENTED_EDGE('',*,*,#1244,.T.);
#714=ORIENTED_EDGE('',*,*,#1259,.T.);
#715=ORIENTED_EDGE('',*,*,#1256,.F.);
#716=ORIENTED_EDGE('',*,*,#1260,.F.);
#717=ORIENTED_EDGE('',*,*,#1261,.T.);
#718=ORIENTED_EDGE('',*,*,#1262,.T.);
#719=ORIENTED_EDGE('',*,*,#1263,.T.);
#720=ORIENTED_EDGE('',*,*,#1264,.T.);
#721=ORIENTED_EDGE('',*,*,#1265,.T.);
#722=ORIENTED_EDGE('',*,*,#1266,.T.);
#723=ORIENTED_EDGE('',*,*,#1257,.F.);
#724=ORIENTED_EDGE('',*,*,#1267,.T.);
#725=ORIENTED_EDGE('',*,*,#1268,.T.);
#726=ORIENTED_EDGE('',*,*,#1269,.T.);
#727=ORIENTED_EDGE('',*,*,#1260,.T.);
#728=ORIENTED_EDGE('',*,*,#1269,.F.);
#729=ORIENTED_EDGE('',*,*,#1199,.T.);
#730=ORIENTED_EDGE('',*,*,#1270,.T.);
#731=ORIENTED_EDGE('',*,*,#1223,.F.);
#732=ORIENTED_EDGE('',*,*,#1271,.T.);
#733=ORIENTED_EDGE('',*,*,#1222,.F.);
#734=ORIENTED_EDGE('',*,*,#1270,.F.);
#735=ORIENTED_EDGE('',*,*,#1155,.F.);
#736=ORIENTED_EDGE('',*,*,#1271,.F.);
#737=ORIENTED_EDGE('',*,*,#1154,.F.);
#738=ORIENTED_EDGE('',*,*,#1272,.T.);
#739=ORIENTED_EDGE('',*,*,#1273,.T.);
#740=ORIENTED_EDGE('',*,*,#1185,.F.);
#741=ORIENTED_EDGE('',*,*,#1274,.F.);
#742=ORIENTED_EDGE('',*,*,#1242,.F.);
#743=ORIENTED_EDGE('',*,*,#1259,.F.);
#744=ORIENTED_EDGE('',*,*,#1243,.F.);
#745=ORIENTED_EDGE('',*,*,#1275,.F.);
#746=ORIENTED_EDGE('',*,*,#1267,.F.);
#747=ORIENTED_EDGE('',*,*,#1275,.T.);
#748=ORIENTED_EDGE('',*,*,#1274,.T.);
#749=ORIENTED_EDGE('',*,*,#1276,.F.);
#750=ORIENTED_EDGE('',*,*,#1184,.F.);
#751=ORIENTED_EDGE('',*,*,#1277,.T.);
#752=ORIENTED_EDGE('',*,*,#1268,.F.);
#753=ORIENTED_EDGE('',*,*,#1276,.T.);
#754=ORIENTED_EDGE('',*,*,#1266,.F.);
#755=ORIENTED_EDGE('',*,*,#1278,.T.);
#756=ORIENTED_EDGE('',*,*,#1246,.F.);
#757=ORIENTED_EDGE('',*,*,#1258,.F.);
#758=ORIENTED_EDGE('',*,*,#1219,.T.);
#759=ORIENTED_EDGE('',*,*,#1279,.T.);
#760=ORIENTED_EDGE('',*,*,#1280,.T.);
#761=ORIENTED_EDGE('',*,*,#1281,.F.);
#762=ORIENTED_EDGE('',*,*,#1282,.F.);
#763=ORIENTED_EDGE('',*,*,#1221,.T.);
#764=ORIENTED_EDGE('',*,*,#1283,.T.);
#765=ORIENTED_EDGE('',*,*,#1284,.T.);
#766=ORIENTED_EDGE('',*,*,#1285,.F.);
#767=ORIENTED_EDGE('',*,*,#1162,.F.);
#768=ORIENTED_EDGE('',*,*,#1286,.F.);
#769=ORIENTED_EDGE('',*,*,#1280,.F.);
#770=ORIENTED_EDGE('',*,*,#1287,.F.);
#771=ORIENTED_EDGE('',*,*,#1284,.F.);
#772=ORIENTED_EDGE('',*,*,#1288,.F.);
#773=ORIENTED_EDGE('',*,*,#1190,.F.);
#774=ORIENTED_EDGE('',*,*,#1289,.T.);
#775=ORIENTED_EDGE('',*,*,#1290,.T.);
#776=ORIENTED_EDGE('',*,*,#1291,.F.);
#777=ORIENTED_EDGE('',*,*,#1160,.T.);
#778=ORIENTED_EDGE('',*,*,#1292,.T.);
#779=ORIENTED_EDGE('',*,*,#1293,.T.);
#780=ORIENTED_EDGE('',*,*,#1294,.F.);
#781=ORIENTED_EDGE('',*,*,#1295,.T.);
#782=ORIENTED_EDGE('',*,*,#1296,.T.);
#783=ORIENTED_EDGE('',*,*,#1297,.T.);
#784=ORIENTED_EDGE('',*,*,#1298,.F.);
#785=ORIENTED_EDGE('',*,*,#1192,.F.);
#786=ORIENTED_EDGE('',*,*,#1299,.F.);
#787=ORIENTED_EDGE('',*,*,#1291,.T.);
#788=ORIENTED_EDGE('',*,*,#1300,.T.);
#789=ORIENTED_EDGE('',*,*,#1292,.F.);
#790=ORIENTED_EDGE('',*,*,#1301,.T.);
#791=ORIENTED_EDGE('',*,*,#1296,.F.);
#792=ORIENTED_EDGE('',*,*,#1191,.T.);
#793=ORIENTED_EDGE('',*,*,#1288,.T.);
#794=ORIENTED_EDGE('',*,*,#1283,.F.);
#795=ORIENTED_EDGE('',*,*,#1220,.T.);
#796=ORIENTED_EDGE('',*,*,#1281,.T.);
#797=ORIENTED_EDGE('',*,*,#1286,.T.);
#798=ORIENTED_EDGE('',*,*,#1161,.T.);
#799=ORIENTED_EDGE('',*,*,#1208,.T.);
#800=ORIENTED_EDGE('',*,*,#1302,.T.);
#801=ORIENTED_EDGE('',*,*,#1193,.T.);
#802=ORIENTED_EDGE('',*,*,#1298,.T.);
#803=ORIENTED_EDGE('',*,*,#1303,.T.);
#804=ORIENTED_EDGE('',*,*,#1294,.T.);
#805=ORIENTED_EDGE('',*,*,#1304,.T.);
#806=ORIENTED_EDGE('',*,*,#1289,.F.);
#807=ORIENTED_EDGE('',*,*,#1159,.T.);
#808=ORIENTED_EDGE('',*,*,#1216,.T.);
#809=ORIENTED_EDGE('',*,*,#1305,.T.);
#810=ORIENTED_EDGE('',*,*,#1306,.F.);
#811=ORIENTED_EDGE('',*,*,#1188,.T.);
#812=ORIENTED_EDGE('',*,*,#1214,.T.);
#813=ORIENTED_EDGE('',*,*,#1307,.T.);
#814=ORIENTED_EDGE('',*,*,#1308,.F.);
#815=ORIENTED_EDGE('',*,*,#1309,.T.);
#816=ORIENTED_EDGE('',*,*,#1310,.F.);
#817=ORIENTED_EDGE('',*,*,#1311,.T.);
#818=ORIENTED_EDGE('',*,*,#1212,.T.);
#819=ORIENTED_EDGE('',*,*,#1164,.F.);
#820=ORIENTED_EDGE('',*,*,#1312,.F.);
#821=ORIENTED_EDGE('',*,*,#1308,.T.);
#822=ORIENTED_EDGE('',*,*,#1313,.T.);
#823=ORIENTED_EDGE('',*,*,#1310,.T.);
#824=ORIENTED_EDGE('',*,*,#1163,.F.);
#825=ORIENTED_EDGE('',*,*,#1285,.T.);
#826=ORIENTED_EDGE('',*,*,#1279,.F.);
#827=ORIENTED_EDGE('',*,*,#1218,.T.);
#828=ORIENTED_EDGE('',*,*,#1282,.T.);
#829=ORIENTED_EDGE('',*,*,#1287,.T.);
#830=ORIENTED_EDGE('',*,*,#1189,.F.);
#831=ORIENTED_EDGE('',*,*,#1306,.T.);
#832=ORIENTED_EDGE('',*,*,#1314,.T.);
#833=ORIENTED_EDGE('',*,*,#1313,.F.);
#834=ORIENTED_EDGE('',*,*,#1307,.F.);
#835=ORIENTED_EDGE('',*,*,#1213,.F.);
#836=ORIENTED_EDGE('',*,*,#1311,.F.);
#837=ORIENTED_EDGE('',*,*,#1314,.F.);
#838=ORIENTED_EDGE('',*,*,#1305,.F.);
#839=ORIENTED_EDGE('',*,*,#1215,.F.);
#840=ORIENTED_EDGE('',*,*,#1309,.F.);
#841=ORIENTED_EDGE('',*,*,#1300,.F.);
#842=ORIENTED_EDGE('',*,*,#1290,.F.);
#843=ORIENTED_EDGE('',*,*,#1304,.F.);
#844=ORIENTED_EDGE('',*,*,#1293,.F.);
#845=ORIENTED_EDGE('',*,*,#1301,.F.);
#846=ORIENTED_EDGE('',*,*,#1295,.F.);
#847=ORIENTED_EDGE('',*,*,#1303,.F.);
#848=ORIENTED_EDGE('',*,*,#1297,.F.);
#849=ORIENTED_EDGE('',*,*,#1312,.T.);
#850=ORIENTED_EDGE('',*,*,#1209,.T.);
#851=ORIENTED_EDGE('',*,*,#1207,.T.);
#852=ORIENTED_EDGE('',*,*,#1194,.T.);
#853=ORIENTED_EDGE('',*,*,#1315,.T.);
#854=ORIENTED_EDGE('',*,*,#1299,.T.);
#855=ORIENTED_EDGE('',*,*,#1315,.F.);
#856=ORIENTED_EDGE('',*,*,#1302,.F.);
#857=ORIENTED_EDGE('',*,*,#1316,.T.);
#858=ORIENTED_EDGE('',*,*,#1317,.T.);
#859=ORIENTED_EDGE('',*,*,#1210,.T.);
#860=ORIENTED_EDGE('',*,*,#1318,.T.);
#861=ORIENTED_EDGE('',*,*,#1186,.F.);
#862=ORIENTED_EDGE('',*,*,#1273,.F.);
#863=ORIENTED_EDGE('',*,*,#1319,.F.);
#864=ORIENTED_EDGE('',*,*,#1318,.F.);
#865=ORIENTED_EDGE('',*,*,#1217,.F.);
#866=ORIENTED_EDGE('',*,*,#1241,.F.);
#867=ORIENTED_EDGE('',*,*,#1236,.F.);
#868=ORIENTED_EDGE('',*,*,#1320,.F.);
#869=ORIENTED_EDGE('',*,*,#1316,.F.);
#870=ORIENTED_EDGE('',*,*,#1319,.T.);
#871=ORIENTED_EDGE('',*,*,#1272,.F.);
#872=ORIENTED_EDGE('',*,*,#1211,.F.);
#873=ORIENTED_EDGE('',*,*,#1317,.F.);
#874=ORIENTED_EDGE('',*,*,#1320,.T.);
#875=ORIENTED_EDGE('',*,*,#1235,.F.);
#876=ORIENTED_EDGE('',*,*,#1166,.F.);
#877=ORIENTED_EDGE('',*,*,#1321,.F.);
#878=ORIENTED_EDGE('',*,*,#1322,.T.);
#879=ORIENTED_EDGE('',*,*,#1323,.T.);
#880=ORIENTED_EDGE('',*,*,#1324,.T.);
#881=ORIENTED_EDGE('',*,*,#1325,.F.);
#882=ORIENTED_EDGE('',*,*,#1326,.T.);
#883=ORIENTED_EDGE('',*,*,#1173,.F.);
#884=ORIENTED_EDGE('',*,*,#1327,.T.);
#885=ORIENTED_EDGE('',*,*,#1325,.T.);
#886=ORIENTED_EDGE('',*,*,#1328,.T.);
#887=ORIENTED_EDGE('',*,*,#1142,.F.);
#888=ORIENTED_EDGE('',*,*,#1329,.T.);
#889=ORIENTED_EDGE('',*,*,#1330,.T.);
#890=ORIENTED_EDGE('',*,*,#1197,.F.);
#891=ORIENTED_EDGE('',*,*,#1206,.T.);
#892=ORIENTED_EDGE('',*,*,#1156,.T.);
#893=ORIENTED_EDGE('',*,*,#1331,.T.);
#894=ORIENTED_EDGE('',*,*,#1332,.F.);
#895=ORIENTED_EDGE('',*,*,#1333,.T.);
#896=ORIENTED_EDGE('',*,*,#1176,.F.);
#897=ORIENTED_EDGE('',*,*,#1334,.T.);
#898=ORIENTED_EDGE('',*,*,#1181,.T.);
#899=ORIENTED_EDGE('',*,*,#1152,.T.);
#900=ORIENTED_EDGE('',*,*,#1335,.T.);
#901=ORIENTED_EDGE('',*,*,#1332,.T.);
#902=ORIENTED_EDGE('',*,*,#1336,.T.);
#903=ORIENTED_EDGE('',*,*,#1149,.F.);
#904=ORIENTED_EDGE('',*,*,#1337,.T.);
#905=ORIENTED_EDGE('',*,*,#1324,.F.);
#906=ORIENTED_EDGE('',*,*,#1338,.F.);
#907=ORIENTED_EDGE('',*,*,#1143,.F.);
#908=ORIENTED_EDGE('',*,*,#1328,.F.);
#909=ORIENTED_EDGE('',*,*,#1326,.F.);
#910=ORIENTED_EDGE('',*,*,#1329,.F.);
#911=ORIENTED_EDGE('',*,*,#1141,.F.);
#912=ORIENTED_EDGE('',*,*,#1174,.T.);
#913=ORIENTED_EDGE('',*,*,#1150,.F.);
#914=ORIENTED_EDGE('',*,*,#1336,.F.);
#915=ORIENTED_EDGE('',*,*,#1331,.F.);
#916=ORIENTED_EDGE('',*,*,#1179,.F.);
#917=ORIENTED_EDGE('',*,*,#1148,.F.);
#918=ORIENTED_EDGE('',*,*,#1177,.T.);
#919=ORIENTED_EDGE('',*,*,#1333,.F.);
#920=ORIENTED_EDGE('',*,*,#1337,.F.);
#921=ORIENTED_EDGE('',*,*,#1339,.F.);
#922=ORIENTED_EDGE('',*,*,#1340,.T.);
#923=ORIENTED_EDGE('',*,*,#1341,.T.);
#924=ORIENTED_EDGE('',*,*,#1133,.F.);
#925=ORIENTED_EDGE('',*,*,#1342,.F.);
#926=ORIENTED_EDGE('',*,*,#1322,.F.);
#927=ORIENTED_EDGE('',*,*,#1343,.T.);
#928=ORIENTED_EDGE('',*,*,#1248,.F.);
#929=ORIENTED_EDGE('',*,*,#1344,.F.);
#930=ORIENTED_EDGE('',*,*,#1345,.T.);
#931=ORIENTED_EDGE('',*,*,#1346,.F.);
#932=ORIENTED_EDGE('',*,*,#1202,.F.);
#933=ORIENTED_EDGE('',*,*,#1201,.F.);
#934=ORIENTED_EDGE('',*,*,#1134,.F.);
#935=ORIENTED_EDGE('',*,*,#1341,.F.);
#936=ORIENTED_EDGE('',*,*,#1340,.F.);
#937=ORIENTED_EDGE('',*,*,#1327,.F.);
#938=ORIENTED_EDGE('',*,*,#1172,.F.);
#939=ORIENTED_EDGE('',*,*,#1231,.F.);
#940=ORIENTED_EDGE('',*,*,#1343,.F.);
#941=ORIENTED_EDGE('',*,*,#1334,.F.);
#942=ORIENTED_EDGE('',*,*,#1175,.F.);
#943=ORIENTED_EDGE('',*,*,#1139,.F.);
#944=ORIENTED_EDGE('',*,*,#1182,.F.);
#945=ORIENTED_EDGE('',*,*,#1347,.T.);
#946=ORIENTED_EDGE('',*,*,#1178,.F.);
#947=ORIENTED_EDGE('',*,*,#1347,.F.);
#948=ORIENTED_EDGE('',*,*,#1146,.F.);
#949=ORIENTED_EDGE('',*,*,#1330,.F.);
#950=ORIENTED_EDGE('',*,*,#1132,.T.);
#951=ORIENTED_EDGE('',*,*,#1321,.T.);
#952=ORIENTED_EDGE('',*,*,#1342,.T.);
#953=ORIENTED_EDGE('',*,*,#1144,.T.);
#954=ORIENTED_EDGE('',*,*,#1338,.T.);
#955=ORIENTED_EDGE('',*,*,#1323,.F.);
#956=ORIENTED_EDGE('',*,*,#1335,.F.);
#957=ORIENTED_EDGE('',*,*,#1151,.F.);
#958=ORIENTED_EDGE('',*,*,#1136,.F.);
#959=ORIENTED_EDGE('',*,*,#1200,.F.);
#960=ORIENTED_EDGE('',*,*,#1198,.F.);
#961=ORIENTED_EDGE('',*,*,#1348,.T.);
#962=ORIENTED_EDGE('',*,*,#1349,.T.);
#963=ORIENTED_EDGE('',*,*,#1350,.T.);
#964=ORIENTED_EDGE('',*,*,#1351,.T.);
#965=ORIENTED_EDGE('',*,*,#1352,.T.);
#966=ORIENTED_EDGE('',*,*,#1353,.F.);
#967=ORIENTED_EDGE('',*,*,#1354,.T.);
#968=ORIENTED_EDGE('',*,*,#1355,.T.);
#969=ORIENTED_EDGE('',*,*,#1356,.T.);
#970=ORIENTED_EDGE('',*,*,#1357,.F.);
#971=ORIENTED_EDGE('',*,*,#1358,.T.);
#972=ORIENTED_EDGE('',*,*,#1359,.T.);
#973=ORIENTED_EDGE('',*,*,#1203,.T.);
#974=ORIENTED_EDGE('',*,*,#1346,.T.);
#975=ORIENTED_EDGE('',*,*,#1339,.T.);
#976=ORIENTED_EDGE('',*,*,#1360,.T.);
#977=ORIENTED_EDGE('',*,*,#1361,.T.);
#978=ORIENTED_EDGE('',*,*,#1362,.T.);
#979=ORIENTED_EDGE('',*,*,#1363,.T.);
#980=ORIENTED_EDGE('',*,*,#1364,.T.);
#981=ORIENTED_EDGE('',*,*,#1365,.T.);
#982=ORIENTED_EDGE('',*,*,#1366,.T.);
#983=ORIENTED_EDGE('',*,*,#1367,.F.);
#984=ORIENTED_EDGE('',*,*,#1368,.T.);
#985=ORIENTED_EDGE('',*,*,#1369,.T.);
#986=ORIENTED_EDGE('',*,*,#1370,.F.);
#987=ORIENTED_EDGE('',*,*,#1353,.T.);
#988=ORIENTED_EDGE('',*,*,#1351,.F.);
#989=ORIENTED_EDGE('',*,*,#1349,.F.);
#990=ORIENTED_EDGE('',*,*,#1355,.F.);
#991=ORIENTED_EDGE('',*,*,#1368,.F.);
#992=ORIENTED_EDGE('',*,*,#1371,.F.);
#993=ORIENTED_EDGE('',*,*,#1372,.T.);
#994=ORIENTED_EDGE('',*,*,#1373,.T.);
#995=ORIENTED_EDGE('',*,*,#1371,.T.);
#996=ORIENTED_EDGE('',*,*,#1367,.T.);
#997=ORIENTED_EDGE('',*,*,#1374,.F.);
#998=ORIENTED_EDGE('',*,*,#1375,.F.);
#999=ORIENTED_EDGE('',*,*,#1374,.T.);
#1000=ORIENTED_EDGE('',*,*,#1370,.T.);
#1001=ORIENTED_EDGE('',*,*,#1376,.F.);
#1002=ORIENTED_EDGE('',*,*,#1377,.F.);
#1003=ORIENTED_EDGE('',*,*,#1378,.T.);
#1004=ORIENTED_EDGE('',*,*,#1379,.T.);
#1005=ORIENTED_EDGE('',*,*,#1380,.T.);
#1006=ORIENTED_EDGE('',*,*,#1381,.T.);
#1007=ORIENTED_EDGE('',*,*,#1382,.T.);
#1008=ORIENTED_EDGE('',*,*,#1383,.T.);
#1009=ORIENTED_EDGE('',*,*,#1384,.T.);
#1010=ORIENTED_EDGE('',*,*,#1385,.T.);
#1011=ORIENTED_EDGE('',*,*,#1386,.T.);
#1012=ORIENTED_EDGE('',*,*,#1387,.T.);
#1013=ORIENTED_EDGE('',*,*,#1388,.T.);
#1014=ORIENTED_EDGE('',*,*,#1389,.T.);
#1015=ORIENTED_EDGE('',*,*,#1390,.T.);
#1016=ORIENTED_EDGE('',*,*,#1372,.F.);
#1017=ORIENTED_EDGE('',*,*,#1375,.T.);
#1018=ORIENTED_EDGE('',*,*,#1377,.T.);
#1019=ORIENTED_EDGE('',*,*,#1391,.F.);
#1020=ORIENTED_EDGE('',*,*,#1392,.T.);
#1021=ORIENTED_EDGE('',*,*,#1393,.T.);
#1022=ORIENTED_EDGE('',*,*,#1394,.T.);
#1023=ORIENTED_EDGE('',*,*,#1247,.F.);
#1024=ORIENTED_EDGE('',*,*,#1376,.T.);
#1025=ORIENTED_EDGE('',*,*,#1369,.F.);
#1026=ORIENTED_EDGE('',*,*,#1373,.F.);
#1027=ORIENTED_EDGE('',*,*,#1391,.T.);
#1028=ORIENTED_EDGE('',*,*,#1395,.T.);
#1029=ORIENTED_EDGE('',*,*,#1396,.T.);
#1030=ORIENTED_EDGE('',*,*,#1344,.T.);
#1031=ORIENTED_EDGE('',*,*,#1394,.F.);
#1032=ORIENTED_EDGE('',*,*,#1397,.T.);
#1033=ORIENTED_EDGE('',*,*,#1278,.F.);
#1034=ORIENTED_EDGE('',*,*,#1265,.F.);
#1035=ORIENTED_EDGE('',*,*,#1398,.F.);
#1036=ORIENTED_EDGE('',*,*,#1392,.F.);
#1037=ORIENTED_EDGE('',*,*,#1399,.F.);
#1038=ORIENTED_EDGE('',*,*,#1264,.F.);
#1039=ORIENTED_EDGE('',*,*,#1400,.F.);
#1040=ORIENTED_EDGE('',*,*,#1389,.F.);
#1041=ORIENTED_EDGE('',*,*,#1398,.T.);
#1042=ORIENTED_EDGE('',*,*,#1399,.T.);
#1043=ORIENTED_EDGE('',*,*,#1401,.F.);
#1044=ORIENTED_EDGE('',*,*,#1402,.F.);
#1045=ORIENTED_EDGE('',*,*,#1400,.T.);
#1046=ORIENTED_EDGE('',*,*,#1403,.F.);
#1047=ORIENTED_EDGE('',*,*,#1401,.T.);
#1048=ORIENTED_EDGE('',*,*,#1388,.F.);
#1049=ORIENTED_EDGE('',*,*,#1404,.F.);
#1050=ORIENTED_EDGE('',*,*,#1393,.F.);
#1051=ORIENTED_EDGE('',*,*,#1262,.F.);
#1052=ORIENTED_EDGE('',*,*,#1405,.T.);
#1053=ORIENTED_EDGE('',*,*,#1363,.F.);
#1054=ORIENTED_EDGE('',*,*,#1406,.F.);
#1055=ORIENTED_EDGE('',*,*,#1403,.T.);
#1056=ORIENTED_EDGE('',*,*,#1263,.F.);
#1057=ORIENTED_EDGE('',*,*,#1407,.F.);
#1058=ORIENTED_EDGE('',*,*,#1382,.F.);
#1059=ORIENTED_EDGE('',*,*,#1402,.T.);
#1060=ORIENTED_EDGE('',*,*,#1385,.F.);
#1061=ORIENTED_EDGE('',*,*,#1408,.F.);
#1062=ORIENTED_EDGE('',*,*,#1390,.F.);
#1063=ORIENTED_EDGE('',*,*,#1409,.F.);
#1064=ORIENTED_EDGE('',*,*,#1386,.F.);
#1065=ORIENTED_EDGE('',*,*,#1410,.F.);
#1066=ORIENTED_EDGE('',*,*,#1380,.F.);
#1067=ORIENTED_EDGE('',*,*,#1404,.T.);
#1068=ORIENTED_EDGE('',*,*,#1387,.F.);
#1069=ORIENTED_EDGE('',*,*,#1411,.F.);
#1070=ORIENTED_EDGE('',*,*,#1397,.F.);
#1071=ORIENTED_EDGE('',*,*,#1407,.T.);
#1072=ORIENTED_EDGE('',*,*,#1406,.T.);
#1073=ORIENTED_EDGE('',*,*,#1412,.F.);
#1074=ORIENTED_EDGE('',*,*,#1410,.T.);
#1075=ORIENTED_EDGE('',*,*,#1408,.T.);
#1076=ORIENTED_EDGE('',*,*,#1413,.F.);
#1077=ORIENTED_EDGE('',*,*,#1411,.T.);
#1078=ORIENTED_EDGE('',*,*,#1409,.T.);
#1079=ORIENTED_EDGE('',*,*,#1414,.F.);
#1080=ORIENTED_EDGE('',*,*,#1412,.T.);
#1081=ORIENTED_EDGE('',*,*,#1362,.F.);
#1082=ORIENTED_EDGE('',*,*,#1415,.F.);
#1083=ORIENTED_EDGE('',*,*,#1383,.F.);
#1084=ORIENTED_EDGE('',*,*,#1413,.T.);
#1085=ORIENTED_EDGE('',*,*,#1384,.F.);
#1086=ORIENTED_EDGE('',*,*,#1416,.F.);
#1087=ORIENTED_EDGE('',*,*,#1381,.F.);
#1088=ORIENTED_EDGE('',*,*,#1414,.T.);
#1089=ORIENTED_EDGE('',*,*,#1379,.F.);
#1090=ORIENTED_EDGE('',*,*,#1417,.F.);
#1091=ORIENTED_EDGE('',*,*,#1395,.F.);
#1092=ORIENTED_EDGE('',*,*,#1345,.F.);
#1093=ORIENTED_EDGE('',*,*,#1396,.F.);
#1094=ORIENTED_EDGE('',*,*,#1418,.F.);
#1095=ORIENTED_EDGE('',*,*,#1360,.F.);
#1096=ORIENTED_EDGE('',*,*,#1416,.T.);
#1097=ORIENTED_EDGE('',*,*,#1415,.T.);
#1098=ORIENTED_EDGE('',*,*,#1419,.F.);
#1099=ORIENTED_EDGE('',*,*,#1418,.T.);
#1100=ORIENTED_EDGE('',*,*,#1417,.T.);
#1101=ORIENTED_EDGE('',*,*,#1420,.F.);
#1102=ORIENTED_EDGE('',*,*,#1419,.T.);
#1103=ORIENTED_EDGE('',*,*,#1361,.F.);
#1104=ORIENTED_EDGE('',*,*,#1420,.T.);
#1105=ORIENTED_EDGE('',*,*,#1378,.F.);
#1106=ORIENTED_EDGE('',*,*,#1356,.F.);
#1107=ORIENTED_EDGE('',*,*,#1352,.F.);
#1108=ORIENTED_EDGE('',*,*,#1354,.F.);
#1109=ORIENTED_EDGE('',*,*,#1364,.F.);
#1110=ORIENTED_EDGE('',*,*,#1350,.F.);
#1111=ORIENTED_EDGE('',*,*,#1365,.F.);
#1112=ORIENTED_EDGE('',*,*,#1348,.F.);
#1113=ORIENTED_EDGE('',*,*,#1366,.F.);
#1114=ORIENTED_EDGE('',*,*,#1359,.F.);
#1115=ORIENTED_EDGE('',*,*,#1421,.T.);
#1116=ORIENTED_EDGE('',*,*,#1204,.F.);
#1117=ORIENTED_EDGE('',*,*,#1183,.T.);
#1118=ORIENTED_EDGE('',*,*,#1422,.T.);
#1119=ORIENTED_EDGE('',*,*,#1357,.T.);
#1120=ORIENTED_EDGE('',*,*,#1423,.T.);
#1121=ORIENTED_EDGE('',*,*,#1358,.F.);
#1122=ORIENTED_EDGE('',*,*,#1422,.F.);
#1123=ORIENTED_EDGE('',*,*,#1205,.F.);
#1124=ORIENTED_EDGE('',*,*,#1421,.F.);
#1125=ORIENTED_EDGE('',*,*,#1277,.F.);
#1126=ORIENTED_EDGE('',*,*,#1423,.F.);
#1127=ORIENTED_EDGE('',*,*,#1405,.F.);
#1128=ORIENTED_EDGE('',*,*,#1261,.F.);
#1129=ORIENTED_EDGE('',*,*,#1180,.F.);
#1130=ORIENTED_EDGE('',*,*,#1424,.F.);
#1131=ORIENTED_EDGE('',*,*,#1424,.T.);
#1132=EDGE_CURVE('',#1425,#1425,#1621,.T.);
#1133=EDGE_CURVE('',#1426,#1427,#32,.T.);
#1134=EDGE_CURVE('',#1427,#1428,#33,.F.);
#1135=EDGE_CURVE('',#1428,#1429,#34,.T.);
#1136=EDGE_CURVE('',#1429,#1430,#35,.F.);
#1137=EDGE_CURVE('',#1431,#1430,#36,.T.);
#1138=EDGE_CURVE('',#1432,#1431,#37,.T.);
#1139=EDGE_CURVE('',#1432,#1433,#38,.F.);
#1140=EDGE_CURVE('',#1434,#1433,#39,.T.);
#1141=EDGE_CURVE('',#1434,#1435,#40,.F.);
#1142=EDGE_CURVE('',#1435,#1436,#41,.T.);
#1143=EDGE_CURVE('',#1436,#1437,#42,.T.);
#1144=EDGE_CURVE('',#1426,#1437,#43,.T.);
#1145=EDGE_CURVE('',#1438,#1439,#44,.T.);
#1146=EDGE_CURVE('',#1438,#1440,#1622,.T.);
#1147=EDGE_CURVE('',#1441,#1440,#45,.T.);
#1148=EDGE_CURVE('',#1441,#1442,#46,.T.);
#1149=EDGE_CURVE('',#1442,#1443,#47,.T.);
#1150=EDGE_CURVE('',#1443,#1439,#48,.F.);
#1151=EDGE_CURVE('',#1430,#1444,#49,.T.);
#1152=EDGE_CURVE('',#1445,#1444,#50,.T.);
#1153=EDGE_CURVE('',#1445,#1431,#51,.T.);
#1154=EDGE_CURVE('',#1446,#1446,#1623,.T.);
#1155=EDGE_CURVE('',#1447,#1447,#1624,.T.);
#1156=EDGE_CURVE('',#1448,#1449,#52,.T.);
#1157=EDGE_CURVE('',#1448,#1450,#53,.T.);
#1158=EDGE_CURVE('',#1450,#1451,#54,.T.);
#1159=EDGE_CURVE('',#1452,#1451,#55,.T.);
#1160=EDGE_CURVE('',#1453,#1452,#56,.T.);
#1161=EDGE_CURVE('',#1454,#1453,#57,.T.);
#1162=EDGE_CURVE('',#1454,#1455,#58,.T.);
#1163=EDGE_CURVE('',#1455,#1456,#59,.T.);
#1164=EDGE_CURVE('',#1456,#1457,#60,.T.);
#1165=EDGE_CURVE('',#1457,#1458,#61,.T.);
#1166=EDGE_CURVE('',#1458,#1459,#62,.T.);
#1167=EDGE_CURVE('',#1459,#1460,#63,.T.);
#1168=EDGE_CURVE('',#1461,#1460,#64,.T.);
#1169=EDGE_CURVE('',#1461,#1462,#65,.T.);
#1170=EDGE_CURVE('',#1462,#1463,#66,.T.);
#1171=EDGE_CURVE('',#1463,#1464,#67,.T.);
#1172=EDGE_CURVE('',#1464,#1465,#68,.T.);
#1173=EDGE_CURVE('',#1465,#1466,#69,.T.);
#1174=EDGE_CURVE('',#1434,#1466,#70,.T.);
#1175=EDGE_CURVE('',#1433,#1467,#71,.T.);
#1176=EDGE_CURVE('',#1467,#1468,#72,.T.);
#1177=EDGE_CURVE('',#1441,#1468,#73,.T.);
#1178=EDGE_CURVE('',#1440,#1438,#74,.T.);
#1179=EDGE_CURVE('',#1439,#1449,#75,.T.);
#1180=EDGE_CURVE('',#1469,#1469,#1625,.T.);
#1181=EDGE_CURVE('',#1470,#1445,#76,.T.);
#1182=EDGE_CURVE('',#1470,#1432,#77,.T.);
#1183=EDGE_CURVE('',#1471,#1472,#78,.T.);
#1184=EDGE_CURVE('',#1471,#1473,#79,.T.);
#1185=EDGE_CURVE('',#1473,#1474,#80,.T.);
#1186=EDGE_CURVE('',#1474,#1475,#81,.T.);
#1187=EDGE_CURVE('',#1475,#1476,#82,.T.);
#1188=EDGE_CURVE('',#1477,#1476,#83,.T.);
#1189=EDGE_CURVE('',#1477,#1478,#84,.T.);
#1190=EDGE_CURVE('',#1478,#1479,#85,.T.);
#1191=EDGE_CURVE('',#1480,#1479,#86,.T.);
#1192=EDGE_CURVE('',#1480,#1481,#87,.T.);
#1193=EDGE_CURVE('',#1482,#1481,#88,.T.);
#1194=EDGE_CURVE('',#1483,#1482,#89,.T.);
#1195=EDGE_CURVE('',#1483,#1484,#90,.T.);
#1196=EDGE_CURVE('',#1484,#1485,#91,.T.);
#1197=EDGE_CURVE('',#1485,#1486,#92,.T.);
#1198=EDGE_CURVE('',#1486,#1487,#93,.T.);
#1199=EDGE_CURVE('',#1487,#1487,#1626,.T.);
#1200=EDGE_CURVE('',#1487,#1429,#94,.T.);
#1201=EDGE_CURVE('',#1428,#1488,#95,.T.);
#1202=EDGE_CURVE('',#1488,#1489,#96,.T.);
#1203=EDGE_CURVE('',#1490,#1489,#97,.T.);
#1204=EDGE_CURVE('',#1490,#1491,#98,.T.);
#1205=EDGE_CURVE('',#1491,#1472,#99,.F.);
#1206=EDGE_CURVE('',#1485,#1448,#100,.T.);
#1207=EDGE_CURVE('',#1492,#1483,#101,.T.);
#1208=EDGE_CURVE('',#1451,#1492,#102,.T.);
#1209=EDGE_CURVE('',#1493,#1493,#1627,.T.);
#1210=EDGE_CURVE('',#1494,#1495,#103,.T.);
#1211=EDGE_CURVE('',#1494,#1458,#104,.F.);
#1212=EDGE_CURVE('',#1496,#1457,#105,.T.);
#1213=EDGE_CURVE('',#1496,#1497,#106,.F.);
#1214=EDGE_CURVE('',#1498,#1497,#107,.T.);
#1215=EDGE_CURVE('',#1498,#1499,#108,.F.);
#1216=EDGE_CURVE('',#1476,#1499,#109,.T.);
#1217=EDGE_CURVE('',#1475,#1495,#110,.T.);
#1218=EDGE_CURVE('',#1500,#1501,#1628,.T.);
#1219=EDGE_CURVE('',#1502,#1500,#111,.T.);
#1220=EDGE_CURVE('',#1503,#1502,#1629,.F.);
#1221=EDGE_CURVE('',#1501,#1503,#112,.F.);
#1222=EDGE_CURVE('',#1504,#1504,#1630,.T.);
#1223=EDGE_CURVE('',#1505,#1505,#1631,.T.);
#1224=EDGE_CURVE('',#1506,#1507,#113,.T.);
#1225=EDGE_CURVE('',#1508,#1506,#114,.T.);
#1226=EDGE_CURVE('',#1508,#1509,#115,.T.);
#1227=EDGE_CURVE('',#1510,#1509,#116,.T.);
#1228=EDGE_CURVE('',#1510,#1511,#117,.T.);
#1229=EDGE_CURVE('',#1511,#1507,#118,.T.);
#1230=EDGE_CURVE('',#1512,#1513,#119,.T.);
#1231=EDGE_CURVE('',#1512,#1464,#120,.F.);
#1232=EDGE_CURVE('',#1462,#1514,#121,.T.);
#1233=EDGE_CURVE('',#1514,#1515,#122,.T.);
#1234=EDGE_CURVE('',#1515,#1513,#123,.T.);
#1235=EDGE_CURVE('',#1459,#1516,#124,.F.);
#1236=EDGE_CURVE('',#1516,#1517,#125,.F.);
#1237=EDGE_CURVE('',#1518,#1517,#126,.T.);
#1238=EDGE_CURVE('',#1519,#1518,#127,.T.);
#1239=EDGE_CURVE('',#1519,#1520,#128,.T.);
#1240=EDGE_CURVE('',#1520,#1461,#129,.T.);
#1241=EDGE_CURVE('',#1517,#1521,#130,.T.);
#1242=EDGE_CURVE('',#1521,#1522,#131,.T.);
#1243=EDGE_CURVE('',#1522,#1523,#132,.T.);
#1244=EDGE_CURVE('',#1507,#1523,#133,.T.);
#1245=EDGE_CURVE('',#1511,#1519,#134,.T.);
#1246=EDGE_CURVE('',#1524,#1525,#135,.T.);
#1247=EDGE_CURVE('',#1525,#1526,#136,.T.);
#1248=EDGE_CURVE('',#1526,#1512,#137,.T.);
#1249=EDGE_CURVE('',#1515,#1508,#138,.T.);
#1250=EDGE_CURVE('',#1506,#1524,#139,.T.);
#1251=EDGE_CURVE('',#1527,#1528,#140,.T.);
#1252=EDGE_CURVE('',#1528,#1510,#141,.T.);
#1253=EDGE_CURVE('',#1509,#1527,#142,.T.);
#1254=EDGE_CURVE('',#1527,#1514,#143,.T.);
#1255=EDGE_CURVE('',#1528,#1520,#144,.T.);
#1256=EDGE_CURVE('',#1529,#1529,#1632,.T.);
#1257=EDGE_CURVE('',#1530,#1531,#145,.T.);
#1258=EDGE_CURVE('',#1531,#1524,#146,.T.);
#1259=EDGE_CURVE('',#1523,#1530,#147,.T.);
#1260=EDGE_CURVE('',#1532,#1532,#1633,.F.);
#1261=EDGE_CURVE('',#1533,#1534,#148,.T.);
#1262=EDGE_CURVE('',#1534,#1535,#149,.T.);
#1263=EDGE_CURVE('',#1535,#1536,#150,.T.);
#1264=EDGE_CURVE('',#1536,#1537,#151,.T.);
#1265=EDGE_CURVE('',#1537,#1538,#152,.T.);
#1266=EDGE_CURVE('',#1538,#1531,#153,.T.);
#1267=EDGE_CURVE('',#1530,#1539,#154,.T.);
#1268=EDGE_CURVE('',#1539,#1533,#155,.T.);
#1269=EDGE_CURVE('',#1540,#1540,#1634,.T.);
#1270=EDGE_CURVE('',#1541,#1541,#1635,.F.);
#1271=EDGE_CURVE('',#1542,#1542,#1636,.F.);
#1272=EDGE_CURVE('',#1521,#1543,#156,.F.);
#1273=EDGE_CURVE('',#1543,#1474,#157,.T.);
#1274=EDGE_CURVE('',#1522,#1473,#158,.T.);
#1275=EDGE_CURVE('',#1539,#1522,#159,.T.);
#1276=EDGE_CURVE('',#1539,#1473,#160,.T.);
#1277=EDGE_CURVE('',#1471,#1533,#161,.F.);
#1278=EDGE_CURVE('',#1538,#1525,#162,.F.);
#1279=EDGE_CURVE('',#1500,#1544,#163,.T.);
#1280=EDGE_CURVE('',#1544,#1545,#164,.T.);
#1281=EDGE_CURVE('',#1502,#1545,#165,.T.);
#1282=EDGE_CURVE('',#1501,#1546,#166,.T.);
#1283=EDGE_CURVE('',#1503,#1547,#167,.T.);
#1284=EDGE_CURVE('',#1547,#1546,#168,.T.);
#1285=EDGE_CURVE('',#1455,#1544,#169,.F.);
#1286=EDGE_CURVE('',#1545,#1454,#170,.F.);
#1287=EDGE_CURVE('',#1546,#1478,#171,.F.);
#1288=EDGE_CURVE('',#1479,#1547,#172,.F.);
#1289=EDGE_CURVE('',#1452,#1548,#173,.T.);
#1290=EDGE_CURVE('',#1548,#1549,#174,.T.);
#1291=EDGE_CURVE('',#1453,#1549,#175,.T.);
#1292=EDGE_CURVE('',#1550,#1551,#176,.T.);
#1293=EDGE_CURVE('',#1551,#1552,#177,.T.);
#1294=EDGE_CURVE('',#1553,#1552,#178,.T.);
#1295=EDGE_CURVE('',#1553,#1550,#179,.T.);
#1296=EDGE_CURVE('',#1480,#1554,#180,.T.);
#1297=EDGE_CURVE('',#1554,#1555,#181,.T.);
#1298=EDGE_CURVE('',#1481,#1555,#182,.T.);
#1299=EDGE_CURVE('',#1556,#1556,#1637,.T.);
#1300=EDGE_CURVE('',#1549,#1551,#183,.T.);
#1301=EDGE_CURVE('',#1550,#1554,#184,.F.);
#1302=EDGE_CURVE('',#1492,#1482,#1638,.T.);
#1303=EDGE_CURVE('',#1555,#1553,#185,.F.);
#1304=EDGE_CURVE('',#1552,#1548,#186,.T.);
#1305=EDGE_CURVE('',#1499,#1557,#187,.T.);
#1306=EDGE_CURVE('',#1477,#1557,#188,.T.);
#1307=EDGE_CURVE('',#1497,#1558,#189,.T.);
#1308=EDGE_CURVE('',#1559,#1558,#190,.T.);
#1309=EDGE_CURVE('',#1559,#1498,#191,.T.);
#1310=EDGE_CURVE('',#1560,#1456,#192,.T.);
#1311=EDGE_CURVE('',#1560,#1496,#193,.T.);
#1312=EDGE_CURVE('',#1561,#1561,#1639,.T.);
#1313=EDGE_CURVE('',#1558,#1560,#194,.F.);
#1314=EDGE_CURVE('',#1557,#1559,#195,.F.);
#1315=EDGE_CURVE('',#1482,#1492,#1640,.T.);
#1316=EDGE_CURVE('',#1562,#1563,#196,.T.);
#1317=EDGE_CURVE('',#1563,#1494,#197,.T.);
#1318=EDGE_CURVE('',#1495,#1562,#198,.T.);
#1319=EDGE_CURVE('',#1562,#1543,#199,.F.);
#1320=EDGE_CURVE('',#1563,#1516,#200,.T.);
#1321=EDGE_CURVE('',#1564,#1564,#1641,.T.);
#1322=EDGE_CURVE('',#1565,#1566,#201,.T.);
#1323=EDGE_CURVE('',#1566,#1567,#202,.T.);
#1324=EDGE_CURVE('',#1567,#1568,#203,.T.);
#1325=EDGE_CURVE('',#1569,#1568,#204,.T.);
#1326=EDGE_CURVE('',#1569,#1466,#205,.F.);
#1327=EDGE_CURVE('',#1465,#1565,#206,.F.);
#1328=EDGE_CURVE('',#1568,#1436,#207,.T.);
#1329=EDGE_CURVE('',#1435,#1569,#208,.T.);
#1330=EDGE_CURVE('',#1570,#1570,#1642,.T.);
#1331=EDGE_CURVE('',#1449,#1571,#209,.F.);
#1332=EDGE_CURVE('',#1572,#1571,#210,.T.);
#1333=EDGE_CURVE('',#1572,#1468,#211,.T.);
#1334=EDGE_CURVE('',#1467,#1470,#212,.F.);
#1335=EDGE_CURVE('',#1444,#1486,#213,.F.);
#1336=EDGE_CURVE('',#1571,#1443,#214,.T.);
#1337=EDGE_CURVE('',#1442,#1572,#215,.T.);
#1338=EDGE_CURVE('',#1437,#1567,#216,.T.);
#1339=EDGE_CURVE('',#1573,#1574,#217,.T.);
#1340=EDGE_CURVE('',#1573,#1575,#218,.T.);
#1341=EDGE_CURVE('',#1575,#1427,#219,.T.);
#1342=EDGE_CURVE('',#1566,#1426,#220,.T.);
#1343=EDGE_CURVE('',#1565,#1512,#221,.T.);
#1344=EDGE_CURVE('',#1576,#1526,#222,.T.);
#1345=EDGE_CURVE('',#1576,#1574,#223,.F.);
#1346=EDGE_CURVE('',#1489,#1573,#224,.F.);
#1347=EDGE_CURVE('',#1440,#1438,#1643,.T.);
#1348=EDGE_CURVE('',#1577,#1577,#1644,.T.);
#1349=EDGE_CURVE('',#1578,#1578,#1645,.T.);
#1350=EDGE_CURVE('',#1579,#1579,#1646,.T.);
#1351=EDGE_CURVE('',#1580,#1580,#1647,.T.);
#1352=EDGE_CURVE('',#1581,#1581,#1648,.T.);
#1353=EDGE_CURVE('',#1582,#1582,#1649,.T.);
#1354=EDGE_CURVE('',#1583,#1583,#1650,.T.);
#1355=EDGE_CURVE('',#1584,#1584,#1651,.T.);
#1356=EDGE_CURVE('',#1585,#1585,#1652,.F.);
#1357=EDGE_CURVE('',#1586,#1587,#225,.T.);
#1358=EDGE_CURVE('',#1586,#1588,#226,.F.);
#1359=EDGE_CURVE('',#1588,#1490,#227,.T.);
#1360=EDGE_CURVE('',#1574,#1589,#228,.T.);
#1361=EDGE_CURVE('',#1589,#1590,#229,.T.);
#1362=EDGE_CURVE('',#1590,#1591,#230,.T.);
#1363=EDGE_CURVE('',#1591,#1587,#231,.T.);
#1364=EDGE_CURVE('',#1592,#1592,#1653,.F.);
#1365=EDGE_CURVE('',#1593,#1593,#1654,.F.);
#1366=EDGE_CURVE('',#1594,#1594,#1655,.F.);
#1367=EDGE_CURVE('',#1595,#1596,#232,.T.);
#1368=EDGE_CURVE('',#1595,#1597,#233,.T.);
#1369=EDGE_CURVE('',#1597,#1598,#234,.T.);
#1370=EDGE_CURVE('',#1596,#1598,#235,.T.);
#1371=EDGE_CURVE('',#1599,#1595,#236,.T.);
#1372=EDGE_CURVE('',#1599,#1600,#237,.T.);
#1373=EDGE_CURVE('',#1600,#1597,#238,.T.);
#1374=EDGE_CURVE('',#1601,#1596,#239,.T.);
#1375=EDGE_CURVE('',#1599,#1601,#240,.T.);
#1376=EDGE_CURVE('',#1602,#1598,#241,.T.);
#1377=EDGE_CURVE('',#1601,#1602,#242,.T.);
#1378=EDGE_CURVE('',#1603,#1604,#243,.T.);
#1379=EDGE_CURVE('',#1604,#1605,#244,.T.);
#1380=EDGE_CURVE('',#1605,#1606,#245,.T.);
#1381=EDGE_CURVE('',#1606,#1603,#246,.T.);
#1382=EDGE_CURVE('',#1607,#1608,#247,.T.);
#1383=EDGE_CURVE('',#1608,#1609,#248,.T.);
#1384=EDGE_CURVE('',#1609,#1610,#249,.T.);
#1385=EDGE_CURVE('',#1610,#1607,#250,.T.);
#1386=EDGE_CURVE('',#1611,#1612,#251,.T.);
#1387=EDGE_CURVE('',#1612,#1613,#252,.T.);
#1388=EDGE_CURVE('',#1613,#1614,#253,.T.);
#1389=EDGE_CURVE('',#1614,#1615,#254,.T.);
#1390=EDGE_CURVE('',#1615,#1611,#255,.T.);
#1391=EDGE_CURVE('',#1600,#1602,#256,.T.);
#1392=EDGE_CURVE('',#1525,#1616,#257,.T.);
#1393=EDGE_CURVE('',#1616,#1617,#258,.T.);
#1394=EDGE_CURVE('',#1617,#1526,#259,.T.);
#1395=EDGE_CURVE('',#1618,#1619,#260,.T.);
#1396=EDGE_CURVE('',#1619,#1576,#261,.T.);
#1397=EDGE_CURVE('',#1617,#1618,#262,.T.);
#1398=EDGE_CURVE('',#1616,#1537,#263,.F.);
#1399=EDGE_CURVE('',#1537,#1614,#264,.F.);
#1400=EDGE_CURVE('',#1615,#1536,#265,.F.);
#1401=EDGE_CURVE('',#1616,#1614,#266,.T.);
#1402=EDGE_CURVE('',#1615,#1607,#267,.T.);
#1403=EDGE_CURVE('',#1607,#1536,#268,.T.);
#1404=EDGE_CURVE('',#1617,#1613,#269,.T.);
#1405=EDGE_CURVE('',#1534,#1587,#270,.F.);
#1406=EDGE_CURVE('',#1535,#1591,#271,.F.);
#1407=EDGE_CURVE('',#1608,#1535,#272,.F.);
#1408=EDGE_CURVE('',#1611,#1610,#273,.F.);
#1409=EDGE_CURVE('',#1612,#1605,#274,.T.);
#1410=EDGE_CURVE('',#1606,#1611,#275,.T.);
#1411=EDGE_CURVE('',#1618,#1612,#276,.F.);
#1412=EDGE_CURVE('',#1608,#1591,#277,.T.);
#1413=EDGE_CURVE('',#1606,#1610,#278,.F.);
#1414=EDGE_CURVE('',#1618,#1605,#279,.F.);
#1415=EDGE_CURVE('',#1609,#1590,#280,.F.);
#1416=EDGE_CURVE('',#1603,#1609,#281,.T.);
#1417=EDGE_CURVE('',#1619,#1604,#282,.T.);
#1418=EDGE_CURVE('',#1589,#1619,#283,.F.);
#1419=EDGE_CURVE('',#1603,#1590,#284,.F.);
#1420=EDGE_CURVE('',#1589,#1604,#285,.F.);
#1421=EDGE_CURVE('',#1588,#1491,#286,.T.);
#1422=EDGE_CURVE('',#1472,#1586,#287,.F.);
#1423=EDGE_CURVE('',#1587,#1471,#288,.F.);
#1424=EDGE_CURVE('',#1620,#1620,#1656,.T.);
#1425=VERTEX_POINT('',#2928);
#1426=VERTEX_POINT('',#2930);
#1427=VERTEX_POINT('',#2931);
#1428=VERTEX_POINT('',#2933);
#1429=VERTEX_POINT('',#2935);
#1430=VERTEX_POINT('',#2937);
#1431=VERTEX_POINT('',#2939);
#1432=VERTEX_POINT('',#2941);
#1433=VERTEX_POINT('',#2943);
#1434=VERTEX_POINT('',#2945);
#1435=VERTEX_POINT('',#2947);
#1436=VERTEX_POINT('',#2949);
#1437=VERTEX_POINT('',#2951);
#1438=VERTEX_POINT('',#2955);
#1439=VERTEX_POINT('',#2956);
#1440=VERTEX_POINT('',#2958);
#1441=VERTEX_POINT('',#2960);
#1442=VERTEX_POINT('',#2962);
#1443=VERTEX_POINT('',#2964);
#1444=VERTEX_POINT('',#2968);
#1445=VERTEX_POINT('',#2970);
#1446=VERTEX_POINT('',#2974);
#1447=VERTEX_POINT('',#2976);
#1448=VERTEX_POINT('',#2978);
#1449=VERTEX_POINT('',#2979);
#1450=VERTEX_POINT('',#2981);
#1451=VERTEX_POINT('',#2983);
#1452=VERTEX_POINT('',#2985);
#1453=VERTEX_POINT('',#2987);
#1454=VERTEX_POINT('',#2989);
#1455=VERTEX_POINT('',#2991);
#1456=VERTEX_POINT('',#2993);
#1457=VERTEX_POINT('',#2995);
#1458=VERTEX_POINT('',#2997);
#1459=VERTEX_POINT('',#2999);
#1460=VERTEX_POINT('',#3001);
#1461=VERTEX_POINT('',#3003);
#1462=VERTEX_POINT('',#3005);
#1463=VERTEX_POINT('',#3007);
#1464=VERTEX_POINT('',#3009);
#1465=VERTEX_POINT('',#3011);
#1466=VERTEX_POINT('',#3013);
#1467=VERTEX_POINT('',#3016);
#1468=VERTEX_POINT('',#3018);
#1469=VERTEX_POINT('',#3023);
#1470=VERTEX_POINT('',#3026);
#1471=VERTEX_POINT('',#3030);
#1472=VERTEX_POINT('',#3031);
#1473=VERTEX_POINT('',#3033);
#1474=VERTEX_POINT('',#3035);
#1475=VERTEX_POINT('',#3037);
#1476=VERTEX_POINT('',#3039);
#1477=VERTEX_POINT('',#3041);
#1478=VERTEX_POINT('',#3043);
#1479=VERTEX_POINT('',#3045);
#1480=VERTEX_POINT('',#3047);
#1481=VERTEX_POINT('',#3049);
#1482=VERTEX_POINT('',#3051);
#1483=VERTEX_POINT('',#3053);
#1484=VERTEX_POINT('',#3055);
#1485=VERTEX_POINT('',#3057);
#1486=VERTEX_POINT('',#3059);
#1487=VERTEX_POINT('',#3061);
#1488=VERTEX_POINT('',#3065);
#1489=VERTEX_POINT('',#3067);
#1490=VERTEX_POINT('',#3069);
#1491=VERTEX_POINT('',#3071);
#1492=VERTEX_POINT('',#3076);
#1493=VERTEX_POINT('',#3080);
#1494=VERTEX_POINT('',#3082);
#1495=VERTEX_POINT('',#3083);
#1496=VERTEX_POINT('',#3086);
#1497=VERTEX_POINT('',#3088);
#1498=VERTEX_POINT('',#3090);
#1499=VERTEX_POINT('',#3092);
#1500=VERTEX_POINT('',#3097);
#1501=VERTEX_POINT('',#3098);
#1502=VERTEX_POINT('',#3100);
#1503=VERTEX_POINT('',#3102);
#1504=VERTEX_POINT('',#3106);
#1505=VERTEX_POINT('',#3108);
#1506=VERTEX_POINT('',#3110);
#1507=VERTEX_POINT('',#3111);
#1508=VERTEX_POINT('',#3113);
#1509=VERTEX_POINT('',#3115);
#1510=VERTEX_POINT('',#3117);
#1511=VERTEX_POINT('',#3119);
#1512=VERTEX_POINT('',#3123);
#1513=VERTEX_POINT('',#3124);
#1514=VERTEX_POINT('',#3127);
#1515=VERTEX_POINT('',#3129);
#1516=VERTEX_POINT('',#3133);
#1517=VERTEX_POINT('',#3135);
#1518=VERTEX_POINT('',#3137);
#1519=VERTEX_POINT('',#3139);
#1520=VERTEX_POINT('',#3141);
#1521=VERTEX_POINT('',#3145);
#1522=VERTEX_POINT('',#3147);
#1523=VERTEX_POINT('',#3149);
#1524=VERTEX_POINT('',#3154);
#1525=VERTEX_POINT('',#3155);
#1526=VERTEX_POINT('',#3157);
#1527=VERTEX_POINT('',#3163);
#1528=VERTEX_POINT('',#3164);
#1529=VERTEX_POINT('',#3174);
#1530=VERTEX_POINT('',#3176);
#1531=VERTEX_POINT('',#3177);
#1532=VERTEX_POINT('',#3182);
#1533=VERTEX_POINT('',#3185);
#1534=VERTEX_POINT('',#3186);
#1535=VERTEX_POINT('',#3188);
#1536=VERTEX_POINT('',#3190);
#1537=VERTEX_POINT('',#3192);
#1538=VERTEX_POINT('',#3194);
#1539=VERTEX_POINT('',#3197);
#1540=VERTEX_POINT('',#3201);
#1541=VERTEX_POINT('',#3205);
#1542=VERTEX_POINT('',#3208);
#1543=VERTEX_POINT('',#3213);
#1544=VERTEX_POINT('',#3226);
#1545=VERTEX_POINT('',#3228);
#1546=VERTEX_POINT('',#3232);
#1547=VERTEX_POINT('',#3234);
#1548=VERTEX_POINT('',#3244);
#1549=VERTEX_POINT('',#3246);
#1550=VERTEX_POINT('',#3250);
#1551=VERTEX_POINT('',#3251);
#1552=VERTEX_POINT('',#3253);
#1553=VERTEX_POINT('',#3255);
#1554=VERTEX_POINT('',#3259);
#1555=VERTEX_POINT('',#3261);
#1556=VERTEX_POINT('',#3265);
#1557=VERTEX_POINT('',#3274);
#1558=VERTEX_POINT('',#3278);
#1559=VERTEX_POINT('',#3280);
#1560=VERTEX_POINT('',#3284);
#1561=VERTEX_POINT('',#3288);
#1562=VERTEX_POINT('',#3301);
#1563=VERTEX_POINT('',#3302);
#1564=VERTEX_POINT('',#3312);
#1565=VERTEX_POINT('',#3314);
#1566=VERTEX_POINT('',#3315);
#1567=VERTEX_POINT('',#3317);
#1568=VERTEX_POINT('',#3319);
#1569=VERTEX_POINT('',#3321);
#1570=VERTEX_POINT('',#3329);
#1571=VERTEX_POINT('',#3331);
#1572=VERTEX_POINT('',#3333);
#1573=VERTEX_POINT('',#3347);
#1574=VERTEX_POINT('',#3348);
#1575=VERTEX_POINT('',#3350);
#1576=VERTEX_POINT('',#3355);
#1577=VERTEX_POINT('',#3369);
#1578=VERTEX_POINT('',#3371);
#1579=VERTEX_POINT('',#3374);
#1580=VERTEX_POINT('',#3376);
#1581=VERTEX_POINT('',#3379);
#1582=VERTEX_POINT('',#3381);
#1583=VERTEX_POINT('',#3384);
#1584=VERTEX_POINT('',#3386);
#1585=VERTEX_POINT('',#3389);
#1586=VERTEX_POINT('',#3391);
#1587=VERTEX_POINT('',#3392);
#1588=VERTEX_POINT('',#3394);
#1589=VERTEX_POINT('',#3397);
#1590=VERTEX_POINT('',#3399);
#1591=VERTEX_POINT('',#3401);
#1592=VERTEX_POINT('',#3404);
#1593=VERTEX_POINT('',#3406);
#1594=VERTEX_POINT('',#3408);
#1595=VERTEX_POINT('',#3411);
#1596=VERTEX_POINT('',#3412);
#1597=VERTEX_POINT('',#3414);
#1598=VERTEX_POINT('',#3416);
#1599=VERTEX_POINT('',#3420);
#1600=VERTEX_POINT('',#3422);
#1601=VERTEX_POINT('',#3426);
#1602=VERTEX_POINT('',#3430);
#1603=VERTEX_POINT('',#3434);
#1604=VERTEX_POINT('',#3435);
#1605=VERTEX_POINT('',#3437);
#1606=VERTEX_POINT('',#3439);
#1607=VERTEX_POINT('',#3443);
#1608=VERTEX_POINT('',#3444);
#1609=VERTEX_POINT('',#3446);
#1610=VERTEX_POINT('',#3448);
#1611=VERTEX_POINT('',#3452);
#1612=VERTEX_POINT('',#3453);
#1613=VERTEX_POINT('',#3455);
#1614=VERTEX_POINT('',#3457);
#1615=VERTEX_POINT('',#3459);
#1616=VERTEX_POINT('',#3464);
#1617=VERTEX_POINT('',#3466);
#1618=VERTEX_POINT('',#3471);
#1619=VERTEX_POINT('',#3472);
#1620=VERTEX_POINT('',#3531);
#1621=CIRCLE('',#2205,0.0025);
#1622=CIRCLE('',#2207,0.0025);
#1623=CIRCLE('',#2210,0.0045);
#1624=CIRCLE('',#2211,0.0045);
#1625=CIRCLE('',#2212,0.0095);
#1626=CIRCLE('',#2215,0.004);
#1627=CIRCLE('',#2218,0.0025);
#1628=CIRCLE('',#2220,0.005);
#1629=CIRCLE('',#2221,0.005);
#1630=CIRCLE('',#2223,0.0025);
#1631=CIRCLE('',#2224,0.0025);
#1632=CIRCLE('',#2234,0.0025);
#1633=CIRCLE('',#2236,0.0025);
#1634=CIRCLE('',#2239,0.004);
#1635=CIRCLE('',#2242,0.0025);
#1636=CIRCLE('',#2244,0.0025);
#1637=CIRCLE('',#2260,0.0025);
#1638=CIRCLE('',#2262,0.0025);
#1639=CIRCLE('',#2267,0.0025);
#1640=CIRCLE('',#2274,0.0025);
#1641=CIRCLE('',#2281,0.0025);
#1642=CIRCLE('',#2284,0.0025);
#1643=CIRCLE('',#2295,0.0025);
#1644=CIRCLE('',#2301,0.0025);
#1645=CIRCLE('',#2302,0.0025);
#1646=CIRCLE('',#2304,0.0025);
#1647=CIRCLE('',#2305,0.0025);
#1648=CIRCLE('',#2307,0.013);
#1649=CIRCLE('',#2308,0.013);
#1650=CIRCLE('',#2310,0.0025);
#1651=CIRCLE('',#2311,0.0025);
#1652=CIRCLE('',#2313,0.016);
#1653=CIRCLE('',#2314,0.0055);
#1654=CIRCLE('',#2315,0.0055);
#1655=CIRCLE('',#2316,0.0055);
#1656=CIRCLE('',#2356,0.0095);
#1657=EDGE_LOOP('',(#546));
#1658=EDGE_LOOP('',(#547,#548,#549,#550,#551,#552,#553,#554,#555,#556,#557,
#558));
#1659=EDGE_LOOP('',(#559,#560,#561,#562,#563,#564));
#1660=EDGE_LOOP('',(#565,#566,#567,#568));
#1661=EDGE_LOOP('',(#569));
#1662=EDGE_LOOP('',(#570));
#1663=EDGE_LOOP('',(#571,#572,#573,#574,#575,#576,#577,#578,#579,#580,#581,
#582,#583,#584,#585,#586,#587,#588,#589,#590,#591,#592,#593,#594,#595,#596,
#597));
#1664=EDGE_LOOP('',(#598));
#1665=EDGE_LOOP('',(#599,#600,#601,#602));
#1666=EDGE_LOOP('',(#603,#604,#605,#606,#607,#608,#609,#610,#611,#612,#613,
#614,#615,#616,#617,#618,#619,#620,#621,#622,#623,#624,#625,#626));
#1667=EDGE_LOOP('',(#627,#628,#629,#630,#631,#632,#633));
#1668=EDGE_LOOP('',(#634));
#1669=EDGE_LOOP('',(#635,#636,#637,#638,#639,#640,#641,#642,#643,#644));
#1670=EDGE_LOOP('',(#645,#646,#647,#648));
#1671=EDGE_LOOP('',(#649));
#1672=EDGE_LOOP('',(#650));
#1673=EDGE_LOOP('',(#651,#652,#653,#654,#655,#656));
#1674=EDGE_LOOP('',(#657,#658,#659,#660,#661,#662,#663));
#1675=EDGE_LOOP('',(#664,#665,#666,#667,#668,#669,#670,#671));
#1676=EDGE_LOOP('',(#672,#673,#674,#675,#676,#677,#678,#679));
#1677=EDGE_LOOP('',(#680,#681,#682,#683,#684,#685,#686,#687));
#1678=EDGE_LOOP('',(#688,#689,#690,#691));
#1679=EDGE_LOOP('',(#692,#693,#694,#695,#696));
#1680=EDGE_LOOP('',(#697,#698,#699,#700,#701,#702));
#1681=EDGE_LOOP('',(#703,#704,#705,#706,#707));
#1682=EDGE_LOOP('',(#708));
#1683=EDGE_LOOP('',(#709,#710,#711,#712,#713,#714));
#1684=EDGE_LOOP('',(#715));
#1685=EDGE_LOOP('',(#716));
#1686=EDGE_LOOP('',(#717,#718,#719,#720,#721,#722,#723,#724,#725));
#1687=EDGE_LOOP('',(#726));
#1688=EDGE_LOOP('',(#727));
#1689=EDGE_LOOP('',(#728));
#1690=EDGE_LOOP('',(#729));
#1691=EDGE_LOOP('',(#730));
#1692=EDGE_LOOP('',(#731));
#1693=EDGE_LOOP('',(#732));
#1694=EDGE_LOOP('',(#733));
#1695=EDGE_LOOP('',(#734));
#1696=EDGE_LOOP('',(#735));
#1697=EDGE_LOOP('',(#736));
#1698=EDGE_LOOP('',(#737));
#1699=EDGE_LOOP('',(#738,#739,#740,#741,#742));
#1700=EDGE_LOOP('',(#743,#744,#745,#746));
#1701=EDGE_LOOP('',(#747,#748,#749));
#1702=EDGE_LOOP('',(#750,#751,#752,#753));
#1703=EDGE_LOOP('',(#754,#755,#756,#757));
#1704=EDGE_LOOP('',(#758,#759,#760,#761));
#1705=EDGE_LOOP('',(#762,#763,#764,#765));
#1706=EDGE_LOOP('',(#766,#767,#768,#769));
#1707=EDGE_LOOP('',(#770,#771,#772,#773));
#1708=EDGE_LOOP('',(#774,#775,#776,#777));
#1709=EDGE_LOOP('',(#778,#779,#780,#781));
#1710=EDGE_LOOP('',(#782,#783,#784,#785));
#1711=EDGE_LOOP('',(#786));
#1712=EDGE_LOOP('',(#787,#788,#789,#790,#791,#792,#793,#794,#795,#796,#797,
#798));
#1713=EDGE_LOOP('',(#799,#800,#801,#802,#803,#804,#805,#806,#807));
#1714=EDGE_LOOP('',(#808,#809,#810,#811));
#1715=EDGE_LOOP('',(#812,#813,#814,#815));
#1716=EDGE_LOOP('',(#816,#817,#818,#819));
#1717=EDGE_LOOP('',(#820));
#1718=EDGE_LOOP('',(#821,#822,#823,#824,#825,#826,#827,#828,#829,#830,#831,
#832));
#1719=EDGE_LOOP('',(#833,#834,#835,#836));
#1720=EDGE_LOOP('',(#837,#838,#839,#840));
#1721=EDGE_LOOP('',(#841,#842,#843,#844));
#1722=EDGE_LOOP('',(#845,#846,#847,#848));
#1723=EDGE_LOOP('',(#849));
#1724=EDGE_LOOP('',(#850));
#1725=EDGE_LOOP('',(#851,#852,#853));
#1726=EDGE_LOOP('',(#854));
#1727=EDGE_LOOP('',(#855,#856));
#1728=EDGE_LOOP('',(#857,#858,#859,#860));
#1729=EDGE_LOOP('',(#861,#862,#863,#864,#865));
#1730=EDGE_LOOP('',(#866,#867,#868,#869,#870,#871));
#1731=EDGE_LOOP('',(#872,#873,#874,#875,#876));
#1732=EDGE_LOOP('',(#877));
#1733=EDGE_LOOP('',(#878,#879,#880,#881,#882,#883,#884));
#1734=EDGE_LOOP('',(#885,#886,#887,#888));
#1735=EDGE_LOOP('',(#889));
#1736=EDGE_LOOP('',(#890,#891,#892,#893,#894,#895,#896,#897,#898,#899,#900));
#1737=EDGE_LOOP('',(#901,#902,#903,#904));
#1738=EDGE_LOOP('',(#905,#906,#907,#908));
#1739=EDGE_LOOP('',(#909,#910,#911,#912));
#1740=EDGE_LOOP('',(#913,#914,#915,#916));
#1741=EDGE_LOOP('',(#917,#918,#919,#920));
#1742=EDGE_LOOP('',(#921,#922,#923,#924,#925,#926,#927,#928,#929,#930));
#1743=EDGE_LOOP('',(#931,#932,#933,#934,#935,#936));
#1744=EDGE_LOOP('',(#937,#938,#939,#940));
#1745=EDGE_LOOP('',(#941,#942,#943,#944));
#1746=EDGE_LOOP('',(#945,#946));
#1747=EDGE_LOOP('',(#947,#948));
#1748=EDGE_LOOP('',(#949));
#1749=EDGE_LOOP('',(#950));
#1750=EDGE_LOOP('',(#951));
#1751=EDGE_LOOP('',(#952,#953,#954,#955));
#1752=EDGE_LOOP('',(#956,#957,#958,#959,#960));
#1753=EDGE_LOOP('',(#961));
#1754=EDGE_LOOP('',(#962));
#1755=EDGE_LOOP('',(#963));
#1756=EDGE_LOOP('',(#964));
#1757=EDGE_LOOP('',(#965));
#1758=EDGE_LOOP('',(#966));
#1759=EDGE_LOOP('',(#967));
#1760=EDGE_LOOP('',(#968));
#1761=EDGE_LOOP('',(#969));
#1762=EDGE_LOOP('',(#970,#971,#972,#973,#974,#975,#976,#977,#978,#979));
#1763=EDGE_LOOP('',(#980));
#1764=EDGE_LOOP('',(#981));
#1765=EDGE_LOOP('',(#982));
#1766=EDGE_LOOP('',(#983,#984,#985,#986));
#1767=EDGE_LOOP('',(#987));
#1768=EDGE_LOOP('',(#988));
#1769=EDGE_LOOP('',(#989));
#1770=EDGE_LOOP('',(#990));
#1771=EDGE_LOOP('',(#991,#992,#993,#994));
#1772=EDGE_LOOP('',(#995,#996,#997,#998));
#1773=EDGE_LOOP('',(#999,#1000,#1001,#1002));
#1774=EDGE_LOOP('',(#1003,#1004,#1005,#1006));
#1775=EDGE_LOOP('',(#1007,#1008,#1009,#1010));
#1776=EDGE_LOOP('',(#1011,#1012,#1013,#1014,#1015));
#1777=EDGE_LOOP('',(#1016,#1017,#1018,#1019));
#1778=EDGE_LOOP('',(#1020,#1021,#1022,#1023));
#1779=EDGE_LOOP('',(#1024,#1025,#1026,#1027));
#1780=EDGE_LOOP('',(#1028,#1029,#1030,#1031,#1032));
#1781=EDGE_LOOP('',(#1033,#1034,#1035,#1036));
#1782=EDGE_LOOP('',(#1037,#1038,#1039,#1040));
#1783=EDGE_LOOP('',(#1041,#1042,#1043));
#1784=EDGE_LOOP('',(#1044,#1045,#1046));
#1785=EDGE_LOOP('',(#1047,#1048,#1049,#1050));
#1786=EDGE_LOOP('',(#1051,#1052,#1053,#1054));
#1787=EDGE_LOOP('',(#1055,#1056,#1057,#1058));
#1788=EDGE_LOOP('',(#1059,#1060,#1061,#1062));
#1789=EDGE_LOOP('',(#1063,#1064,#1065,#1066));
#1790=EDGE_LOOP('',(#1067,#1068,#1069,#1070));
#1791=EDGE_LOOP('',(#1071,#1072,#1073));
#1792=EDGE_LOOP('',(#1074,#1075,#1076));
#1793=EDGE_LOOP('',(#1077,#1078,#1079));
#1794=EDGE_LOOP('',(#1080,#1081,#1082,#1083));
#1795=EDGE_LOOP('',(#1084,#1085,#1086,#1087));
#1796=EDGE_LOOP('',(#1088,#1089,#1090,#1091));
#1797=EDGE_LOOP('',(#1092,#1093,#1094,#1095));
#1798=EDGE_LOOP('',(#1096,#1097,#1098));
#1799=EDGE_LOOP('',(#1099,#1100,#1101));
#1800=EDGE_LOOP('',(#1102,#1103,#1104,#1105));
#1801=EDGE_LOOP('',(#1106));
#1802=EDGE_LOOP('',(#1107));
#1803=EDGE_LOOP('',(#1108));
#1804=EDGE_LOOP('',(#1109));
#1805=EDGE_LOOP('',(#1110));
#1806=EDGE_LOOP('',(#1111));
#1807=EDGE_LOOP('',(#1112));
#1808=EDGE_LOOP('',(#1113));
#1809=EDGE_LOOP('',(#1114,#1115,#1116));
#1810=EDGE_LOOP('',(#1117,#1118,#1119,#1120));
#1811=EDGE_LOOP('',(#1121,#1122,#1123,#1124));
#1812=EDGE_LOOP('',(#1125,#1126,#1127,#1128));
#1813=EDGE_LOOP('',(#1129));
#1814=EDGE_LOOP('',(#1130));
#1815=EDGE_LOOP('',(#1131));
#1816=FACE_BOUND('',#1657,.T.);
#1817=FACE_BOUND('',#1658,.T.);
#1818=FACE_BOUND('',#1659,.T.);
#1819=FACE_BOUND('',#1660,.T.);
#1820=FACE_BOUND('',#1661,.T.);
#1821=FACE_BOUND('',#1662,.T.);
#1822=FACE_BOUND('',#1663,.T.);
#1823=FACE_BOUND('',#1664,.T.);
#1824=FACE_BOUND('',#1665,.T.);
#1825=FACE_BOUND('',#1666,.T.);
#1826=FACE_BOUND('',#1667,.T.);
#1827=FACE_BOUND('',#1668,.T.);
#1828=FACE_BOUND('',#1669,.T.);
#1829=FACE_BOUND('',#1670,.T.);
#1830=FACE_BOUND('',#1671,.T.);
#1831=FACE_BOUND('',#1672,.T.);
#1832=FACE_BOUND('',#1673,.T.);
#1833=FACE_BOUND('',#1674,.T.);
#1834=FACE_BOUND('',#1675,.T.);
#1835=FACE_BOUND('',#1676,.T.);
#1836=FACE_BOUND('',#1677,.T.);
#1837=FACE_BOUND('',#1678,.T.);
#1838=FACE_BOUND('',#1679,.T.);
#1839=FACE_BOUND('',#1680,.T.);
#1840=FACE_BOUND('',#1681,.T.);
#1841=FACE_BOUND('',#1682,.T.);
#1842=FACE_BOUND('',#1683,.T.);
#1843=FACE_BOUND('',#1684,.T.);
#1844=FACE_BOUND('',#1685,.T.);
#1845=FACE_BOUND('',#1686,.T.);
#1846=FACE_BOUND('',#1687,.T.);
#1847=FACE_BOUND('',#1688,.T.);
#1848=FACE_BOUND('',#1689,.T.);
#1849=FACE_BOUND('',#1690,.T.);
#1850=FACE_BOUND('',#1691,.T.);
#1851=FACE_BOUND('',#1692,.T.);
#1852=FACE_BOUND('',#1693,.T.);
#1853=FACE_BOUND('',#1694,.T.);
#1854=FACE_BOUND('',#1695,.T.);
#1855=FACE_BOUND('',#1696,.T.);
#1856=FACE_BOUND('',#1697,.T.);
#1857=FACE_BOUND('',#1698,.T.);
#1858=FACE_BOUND('',#1699,.T.);
#1859=FACE_BOUND('',#1700,.T.);
#1860=FACE_BOUND('',#1701,.T.);
#1861=FACE_BOUND('',#1702,.T.);
#1862=FACE_BOUND('',#1703,.T.);
#1863=FACE_BOUND('',#1704,.T.);
#1864=FACE_BOUND('',#1705,.T.);
#1865=FACE_BOUND('',#1706,.T.);
#1866=FACE_BOUND('',#1707,.T.);
#1867=FACE_BOUND('',#1708,.T.);
#1868=FACE_BOUND('',#1709,.T.);
#1869=FACE_BOUND('',#1710,.T.);
#1870=FACE_BOUND('',#1711,.T.);
#1871=FACE_BOUND('',#1712,.T.);
#1872=FACE_BOUND('',#1713,.T.);
#1873=FACE_BOUND('',#1714,.T.);
#1874=FACE_BOUND('',#1715,.T.);
#1875=FACE_BOUND('',#1716,.T.);
#1876=FACE_BOUND('',#1717,.T.);
#1877=FACE_BOUND('',#1718,.T.);
#1878=FACE_BOUND('',#1719,.T.);
#1879=FACE_BOUND('',#1720,.T.);
#1880=FACE_BOUND('',#1721,.T.);
#1881=FACE_BOUND('',#1722,.T.);
#1882=FACE_BOUND('',#1723,.T.);
#1883=FACE_BOUND('',#1724,.T.);
#1884=FACE_BOUND('',#1725,.T.);
#1885=FACE_BOUND('',#1726,.T.);
#1886=FACE_BOUND('',#1727,.T.);
#1887=FACE_BOUND('',#1728,.T.);
#1888=FACE_BOUND('',#1729,.T.);
#1889=FACE_BOUND('',#1730,.T.);
#1890=FACE_BOUND('',#1731,.T.);
#1891=FACE_BOUND('',#1732,.T.);
#1892=FACE_BOUND('',#1733,.T.);
#1893=FACE_BOUND('',#1734,.T.);
#1894=FACE_BOUND('',#1735,.T.);
#1895=FACE_BOUND('',#1736,.T.);
#1896=FACE_BOUND('',#1737,.T.);
#1897=FACE_BOUND('',#1738,.T.);
#1898=FACE_BOUND('',#1739,.T.);
#1899=FACE_BOUND('',#1740,.T.);
#1900=FACE_BOUND('',#1741,.T.);
#1901=FACE_BOUND('',#1742,.T.);
#1902=FACE_BOUND('',#1743,.T.);
#1903=FACE_BOUND('',#1744,.T.);
#1904=FACE_BOUND('',#1745,.T.);
#1905=FACE_BOUND('',#1746,.T.);
#1906=FACE_BOUND('',#1747,.T.);
#1907=FACE_BOUND('',#1748,.T.);
#1908=FACE_BOUND('',#1749,.T.);
#1909=FACE_BOUND('',#1750,.T.);
#1910=FACE_BOUND('',#1751,.T.);
#1911=FACE_BOUND('',#1752,.T.);
#1912=FACE_BOUND('',#1753,.T.);
#1913=FACE_BOUND('',#1754,.T.);
#1914=FACE_BOUND('',#1755,.T.);
#1915=FACE_BOUND('',#1756,.T.);
#1916=FACE_BOUND('',#1757,.T.);
#1917=FACE_BOUND('',#1758,.T.);
#1918=FACE_BOUND('',#1759,.T.);
#1919=FACE_BOUND('',#1760,.T.);
#1920=FACE_BOUND('',#1761,.T.);
#1921=FACE_BOUND('',#1762,.T.);
#1922=FACE_BOUND('',#1763,.T.);
#1923=FACE_BOUND('',#1764,.T.);
#1924=FACE_BOUND('',#1765,.T.);
#1925=FACE_BOUND('',#1766,.T.);
#1926=FACE_BOUND('',#1767,.T.);
#1927=FACE_BOUND('',#1768,.T.);
#1928=FACE_BOUND('',#1769,.T.);
#1929=FACE_BOUND('',#1770,.T.);
#1930=FACE_BOUND('',#1771,.T.);
#1931=FACE_BOUND('',#1772,.T.);
#1932=FACE_BOUND('',#1773,.T.);
#1933=FACE_BOUND('',#1774,.T.);
#1934=FACE_BOUND('',#1775,.T.);
#1935=FACE_BOUND('',#1776,.T.);
#1936=FACE_BOUND('',#1777,.T.);
#1937=FACE_BOUND('',#1778,.T.);
#1938=FACE_BOUND('',#1779,.T.);
#1939=FACE_BOUND('',#1780,.T.);
#1940=FACE_BOUND('',#1781,.T.);
#1941=FACE_BOUND('',#1782,.T.);
#1942=FACE_BOUND('',#1783,.T.);
#1943=FACE_BOUND('',#1784,.T.);
#1944=FACE_BOUND('',#1785,.T.);
#1945=FACE_BOUND('',#1786,.T.);
#1946=FACE_BOUND('',#1787,.T.);
#1947=FACE_BOUND('',#1788,.T.);
#1948=FACE_BOUND('',#1789,.T.);
#1949=FACE_BOUND('',#1790,.T.);
#1950=FACE_BOUND('',#1791,.T.);
#1951=FACE_BOUND('',#1792,.T.);
#1952=FACE_BOUND('',#1793,.T.);
#1953=FACE_BOUND('',#1794,.T.);
#1954=FACE_BOUND('',#1795,.T.);
#1955=FACE_BOUND('',#1796,.T.);
#1956=FACE_BOUND('',#1797,.T.);
#1957=FACE_BOUND('',#1798,.T.);
#1958=FACE_BOUND('',#1799,.T.);
#1959=FACE_BOUND('',#1800,.T.);
#1960=FACE_BOUND('',#1801,.T.);
#1961=FACE_BOUND('',#1802,.T.);
#1962=FACE_BOUND('',#1803,.T.);
#1963=FACE_BOUND('',#1804,.T.);
#1964=FACE_BOUND('',#1805,.T.);
#1965=FACE_BOUND('',#1806,.T.);
#1966=FACE_BOUND('',#1807,.T.);
#1967=FACE_BOUND('',#1808,.T.);
#1968=FACE_BOUND('',#1809,.T.);
#1969=FACE_BOUND('',#1810,.T.);
#1970=FACE_BOUND('',#1811,.T.);
#1971=FACE_BOUND('',#1812,.T.);
#1972=FACE_BOUND('',#1813,.T.);
#1973=FACE_BOUND('',#1814,.T.);
#1974=FACE_BOUND('',#1815,.T.);
#1975=PLANE('',#2204);
#1976=PLANE('',#2206);
#1977=PLANE('',#2208);
#1978=PLANE('',#2209);
#1979=PLANE('',#2213);
#1980=PLANE('',#2214);
#1981=PLANE('',#2216);
#1982=PLANE('',#2217);
#1983=PLANE('',#2222);
#1984=PLANE('',#2225);
#1985=PLANE('',#2226);
#1986=PLANE('',#2227);
#1987=PLANE('',#2228);
#1988=PLANE('',#2229);
#1989=PLANE('',#2230);
#1990=PLANE('',#2231);
#1991=PLANE('',#2232);
#1992=PLANE('',#2233);
#1993=PLANE('',#2237);
#1994=PLANE('',#2238);
#1995=PLANE('',#2247);
#1996=PLANE('',#2248);
#1997=PLANE('',#2249);
#1998=PLANE('',#2250);
#1999=PLANE('',#2251);
#2000=PLANE('',#2252);
#2001=PLANE('',#2253);
#2002=PLANE('',#2254);
#2003=PLANE('',#2255);
#2004=PLANE('',#2256);
#2005=PLANE('',#2257);
#2006=PLANE('',#2258);
#2007=PLANE('',#2259);
#2008=PLANE('',#2261);
#2009=PLANE('',#2263);
#2010=PLANE('',#2264);
#2011=PLANE('',#2265);
#2012=PLANE('',#2266);
#2013=PLANE('',#2268);
#2014=PLANE('',#2269);
#2015=PLANE('',#2270);
#2016=PLANE('',#2271);
#2017=PLANE('',#2273);
#2018=PLANE('',#2276);
#2019=PLANE('',#2277);
#2020=PLANE('',#2278);
#2021=PLANE('',#2279);
#2022=PLANE('',#2280);
#2023=PLANE('',#2282);
#2024=PLANE('',#2283);
#2025=PLANE('',#2285);
#2026=PLANE('',#2286);
#2027=PLANE('',#2287);
#2028=PLANE('',#2288);
#2029=PLANE('',#2289);
#2030=PLANE('',#2290);
#2031=PLANE('',#2291);
#2032=PLANE('',#2292);
#2033=PLANE('',#2293);
#2034=PLANE('',#2294);
#2035=PLANE('',#2298);
#2036=PLANE('',#2299);
#2037=PLANE('',#2312);
#2038=PLANE('',#2317);
#2039=PLANE('',#2318);
#2040=PLANE('',#2319);
#2041=PLANE('',#2320);
#2042=PLANE('',#2321);
#2043=PLANE('',#2322);
#2044=PLANE('',#2323);
#2045=PLANE('',#2324);
#2046=PLANE('',#2325);
#2047=PLANE('',#2326);
#2048=PLANE('',#2327);
#2049=PLANE('',#2328);
#2050=PLANE('',#2329);
#2051=PLANE('',#2330);
#2052=PLANE('',#2331);
#2053=PLANE('',#2332);
#2054=PLANE('',#2333);
#2055=PLANE('',#2334);
#2056=PLANE('',#2335);
#2057=PLANE('',#2336);
#2058=PLANE('',#2337);
#2059=PLANE('',#2338);
#2060=PLANE('',#2339);
#2061=PLANE('',#2340);
#2062=PLANE('',#2341);
#2063=PLANE('',#2342);
#2064=PLANE('',#2343);
#2065=PLANE('',#2344);
#2066=PLANE('',#2345);
#2067=PLANE('',#2346);
#2068=PLANE('',#2351);
#2069=PLANE('',#2352);
#2070=PLANE('',#2353);
#2071=PLANE('',#2354);
#2072=PLANE('',#2357);
#2073=ADVANCED_FACE('',(#1816,#1817),#1975,.T.);
#2074=ADVANCED_FACE('',(#1818),#1976,.T.);
#2075=ADVANCED_FACE('',(#1819),#1977,.T.);
#2076=ADVANCED_FACE('',(#1820,#1821,#1822,#1823),#1978,.F.);
#2077=ADVANCED_FACE('',(#1824),#1979,.F.);
#2078=ADVANCED_FACE('',(#1825),#1980,.T.);
#2079=ADVANCED_FACE('',(#1826),#1981,.T.);
#2080=ADVANCED_FACE('',(#1827,#1828),#1982,.F.);
#2081=ADVANCED_FACE('',(#1829),#18,.F.);
#2082=ADVANCED_FACE('',(#1830,#1831,#1832),#1983,.F.);
#2083=ADVANCED_FACE('',(#1833),#1984,.F.);
#2084=ADVANCED_FACE('',(#1834),#1985,.F.);
#2085=ADVANCED_FACE('',(#1835),#1986,.F.);
#2086=ADVANCED_FACE('',(#1836),#1987,.F.);
#2087=ADVANCED_FACE('',(#1837),#1988,.T.);
#2088=ADVANCED_FACE('',(#1838),#1989,.T.);
#2089=ADVANCED_FACE('',(#1839),#1990,.T.);
#2090=ADVANCED_FACE('',(#1840),#1991,.T.);
#2091=ADVANCED_FACE('',(#1841,#1842),#1992,.F.);
#2092=ADVANCED_FACE('',(#1843,#1844),#19,.F.);
#2093=ADVANCED_FACE('',(#1845),#1993,.T.);
#2094=ADVANCED_FACE('',(#1846,#1847),#1994,.T.);
#2095=ADVANCED_FACE('',(#1848,#1849),#20,.F.);
#2096=ADVANCED_FACE('',(#1850,#1851),#21,.F.);
#2097=ADVANCED_FACE('',(#1852,#1853),#22,.F.);
#2098=ADVANCED_FACE('',(#1854,#1855),#12,.F.);
#2099=ADVANCED_FACE('',(#1856,#1857),#13,.F.);
#2100=ADVANCED_FACE('',(#1858),#1995,.T.);
#2101=ADVANCED_FACE('',(#1859),#1996,.T.);
#2102=ADVANCED_FACE('',(#1860),#1997,.T.);
#2103=ADVANCED_FACE('',(#1861),#1998,.F.);
#2104=ADVANCED_FACE('',(#1862),#1999,.T.);
#2105=ADVANCED_FACE('',(#1863),#2000,.F.);
#2106=ADVANCED_FACE('',(#1864),#2001,.T.);
#2107=ADVANCED_FACE('',(#1865),#2002,.F.);
#2108=ADVANCED_FACE('',(#1866),#2003,.F.);
#2109=ADVANCED_FACE('',(#1867),#2004,.F.);
#2110=ADVANCED_FACE('',(#1868),#2005,.T.);
#2111=ADVANCED_FACE('',(#1869),#2006,.T.);
#2112=ADVANCED_FACE('',(#1870,#1871),#2007,.T.);
#2113=ADVANCED_FACE('',(#1872),#2008,.F.);
#2114=ADVANCED_FACE('',(#1873),#2009,.F.);
#2115=ADVANCED_FACE('',(#1874),#2010,.F.);
#2116=ADVANCED_FACE('',(#1875),#2011,.F.);
#2117=ADVANCED_FACE('',(#1876,#1877),#2012,.T.);
#2118=ADVANCED_FACE('',(#1878),#2013,.F.);
#2119=ADVANCED_FACE('',(#1879),#2014,.F.);
#2120=ADVANCED_FACE('',(#1880),#2015,.T.);
#2121=ADVANCED_FACE('',(#1881),#2016,.F.);
#2122=ADVANCED_FACE('',(#1882,#1883),#23,.F.);
#2123=ADVANCED_FACE('',(#1884),#2017,.T.);
#2124=ADVANCED_FACE('',(#1885,#1886),#24,.F.);
#2125=ADVANCED_FACE('',(#1887),#2018,.F.);
#2126=ADVANCED_FACE('',(#1888),#2019,.T.);
#2127=ADVANCED_FACE('',(#1889),#2020,.F.);
#2128=ADVANCED_FACE('',(#1890),#2021,.F.);
#2129=ADVANCED_FACE('',(#1891,#1892),#2022,.F.);
#2130=ADVANCED_FACE('',(#1893),#2023,.T.);
#2131=ADVANCED_FACE('',(#1894,#1895),#2024,.F.);
#2132=ADVANCED_FACE('',(#1896),#2025,.T.);
#2133=ADVANCED_FACE('',(#1897),#2026,.T.);
#2134=ADVANCED_FACE('',(#1898),#2027,.F.);
#2135=ADVANCED_FACE('',(#1899),#2028,.F.);
#2136=ADVANCED_FACE('',(#1900),#2029,.T.);
#2137=ADVANCED_FACE('',(#1901),#2030,.T.);
#2138=ADVANCED_FACE('',(#1902),#2031,.F.);
#2139=ADVANCED_FACE('',(#1903),#2032,.F.);
#2140=ADVANCED_FACE('',(#1904),#2033,.F.);
#2141=ADVANCED_FACE('',(#1905),#2034,.T.);
#2142=ADVANCED_FACE('',(#1906,#1907),#25,.F.);
#2143=ADVANCED_FACE('',(#1908,#1909),#26,.F.);
#2144=ADVANCED_FACE('',(#1910),#2035,.F.);
#2145=ADVANCED_FACE('',(#1911),#2036,.F.);
#2146=ADVANCED_FACE('',(#1912,#1913),#27,.F.);
#2147=ADVANCED_FACE('',(#1914,#1915),#28,.F.);
#2148=ADVANCED_FACE('',(#1916,#1917),#29,.F.);
#2149=ADVANCED_FACE('',(#1918,#1919),#30,.F.);
#2150=ADVANCED_FACE('',(#1920,#1921,#1922,#1923,#1924),#2037,.T.);
#2151=ADVANCED_FACE('',(#1925,#1926,#1927,#1928,#1929),#2038,.F.);
#2152=ADVANCED_FACE('',(#1930),#2039,.T.);
#2153=ADVANCED_FACE('',(#1931),#2040,.F.);
#2154=ADVANCED_FACE('',(#1932),#2041,.F.);
#2155=ADVANCED_FACE('',(#1933),#2042,.F.);
#2156=ADVANCED_FACE('',(#1934),#2043,.T.);
#2157=ADVANCED_FACE('',(#1935,#1936),#2044,.T.);
#2158=ADVANCED_FACE('',(#1937),#2045,.T.);
#2159=ADVANCED_FACE('',(#1938),#2046,.T.);
#2160=ADVANCED_FACE('',(#1939),#2047,.T.);
#2161=ADVANCED_FACE('',(#1940),#2048,.F.);
#2162=ADVANCED_FACE('',(#1941),#2049,.F.);
#2163=ADVANCED_FACE('',(#1942),#2050,.T.);
#2164=ADVANCED_FACE('',(#1943),#2051,.T.);
#2165=ADVANCED_FACE('',(#1944),#2052,.F.);
#2166=ADVANCED_FACE('',(#1945),#2053,.F.);
#2167=ADVANCED_FACE('',(#1946),#2054,.F.);
#2168=ADVANCED_FACE('',(#1947),#2055,.F.);
#2169=ADVANCED_FACE('',(#1948),#2056,.T.);
#2170=ADVANCED_FACE('',(#1949),#2057,.F.);
#2171=ADVANCED_FACE('',(#1950),#2058,.T.);
#2172=ADVANCED_FACE('',(#1951),#2059,.T.);
#2173=ADVANCED_FACE('',(#1952),#2060,.T.);
#2174=ADVANCED_FACE('',(#1953),#2061,.F.);
#2175=ADVANCED_FACE('',(#1954),#2062,.T.);
#2176=ADVANCED_FACE('',(#1955),#2063,.T.);
#2177=ADVANCED_FACE('',(#1956),#2064,.F.);
#2178=ADVANCED_FACE('',(#1957),#2065,.T.);
#2179=ADVANCED_FACE('',(#1958),#2066,.T.);
#2180=ADVANCED_FACE('',(#1959),#2067,.T.);
#2181=ADVANCED_FACE('',(#1960,#1961),#14,.F.);
#2182=ADVANCED_FACE('',(#1962,#1963),#15,.F.);
#2183=ADVANCED_FACE('',(#1964,#1965),#16,.F.);
#2184=ADVANCED_FACE('',(#1966,#1967),#17,.F.);
#2185=ADVANCED_FACE('',(#1968),#2068,.F.);
#2186=ADVANCED_FACE('',(#1969),#2069,.F.);
#2187=ADVANCED_FACE('',(#1970),#2070,.F.);
#2188=ADVANCED_FACE('',(#1971),#2071,.T.);
#2189=ADVANCED_FACE('',(#1972,#1973),#31,.F.);
#2190=ADVANCED_FACE('',(#1974),#2072,.F.);
#2191=CLOSED_SHELL('',(#2073,#2074,#2075,#2076,#2077,#2078,#2079,#2080,
#2081,#2082,#2083,#2084,#2085,#2086,#2087,#2088,#2089,#2090,#2091,#2092,
#2093,#2094,#2095,#2096,#2097,#2098,#2099,#2100,#2101,#2102,#2103,#2104,
#2105,#2106,#2107,#2108,#2109,#2110,#2111,#2112,#2113,#2114,#2115,#2116,
#2117,#2118,#2119,#2120,#2121,#2122,#2123,#2124,#2125,#2126,#2127,#2128,
#2129,#2130,#2131,#2132,#2133,#2134,#2135,#2136,#2137,#2138,#2139,#2140,
#2141,#2142,#2143,#2144,#2145,#2146,#2147,#2148,#2149,#2150,#2151,#2152,
#2153,#2154,#2155,#2156,#2157,#2158,#2159,#2160,#2161,#2162,#2163,#2164,
#2165,#2166,#2167,#2168,#2169,#2170,#2171,#2172,#2173,#2174,#2175,#2176,
#2177,#2178,#2179,#2180,#2181,#2182,#2183,#2184,#2185,#2186,#2187,#2188,
#2189,#2190));
#2192=STYLED_ITEM('',(#2193),#2200);
#2193=PRESENTATION_STYLE_ASSIGNMENT((#2194));
#2194=SURFACE_STYLE_USAGE(.BOTH.,#2195);
#2195=SURFACE_SIDE_STYLE('',(#2196));
#2196=SURFACE_STYLE_FILL_AREA(#2197);
#2197=FILL_AREA_STYLE('',(#2198));
#2198=FILL_AREA_STYLE_COLOUR('',#2199);
#2199=COLOUR_RGB('',0.866666666666667,0.32156862745098,0.156862745098039);
#2200=MANIFOLD_SOLID_BREP('TBL-Rod Mount',#2191);
#2201=SHAPE_DEFINITION_REPRESENTATION(#3539,#2202);
#2202=SHAPE_REPRESENTATION('TBL-Rod Mount',(#2203),#3534);
#2203=AXIS2_PLACEMENT_3D('',#2925,#2358,#2359);
#2204=AXIS2_PLACEMENT_3D('',#2926,#2360,#2361);
#2205=AXIS2_PLACEMENT_3D('',#2927,#2362,#2363);
#2206=AXIS2_PLACEMENT_3D('',#2953,#2376,#2377);
#2207=AXIS2_PLACEMENT_3D('',#2957,#2379,#2380);
#2208=AXIS2_PLACEMENT_3D('',#2966,#2385,#2386);
#2209=AXIS2_PLACEMENT_3D('',#2972,#2390,#2391);
#2210=AXIS2_PLACEMENT_3D('',#2973,#2392,#2393);
#2211=AXIS2_PLACEMENT_3D('',#2975,#2394,#2395);
#2212=AXIS2_PLACEMENT_3D('',#3022,#2420,#2421);
#2213=AXIS2_PLACEMENT_3D('',#3024,#2422,#2423);
#2214=AXIS2_PLACEMENT_3D('',#3028,#2426,#2427);
#2215=AXIS2_PLACEMENT_3D('',#3062,#2444,#2445);
#2216=AXIS2_PLACEMENT_3D('',#3073,#2452,#2453);
#2217=AXIS2_PLACEMENT_3D('',#3078,#2457,#2458);
#2218=AXIS2_PLACEMENT_3D('',#3079,#2459,#2460);
#2219=AXIS2_PLACEMENT_3D('',#3095,#2469,#2470);
#2220=AXIS2_PLACEMENT_3D('',#3096,#2471,#2472);
#2221=AXIS2_PLACEMENT_3D('',#3101,#2474,#2475);
#2222=AXIS2_PLACEMENT_3D('',#3104,#2477,#2478);
#2223=AXIS2_PLACEMENT_3D('',#3105,#2479,#2480);
#2224=AXIS2_PLACEMENT_3D('',#3107,#2481,#2482);
#2225=AXIS2_PLACEMENT_3D('',#3121,#2489,#2490);
#2226=AXIS2_PLACEMENT_3D('',#3131,#2496,#2497);
#2227=AXIS2_PLACEMENT_3D('',#3143,#2504,#2505);
#2228=AXIS2_PLACEMENT_3D('',#3152,#2511,#2512);
#2229=AXIS2_PLACEMENT_3D('',#3161,#2518,#2519);
#2230=AXIS2_PLACEMENT_3D('',#3167,#2523,#2524);
#2231=AXIS2_PLACEMENT_3D('',#3169,#2526,#2527);
#2232=AXIS2_PLACEMENT_3D('',#3171,#2529,#2530);
#2233=AXIS2_PLACEMENT_3D('',#3172,#2531,#2532);
#2234=AXIS2_PLACEMENT_3D('',#3173,#2533,#2534);
#2235=AXIS2_PLACEMENT_3D('',#3180,#2538,#2539);
#2236=AXIS2_PLACEMENT_3D('',#3181,#2540,#2541);
#2237=AXIS2_PLACEMENT_3D('',#3183,#2542,#2543);
#2238=AXIS2_PLACEMENT_3D('',#3199,#2552,#2553);
#2239=AXIS2_PLACEMENT_3D('',#3200,#2554,#2555);
#2240=AXIS2_PLACEMENT_3D('',#3202,#2556,#2557);
#2241=AXIS2_PLACEMENT_3D('',#3203,#2558,#2559);
#2242=AXIS2_PLACEMENT_3D('',#3204,#2560,#2561);
#2243=AXIS2_PLACEMENT_3D('',#3206,#2562,#2563);
#2244=AXIS2_PLACEMENT_3D('',#3207,#2564,#2565);
#2245=AXIS2_PLACEMENT_3D('',#3209,#2566,#2567);
#2246=AXIS2_PLACEMENT_3D('',#3210,#2568,#2569);
#2247=AXIS2_PLACEMENT_3D('',#3211,#2570,#2571);
#2248=AXIS2_PLACEMENT_3D('',#3216,#2575,#2576);
#2249=AXIS2_PLACEMENT_3D('',#3218,#2578,#2579);
#2250=AXIS2_PLACEMENT_3D('',#3220,#2581,#2582);
#2251=AXIS2_PLACEMENT_3D('',#3222,#2584,#2585);
#2252=AXIS2_PLACEMENT_3D('',#3224,#2587,#2588);
#2253=AXIS2_PLACEMENT_3D('',#3230,#2592,#2593);
#2254=AXIS2_PLACEMENT_3D('',#3236,#2597,#2598);
#2255=AXIS2_PLACEMENT_3D('',#3239,#2601,#2602);
#2256=AXIS2_PLACEMENT_3D('',#3242,#2605,#2606);
#2257=AXIS2_PLACEMENT_3D('',#3248,#2610,#2611);
#2258=AXIS2_PLACEMENT_3D('',#3257,#2616,#2617);
#2259=AXIS2_PLACEMENT_3D('',#3263,#2621,#2622);
#2260=AXIS2_PLACEMENT_3D('',#3264,#2623,#2624);
#2261=AXIS2_PLACEMENT_3D('',#3268,#2627,#2628);
#2262=AXIS2_PLACEMENT_3D('',#3269,#2629,#2630);
#2263=AXIS2_PLACEMENT_3D('',#3272,#2633,#2634);
#2264=AXIS2_PLACEMENT_3D('',#3276,#2637,#2638);
#2265=AXIS2_PLACEMENT_3D('',#3282,#2642,#2643);
#2266=AXIS2_PLACEMENT_3D('',#3286,#2646,#2647);
#2267=AXIS2_PLACEMENT_3D('',#3287,#2648,#2649);
#2268=AXIS2_PLACEMENT_3D('',#3291,#2652,#2653);
#2269=AXIS2_PLACEMENT_3D('',#3292,#2654,#2655);
#2270=AXIS2_PLACEMENT_3D('',#3293,#2656,#2657);
#2271=AXIS2_PLACEMENT_3D('',#3294,#2658,#2659);
#2272=AXIS2_PLACEMENT_3D('',#3295,#2660,#2661);
#2273=AXIS2_PLACEMENT_3D('',#3296,#2662,#2663);
#2274=AXIS2_PLACEMENT_3D('',#3297,#2664,#2665);
#2275=AXIS2_PLACEMENT_3D('',#3298,#2666,#2667);
#2276=AXIS2_PLACEMENT_3D('',#3299,#2668,#2669);
#2277=AXIS2_PLACEMENT_3D('',#3305,#2673,#2674);
#2278=AXIS2_PLACEMENT_3D('',#3307,#2676,#2677);
#2279=AXIS2_PLACEMENT_3D('',#3309,#2679,#2680);
#2280=AXIS2_PLACEMENT_3D('',#3310,#2681,#2682);
#2281=AXIS2_PLACEMENT_3D('',#3311,#2683,#2684);
#2282=AXIS2_PLACEMENT_3D('',#3324,#2691,#2692);
#2283=AXIS2_PLACEMENT_3D('',#3327,#2695,#2696);
#2284=AXIS2_PLACEMENT_3D('',#3328,#2697,#2698);
#2285=AXIS2_PLACEMENT_3D('',#3337,#2704,#2705);
#2286=AXIS2_PLACEMENT_3D('',#3340,#2708,#2709);
#2287=AXIS2_PLACEMENT_3D('',#3342,#2711,#2712);
#2288=AXIS2_PLACEMENT_3D('',#3343,#2713,#2714);
#2289=AXIS2_PLACEMENT_3D('',#3344,#2715,#2716);
#2290=AXIS2_PLACEMENT_3D('',#3345,#2717,#2718);
#2291=AXIS2_PLACEMENT_3D('',#3357,#2726,#2727);
#2292=AXIS2_PLACEMENT_3D('',#3359,#2729,#2730);
#2293=AXIS2_PLACEMENT_3D('',#3360,#2731,#2732);
#2294=AXIS2_PLACEMENT_3D('',#3361,#2733,#2734);
#2295=AXIS2_PLACEMENT_3D('',#3362,#2735,#2736);
#2296=AXIS2_PLACEMENT_3D('',#3363,#2737,#2738);
#2297=AXIS2_PLACEMENT_3D('',#3364,#2739,#2740);
#2298=AXIS2_PLACEMENT_3D('',#3365,#2741,#2742);
#2299=AXIS2_PLACEMENT_3D('',#3366,#2743,#2744);
#2300=AXIS2_PLACEMENT_3D('',#3367,#2745,#2746);
#2301=AXIS2_PLACEMENT_3D('',#3368,#2747,#2748);
#2302=AXIS2_PLACEMENT_3D('',#3370,#2749,#2750);
#2303=AXIS2_PLACEMENT_3D('',#3372,#2751,#2752);
#2304=AXIS2_PLACEMENT_3D('',#3373,#2753,#2754);
#2305=AXIS2_PLACEMENT_3D('',#3375,#2755,#2756);
#2306=AXIS2_PLACEMENT_3D('',#3377,#2757,#2758);
#2307=AXIS2_PLACEMENT_3D('',#3378,#2759,#2760);
#2308=AXIS2_PLACEMENT_3D('',#3380,#2761,#2762);
#2309=AXIS2_PLACEMENT_3D('',#3382,#2763,#2764);
#2310=AXIS2_PLACEMENT_3D('',#3383,#2765,#2766);
#2311=AXIS2_PLACEMENT_3D('',#3385,#2767,#2768);
#2312=AXIS2_PLACEMENT_3D('',#3387,#2769,#2770);
#2313=AXIS2_PLACEMENT_3D('',#3388,#2771,#2772);
#2314=AXIS2_PLACEMENT_3D('',#3403,#2780,#2781);
#2315=AXIS2_PLACEMENT_3D('',#3405,#2782,#2783);
#2316=AXIS2_PLACEMENT_3D('',#3407,#2784,#2785);
#2317=AXIS2_PLACEMENT_3D('',#3409,#2786,#2787);
#2318=AXIS2_PLACEMENT_3D('',#3418,#2792,#2793);
#2319=AXIS2_PLACEMENT_3D('',#3424,#2797,#2798);
#2320=AXIS2_PLACEMENT_3D('',#3428,#2801,#2802);
#2321=AXIS2_PLACEMENT_3D('',#3432,#2805,#2806);
#2322=AXIS2_PLACEMENT_3D('',#3441,#2811,#2812);
#2323=AXIS2_PLACEMENT_3D('',#3450,#2817,#2818);
#2324=AXIS2_PLACEMENT_3D('',#3462,#2825,#2826);
#2325=AXIS2_PLACEMENT_3D('',#3468,#2830,#2831);
#2326=AXIS2_PLACEMENT_3D('',#3469,#2832,#2833);
#2327=AXIS2_PLACEMENT_3D('',#3475,#2837,#2838);
#2328=AXIS2_PLACEMENT_3D('',#3477,#2840,#2841);
#2329=AXIS2_PLACEMENT_3D('',#3480,#2844,#2845);
#2330=AXIS2_PLACEMENT_3D('',#3482,#2847,#2848);
#2331=AXIS2_PLACEMENT_3D('',#3485,#2851,#2852);
#2332=AXIS2_PLACEMENT_3D('',#3487,#2854,#2855);
#2333=AXIS2_PLACEMENT_3D('',#3490,#2858,#2859);
#2334=AXIS2_PLACEMENT_3D('',#3492,#2861,#2862);
#2335=AXIS2_PLACEMENT_3D('',#3494,#2864,#2865);
#2336=AXIS2_PLACEMENT_3D('',#3497,#2868,#2869);
#2337=AXIS2_PLACEMENT_3D('',#3499,#2871,#2872);
#2338=AXIS2_PLACEMENT_3D('',#3501,#2874,#2875);
#2339=AXIS2_PLACEMENT_3D('',#3503,#2877,#2878);
#2340=AXIS2_PLACEMENT_3D('',#3505,#2880,#2881);
#2341=AXIS2_PLACEMENT_3D('',#3507,#2883,#2884);
#2342=AXIS2_PLACEMENT_3D('',#3509,#2886,#2887);
#2343=AXIS2_PLACEMENT_3D('',#3511,#2889,#2890);
#2344=AXIS2_PLACEMENT_3D('',#3513,#2892,#2893);
#2345=AXIS2_PLACEMENT_3D('',#3515,#2895,#2896);
#2346=AXIS2_PLACEMENT_3D('',#3517,#2898,#2899);
#2347=AXIS2_PLACEMENT_3D('',#3518,#2900,#2901);
#2348=AXIS2_PLACEMENT_3D('',#3519,#2902,#2903);
#2349=AXIS2_PLACEMENT_3D('',#3520,#2904,#2905);
#2350=AXIS2_PLACEMENT_3D('',#3521,#2906,#2907);
#2351=AXIS2_PLACEMENT_3D('',#3522,#2908,#2909);
#2352=AXIS2_PLACEMENT_3D('',#3524,#2911,#2912);
#2353=AXIS2_PLACEMENT_3D('',#3527,#2915,#2916);
#2354=AXIS2_PLACEMENT_3D('',#3528,#2917,#2918);
#2355=AXIS2_PLACEMENT_3D('',#3529,#2919,#2920);
#2356=AXIS2_PLACEMENT_3D('',#3530,#2921,#2922);
#2357=AXIS2_PLACEMENT_3D('',#3532,#2923,#2924);
#2358=DIRECTION('',(0.,0.,1.));
#2359=DIRECTION('',(1.,0.,0.));
#2360=DIRECTION('',(0.,1.,0.));
#2361=DIRECTION('',(1.,0.,0.));
#2362=DIRECTION('',(0.,1.,0.));
#2363=DIRECTION('',(1.,0.,0.));
#2364=DIRECTION('',(1.,0.,0.));
#2365=DIRECTION('',(-0.707106781186548,0.,0.707106781186548));
#2366=DIRECTION('',(0.,0.,-1.));
#2367=DIRECTION('',(0.707106781186548,0.,-0.707106781186548));
#2368=DIRECTION('',(1.,0.,0.));
#2369=DIRECTION('',(0.,0.,-1.));
#2370=DIRECTION('',(0.707106781186548,0.,-0.707106781186548));
#2371=DIRECTION('',(-1.,0.,0.));
#2372=DIRECTION('',(-0.707106781186548,0.,-0.707106781186548));
#2373=DIRECTION('',(1.,0.,0.));
#2374=DIRECTION('',(0.707106781186548,0.,-0.707106781186548));
#2375=DIRECTION('',(0.,0.,1.));
#2376=DIRECTION('',(0.,1.,0.));
#2377=DIRECTION('',(1.,0.,0.));
#2378=DIRECTION('',(1.,0.,0.));
#2379=DIRECTION('',(0.,-1.,0.));
#2380=DIRECTION('',(-1.,0.,0.));
#2381=DIRECTION('',(1.,0.,0.));
#2382=DIRECTION('',(0.707106781186548,0.,0.707106781186548));
#2383=DIRECTION('',(1.,0.,0.));
#2384=DIRECTION('',(-0.707106781186548,0.,0.707106781186548));
#2385=DIRECTION('',(0.,0.,1.));
#2386=DIRECTION('',(1.,0.,0.));
#2387=DIRECTION('',(0.,1.,0.));
#2388=DIRECTION('',(1.,0.,0.));
#2389=DIRECTION('',(0.,-1.,0.));
#2390=DIRECTION('',(0.,0.,-1.));
#2391=DIRECTION('',(0.,1.,0.));
#2392=DIRECTION('',(0.,0.,-1.));
#2393=DIRECTION('',(0.,1.,0.));
#2394=DIRECTION('',(0.,0.,-1.));
#2395=DIRECTION('',(0.,1.,0.));
#2396=DIRECTION('',(-1.,0.,0.));
#2397=DIRECTION('',(0.,1.,0.));
#2398=DIRECTION('',(0.,1.,0.));
#2399=DIRECTION('',(1.,0.,0.));
#2400=DIRECTION('',(0.,-1.,0.));
#2401=DIRECTION('',(1.,0.,0.));
#2402=DIRECTION('',(0.,1.,0.));
#2403=DIRECTION('',(1.,0.,0.));
#2404=DIRECTION('',(0.,1.,0.));
#2405=DIRECTION('',(-1.,0.,0.));
#2406=DIRECTION('',(0.,1.,0.));
#2407=DIRECTION('',(-1.,0.,0.));
#2408=DIRECTION('',(1.,0.,0.));
#2409=DIRECTION('',(0.,-1.,0.));
#2410=DIRECTION('',(1.,0.,0.));
#2411=DIRECTION('',(1.,0.,0.));
#2412=DIRECTION('',(0.,1.,0.));
#2413=DIRECTION('',(1.,0.,0.));
#2414=DIRECTION('',(0.,-1.,0.));
#2415=DIRECTION('',(0.,1.,0.));
#2416=DIRECTION('',(1.,0.,0.));
#2417=DIRECTION('',(0.,-1.,0.));
#2418=DIRECTION('',(1.,0.,0.));
#2419=DIRECTION('',(0.,-1.,0.));
#2420=DIRECTION('',(0.,0.,-1.));
#2421=DIRECTION('',(0.,1.,0.));
#2422=DIRECTION('',(-1.,0.,0.));
#2423=DIRECTION('',(0.,1.,0.));
#2424=DIRECTION('',(0.,0.,-1.));
#2425=DIRECTION('',(0.,-1.,0.));
#2426=DIRECTION('',(1.,0.,0.));
#2427=DIRECTION('',(0.,-1.,0.));
#2428=DIRECTION('',(0.,0.,1.));
#2429=DIRECTION('',(0.,1.,0.));
#2430=DIRECTION('',(0.,0.,1.));
#2431=DIRECTION('',(0.,-1.,0.));
#2432=DIRECTION('',(0.,0.,1.));
#2433=DIRECTION('',(0.,1.,0.));
#2434=DIRECTION('',(0.,0.,-1.));
#2435=DIRECTION('',(0.,-1.,0.));
#2436=DIRECTION('',(0.,0.,-1.));
#2437=DIRECTION('',(0.,-1.,0.));
#2438=DIRECTION('',(0.,0.,-1.));
#2439=DIRECTION('',(0.,0.,-1.));
#2440=DIRECTION('',(0.,-1.,0.));
#2441=DIRECTION('',(0.,-1.,0.));
#2442=DIRECTION('',(0.,0.,-1.));
#2443=DIRECTION('',(0.,-1.,0.));
#2444=DIRECTION('',(1.,0.,0.));
#2445=DIRECTION('',(0.,-1.,0.));
#2446=DIRECTION('',(0.,-1.,0.));
#2447=DIRECTION('',(0.,-1.,0.));
#2448=DIRECTION('',(0.,-1.,0.));
#2449=DIRECTION('',(0.,0.,1.));
#2450=DIRECTION('',(0.,1.,0.));
#2451=DIRECTION('',(0.,-0.723940924484559,0.689861970147972));
#2452=DIRECTION('',(0.707106781186548,0.,0.707106781186548));
#2453=DIRECTION('',(0.,1.,0.));
#2454=DIRECTION('',(-0.707106781186548,0.,0.707106781186548));
#2455=DIRECTION('',(0.707106781186548,0.,-0.707106781186548));
#2456=DIRECTION('',(0.707106781186548,0.,-0.707106781186548));
#2457=DIRECTION('',(0.,-1.,0.));
#2458=DIRECTION('',(1.,0.,0.));
#2459=DIRECTION('',(0.,1.,0.));
#2460=DIRECTION('',(1.,0.,0.));
#2461=DIRECTION('',(0.581622872665535,0.,-0.81345856316858));
#2462=DIRECTION('',(0.889275793178229,0.,-0.457371362972402));
#2463=DIRECTION('',(-0.813458563168582,0.,-0.581622872665532));
#2464=DIRECTION('',(-0.986471543585767,0.,0.163932588875776));
#2465=DIRECTION('',(-0.581622872665535,0.,0.813458563168581));
#2466=DIRECTION('',(0.16393258887577,0.,0.986471543585768));
#2467=DIRECTION('',(0.81345856316858,0.,0.581622872665536));
#2468=DIRECTION('',(-0.305402551423055,0.,0.952223335979689));
#2469=DIRECTION('',(0.,1.,0.));
#2470=DIRECTION('',(1.,0.,0.));
#2471=DIRECTION('',(0.,-1.,0.));
#2472=DIRECTION('',(-1.,0.,0.));
#2473=DIRECTION('',(0.,1.,0.));
#2474=DIRECTION('',(0.,-1.,0.));
#2475=DIRECTION('',(-1.,0.,0.));
#2476=DIRECTION('',(0.,1.,0.));
#2477=DIRECTION('',(0.,0.,1.));
#2478=DIRECTION('',(0.,-1.,0.));
#2479=DIRECTION('',(0.,0.,1.));
#2480=DIRECTION('',(0.,-1.,0.));
#2481=DIRECTION('',(0.,0.,1.));
#2482=DIRECTION('',(0.,-1.,0.));
#2483=DIRECTION('',(0.,1.,0.));
#2484=DIRECTION('',(1.,0.,0.));
#2485=DIRECTION('',(-0.707106781186548,0.707106781186548,0.));
#2486=DIRECTION('',(0.,-1.,0.));
#2487=DIRECTION('',(0.707106781186548,0.707106781186548,0.));
#2488=DIRECTION('',(1.,0.,0.));
#2489=DIRECTION('',(0.,0.707106781186548,-0.707106781186548));
#2490=DIRECTION('',(0.,0.707106781186548,0.707106781186548));
#2491=DIRECTION('',(-1.,0.,0.));
#2492=DIRECTION('',(0.577350269189626,-0.577350269189626,-0.577350269189626));
#2493=DIRECTION('',(-0.577350269189626,-0.577350269189626,-0.577350269189626));
#2494=DIRECTION('',(0.577350269189626,-0.577350269189626,-0.577350269189626));
#2495=DIRECTION('',(1.,0.,0.));
#2496=DIRECTION('',(0.,-0.707106781186548,-0.707106781186548));
#2497=DIRECTION('',(0.,0.707106781186548,-0.707106781186548));
#2498=DIRECTION('',(-0.808703746548214,-0.415931635199152,0.415931635199152));
#2499=DIRECTION('',(0.341777949110073,-0.664525331910723,0.664525331910723));
#2500=DIRECTION('',(1.,0.,0.));
#2501=DIRECTION('',(1.,0.,0.));
#2502=DIRECTION('',(-0.577350269189626,-0.577350269189626,0.577350269189626));
#2503=DIRECTION('',(0.577350269189626,-0.577350269189626,0.577350269189626));
#2504=DIRECTION('',(0.,-1.,0.));
#2505=DIRECTION('',(-1.,0.,0.));
#2506=DIRECTION('',(0.581622872665536,0.,-0.81345856316858));
#2507=DIRECTION('',(0.,0.,-1.));
#2508=DIRECTION('',(-1.,0.,0.));
#2509=DIRECTION('',(0.,0.,-1.));
#2510=DIRECTION('',(0.,0.,1.));
#2511=DIRECTION('',(0.,1.,0.));
#2512=DIRECTION('',(1.,0.,0.));
#2513=DIRECTION('',(1.,0.,0.));
#2514=DIRECTION('',(0.,0.,1.));
#2515=DIRECTION('',(-1.,0.,0.));
#2516=DIRECTION('',(0.,0.,-1.));
#2517=DIRECTION('',(0.,0.,-1.));
#2518=DIRECTION('',(-1.,0.,0.));
#2519=DIRECTION('',(0.,0.,1.));
#2520=DIRECTION('',(0.,1.,0.));
#2521=DIRECTION('',(0.,0.,-1.));
#2522=DIRECTION('',(0.,0.,1.));
#2523=DIRECTION('',(-0.707106781186548,-0.707106781186548,0.));
#2524=DIRECTION('',(0.,0.,-1.));
#2525=DIRECTION('',(0.577350269189626,-0.577350269189626,0.577350269189626));
#2526=DIRECTION('',(-0.707106781186548,0.,0.707106781186548));
#2527=DIRECTION('',(0.,-1.,0.));
#2528=DIRECTION('',(0.577350269189626,0.577350269189626,0.577350269189626));
#2529=DIRECTION('',(-0.707106781186548,0.707106781186548,0.));
#2530=DIRECTION('',(0.,0.,1.));
#2531=DIRECTION('',(1.,0.,0.));
#2532=DIRECTION('',(0.,-1.,0.));
#2533=DIRECTION('',(1.,0.,0.));
#2534=DIRECTION('',(0.,-1.,0.));
#2535=DIRECTION('',(0.,-1.,0.));
#2536=DIRECTION('',(0.,-0.707106781186548,0.707106781186548));
#2537=DIRECTION('',(0.,-0.707106781186548,-0.707106781186548));
#2538=DIRECTION('',(-1.,0.,0.));
#2539=DIRECTION('',(0.,1.,0.));
#2540=DIRECTION('',(1.,0.,0.));
#2541=DIRECTION('',(0.,-1.,0.));
#2542=DIRECTION('',(0.,0.,-1.));
#2543=DIRECTION('',(-1.,0.,0.));
#2544=DIRECTION('',(0.952925780013263,-0.303203657276945,0.));
#2545=DIRECTION('',(1.,0.,0.));
#2546=DIRECTION('',(0.,-1.,0.));
#2547=DIRECTION('',(-1.,0.,0.));
#2548=DIRECTION('',(0.,1.,0.));
#2549=DIRECTION('',(-1.,0.,0.));
#2550=DIRECTION('',(1.,0.,0.));
#2551=DIRECTION('',(0.,-1.,0.));
#2552=DIRECTION('',(1.,0.,0.));
#2553=DIRECTION('',(0.,0.,-1.));
#2554=DIRECTION('',(1.,0.,0.));
#2555=DIRECTION('',(0.,-1.,0.));
#2556=DIRECTION('',(1.,0.,0.));
#2557=DIRECTION('',(0.,-1.,0.));
#2558=DIRECTION('',(0.,0.,-1.));
#2559=DIRECTION('',(0.,1.,0.));
#2560=DIRECTION('',(0.,0.,-1.));
#2561=DIRECTION('',(0.,1.,0.));
#2562=DIRECTION('',(0.,0.,-1.));
#2563=DIRECTION('',(0.,1.,0.));
#2564=DIRECTION('',(0.,0.,-1.));
#2565=DIRECTION('',(0.,1.,0.));
#2566=DIRECTION('',(0.,0.,1.));
#2567=DIRECTION('',(0.,-1.,0.));
#2568=DIRECTION('',(0.,0.,1.));
#2569=DIRECTION('',(0.,-1.,0.));
#2570=DIRECTION('',(0.707106781186548,0.707106781186548,0.));
#2571=DIRECTION('',(0.,0.,1.));
#2572=DIRECTION('',(-0.689595315189112,0.689595315189112,-0.221170980326217));
#2573=DIRECTION('',(0.292084696273513,-0.292084696273513,-0.910699215112003));
#2574=DIRECTION('',(0.707106781186548,-0.707106781186548,0.));
#2575=DIRECTION('',(0.,0.707106781186548,-0.707106781186548));
#2576=DIRECTION('',(1.,0.,0.));
#2577=DIRECTION('',(0.,0.707106781186548,0.707106781186548));
#2578=DIRECTION('',(0.577350269189626,0.577350269189626,-0.577350269189626));
#2579=DIRECTION('',(0.707106781186548,-0.707106781186548,0.));
#2580=DIRECTION('',(0.707106781186548,0.,0.707106781186548));
#2581=DIRECTION('',(-0.707106781186548,0.,0.707106781186548));
#2582=DIRECTION('',(0.,-1.,0.));
#2583=DIRECTION('',(0.62811399452102,0.459288166376729,0.62811399452102));
#2584=DIRECTION('',(0.,-0.707106781186548,-0.707106781186548));
#2585=DIRECTION('',(1.,0.,0.));
#2586=DIRECTION('',(0.577350269189583,0.577350269189647,-0.577350269189647));
#2587=DIRECTION('',(-1.,0.,0.));
#2588=DIRECTION('',(0.,1.,0.));
#2589=DIRECTION('',(0.,0.,1.));
#2590=DIRECTION('',(0.,-1.,0.));
#2591=DIRECTION('',(0.,0.,1.));
#2592=DIRECTION('',(0.,0.,1.));
#2593=DIRECTION('',(1.,0.,0.));
#2594=DIRECTION('',(1.,0.,0.));
#2595=DIRECTION('',(1.,0.,0.));
#2596=DIRECTION('',(0.,1.,0.));
#2597=DIRECTION('',(-0.707106781186548,0.,-0.707106781186548));
#2598=DIRECTION('',(0.,-1.,0.));
#2599=DIRECTION('',(-0.707106781186548,0.,0.707106781186548));
#2600=DIRECTION('',(0.707106781186548,0.,-0.707106781186548));
#2601=DIRECTION('',(-0.707106781186548,0.,-0.707106781186548));
#2602=DIRECTION('',(0.,-1.,0.));
#2603=DIRECTION('',(-0.707106781186548,0.,0.707106781186548));
#2604=DIRECTION('',(0.707106781186548,0.,-0.707106781186548));
#2605=DIRECTION('',(0.581622872665533,0.,-0.813458563168582));
#2606=DIRECTION('',(-0.813458563168582,0.,-0.581622872665533));
#2607=DIRECTION('',(0.813458563168582,0.,0.581622872665533));
#2608=DIRECTION('',(0.,1.,0.));
#2609=DIRECTION('',(0.813458563168582,0.,0.581622872665533));
#2610=DIRECTION('',(0.813458563168581,0.,0.581622872665535));
#2611=DIRECTION('',(0.581622872665535,0.,-0.813458563168581));
#2612=DIRECTION('',(-0.581622872665535,0.,0.813458563168581));
#2613=DIRECTION('',(0.,-1.,0.));
#2614=DIRECTION('',(-0.581622872665535,0.,0.813458563168581));
#2615=DIRECTION('',(0.,1.,0.));
#2616=DIRECTION('',(0.581622872665534,0.,-0.813458563168581));
#2617=DIRECTION('',(-0.813458563168581,0.,-0.581622872665534));
#2618=DIRECTION('',(0.813458563168581,0.,0.581622872665534));
#2619=DIRECTION('',(0.,-1.,0.));
#2620=DIRECTION('',(0.813458563168581,0.,0.581622872665534));
#2621=DIRECTION('',(0.,1.,0.));
#2622=DIRECTION('',(1.,0.,0.));
#2623=DIRECTION('',(0.,1.,0.));
#2624=DIRECTION('',(1.,0.,0.));
#2625=DIRECTION('',(0.986471543585767,0.,-0.163932588875777));
#2626=DIRECTION('',(0.16393258887577,0.,0.986471543585768));
#2627=DIRECTION('',(0.,1.,0.));
#2628=DIRECTION('',(1.,0.,0.));
#2629=DIRECTION('',(0.,1.,0.));
#2630=DIRECTION('',(1.,0.,0.));
#2631=DIRECTION('',(-0.16393258887577,0.,-0.986471543585768));
#2632=DIRECTION('',(-0.986471543585767,0.,0.163932588875777));
#2633=DIRECTION('',(-0.581622872665536,0.,0.81345856316858));
#2634=DIRECTION('',(0.81345856316858,0.,0.581622872665536));
#2635=DIRECTION('',(0.,-1.,0.));
#2636=DIRECTION('',(0.81345856316858,0.,0.581622872665536));
#2637=DIRECTION('',(-0.813458563168581,0.,-0.581622872665535));
#2638=DIRECTION('',(-0.581622872665535,0.,0.813458563168581));
#2639=DIRECTION('',(0.,-1.,0.));
#2640=DIRECTION('',(-0.581622872665535,0.,0.813458563168581));
#2641=DIRECTION('',(0.,1.,0.));
#2642=DIRECTION('',(0.581622872665532,0.,-0.813458563168582));
#2643=DIRECTION('',(-0.813458563168582,0.,-0.581622872665532));
#2644=DIRECTION('',(-0.813458563168582,0.,-0.581622872665532));
#2645=DIRECTION('',(0.,1.,0.));
#2646=DIRECTION('',(0.,-1.,0.));
#2647=DIRECTION('',(1.,0.,0.));
#2648=DIRECTION('',(0.,-1.,0.));
#2649=DIRECTION('',(-1.,0.,0.));
#2650=DIRECTION('',(0.986471543585767,0.,-0.163932588875776));
#2651=DIRECTION('',(-0.16393258887577,0.,-0.986471543585768));
#2652=DIRECTION('',(-0.163932588875776,0.,-0.986471543585767));
#2653=DIRECTION('',(0.,1.,0.));
#2654=DIRECTION('',(-0.986471543585768,0.,0.16393258887577));
#2655=DIRECTION('',(0.,1.,0.));
#2656=DIRECTION('',(0.163932588875777,0.,0.986471543585767));
#2657=DIRECTION('',(0.,1.,0.));
#2658=DIRECTION('',(-0.986471543585768,0.,0.16393258887577));
#2659=DIRECTION('',(0.,-1.,0.));
#2660=DIRECTION('',(0.,1.,0.));
#2661=DIRECTION('',(1.,0.,0.));
#2662=DIRECTION('',(0.,1.,0.));
#2663=DIRECTION('',(1.,0.,0.));
#2664=DIRECTION('',(0.,1.,0.));
#2665=DIRECTION('',(1.,0.,0.));
#2666=DIRECTION('',(0.,1.,0.));
#2667=DIRECTION('',(1.,0.,0.));
#2668=DIRECTION('',(-0.81345856316858,0.,-0.581622872665535));
#2669=DIRECTION('',(-0.581622872665536,0.,0.81345856316858));
#2670=DIRECTION('',(-0.581622872665536,0.,0.81345856316858));
#2671=DIRECTION('',(0.,-1.,0.));
#2672=DIRECTION('',(0.,1.,0.));
#2673=DIRECTION('',(0.952223335979689,0.,0.305402551423055));
#2674=DIRECTION('',(0.,-1.,0.));
#2675=DIRECTION('',(-0.292084696273513,-0.292084696273511,0.910699215112004));
#2676=DIRECTION('',(-0.575202066230771,-0.707106781186545,-0.411269477355001));
#2677=DIRECTION('',(0.581622872665536,0.,-0.81345856316858));
#2678=DIRECTION('',(-0.808703746548213,0.415931635199156,0.415931635199152));
#2679=DIRECTION('',(-0.457371362972401,0.,-0.889275793178229));
#2680=DIRECTION('',(0.,1.,0.));
#2681=DIRECTION('',(0.,1.,0.));
#2682=DIRECTION('',(1.,0.,0.));
#2683=DIRECTION('',(0.,-1.,0.));
#2684=DIRECTION('',(-1.,0.,0.));
#2685=DIRECTION('',(1.,0.,0.));
#2686=DIRECTION('',(0.,0.,1.));
#2687=DIRECTION('',(-0.707106781186548,0.,0.707106781186548));
#2688=DIRECTION('',(1.,0.,0.));
#2689=DIRECTION('',(0.707106781186548,0.,0.707106781186548));
#2690=DIRECTION('',(-0.707106781186548,0.,0.707106781186548));
#2691=DIRECTION('',(0.,0.,1.));
#2692=DIRECTION('',(1.,0.,0.));
#2693=DIRECTION('',(0.,1.,0.));
#2694=DIRECTION('',(0.,-1.,0.));
#2695=DIRECTION('',(0.,1.,0.));
#2696=DIRECTION('',(1.,0.,0.));
#2697=DIRECTION('',(0.,1.,0.));
#2698=DIRECTION('',(1.,0.,0.));
#2699=DIRECTION('',(0.707106781186548,0.,-0.707106781186548));
#2700=DIRECTION('',(1.,0.,0.));
#2701=DIRECTION('',(-0.707106781186548,0.,-0.707106781186548));
#2702=DIRECTION('',(-0.707106781186548,0.,0.707106781186548));
#2703=DIRECTION('',(-0.707106781186548,0.,0.707106781186548));
#2704=DIRECTION('',(0.,0.,1.));
#2705=DIRECTION('',(1.,0.,0.));
#2706=DIRECTION('',(0.,1.,0.));
#2707=DIRECTION('',(0.,-1.,0.));
#2708=DIRECTION('',(0.707106781186548,0.,0.707106781186548));
#2709=DIRECTION('',(0.,-1.,0.));
#2710=DIRECTION('',(0.,-1.,0.));
#2711=DIRECTION('',(0.707106781186548,0.,-0.707106781186548));
#2712=DIRECTION('',(0.,1.,0.));
#2713=DIRECTION('',(-0.707106781186548,0.,-0.707106781186548));
#2714=DIRECTION('',(0.,-1.,0.));
#2715=DIRECTION('',(-0.707106781186548,0.,0.707106781186548));
#2716=DIRECTION('',(0.,1.,0.));
#2717=DIRECTION('',(0.,0.,1.));
#2718=DIRECTION('',(1.,0.,0.));
#2719=DIRECTION('',(-1.,0.,0.));
#2720=DIRECTION('',(0.,1.,0.));
#2721=DIRECTION('',(0.,1.,0.));
#2722=DIRECTION('',(0.,1.,0.));
#2723=DIRECTION('',(0.,-1.,0.));
#2724=DIRECTION('',(0.,-1.,0.));
#2725=DIRECTION('',(-0.732828108792939,-0.680413817439773,0.));
#2726=DIRECTION('',(-0.707106781186548,0.,-0.707106781186548));
#2727=DIRECTION('',(0.,-1.,0.));
#2728=DIRECTION('',(0.707106781186548,0.,-0.707106781186548));
#2729=DIRECTION('',(-0.707106781186548,0.,-0.707106781186548));
#2730=DIRECTION('',(0.,-1.,0.));
#2731=DIRECTION('',(-0.707106781186548,0.,-0.707106781186548));
#2732=DIRECTION('',(0.,-1.,0.));
#2733=DIRECTION('',(0.,-1.,0.));
#2734=DIRECTION('',(1.,0.,0.));
#2735=DIRECTION('',(0.,-1.,0.));
#2736=DIRECTION('',(-1.,0.,0.));
#2737=DIRECTION('',(0.,-1.,0.));
#2738=DIRECTION('',(-1.,0.,0.));
#2739=DIRECTION('',(0.,-1.,0.));
#2740=DIRECTION('',(-1.,0.,0.));
#2741=DIRECTION('',(-1.,0.,0.));
#2742=DIRECTION('',(0.,1.,0.));
#2743=DIRECTION('',(-0.707106781186548,0.,-0.707106781186548));
#2744=DIRECTION('',(0.,-1.,0.));
#2745=DIRECTION('',(0.,-1.,0.));
#2746=DIRECTION('',(-1.,0.,0.));
#2747=DIRECTION('',(0.,1.,0.));
#2748=DIRECTION('',(1.,0.,0.));
#2749=DIRECTION('',(-6.98296267768627E-15,-1.,0.));
#2750=DIRECTION('',(5.55111512312578E-15,0.,-1.));
#2751=DIRECTION('',(0.,-1.,0.));
#2752=DIRECTION('',(-1.,0.,0.));
#2753=DIRECTION('',(0.,1.,0.));
#2754=DIRECTION('',(1.,0.,0.));
#2755=DIRECTION('',(-6.98296267768627E-15,-1.,0.));
#2756=DIRECTION('',(8.32667268468867E-15,0.,-1.));
#2757=DIRECTION('',(0.,-1.,0.));
#2758=DIRECTION('',(-1.,0.,0.));
#2759=DIRECTION('',(0.,1.,0.));
#2760=DIRECTION('',(1.,0.,0.));
#2761=DIRECTION('',(0.,1.,0.));
#2762=DIRECTION('',(1.,0.,0.));
#2763=DIRECTION('',(0.,-1.,0.));
#2764=DIRECTION('',(-1.,0.,0.));
#2765=DIRECTION('',(0.,1.,0.));
#2766=DIRECTION('',(1.,0.,0.));
#2767=DIRECTION('',(-6.98296267768627E-15,-1.,0.));
#2768=DIRECTION('',(1.11022302462516E-14,0.,-1.));
#2769=DIRECTION('',(0.,1.,0.));
#2770=DIRECTION('',(1.,0.,0.));
#2771=DIRECTION('',(0.,1.,0.));
#2772=DIRECTION('',(1.,0.,0.));
#2773=DIRECTION('',(0.,0.,-1.));
#2774=DIRECTION('',(0.956978348834214,0.,-0.290159335301387));
#2775=DIRECTION('',(-1.,0.,0.));
#2776=DIRECTION('',(0.371390676354104,0.,0.928476690885259));
#2777=DIRECTION('',(1.,0.,0.));
#2778=DIRECTION('',(0.,0.,-1.));
#2779=DIRECTION('',(-1.,0.,0.));
#2780=DIRECTION('',(0.,1.,0.));
#2781=DIRECTION('',(1.,0.,0.));
#2782=DIRECTION('',(0.,1.,0.));
#2783=DIRECTION('',(1.,0.,0.));
#2784=DIRECTION('',(0.,1.,0.));
#2785=DIRECTION('',(1.,0.,0.));
#2786=DIRECTION('',(0.,1.,0.));
#2787=DIRECTION('',(1.,0.,0.));
#2788=DIRECTION('',(1.04985628806164E-14,0.,-1.));
#2789=DIRECTION('',(-1.,0.,0.));
#2790=DIRECTION('',(0.,0.,-1.));
#2791=DIRECTION('',(-1.,0.,0.));
#2792=DIRECTION('',(0.,0.,-1.));
#2793=DIRECTION('',(0.,1.,0.));
#2794=DIRECTION('',(0.,1.,0.));
#2795=DIRECTION('',(-1.,0.,0.));
#2796=DIRECTION('',(0.,1.,0.));
#2797=DIRECTION('',(1.,0.,1.04985628806164E-14));
#2798=DIRECTION('',(1.04985628806164E-14,0.,-1.));
#2799=DIRECTION('',(0.,1.,0.));
#2800=DIRECTION('',(1.04985628806164E-14,0.,-1.));
#2801=DIRECTION('',(0.,0.,-1.));
#2802=DIRECTION('',(0.,1.,0.));
#2803=DIRECTION('',(0.,1.,0.));
#2804=DIRECTION('',(-1.,0.,0.));
#2805=DIRECTION('',(0.,0.,-1.));
#2806=DIRECTION('',(0.,1.,0.));
#2807=DIRECTION('',(-1.,0.,0.));
#2808=DIRECTION('',(0.,-1.,0.));
#2809=DIRECTION('',(1.,0.,0.));
#2810=DIRECTION('',(0.,1.,0.));
#2811=DIRECTION('',(1.,0.,0.));
#2812=DIRECTION('',(0.,-1.,0.));
#2813=DIRECTION('',(0.,1.,0.));
#2814=DIRECTION('',(0.,0.,1.));
#2815=DIRECTION('',(0.,-1.,0.));
#2816=DIRECTION('',(0.,0.,-1.));
#2817=DIRECTION('',(0.,-1.,0.));
#2818=DIRECTION('',(1.,0.,0.));
#2819=DIRECTION('',(-1.,0.,0.));
#2820=DIRECTION('',(-0.371390676354104,0.,-0.928476690885259));
#2821=DIRECTION('',(0.,0.,-1.));
#2822=DIRECTION('',(1.,0.,0.));
#2823=DIRECTION('',(0.,0.,1.));
#2824=DIRECTION('',(0.,0.,-1.));
#2825=DIRECTION('',(-1.,0.,0.));
#2826=DIRECTION('',(0.,1.,0.));
#2827=DIRECTION('',(0.,-1.,0.));
#2828=DIRECTION('',(0.,0.,1.));
#2829=DIRECTION('',(0.,1.,0.));
#2830=DIRECTION('',(1.,0.,0.));
#2831=DIRECTION('',(0.,-1.,0.));
#2832=DIRECTION('',(-0.928476690885259,0.,0.371390676354104));
#2833=DIRECTION('',(0.,-1.,0.));
#2834=DIRECTION('',(0.,1.,0.));
#2835=DIRECTION('',(-0.371390676354104,0.,-0.928476690885259));
#2836=DIRECTION('',(0.371390676354104,0.,0.928476690885259));
#2837=DIRECTION('',(0.707106781186587,0.,0.707106781186508));
#2838=DIRECTION('',(0.,1.,0.));
#2839=DIRECTION('',(-0.707106781186508,9.18543318284096E-17,0.707106781186587));
#2840=DIRECTION('',(0.,0.707106781186587,0.707106781186508));
#2841=DIRECTION('',(-1.,0.,0.));
#2842=DIRECTION('',(-9.61481343191746E-17,0.707106781186508,-0.707106781186587));
#2843=DIRECTION('',(-9.61481343191746E-17,-0.707106781186508,0.707106781186587));
#2844=DIRECTION('',(-0.577350269189647,-0.577350269189647,-0.577350269189583));
#2845=DIRECTION('',(-0.707106781186548,0.707106781186548,0.));
#2846=DIRECTION('',(0.707106781186548,-0.707106781186548,0.));
#2847=DIRECTION('',(0.577350269189647,-0.577350269189647,-0.577350269189583));
#2848=DIRECTION('',(-0.707106781186548,-0.707106781186548,0.));
#2849=DIRECTION('',(0.707106781186548,0.707106781186548,0.));
#2850=DIRECTION('',(-0.707106781186508,-9.18543318284096E-17,-0.707106781186587));
#2851=DIRECTION('',(0.707106781186548,0.707106781186548,0.));
#2852=DIRECTION('',(0.,0.,-1.));
#2853=DIRECTION('',(0.700640288494482,-0.700640288494482,-0.134930990794321));
#2854=DIRECTION('',(0.,-0.707106781186587,0.707106781186508));
#2855=DIRECTION('',(-1.,0.,0.));
#2856=DIRECTION('',(-0.109127005024326,-0.702883808596524,-0.702883808596602));
#2857=DIRECTION('',(9.61481343191746E-17,-0.707106781186508,-0.707106781186587));
#2858=DIRECTION('',(-0.707106781186587,0.,0.707106781186508));
#2859=DIRECTION('',(0.,1.,0.));
#2860=DIRECTION('',(0.707106781186508,-9.18543318284096E-17,0.707106781186587));
#2861=DIRECTION('',(-0.707106781186548,0.707106781186548,0.));
#2862=DIRECTION('',(0.,0.,-1.));
#2863=DIRECTION('',(-0.707106781186548,-0.707106781186548,0.));
#2864=DIRECTION('',(0.,-0.707106781186548,0.707106781186548));
#2865=DIRECTION('',(1.,0.,0.));
#2866=DIRECTION('',(0.222640197352553,0.689358884226067,0.689358884226067));
#2867=DIRECTION('',(0.,-0.707106781186548,-0.707106781186548));
#2868=DIRECTION('',(0.656532164298613,0.707106781186548,-0.262612865719445));
#2869=DIRECTION('',(-0.371390676354104,0.,-0.928476690885259));
#2870=DIRECTION('',(-0.72274014913695,0.689358884226067,0.049305228567489));
#2871=DIRECTION('',(0.577350269189647,0.577350269189647,-0.577350269189583));
#2872=DIRECTION('',(0.707106781186548,-0.707106781186548,0.));
#2873=DIRECTION('',(-0.707106781186548,0.707106781186548,0.));
#2874=DIRECTION('',(0.577350269189626,-0.577350269189626,0.577350269189626));
#2875=DIRECTION('',(-0.707106781186548,-0.707106781186548,0.));
#2876=DIRECTION('',(-0.707106781186548,0.,0.707106781186548));
#2877=DIRECTION('',(-0.470699286600397,-0.543218006577111,0.695238361228915));
#2878=DIRECTION('',(0.,-0.787989710702808,-0.615688408065724));
#2879=DIRECTION('',(-0.828067230469273,-9.9790372215313E-17,-0.560628809305184));
#2880=DIRECTION('',(-0.707106781186548,-0.707106781186548,0.));
#2881=DIRECTION('',(0.,0.,-1.));
#2882=DIRECTION('',(0.707106781186548,-0.707106781186548,0.));
#2883=DIRECTION('',(0.707106781186548,0.,0.707106781186548));
#2884=DIRECTION('',(0.,-1.,0.));
#2885=DIRECTION('',(0.707106781186548,0.,-0.707106781186548));
#2886=DIRECTION('',(-0.560628809305184,0.,0.828067230469273));
#2887=DIRECTION('',(0.,1.,0.));
#2888=DIRECTION('',(0.828067230469273,0.,0.560628809305184));
#2889=DIRECTION('',(0.656532164298614,-0.707106781186547,-0.262612865719445));
#2890=DIRECTION('',(0.371390676354104,0.,0.928476690885259));
#2891=DIRECTION('',(0.722740149136948,0.689358884226068,-0.0493052285674913));
#2892=DIRECTION('',(0.577350269189626,0.577350269189626,0.577350269189626));
#2893=DIRECTION('',(0.707106781186548,-0.707106781186548,0.));
#2894=DIRECTION('',(0.,-0.707106781186548,0.707106781186548));
#2895=DIRECTION('',(-0.470699286600398,0.543218006577111,0.695238361228915));
#2896=DIRECTION('',(0.,-0.787989710702808,0.615688408065724));
#2897=DIRECTION('',(-0.222640197352553,0.689358884226067,-0.689358884226067));
#2898=DIRECTION('',(0.,0.707106781186548,0.707106781186548));
#2899=DIRECTION('',(1.,0.,0.));
#2900=DIRECTION('',(0.,1.,0.));
#2901=DIRECTION('',(1.,0.,0.));
#2902=DIRECTION('',(0.,1.,0.));
#2903=DIRECTION('',(1.,0.,0.));
#2904=DIRECTION('',(0.,1.,0.));
#2905=DIRECTION('',(1.,0.,0.));
#2906=DIRECTION('',(0.,1.,0.));
#2907=DIRECTION('',(1.,0.,0.));
#2908=DIRECTION('',(0.,0.,-1.));
#2909=DIRECTION('',(-1.,0.,0.));
#2910=DIRECTION('',(-0.952925780013263,0.303203657276945,0.));
#2911=DIRECTION('',(-0.303203657276945,-0.952925780013263,0.));
#2912=DIRECTION('',(0.,0.,-1.));
#2913=DIRECTION('',(-0.952925780013263,0.303203657276945,0.));
#2914=DIRECTION('',(0.952925780013263,-0.303203657276945,0.));
#2915=DIRECTION('',(-0.21439736214109,-0.673820281014859,-0.707106781186547));
#2916=DIRECTION('',(-0.952925780013263,0.303203657276945,0.));
#2917=DIRECTION('',(0.214397362141091,0.673820281014864,-0.707106781186542));
#2918=DIRECTION('',(-0.952925780013263,0.303203657276945,0.));
#2919=DIRECTION('',(0.,0.,-1.));
#2920=DIRECTION('',(0.,1.,0.));
#2921=DIRECTION('',(0.,0.,1.));
#2922=DIRECTION('',(0.,-1.,0.));
#2923=DIRECTION('',(0.,0.,-1.));
#2924=DIRECTION('',(-1.,0.,0.));
#2925=CARTESIAN_POINT('',(0.,0.,0.));
#2926=CARTESIAN_POINT('',(-0.148236132310247,0.375006029657602,-0.1385));
#2927=CARTESIAN_POINT('',(-0.148236132310247,0.375006029657602,-0.1445));
#2928=CARTESIAN_POINT('',(-0.145736132310247,0.375006029657602,-0.1445));
#2929=CARTESIAN_POINT('',(-0.127787642517814,0.375006029657602,-0.1475));
#2930=CARTESIAN_POINT('',(-0.137236132310247,0.375006029657602,-0.1475));
#2931=CARTESIAN_POINT('',(-0.130789642517814,0.375006029657602,-0.1475));
#2932=CARTESIAN_POINT('',(-0.14401288741403,0.375006029657602,-0.134276755103783));
#2933=CARTESIAN_POINT('',(-0.127789642517814,0.375006029657602,-0.1505));
#2934=CARTESIAN_POINT('',(-0.127789642517814,0.375006029657602,-0.1385));
#2935=CARTESIAN_POINT('',(-0.127789642517814,0.375006029657602,-0.1575));
#2936=CARTESIAN_POINT('',(-0.127789642517814,0.375006029657602,-0.1575));
#2937=CARTESIAN_POINT('',(-0.130789642517814,0.375006029657602,-0.1545));
#2938=CARTESIAN_POINT('',(-0.148236132310247,0.375006029657602,-0.1545));
#2939=CARTESIAN_POINT('',(-0.159236132310247,0.375006029657602,-0.1545));
#2940=CARTESIAN_POINT('',(-0.159236132310247,0.375006029657602,-0.1385));
#2941=CARTESIAN_POINT('',(-0.159236132310247,0.375006029657602,-0.1475));
#2942=CARTESIAN_POINT('',(-0.159236132310247,0.375006029657602,-0.1475));
#2943=CARTESIAN_POINT('',(-0.162236132310247,0.375006029657602,-0.1445));
#2944=CARTESIAN_POINT('',(-0.148236132310247,0.375006029657602,-0.1445));
#2945=CARTESIAN_POINT('',(-0.159236132310247,0.375006029657602,-0.1445));
#2946=CARTESIAN_POINT('',(-0.150736132310247,0.375006029657602,-0.136));
#2947=CARTESIAN_POINT('',(-0.153236132310247,0.375006029657602,-0.1385));
#2948=CARTESIAN_POINT('',(-0.148236132310247,0.375006029657602,-0.1385));
#2949=CARTESIAN_POINT('',(-0.143236132310247,0.375006029657602,-0.1385));
#2950=CARTESIAN_POINT('',(-0.145736132310247,0.375006029657602,-0.136));
#2951=CARTESIAN_POINT('',(-0.137236132310247,0.375006029657602,-0.1445));
#2952=CARTESIAN_POINT('',(-0.137236132310247,0.375006029657602,-0.147502));
#2953=CARTESIAN_POINT('',(-0.148236132310247,0.387006029657602,-0.1385));
#2954=CARTESIAN_POINT('',(-0.14351288741403,0.387006029657602,-0.1445));
#2955=CARTESIAN_POINT('',(-0.145736132310247,0.387006029657602,-0.1445));
#2956=CARTESIAN_POINT('',(-0.137236132310247,0.387006029657602,-0.1445));
#2957=CARTESIAN_POINT('',(-0.148236132310247,0.387006029657602,-0.1445));
#2958=CARTESIAN_POINT('',(-0.150736132310247,0.387006029657602,-0.1445));
#2959=CARTESIAN_POINT('',(-0.14351288741403,0.387006029657602,-0.1445));
#2960=CARTESIAN_POINT('',(-0.159236132310247,0.387006029657602,-0.1445));
#2961=CARTESIAN_POINT('',(-0.150736132310247,0.387006029657602,-0.136));
#2962=CARTESIAN_POINT('',(-0.153236132310247,0.387006029657602,-0.1385));
#2963=CARTESIAN_POINT('',(-0.148236132310247,0.387006029657602,-0.1385));
#2964=CARTESIAN_POINT('',(-0.143236132310247,0.387006029657602,-0.1385));
#2965=CARTESIAN_POINT('',(-0.145736132310247,0.387006029657602,-0.136));
#2966=CARTESIAN_POINT('',(0.050538696047054,0.398506029657602,-0.1545));
#2967=CARTESIAN_POINT('',(-0.130789642517814,0.398506029657602,-0.1545));
#2968=CARTESIAN_POINT('',(-0.130789642517814,0.385006029657602,-0.1545));
#2969=CARTESIAN_POINT('',(-0.148236132310247,0.385006029657602,-0.1545));
#2970=CARTESIAN_POINT('',(-0.159236132310247,0.385006029657602,-0.1545));
#2971=CARTESIAN_POINT('',(-0.159236132310247,0.380006029657602,-0.1545));
#2972=CARTESIAN_POINT('',(-0.182736132310247,0.398506029657602,-0.1445));
#2973=CARTESIAN_POINT('',(-0.172789642517814,0.431552546262741,-0.1445));
#2974=CARTESIAN_POINT('',(-0.172789642517814,0.436052546262741,-0.1445));
#2975=CARTESIAN_POINT('',(-0.172789642517814,0.386552546262741,-0.1445));
#2976=CARTESIAN_POINT('',(-0.172789642517814,0.391052546262741,-0.1445));
#2977=CARTESIAN_POINT('',(-0.127787642517814,0.385006029657602,-0.1445));
#2978=CARTESIAN_POINT('',(-0.130789642517814,0.385006029657602,-0.1445));
#2979=CARTESIAN_POINT('',(-0.137236132310247,0.385006029657602,-0.1445));
#2980=CARTESIAN_POINT('',(-0.130789642517814,0.387006029657602,-0.1445));
#2981=CARTESIAN_POINT('',(-0.130789642517814,0.387006029657602,-0.1445));
#2982=CARTESIAN_POINT('',(-0.130789642517814,0.439506029657602,-0.1445));
#2983=CARTESIAN_POINT('',(-0.130789642517814,0.413006029657602,-0.1445));
#2984=CARTESIAN_POINT('',(-0.182736132310247,0.413006029657602,-0.1445));
#2985=CARTESIAN_POINT('',(-0.134939642517814,0.413006029657602,-0.1445));
#2986=CARTESIAN_POINT('',(-0.134939642517814,0.415006029657602,-0.1445));
#2987=CARTESIAN_POINT('',(-0.134939642517814,0.415006029657602,-0.1445));
#2988=CARTESIAN_POINT('',(-0.128089642517814,0.415006029657602,-0.1445));
#2989=CARTESIAN_POINT('',(-0.139089642517814,0.415006029657602,-0.1445));
#2990=CARTESIAN_POINT('',(-0.139089642517814,0.398506029657602,-0.1445));
#2991=CARTESIAN_POINT('',(-0.139089642517814,0.425006029657602,-0.1445));
#2992=CARTESIAN_POINT('',(-0.128089642517814,0.425006029657602,-0.1445));
#2993=CARTESIAN_POINT('',(-0.134939642517814,0.425006029657602,-0.1445));
#2994=CARTESIAN_POINT('',(-0.134939642517814,0.425006029657602,-0.1445));
#2995=CARTESIAN_POINT('',(-0.134939642517814,0.427006029657602,-0.1445));
#2996=CARTESIAN_POINT('',(-0.182736132310247,0.427006029657602,-0.1445));
#2997=CARTESIAN_POINT('',(-0.137439642517814,0.427006029657602,-0.1445));
#2998=CARTESIAN_POINT('',(-0.137439642517814,0.398506029657602,-0.1445));
#2999=CARTESIAN_POINT('',(-0.137439642517814,0.436506029657602,-0.1445));
#3000=CARTESIAN_POINT('',(-0.182736132310247,0.436506029657602,-0.1445));
#3001=CARTESIAN_POINT('',(-0.162789642517813,0.436506029657602,-0.1445));
#3002=CARTESIAN_POINT('',(-0.182736132310247,0.436506029657602,-0.1445));
#3003=CARTESIAN_POINT('',(-0.179736132310247,0.436506029657602,-0.1445));
#3004=CARTESIAN_POINT('',(-0.179736132310247,0.360506029657602,-0.1445));
#3005=CARTESIAN_POINT('',(-0.179736132310247,0.360506029657602,-0.1445));
#3006=CARTESIAN_POINT('',(-0.182736132310247,0.360506029657602,-0.1445));
#3007=CARTESIAN_POINT('',(-0.162789642517813,0.360506029657602,-0.1445));
#3008=CARTESIAN_POINT('',(-0.182736132310247,0.360506029657602,-0.1445));
#3009=CARTESIAN_POINT('',(-0.162236132310247,0.360506029657602,-0.1445));
#3010=CARTESIAN_POINT('',(-0.162236132310247,0.398506029657602,-0.1445));
#3011=CARTESIAN_POINT('',(-0.162236132310247,0.373006029657602,-0.1445));
#3012=CARTESIAN_POINT('',(-0.182736132310247,0.373006029657602,-0.1445));
#3013=CARTESIAN_POINT('',(-0.159236132310247,0.373006029657602,-0.1445));
#3014=CARTESIAN_POINT('',(-0.159236132310247,0.380006029657602,-0.1445));
#3015=CARTESIAN_POINT('',(-0.162236132310247,0.398506029657602,-0.1445));
#3016=CARTESIAN_POINT('',(-0.162236132310247,0.385006029657602,-0.1445));
#3017=CARTESIAN_POINT('',(-0.182736132310247,0.385006029657602,-0.1445));
#3018=CARTESIAN_POINT('',(-0.159236132310247,0.385006029657602,-0.1445));
#3019=CARTESIAN_POINT('',(-0.159236132310247,0.380006029657602,-0.1445));
#3020=CARTESIAN_POINT('',(-0.14351288741403,0.387006029657602,-0.1445));
#3021=CARTESIAN_POINT('',(-0.137236132310247,0.386006029657602,-0.1445));
#3022=CARTESIAN_POINT('',(-0.146789642517814,0.400052546262742,-0.1445));
#3023=CARTESIAN_POINT('',(-0.146789642517814,0.409552546262742,-0.1445));
#3024=CARTESIAN_POINT('',(-0.159236132310247,0.380006029657602,-0.1545));
#3025=CARTESIAN_POINT('',(-0.159236132310247,0.385006029657602,-0.1385));
#3026=CARTESIAN_POINT('',(-0.159236132310247,0.385006029657602,-0.1475));
#3027=CARTESIAN_POINT('',(-0.159236132310247,0.380006029657602,-0.1475));
#3028=CARTESIAN_POINT('',(-0.127789642517814,0.398506029657602,-0.1445));
#3029=CARTESIAN_POINT('',(-0.127789642517814,0.377506029657601,-0.1445));
#3030=CARTESIAN_POINT('',(-0.127789642517814,0.377506029657601,-0.1685));
#3031=CARTESIAN_POINT('',(-0.127789642517814,0.377506029657601,-0.1635));
#3032=CARTESIAN_POINT('',(-0.127789642517814,0.398506029657602,-0.1685));
#3033=CARTESIAN_POINT('',(-0.127789642517814,0.436506029657602,-0.1685));
#3034=CARTESIAN_POINT('',(-0.127789642517814,0.436506029657602,-0.1445));
#3035=CARTESIAN_POINT('',(-0.127789642517814,0.436506029657602,-0.157));
#3036=CARTESIAN_POINT('',(-0.127789642517814,0.427006029657602,-0.157));
#3037=CARTESIAN_POINT('',(-0.127789642517814,0.427006029657602,-0.157));
#3038=CARTESIAN_POINT('',(-0.127789642517814,0.427006029657602,-0.149341885636672));
#3039=CARTESIAN_POINT('',(-0.127789642517814,0.427006029657602,-0.1545));
#3040=CARTESIAN_POINT('',(-0.127789642517814,0.425006029657602,-0.1545));
#3041=CARTESIAN_POINT('',(-0.127789642517814,0.425006029657602,-0.1545));
#3042=CARTESIAN_POINT('',(-0.127789642517814,0.425006029657602,-0.1445));
#3043=CARTESIAN_POINT('',(-0.127789642517814,0.425006029657602,-0.16));
#3044=CARTESIAN_POINT('',(-0.127789642517814,0.398506029657602,-0.16));
#3045=CARTESIAN_POINT('',(-0.127789642517814,0.415006029657602,-0.16));
#3046=CARTESIAN_POINT('',(-0.127789642517814,0.415006029657602,-0.1445));
#3047=CARTESIAN_POINT('',(-0.127789642517814,0.415006029657602,-0.1545));
#3048=CARTESIAN_POINT('',(-0.127789642517814,0.415006029657602,-0.1545));
#3049=CARTESIAN_POINT('',(-0.127789642517814,0.413006029657602,-0.1545));
#3050=CARTESIAN_POINT('',(-0.127789642517814,0.413006029657602,-0.1445));
#3051=CARTESIAN_POINT('',(-0.127789642517814,0.413006029657602,-0.1499));
#3052=CARTESIAN_POINT('',(-0.127789642517814,0.413006029657602,-0.1445));
#3053=CARTESIAN_POINT('',(-0.127789642517814,0.413006029657602,-0.1475));
#3054=CARTESIAN_POINT('',(-0.127789642517814,0.357506029657602,-0.1475));
#3055=CARTESIAN_POINT('',(-0.127789642517814,0.387006029657602,-0.1475));
#3056=CARTESIAN_POINT('',(-0.127789642517814,0.385006029657602,-0.1475));
#3057=CARTESIAN_POINT('',(-0.127789642517814,0.385006029657602,-0.1475));
#3058=CARTESIAN_POINT('',(-0.127789642517814,0.385006029657602,-0.1385));
#3059=CARTESIAN_POINT('',(-0.127789642517814,0.385006029657602,-0.1575));
#3060=CARTESIAN_POINT('',(-0.127789642517814,0.398506029657602,-0.1575));
#3061=CARTESIAN_POINT('',(-0.127789642517814,0.382506029657602,-0.1575));
#3062=CARTESIAN_POINT('',(-0.127789642517814,0.382506029657602,-0.161500000000077));
#3063=CARTESIAN_POINT('',(-0.127789642517814,0.398506029657602,-0.1575));
#3064=CARTESIAN_POINT('',(-0.127789642517814,0.398506029657602,-0.1505));
#3065=CARTESIAN_POINT('',(-0.127789642517814,0.373006029657602,-0.1505));
#3066=CARTESIAN_POINT('',(-0.127789642517814,0.398506029657602,-0.1505));
#3067=CARTESIAN_POINT('',(-0.127789642517814,0.370506029657601,-0.1505));
#3068=CARTESIAN_POINT('',(-0.127789642517814,0.370506029657601,-0.1445));
#3069=CARTESIAN_POINT('',(-0.127789642517814,0.370506029657601,-0.1605));
#3070=CARTESIAN_POINT('',(-0.127789642517814,0.398506029657602,-0.1605));
#3071=CARTESIAN_POINT('',(-0.127789642517814,0.374357830644707,-0.1605));
#3072=CARTESIAN_POINT('',(-0.127789642517814,0.35230406260009,-0.139484395883852));
#3073=CARTESIAN_POINT('',(-0.127789642517814,0.398506029657602,-0.1475));
#3074=CARTESIAN_POINT('',(-0.127789642517814,0.385006029657602,-0.1475));
#3075=CARTESIAN_POINT('',(-0.127789642517814,0.413006029657602,-0.1475));
#3076=CARTESIAN_POINT('',(-0.12987241486293,0.413006029657602,-0.145417227654884));
#3077=CARTESIAN_POINT('',(-0.127789642517814,0.413006029657602,-0.1475));
#3078=CARTESIAN_POINT('',(-0.129372349701971,0.427006029657602,-0.149341885636672));
#3079=CARTESIAN_POINT('',(-0.128489642517814,0.427006029657602,-0.1475));
#3080=CARTESIAN_POINT('',(-0.125989642517814,0.427006029657602,-0.1475));
#3081=CARTESIAN_POINT('',(-0.142330214334452,0.427006029657602,-0.134163535920785));
#3082=CARTESIAN_POINT('',(-0.13348558533615,0.427006029657602,-0.146533646407921));
#3083=CARTESIAN_POINT('',(-0.129243699699477,0.427006029657602,-0.152466353592079));
#3084=CARTESIAN_POINT('',(-0.129090598432283,0.427006029657602,-0.148794071313094));
#3085=CARTESIAN_POINT('',(-0.130872349701971,0.427006029657602,-0.141591885636672));
#3086=CARTESIAN_POINT('',(-0.129245432575634,0.427006029657602,-0.140428639891341));
#3087=CARTESIAN_POINT('',(-0.129245432575634,0.427006029657602,-0.140428639891341));
#3088=CARTESIAN_POINT('',(-0.125060188268131,0.427006029657602,-0.14112414696285));
#3089=CARTESIAN_POINT('',(-0.123230056886128,0.427006029657602,-0.143683771273345));
#3090=CARTESIAN_POINT('',(-0.121399925504124,0.427006029657602,-0.146243395583839));
#3091=CARTESIAN_POINT('',(-0.121399925504124,0.427006029657602,-0.146243395583839));
#3092=CARTESIAN_POINT('',(-0.122095432575634,0.427006029657602,-0.150428639891341));
#3093=CARTESIAN_POINT('',(-0.123722349701971,0.427006029657602,-0.151591885636673));
#3094=CARTESIAN_POINT('',(-0.130164329991522,0.427006029657602,-0.149595894115531));
#3095=CARTESIAN_POINT('',(-0.132089642517814,0.420006029657602,-0.153));
#3096=CARTESIAN_POINT('',(-0.132089642517814,0.425006029657602,-0.153));
#3097=CARTESIAN_POINT('',(-0.137089642517814,0.425006029657602,-0.153));
#3098=CARTESIAN_POINT('',(-0.132089642517814,0.425006029657602,-0.158));
#3099=CARTESIAN_POINT('',(-0.137089642517814,0.420006029657602,-0.153));
#3100=CARTESIAN_POINT('',(-0.137089642517814,0.415006029657602,-0.153));
#3101=CARTESIAN_POINT('',(-0.132089642517814,0.415006029657602,-0.153));
#3102=CARTESIAN_POINT('',(-0.132089642517814,0.415006029657602,-0.158));
#3103=CARTESIAN_POINT('',(-0.132089642517814,0.398506029657602,-0.158));
#3104=CARTESIAN_POINT('',(-0.182736132310247,0.398506029657602,-0.15150142588324));
#3105=CARTESIAN_POINT('',(-0.172789642517814,0.431552546262741,-0.15150142588324));
#3106=CARTESIAN_POINT('',(-0.172789642517814,0.429052546262741,-0.15150142588324));
#3107=CARTESIAN_POINT('',(-0.172789642517814,0.386552546262741,-0.15150142588324));
#3108=CARTESIAN_POINT('',(-0.172789642517814,0.384052546262741,-0.15150142588324));
#3109=CARTESIAN_POINT('',(-0.162789642517813,0.398506029657602,-0.15150142588324));
#3110=CARTESIAN_POINT('',(-0.162789642517813,0.357506029657602,-0.15150142588324));
#3111=CARTESIAN_POINT('',(-0.162789642517813,0.439506029657602,-0.15150142588324));
#3112=CARTESIAN_POINT('',(-0.182736132310247,0.357506029657602,-0.15150142588324));
#3113=CARTESIAN_POINT('',(-0.179736132310247,0.357506029657602,-0.15150142588324));
#3114=CARTESIAN_POINT('',(-0.182736132310247,0.360506029657602,-0.15150142588324));
#3115=CARTESIAN_POINT('',(-0.182736132310247,0.360506029657602,-0.15150142588324));
#3116=CARTESIAN_POINT('',(-0.182736132310247,0.398506029657602,-0.15150142588324));
#3117=CARTESIAN_POINT('',(-0.182736132310247,0.436506029657602,-0.15150142588324));
#3118=CARTESIAN_POINT('',(-0.182736132310247,0.436506029657602,-0.15150142588324));
#3119=CARTESIAN_POINT('',(-0.179736132310247,0.439506029657602,-0.15150142588324));
#3120=CARTESIAN_POINT('',(-0.182736132310247,0.439506029657602,-0.15150142588324));
#3121=CARTESIAN_POINT('',(-0.182736132310247,0.359006029657602,-0.146));
#3122=CARTESIAN_POINT('',(-0.182736132310247,0.357506029657602,-0.1475));
#3123=CARTESIAN_POINT('',(-0.159236132310247,0.357506029657602,-0.1475));
#3124=CARTESIAN_POINT('',(-0.162789642517813,0.357506029657602,-0.1475));
#3125=CARTESIAN_POINT('',(-0.16181946564358,0.360089362990936,-0.144916666666667));
#3126=CARTESIAN_POINT('',(-0.169027798976914,0.371214362990936,-0.133791666666666));
#3127=CARTESIAN_POINT('',(-0.181236132310247,0.359006029657602,-0.146));
#3128=CARTESIAN_POINT('',(-0.260402561329707,0.438172458677062,-0.0668335709805399));
#3129=CARTESIAN_POINT('',(-0.179736132310247,0.357506029657602,-0.1475));
#3130=CARTESIAN_POINT('',(-0.182736132310247,0.357506029657602,-0.1475));
#3131=CARTESIAN_POINT('',(-0.182736132310247,0.438006029657602,-0.146));
#3132=CARTESIAN_POINT('',(-0.150221530442166,0.429932062901543,-0.137926033243941));
#3133=CARTESIAN_POINT('',(-0.134976534197701,0.437772852861562,-0.145766823203961));
#3134=CARTESIAN_POINT('',(-0.132873796845714,0.433684460850351,-0.141678431192749));
#3135=CARTESIAN_POINT('',(-0.135867939810625,0.439506029657602,-0.1475));
#3136=CARTESIAN_POINT('',(-0.182736132310247,0.439506029657602,-0.1475));
#3137=CARTESIAN_POINT('',(-0.162789642517813,0.439506029657602,-0.1475));
#3138=CARTESIAN_POINT('',(-0.182736132310247,0.439506029657602,-0.1475));
#3139=CARTESIAN_POINT('',(-0.179736132310247,0.439506029657602,-0.1475));
#3140=CARTESIAN_POINT('',(-0.260402561329707,0.358839600638142,-0.0668335709805399));
#3141=CARTESIAN_POINT('',(-0.181236132310247,0.438006029657602,-0.146));
#3142=CARTESIAN_POINT('',(-0.169111132310247,0.425881029657602,-0.133875));
#3143=CARTESIAN_POINT('',(-0.182736132310247,0.439506029657602,-0.14950071294162));
#3144=CARTESIAN_POINT('',(-0.150776164566939,0.439506029657602,-0.126649336005155));
#3145=CARTESIAN_POINT('',(-0.130789642517814,0.439506029657602,-0.154602513696239));
#3146=CARTESIAN_POINT('',(-0.130789642517814,0.439506029657602,-0.1715));
#3147=CARTESIAN_POINT('',(-0.130789642517814,0.439506029657602,-0.1685));
#3148=CARTESIAN_POINT('',(-0.162789642517813,0.439506029657602,-0.1685));
#3149=CARTESIAN_POINT('',(-0.162789642517813,0.439506029657602,-0.1685));
#3150=CARTESIAN_POINT('',(-0.162789642517813,0.439506029657602,-0.1445));
#3151=CARTESIAN_POINT('',(-0.179736132310247,0.439506029657602,-0.1475));
#3152=CARTESIAN_POINT('',(-0.182736132310247,0.357506029657602,-0.14950071294162));
#3153=CARTESIAN_POINT('',(-0.127789642517814,0.357506029657602,-0.1685));
#3154=CARTESIAN_POINT('',(-0.162789642517813,0.357506029657602,-0.1685));
#3155=CARTESIAN_POINT('',(-0.144639642517814,0.357506029657602,-0.1685));
#3156=CARTESIAN_POINT('',(-0.144639642517814,0.357506029657602,-0.14950071294162));
#3157=CARTESIAN_POINT('',(-0.144639642517814,0.357506029657602,-0.1475));
#3158=CARTESIAN_POINT('',(-0.182736132310247,0.357506029657602,-0.1475));
#3159=CARTESIAN_POINT('',(-0.179736132310247,0.357506029657602,-0.15150142588324));
#3160=CARTESIAN_POINT('',(-0.162789642517813,0.357506029657602,-0.1445));
#3161=CARTESIAN_POINT('',(-0.182736132310247,0.398631029657602,0.0884992870583801));
#3162=CARTESIAN_POINT('',(-0.182736132310247,0.436506029657602,-0.1475));
#3163=CARTESIAN_POINT('',(-0.182736132310247,0.360506029657602,-0.1475));
#3164=CARTESIAN_POINT('',(-0.182736132310247,0.436506029657602,-0.1475));
#3165=CARTESIAN_POINT('',(-0.182736132310247,0.436506029657602,-0.15150142588324));
#3166=CARTESIAN_POINT('',(-0.182736132310247,0.360506029657602,-0.1475));
#3167=CARTESIAN_POINT('',(-0.182736132310247,0.360506029657602,0.0884992870583801));
#3168=CARTESIAN_POINT('',(-0.195444465643581,0.373214362990936,-0.160208333333334));
#3169=CARTESIAN_POINT('',(-0.182736132310247,0.398631029657602,-0.1475));
#3170=CARTESIAN_POINT('',(-0.104069703290787,0.515172458677062,-0.06883357098054));
#3171=CARTESIAN_POINT('',(-0.182736132310247,0.436506029657602,0.0884992870583801));
#3172=CARTESIAN_POINT('',(-0.162789642517813,0.398506029657602,-0.1445));
#3173=CARTESIAN_POINT('',(-0.162789642517813,0.382506029657602,-0.161500000000077));
#3174=CARTESIAN_POINT('',(-0.162789642517813,0.380006029657602,-0.161500000000077));
#3175=CARTESIAN_POINT('',(-0.162789642517813,0.398506029657602,-0.1715));
#3176=CARTESIAN_POINT('',(-0.162789642517813,0.436506029657602,-0.1715));
#3177=CARTESIAN_POINT('',(-0.162789642517813,0.360506029657602,-0.1715));
#3178=CARTESIAN_POINT('',(-0.162789642517813,0.360506029657602,-0.1715));
#3179=CARTESIAN_POINT('',(-0.162789642517813,0.439506029657602,-0.1685));
#3180=CARTESIAN_POINT('',(0.674184032928131,0.382506029657602,-0.161500000000077));
#3181=CARTESIAN_POINT('',(-0.157789642517813,0.382506029657602,-0.161500000000077));
#3182=CARTESIAN_POINT('',(-0.157789642517813,0.380006029657602,-0.161500000000077));
#3183=CARTESIAN_POINT('',(0.0402619409432707,0.398506029657602,-0.1715));
#3184=CARTESIAN_POINT('',(0.0178353926551302,0.328022592180588,-0.1715));
#3185=CARTESIAN_POINT('',(-0.130789642517814,0.375312376099252,-0.1715));
#3186=CARTESIAN_POINT('',(-0.106255410844055,0.367506029657601,-0.1715));
#3187=CARTESIAN_POINT('',(0.0402619409432707,0.367506029657601,-0.1715));
#3188=CARTESIAN_POINT('',(-0.0826396425178137,0.367506029657601,-0.1715));
#3189=CARTESIAN_POINT('',(-0.0826396425178137,0.398506029657602,-0.1715));
#3190=CARTESIAN_POINT('',(-0.0826396425178137,0.352506029657601,-0.1715));
#3191=CARTESIAN_POINT('',(0.0402619409432707,0.352506029657601,-0.1715));
#3192=CARTESIAN_POINT('',(-0.141639642517814,0.352506029657601,-0.1715));
#3193=CARTESIAN_POINT('',(-0.141639642517814,0.398506029657602,-0.1715));
#3194=CARTESIAN_POINT('',(-0.141639642517814,0.360506029657602,-0.1715));
#3195=CARTESIAN_POINT('',(-0.162789642517813,0.360506029657602,-0.1715));
#3196=CARTESIAN_POINT('',(-0.127789642517814,0.436506029657602,-0.1715));
#3197=CARTESIAN_POINT('',(-0.130789642517814,0.436506029657602,-0.1715));
#3198=CARTESIAN_POINT('',(-0.130789642517814,0.398506029657602,-0.1715));
#3199=CARTESIAN_POINT('',(-0.157789642517813,0.398506029657602,0.0754442910545302));
#3200=CARTESIAN_POINT('',(-0.157789642517813,0.382506029657602,-0.161500000000077));
#3201=CARTESIAN_POINT('',(-0.157789642517813,0.378506029657602,-0.161500000000077));
#3202=CARTESIAN_POINT('',(-0.157789642517813,0.382506029657602,-0.161500000000077));
#3203=CARTESIAN_POINT('',(-0.172789642517814,0.386552546262741,0.685856028364463));
#3204=CARTESIAN_POINT('',(-0.172789642517814,0.386552546262741,-0.1465));
#3205=CARTESIAN_POINT('',(-0.172789642517814,0.389052546262741,-0.1465));
#3206=CARTESIAN_POINT('',(-0.172789642517814,0.431552546262741,0.685856028364463));
#3207=CARTESIAN_POINT('',(-0.172789642517814,0.431552546262741,-0.1465));
#3208=CARTESIAN_POINT('',(-0.172789642517814,0.434052546262741,-0.1465));
#3209=CARTESIAN_POINT('',(-0.172789642517814,0.386552546262741,-0.1445));
#3210=CARTESIAN_POINT('',(-0.172789642517814,0.431552546262741,-0.1445));
#3211=CARTESIAN_POINT('',(-0.130789642517814,0.439506029657602,-0.14950071294162));
#3212=CARTESIAN_POINT('',(-0.130011523662838,0.438727910802627,-0.154352950936495));
#3213=CARTESIAN_POINT('',(-0.128766671108646,0.437483058248434,-0.153953694657185));
#3214=CARTESIAN_POINT('',(-0.130296343470515,0.439012730610303,-0.149184285519676));
#3215=CARTESIAN_POINT('',(-0.130789642517814,0.439506029657602,-0.1685));
#3216=CARTESIAN_POINT('',(-0.182736132310247,0.439506029657602,-0.1685));
#3217=CARTESIAN_POINT('',(-0.130789642517814,0.439506029657602,-0.1685));
#3218=CARTESIAN_POINT('',(-0.130789642517814,0.439506029657602,-0.1685));
#3219=CARTESIAN_POINT('',(-0.129289642517814,0.436506029657602,-0.17));
#3220=CARTESIAN_POINT('',(-0.130789642517814,0.398506029657602,-0.1715));
#3221=CARTESIAN_POINT('',(-0.0857954336849656,0.408212944869686,-0.126505791167152));
#3222=CARTESIAN_POINT('',(0.0402619409432707,0.360506029657602,-0.1715));
#3223=CARTESIAN_POINT('',(-0.128972975851147,0.37317269632427,-0.184166666666668));
#3224=CARTESIAN_POINT('',(-0.137089642517814,0.420006029657602,-0.158));
#3225=CARTESIAN_POINT('',(-0.137089642517814,0.425006029657602,-0.158));
#3226=CARTESIAN_POINT('',(-0.137089642517814,0.425006029657602,-0.1465));
#3227=CARTESIAN_POINT('',(-0.137089642517814,0.420006029657602,-0.1465));
#3228=CARTESIAN_POINT('',(-0.137089642517814,0.415006029657602,-0.1465));
#3229=CARTESIAN_POINT('',(-0.137089642517814,0.415006029657602,-0.158));
#3230=CARTESIAN_POINT('',(0.0616119409432707,0.398506029657602,-0.158));
#3231=CARTESIAN_POINT('',(-0.128089642517814,0.425006029657602,-0.158));
#3232=CARTESIAN_POINT('',(-0.129789642517814,0.425006029657602,-0.158));
#3233=CARTESIAN_POINT('',(-0.128089642517814,0.415006029657602,-0.158));
#3234=CARTESIAN_POINT('',(-0.129789642517814,0.415006029657602,-0.158));
#3235=CARTESIAN_POINT('',(-0.129789642517814,0.398506029657602,-0.158));
#3236=CARTESIAN_POINT('',(-0.137089642517814,0.420006029657602,-0.1465));
#3237=CARTESIAN_POINT('',(-0.137089642517814,0.425006029657602,-0.1465));
#3238=CARTESIAN_POINT('',(-0.126839642517814,0.415006029657602,-0.15675));
#3239=CARTESIAN_POINT('',(-0.127789642517814,0.398506029657602,-0.16));
#3240=CARTESIAN_POINT('',(-0.127789642517814,0.425006029657602,-0.16));
#3241=CARTESIAN_POINT('',(-0.128939642517814,0.415006029657602,-0.15885));
#3242=CARTESIAN_POINT('',(-0.130872349701971,0.415006029657602,-0.141591885636672));
#3243=CARTESIAN_POINT('',(-0.130872349701971,0.413006029657602,-0.141591885636672));
#3244=CARTESIAN_POINT('',(-0.129245432575634,0.413006029657602,-0.140428639891341));
#3245=CARTESIAN_POINT('',(-0.129245432575634,0.415006029657602,-0.140428639891341));
#3246=CARTESIAN_POINT('',(-0.129245432575634,0.415006029657602,-0.140428639891341));
#3247=CARTESIAN_POINT('',(-0.130872349701971,0.415006029657602,-0.141591885636672));
#3248=CARTESIAN_POINT('',(-0.123230056886128,0.415006029657602,-0.143683771273345));
#3249=CARTESIAN_POINT('',(-0.123230056886128,0.415006029657602,-0.143683771273345));
#3250=CARTESIAN_POINT('',(-0.121399925504124,0.415006029657602,-0.146243395583839));
#3251=CARTESIAN_POINT('',(-0.125060188268131,0.415006029657602,-0.14112414696285));
#3252=CARTESIAN_POINT('',(-0.125060188268131,0.413006029657602,-0.14112414696285));
#3253=CARTESIAN_POINT('',(-0.125060188268131,0.413006029657602,-0.14112414696285));
#3254=CARTESIAN_POINT('',(-0.123230056886128,0.413006029657602,-0.143683771273345));
#3255=CARTESIAN_POINT('',(-0.121399925504124,0.413006029657602,-0.146243395583839));
#3256=CARTESIAN_POINT('',(-0.121399925504124,0.415006029657602,-0.146243395583839));
#3257=CARTESIAN_POINT('',(-0.123722349701971,0.415006029657602,-0.151591885636673));
#3258=CARTESIAN_POINT('',(-0.123722349701971,0.415006029657602,-0.151591885636673));
#3259=CARTESIAN_POINT('',(-0.122095432575634,0.415006029657602,-0.150428639891342));
#3260=CARTESIAN_POINT('',(-0.122095432575634,0.415006029657602,-0.150428639891342));
#3261=CARTESIAN_POINT('',(-0.122095432575634,0.413006029657602,-0.150428639891342));
#3262=CARTESIAN_POINT('',(-0.123722349701971,0.413006029657602,-0.151591885636673));
#3263=CARTESIAN_POINT('',(-0.129372349701971,0.415006029657602,-0.149341885636672));
#3264=CARTESIAN_POINT('',(-0.128489642517814,0.415006029657602,-0.1475));
#3265=CARTESIAN_POINT('',(-0.125989642517814,0.415006029657602,-0.1475));
#3266=CARTESIAN_POINT('',(-0.127927534888571,0.415006029657602,-0.140647649127967));
#3267=CARTESIAN_POINT('',(-0.122115247389034,0.415006029657602,-0.150547876400046));
#3268=CARTESIAN_POINT('',(-0.129372349701971,0.413006029657602,-0.149341885636672));
#3269=CARTESIAN_POINT('',(-0.128489642517814,0.413006029657602,-0.1475));
#3270=CARTESIAN_POINT('',(-0.122095432575634,0.413006029657602,-0.150428639891341));
#3271=CARTESIAN_POINT('',(-0.125060188268131,0.413006029657602,-0.14112414696285));
#3272=CARTESIAN_POINT('',(-0.123722349701971,0.425006029657602,-0.151591885636673));
#3273=CARTESIAN_POINT('',(-0.122095432575634,0.425006029657602,-0.150428639891341));
#3274=CARTESIAN_POINT('',(-0.122095432575634,0.425006029657602,-0.150428639891341));
#3275=CARTESIAN_POINT('',(-0.123722349701971,0.425006029657602,-0.151591885636673));
#3276=CARTESIAN_POINT('',(-0.123230056886128,0.425006029657602,-0.143683771273345));
#3277=CARTESIAN_POINT('',(-0.125060188268131,0.425006029657602,-0.14112414696285));
#3278=CARTESIAN_POINT('',(-0.125060188268131,0.425006029657602,-0.14112414696285));
#3279=CARTESIAN_POINT('',(-0.123230056886128,0.425006029657602,-0.143683771273345));
#3280=CARTESIAN_POINT('',(-0.121399925504124,0.425006029657602,-0.146243395583839));
#3281=CARTESIAN_POINT('',(-0.121399925504124,0.425006029657602,-0.146243395583839));
#3282=CARTESIAN_POINT('',(-0.130872349701971,0.425006029657602,-0.141591885636672));
#3283=CARTESIAN_POINT('',(-0.130872349701971,0.425006029657602,-0.141591885636672));
#3284=CARTESIAN_POINT('',(-0.129245432575634,0.425006029657602,-0.140428639891341));
#3285=CARTESIAN_POINT('',(-0.129245432575634,0.425006029657602,-0.140428639891341));
#3286=CARTESIAN_POINT('',(-0.129372349701971,0.425006029657602,-0.149341885636672));
#3287=CARTESIAN_POINT('',(-0.128489642517814,0.425006029657602,-0.1475));
#3288=CARTESIAN_POINT('',(-0.130989642517814,0.425006029657602,-0.1475));
#3289=CARTESIAN_POINT('',(-0.127927534888571,0.425006029657602,-0.140647649127967));
#3290=CARTESIAN_POINT('',(-0.122115247389034,0.425006029657602,-0.150547876400046));
#3291=CARTESIAN_POINT('',(-0.129245432575634,0.425006029657602,-0.140428639891341));
#3292=CARTESIAN_POINT('',(-0.121399925504124,0.425006029657602,-0.146243395583839));
#3293=CARTESIAN_POINT('',(-0.125060188268131,0.415006029657602,-0.14112414696285));
#3294=CARTESIAN_POINT('',(-0.122095432575634,0.415006029657602,-0.150428639891341));
#3295=CARTESIAN_POINT('',(-0.128489642517814,0.413006029657602,-0.1475));
#3296=CARTESIAN_POINT('',(-0.128169784010969,0.413006029657602,-0.147464319945671));
#3297=CARTESIAN_POINT('',(-0.128489642517814,0.413006029657602,-0.1475));
#3298=CARTESIAN_POINT('',(-0.128489642517814,0.413006029657602,-0.1475));
#3299=CARTESIAN_POINT('',(-0.142330214334452,0.433256029657602,-0.134163535920785));
#3300=CARTESIAN_POINT('',(-0.142330214334452,0.437006029657602,-0.134163535920785));
#3301=CARTESIAN_POINT('',(-0.129243699699477,0.437006029657602,-0.152466353592079));
#3302=CARTESIAN_POINT('',(-0.13348558533615,0.437006029657602,-0.146533646407921));
#3303=CARTESIAN_POINT('',(-0.13348558533615,0.433256029657602,-0.146533646407921));
#3304=CARTESIAN_POINT('',(-0.129243699699477,0.436506029657602,-0.152466353592079));
#3305=CARTESIAN_POINT('',(-0.129243699699477,0.433256029657602,-0.152466353592079));
#3306=CARTESIAN_POINT('',(-0.137734785650397,0.428514943706682,-0.125991754239191));
#3307=CARTESIAN_POINT('',(-0.150776164566939,0.439506029657602,-0.126649336005155));
#3308=CARTESIAN_POINT('',(-0.123805523424356,0.432027390697431,-0.151512285368092));
#3309=CARTESIAN_POINT('',(-0.137439642517814,0.398506029657602,-0.1445));
#3310=CARTESIAN_POINT('',(-0.148236132310247,0.373006029657602,-0.1385));
#3311=CARTESIAN_POINT('',(-0.148236132310247,0.373006029657602,-0.1445));
#3312=CARTESIAN_POINT('',(-0.150736132310247,0.373006029657602,-0.1445));
#3313=CARTESIAN_POINT('',(-0.14351288741403,0.373006029657602,-0.1475));
#3314=CARTESIAN_POINT('',(-0.159236132310247,0.373006029657602,-0.1475));
#3315=CARTESIAN_POINT('',(-0.137236132310247,0.373006029657602,-0.1475));
#3316=CARTESIAN_POINT('',(-0.137236132310247,0.373006029657602,-0.147502));
#3317=CARTESIAN_POINT('',(-0.137236132310247,0.373006029657602,-0.1445));
#3318=CARTESIAN_POINT('',(-0.143236132310247,0.373006029657602,-0.1385));
#3319=CARTESIAN_POINT('',(-0.143236132310247,0.373006029657602,-0.1385));
#3320=CARTESIAN_POINT('',(-0.148236132310247,0.373006029657602,-0.1385));
#3321=CARTESIAN_POINT('',(-0.153236132310247,0.373006029657602,-0.1385));
#3322=CARTESIAN_POINT('',(-0.159236132310247,0.373006029657602,-0.1445));
#3323=CARTESIAN_POINT('',(-0.158236132310247,0.373006029657602,-0.1485));
#3324=CARTESIAN_POINT('',(0.040288696047054,0.400006029657602,-0.1385));
#3325=CARTESIAN_POINT('',(-0.143236132310247,0.375006029657602,-0.1385));
#3326=CARTESIAN_POINT('',(-0.153236132310247,0.400006029657602,-0.1385));
#3327=CARTESIAN_POINT('',(-0.148236132310247,0.385006029657602,-0.1385));
#3328=CARTESIAN_POINT('',(-0.148236132310247,0.385006029657602,-0.1445));
#3329=CARTESIAN_POINT('',(-0.145736132310247,0.385006029657602,-0.1445));
#3330=CARTESIAN_POINT('',(-0.137236132310247,0.385006029657602,-0.1445));
#3331=CARTESIAN_POINT('',(-0.143236132310247,0.385006029657602,-0.1385));
#3332=CARTESIAN_POINT('',(-0.148236132310247,0.385006029657602,-0.1385));
#3333=CARTESIAN_POINT('',(-0.153236132310247,0.385006029657602,-0.1385));
#3334=CARTESIAN_POINT('',(-0.153236132310247,0.385006029657602,-0.1385));
#3335=CARTESIAN_POINT('',(-0.158236132310247,0.385006029657602,-0.1485));
#3336=CARTESIAN_POINT('',(-0.14751288741403,0.385006029657602,-0.137776755103783));
#3337=CARTESIAN_POINT('',(0.040288696047054,0.400006029657602,-0.1385));
#3338=CARTESIAN_POINT('',(-0.143236132310247,0.400006029657602,-0.1385));
#3339=CARTESIAN_POINT('',(-0.153236132310247,0.385006029657602,-0.1385));
#3340=CARTESIAN_POINT('',(-0.143236132310247,0.400006029657602,-0.1385));
#3341=CARTESIAN_POINT('',(-0.137236132310247,0.373006029657602,-0.1445));
#3342=CARTESIAN_POINT('',(-0.159236132310247,0.374006029657602,-0.1445));
#3343=CARTESIAN_POINT('',(-0.137236132310247,0.386006029657602,-0.1445));
#3344=CARTESIAN_POINT('',(-0.153236132310247,0.400006029657602,-0.1385));
#3345=CARTESIAN_POINT('',(0.050538696047054,0.398506029657602,-0.1475));
#3346=CARTESIAN_POINT('',(0.050538696047054,0.370506029657601,-0.1475));
#3347=CARTESIAN_POINT('',(-0.130789642517814,0.370506029657601,-0.1475));
#3348=CARTESIAN_POINT('',(-0.141408543633533,0.370506029657601,-0.1475));
#3349=CARTESIAN_POINT('',(-0.130789642517814,0.398506029657602,-0.1475));
#3350=CARTESIAN_POINT('',(-0.130789642517814,0.373006029657602,-0.1475));
#3351=CARTESIAN_POINT('',(-0.130789642517814,0.398506029657602,-0.1475));
#3352=CARTESIAN_POINT('',(-0.137236132310247,0.373006029657602,-0.1475));
#3353=CARTESIAN_POINT('',(-0.159236132310247,0.365256029657602,-0.1475));
#3354=CARTESIAN_POINT('',(-0.144639642517814,0.398506029657602,-0.1475));
#3355=CARTESIAN_POINT('',(-0.144639642517814,0.367506029657601,-0.1475));
#3356=CARTESIAN_POINT('',(-0.13849973614348,0.373206789610389,-0.1475));
#3357=CARTESIAN_POINT('',(-0.127789642517814,0.398506029657602,-0.1505));
#3358=CARTESIAN_POINT('',(-0.127789642517814,0.370506029657601,-0.1505));
#3359=CARTESIAN_POINT('',(-0.159236132310247,0.365256029657602,-0.1475));
#3360=CARTESIAN_POINT('',(-0.159236132310247,0.380006029657602,-0.1475));
#3361=CARTESIAN_POINT('',(-0.149736132310247,0.387006029657602,-0.143));
#3362=CARTESIAN_POINT('',(-0.148236132310247,0.387006029657602,-0.1445));
#3363=CARTESIAN_POINT('',(-0.148236132310247,0.387006029657602,-0.1445));
#3364=CARTESIAN_POINT('',(-0.148236132310247,0.387006029657602,-0.1445));
#3365=CARTESIAN_POINT('',(-0.137236132310247,0.373006029657602,-0.147502));
#3366=CARTESIAN_POINT('',(-0.127789642517814,0.398506029657602,-0.1575));
#3367=CARTESIAN_POINT('',(-0.0911396425178136,0.370506029657601,-0.16));
#3368=CARTESIAN_POINT('',(-0.0911396425178136,0.367506029657601,-0.16));
#3369=CARTESIAN_POINT('',(-0.0886396425178136,0.367506029657601,-0.16));
#3370=CARTESIAN_POINT('',(-0.0911396425178136,0.364506029657601,-0.16));
#3371=CARTESIAN_POINT('',(-0.0911396425178136,0.364506029657601,-0.1625));
#3372=CARTESIAN_POINT('',(-0.122139642517814,0.370506029657602,-0.129));
#3373=CARTESIAN_POINT('',(-0.122139642517814,0.367506029657602,-0.129));
#3374=CARTESIAN_POINT('',(-0.119639642517814,0.367506029657602,-0.129));
#3375=CARTESIAN_POINT('',(-0.122139642517814,0.364506029657602,-0.129));
#3376=CARTESIAN_POINT('',(-0.122139642517814,0.364506029657602,-0.1315));
#3377=CARTESIAN_POINT('',(-0.106639642517814,0.370506029657601,-0.1445));
#3378=CARTESIAN_POINT('',(-0.106639642517814,0.367506029657601,-0.1445));
#3379=CARTESIAN_POINT('',(-0.0936396425178136,0.367506029657601,-0.1445));
#3380=CARTESIAN_POINT('',(-0.106639642517814,0.364506029657601,-0.1445));
#3381=CARTESIAN_POINT('',(-0.0936396425178136,0.364506029657601,-0.1445));
#3382=CARTESIAN_POINT('',(-0.0911396425178139,0.370506029657601,-0.129));
#3383=CARTESIAN_POINT('',(-0.0911396425178139,0.367506029657601,-0.129));
#3384=CARTESIAN_POINT('',(-0.0886396425178139,0.367506029657601,-0.129));
#3385=CARTESIAN_POINT('',(-0.0911396425178139,0.364506029657601,-0.129));
#3386=CARTESIAN_POINT('',(-0.0911396425178139,0.364506029657601,-0.1315));
#3387=CARTESIAN_POINT('',(-0.109639642517814,0.370506029657601,-0.1445));
#3388=CARTESIAN_POINT('',(-0.106639642517814,0.370506029657601,-0.1445));
#3389=CARTESIAN_POINT('',(-0.106639642517814,0.370506029657601,-0.1605));
#3390=CARTESIAN_POINT('',(-0.105789642517814,0.370506029657601,-0.1445));
#3391=CARTESIAN_POINT('',(-0.105789642517814,0.370506029657601,-0.1635));
#3392=CARTESIAN_POINT('',(-0.105789642517814,0.370506029657601,-0.1685));
#3393=CARTESIAN_POINT('',(-0.00565335196937163,0.370506029657601,-0.193861689520434));
#3394=CARTESIAN_POINT('',(-0.115683982272627,0.370506029657601,-0.1605));
#3395=CARTESIAN_POINT('',(-0.109639642517814,0.370506029657601,-0.1605));
#3396=CARTESIAN_POINT('',(-0.135992143479641,0.370506029657601,-0.133958999615269));
#3397=CARTESIAN_POINT('',(-0.130608543633533,0.370506029657601,-0.1205));
#3398=CARTESIAN_POINT('',(-0.0796396425178137,0.370506029657601,-0.1205));
#3399=CARTESIAN_POINT('',(-0.0826396425178137,0.370506029657601,-0.1205));
#3400=CARTESIAN_POINT('',(-0.0826396425178137,0.370506029657601,-0.1445));
#3401=CARTESIAN_POINT('',(-0.0826396425178137,0.370506029657601,-0.1685));
#3402=CARTESIAN_POINT('',(-0.109639642517814,0.370506029657601,-0.1685));
#3403=CARTESIAN_POINT('',(-0.0911396425178139,0.370506029657601,-0.129));
#3404=CARTESIAN_POINT('',(-0.0856396425178139,0.370506029657601,-0.129));
#3405=CARTESIAN_POINT('',(-0.122139642517814,0.370506029657601,-0.129));
#3406=CARTESIAN_POINT('',(-0.116639642517814,0.370506029657601,-0.129));
#3407=CARTESIAN_POINT('',(-0.0911396425178136,0.370506029657601,-0.16));
#3408=CARTESIAN_POINT('',(-0.0856396425178136,0.370506029657601,-0.16));
#3409=CARTESIAN_POINT('',(-0.109639642517814,0.364506029657601,-0.1445));
#3410=CARTESIAN_POINT('',(-0.0854896425178138,0.364506029657601,-0.1445));
#3411=CARTESIAN_POINT('',(-0.085489642517814,0.364506029657601,-0.12335));
#3412=CARTESIAN_POINT('',(-0.0854896425178136,0.364506029657601,-0.16565));
#3413=CARTESIAN_POINT('',(-0.109639642517814,0.364506029657601,-0.12335));
#3414=CARTESIAN_POINT('',(-0.127789642517814,0.364506029657601,-0.12335));
#3415=CARTESIAN_POINT('',(-0.127789642517814,0.364506029657601,-0.1445));
#3416=CARTESIAN_POINT('',(-0.127789642517814,0.364506029657601,-0.16565));
#3417=CARTESIAN_POINT('',(-0.109639642517814,0.364506029657601,-0.16565));
#3418=CARTESIAN_POINT('',(-0.106639642517814,0.349506029657601,-0.12335));
#3419=CARTESIAN_POINT('',(-0.085489642517814,0.349506029657601,-0.12335));
#3420=CARTESIAN_POINT('',(-0.085489642517814,0.349506029657601,-0.12335));
#3421=CARTESIAN_POINT('',(-0.106639642517814,0.349506029657601,-0.12335));
#3422=CARTESIAN_POINT('',(-0.127789642517814,0.349506029657601,-0.12335));
#3423=CARTESIAN_POINT('',(-0.127789642517814,0.349506029657601,-0.12335));
#3424=CARTESIAN_POINT('',(-0.0854896425178138,0.349506029657601,-0.1445));
#3425=CARTESIAN_POINT('',(-0.0854896425178136,0.349506029657601,-0.16565));
#3426=CARTESIAN_POINT('',(-0.0854896425178136,0.349506029657601,-0.16565));
#3427=CARTESIAN_POINT('',(-0.0854896425178138,0.349506029657601,-0.1445));
#3428=CARTESIAN_POINT('',(-0.106639642517814,0.349506029657601,-0.16565));
#3429=CARTESIAN_POINT('',(-0.127789642517814,0.349506029657601,-0.16565));
#3430=CARTESIAN_POINT('',(-0.127789642517814,0.349506029657601,-0.16565));
#3431=CARTESIAN_POINT('',(-0.106639642517814,0.349506029657601,-0.16565));
#3432=CARTESIAN_POINT('',(-0.107139642517814,0.349506029657601,-0.1175));
#3433=CARTESIAN_POINT('',(-0.132639642517814,0.367506029657601,-0.1175));
#3434=CARTESIAN_POINT('',(-0.0826396425178137,0.367506029657601,-0.1175));
#3435=CARTESIAN_POINT('',(-0.129639642517814,0.367506029657601,-0.1175));
#3436=CARTESIAN_POINT('',(-0.129639642517814,0.349506029657601,-0.1175));
#3437=CARTESIAN_POINT('',(-0.129639642517814,0.352506029657601,-0.1175));
#3438=CARTESIAN_POINT('',(-0.0796396425178137,0.352506029657601,-0.1175));
#3439=CARTESIAN_POINT('',(-0.0826396425178137,0.352506029657601,-0.1175));
#3440=CARTESIAN_POINT('',(-0.0826396425178137,0.370506029657601,-0.1175));
#3441=CARTESIAN_POINT('',(-0.0796396425178137,0.349506029657601,-0.1445));
#3442=CARTESIAN_POINT('',(-0.0796396425178137,0.349506029657601,-0.1685));
#3443=CARTESIAN_POINT('',(-0.0796396425178137,0.352506029657601,-0.1685));
#3444=CARTESIAN_POINT('',(-0.0796396425178137,0.367506029657601,-0.1685));
#3445=CARTESIAN_POINT('',(-0.0796396425178137,0.367506029657601,-0.1445));
#3446=CARTESIAN_POINT('',(-0.0796396425178137,0.367506029657601,-0.1205));
#3447=CARTESIAN_POINT('',(-0.0796396425178137,0.349506029657601,-0.1205));
#3448=CARTESIAN_POINT('',(-0.0796396425178137,0.352506029657601,-0.1205));
#3449=CARTESIAN_POINT('',(-0.0796396425178137,0.352506029657601,-0.1445));
#3450=CARTESIAN_POINT('',(-0.107139642517814,0.349506029657601,-0.1445));
#3451=CARTESIAN_POINT('',(-0.132639642517814,0.349506029657601,-0.1205));
#3452=CARTESIAN_POINT('',(-0.0826396425178137,0.349506029657601,-0.1205));
#3453=CARTESIAN_POINT('',(-0.130608543633533,0.349506029657601,-0.1205));
#3454=CARTESIAN_POINT('',(-0.135647315893434,0.349506029657601,-0.133096930649752));
#3455=CARTESIAN_POINT('',(-0.141639642517814,0.349506029657601,-0.148077747210701));
#3456=CARTESIAN_POINT('',(-0.141639642517814,0.349506029657601,-0.1445));
#3457=CARTESIAN_POINT('',(-0.141639642517814,0.349506029657601,-0.1685));
#3458=CARTESIAN_POINT('',(-0.107139642517814,0.349506029657601,-0.1685));
#3459=CARTESIAN_POINT('',(-0.0826396425178137,0.349506029657601,-0.1685));
#3460=CARTESIAN_POINT('',(-0.0826396425178137,0.349506029657601,-0.1445));
#3461=CARTESIAN_POINT('',(-0.127789642517814,0.349506029657601,-0.1445));
#3462=CARTESIAN_POINT('',(-0.144639642517814,0.370506029657601,-0.1445));
#3463=CARTESIAN_POINT('',(-0.144639642517814,0.370506029657601,-0.1685));
#3464=CARTESIAN_POINT('',(-0.144639642517814,0.352506029657601,-0.1685));
#3465=CARTESIAN_POINT('',(-0.144639642517814,0.352506029657601,-0.1445));
#3466=CARTESIAN_POINT('',(-0.144639642517814,0.352506029657601,-0.1475));
#3467=CARTESIAN_POINT('',(-0.144639642517814,0.370506029657601,-0.1475));
#3468=CARTESIAN_POINT('',(-0.127789642517814,0.398506029657602,-0.1445));
#3469=CARTESIAN_POINT('',(-0.144639642517814,0.370506029657601,-0.1475));
#3470=CARTESIAN_POINT('',(-0.133753814546876,0.370506029657601,-0.120285430072655));
#3471=CARTESIAN_POINT('',(-0.133753814546876,0.352506029657601,-0.120285430072655));
#3472=CARTESIAN_POINT('',(-0.133753814546876,0.367506029657601,-0.120285430072655));
#3473=CARTESIAN_POINT('',(-0.144639642517814,0.367506029657601,-0.1475));
#3474=CARTESIAN_POINT('',(-0.144639642517814,0.352506029657601,-0.1475));
#3475=CARTESIAN_POINT('',(-0.141639642517814,0.398506029657602,-0.1715));
#3476=CARTESIAN_POINT('',(-0.143139642517814,0.352506029657601,-0.17));
#3477=CARTESIAN_POINT('',(0.0402619409432707,0.352506029657601,-0.1715));
#3478=CARTESIAN_POINT('',(-0.141639642517814,0.349506029657601,-0.1685));
#3479=CARTESIAN_POINT('',(-0.0826396425178137,0.349506029657601,-0.1685));
#3480=CARTESIAN_POINT('',(-0.141639642517814,0.349506029657601,-0.1685));
#3481=CARTESIAN_POINT('',(-0.141639642517814,0.349506029657601,-0.1685));
#3482=CARTESIAN_POINT('',(-0.0826396425178137,0.349506029657601,-0.1685));
#3483=CARTESIAN_POINT('',(-0.0826396425178137,0.349506029657601,-0.1685));
#3484=CARTESIAN_POINT('',(-0.0811396425178136,0.352506029657601,-0.17));
#3485=CARTESIAN_POINT('',(-0.141639642517814,0.349506029657601,-0.1445));
#3486=CARTESIAN_POINT('',(-0.140114286229387,0.347980673369175,-0.148371503991023));
#3487=CARTESIAN_POINT('',(-0.109639642517814,0.370506029657601,-0.1685));
#3488=CARTESIAN_POINT('',(-0.107806172280973,0.35751762115356,-0.181488408504043));
#3489=CARTESIAN_POINT('',(-0.0826396425178137,0.367506029657601,-0.1715));
#3490=CARTESIAN_POINT('',(-0.0796396425178137,0.349506029657601,-0.1685));
#3491=CARTESIAN_POINT('',(-0.0826396425178137,0.367506029657601,-0.1715));
#3492=CARTESIAN_POINT('',(-0.0796396425178137,0.352506029657601,-0.1445));
#3493=CARTESIAN_POINT('',(-0.0811396425178137,0.351006029657601,-0.1205));
#3494=CARTESIAN_POINT('',(-0.107139642517814,0.349506029657601,-0.1205));
#3495=CARTESIAN_POINT('',(-0.130608543633533,0.349506029657601,-0.1205));
#3496=CARTESIAN_POINT('',(-0.0826396425178137,0.352506029657601,-0.1175));
#3497=CARTESIAN_POINT('',(-0.135647315893434,0.349506029657601,-0.133096930649752));
#3498=CARTESIAN_POINT('',(-0.130608543633533,0.349506029657601,-0.1205));
#3499=CARTESIAN_POINT('',(-0.0826396425178137,0.367506029657601,-0.1715));
#3500=CARTESIAN_POINT('',(-0.0811396425178137,0.369006029657601,-0.1685));
#3501=CARTESIAN_POINT('',(-0.0826396425178137,0.352506029657601,-0.1175));
#3502=CARTESIAN_POINT('',(-0.0826396425178137,0.352506029657601,-0.1175));
#3503=CARTESIAN_POINT('',(-0.130608543633533,0.349506029657601,-0.1205));
#3504=CARTESIAN_POINT('',(-0.131696728532345,0.352506029657601,-0.118892715036327));
#3505=CARTESIAN_POINT('',(-0.0826396425178137,0.370506029657601,-0.1445));
#3506=CARTESIAN_POINT('',(-0.0826396425178137,0.370506029657601,-0.1205));
#3507=CARTESIAN_POINT('',(-0.0826396425178137,0.349506029657601,-0.1175));
#3508=CARTESIAN_POINT('',(-0.0811396425178137,0.367506029657601,-0.119));
#3509=CARTESIAN_POINT('',(-0.129639642517814,0.349506029657601,-0.1175));
#3510=CARTESIAN_POINT('',(-0.129639642517814,0.367506029657601,-0.1175));
#3511=CARTESIAN_POINT('',(-0.135992143479641,0.370506029657601,-0.133958999615269));
#3512=CARTESIAN_POINT('',(-0.131704021549037,0.369461148680078,-0.120425266654856));
#3513=CARTESIAN_POINT('',(-0.0826396425178137,0.370506029657601,-0.1205));
#3514=CARTESIAN_POINT('',(-0.0826396425178137,0.370506029657601,-0.1205));
#3515=CARTESIAN_POINT('',(-0.129639642517814,0.367506029657601,-0.1175));
#3516=CARTESIAN_POINT('',(-0.129639642517814,0.367506029657601,-0.1175));
#3517=CARTESIAN_POINT('',(-0.107139642517814,0.367506029657601,-0.1175));
#3518=CARTESIAN_POINT('',(-0.106639642517814,0.367506029657601,-0.1445));
#3519=CARTESIAN_POINT('',(-0.0911396425178139,0.370506029657601,-0.129));
#3520=CARTESIAN_POINT('',(-0.122139642517814,0.370506029657601,-0.129));
#3521=CARTESIAN_POINT('',(-0.0911396425178136,0.370506029657601,-0.16));
#3522=CARTESIAN_POINT('',(0.0242619409432707,0.394506029657602,-0.1605));
#3523=CARTESIAN_POINT('',(-0.128699253489644,0.374647252317562,-0.1605));
#3524=CARTESIAN_POINT('',(-0.127789642517814,0.377506029657601,-0.1605));
#3525=CARTESIAN_POINT('',(-0.105789642517814,0.370506029657601,-0.1635));
#3526=CARTESIAN_POINT('',(-0.127789642517814,0.377506029657601,-0.1685));
#3527=CARTESIAN_POINT('',(0.00446203430616206,0.33227775165526,-0.1605));
#3528=CARTESIAN_POINT('',(0.0178353926551302,0.328022592180588,-0.1715));
#3529=CARTESIAN_POINT('',(-0.146789642517814,0.400052546262742,-0.144498));
#3530=CARTESIAN_POINT('',(-0.146789642517814,0.400052546262742,-0.1685));
#3531=CARTESIAN_POINT('',(-0.146789642517814,0.390552546262741,-0.1685));
#3532=CARTESIAN_POINT('',(0.0375119409432707,0.398506029657602,-0.1685));
#3533=MECHANICAL_DESIGN_GEOMETRIC_PRESENTATION_REPRESENTATION('',(#2192),
#3534);
#3534=(
GEOMETRIC_REPRESENTATION_CONTEXT(3)
GLOBAL_UNCERTAINTY_ASSIGNED_CONTEXT((#3535))
GLOBAL_UNIT_ASSIGNED_CONTEXT((#3538,#3537,#3536))
REPRESENTATION_CONTEXT('TBL-Rod Mount','TOP_LEVEL_ASSEMBLY_PART')
);
#3535=UNCERTAINTY_MEASURE_WITH_UNIT(LENGTH_MEASURE(1.E-8),#3538,
'DISTANCE_ACCURACY_VALUE','Maximum Tolerance applied to model');
#3536=(
NAMED_UNIT(*)
SI_UNIT($,.STERADIAN.)
SOLID_ANGLE_UNIT()
);
#3537=(
NAMED_UNIT(*)
PLANE_ANGLE_UNIT()
SI_UNIT($,.RADIAN.)
);
#3538=(
LENGTH_UNIT()
NAMED_UNIT(*)
SI_UNIT($,.METRE.)
);
#3539=PRODUCT_DEFINITION_SHAPE('','',#3540);
#3540=PRODUCT_DEFINITION('','',#3542,#3541);
#3541=PRODUCT_DEFINITION_CONTEXT('',#3548,'design');
#3542=PRODUCT_DEFINITION_FORMATION_WITH_SPECIFIED_SOURCE('','',#3544,
 .NOT_KNOWN.);
#3543=PRODUCT_RELATED_PRODUCT_CATEGORY('','',(#3544));
#3544=PRODUCT('TBL-Rod Mount','TBL-Rod Mount','TBL-Rod Mount',(#3546));
#3545=PRODUCT_CATEGORY('','');
#3546=PRODUCT_CONTEXT('',#3548,'mechanical');
#3547=APPLICATION_PROTOCOL_DEFINITION('international standard',
'ap242_managed_model_based_3d_engineering',2020,#3548);
#3548=APPLICATION_CONTEXT('managed model based 3d engineering');
ENDSEC;
END-ISO-10303-21;
