ISO-10303-21;
HEADER;
/* Generated by software containing ST-Developer
 * from STEP Tools, Inc. (www.steptools.com) 
 */
/* OPTION: using custom renumber hook */

FILE_DESCRIPTION(
/* description */ ('STEP AP242 Edition 2',
'CAx-IF Rec.Pracs.---Representation and Presentation of Product Manufa
cturing Information (PMI)---4.0---2014-10-13',
'CAx-IF Rec.Pracs.---3D Tessellated Geometry---0.4---2014-09-14','2;1',
'CAx-IF Rec.Pracs.---User Defined Attributes---1.5---2016-08-15'),
/* implementation_level */ '2;1');

FILE_NAME(
/* name */ 'NOT-618 - Bearing Mount',
/* time_stamp */ '2026-07-26T08:51:49Z',
/* author */ (''),
/* organization */ (''),
/* preprocessor_version */ 'ST-DEVELOPER v20',
/* originating_system */ 'ONSHAPE BY PTC INC, 1.218',
/* authorisation */ '  ');

FILE_SCHEMA (('AP242_MANAGED_MODEL_BASED_3D_ENGINEERING_MIM_LF { 1 0 10303 442 3 1 4 }'));
ENDSEC;

DATA;
#10=SHAPE_REPRESENTATION_RELATIONSHIP('','',#1734,#11);
#11=ADVANCED_BREP_SHAPE_REPRESENTATION('',(#1732),#2912);
#12=CONICAL_SURFACE('',#1799,0.00804159628599882,1.56827632412411);
#13=CONICAL_SURFACE('',#1801,0.00804159628599882,1.56827632412411);
#14=CONICAL_SURFACE('',#1840,0.00275,0.785398163397449);
#15=CONICAL_SURFACE('',#1841,0.00275,0.785398163397448);
#16=CONICAL_SURFACE('',#1842,0.0035,0.785398163397449);
#17=ELLIPSE('',#1789,0.0111799409111935,0.01115);
#18=CYLINDRICAL_SURFACE('',#1744,0.0016);
#19=CYLINDRICAL_SURFACE('',#1747,0.0016);
#20=CYLINDRICAL_SURFACE('',#1763,0.0025);
#21=CYLINDRICAL_SURFACE('',#1788,0.01115);
#22=CYLINDRICAL_SURFACE('',#1797,0.015);
#23=CYLINDRICAL_SURFACE('',#1804,0.00804159628599882);
#24=CYLINDRICAL_SURFACE('',#1809,0.00603159628599882);
#25=CYLINDRICAL_SURFACE('',#1813,0.00804159628599882);
#26=CYLINDRICAL_SURFACE('',#1814,0.015);
#27=CYLINDRICAL_SURFACE('',#1820,0.0021);
#28=CYLINDRICAL_SURFACE('',#1823,0.0021);
#29=CYLINDRICAL_SURFACE('',#1828,0.0016);
#30=CYLINDRICAL_SURFACE('',#1830,0.0016);
#31=CYLINDRICAL_SURFACE('',#1834,0.00275);
#32=CYLINDRICAL_SURFACE('',#1838,0.00275);
#33=CYLINDRICAL_SURFACE('',#1845,0.013);
#34=CYLINDRICAL_SURFACE('',#1846,0.013);
#35=CYLINDRICAL_SURFACE('',#1849,0.0128442920079649);
#36=CYLINDRICAL_SURFACE('',#1852,0.0128442920079649);
#37=CYLINDRICAL_SURFACE('',#1856,0.001);
#38=CYLINDRICAL_SURFACE('',#1857,0.001);
#39=CYLINDRICAL_SURFACE('',#1858,0.001);
#40=CYLINDRICAL_SURFACE('',#1859,0.001);
#41=CYLINDRICAL_SURFACE('',#1860,0.0029);
#42=CYLINDRICAL_SURFACE('',#1863,0.0029);
#43=CYLINDRICAL_SURFACE('',#1866,0.0024142135623731);
#44=CYLINDRICAL_SURFACE('',#1867,0.0024142135623731);
#45=CYLINDRICAL_SURFACE('',#1868,0.0024142135623731);
#46=CYLINDRICAL_SURFACE('',#1879,0.0011);
#47=CYLINDRICAL_SURFACE('',#1880,0.0011);
#48=CYLINDRICAL_SURFACE('',#1881,0.0011);
#49=CYLINDRICAL_SURFACE('',#1882,0.0011);
#50=CYLINDRICAL_SURFACE('',#1893,0.00225);
#51=CYLINDRICAL_SURFACE('',#1896,0.00225);
#52=CYLINDRICAL_SURFACE('',#1905,0.0095);
#53=CYLINDRICAL_SURFACE('',#1906,0.0095);
#54=B_SPLINE_CURVE_WITH_KNOTS('',3,(#2502,#2503,#2504,#2505),
 .UNSPECIFIED.,.F.,.F.,(4,4),(0.0312525709871222,0.039646133776561),
 .UNSPECIFIED.);
#55=B_SPLINE_CURVE_WITH_KNOTS('',3,(#2509,#2510,#2511,#2512),
 .UNSPECIFIED.,.F.,.F.,(4,4),(0.0503544955243981,0.0587480583133144),
 .UNSPECIFIED.);
#56=B_SPLINE_CURVE_WITH_KNOTS('',3,(#2657,#2658,#2659,#2660,#2661,#2662,
#2663),.UNSPECIFIED.,.F.,.F.,(4,1,1,1,4),(0.,0.00117988286826304,0.00235976573652607,
0.00353964860478911,0.00471953147305214),.UNSPECIFIED.);
#57=B_SPLINE_CURVE_WITH_KNOTS('',3,(#2667,#2668,#2669,#2670,#2671,#2672,
#2673),.UNSPECIFIED.,.F.,.F.,(4,1,1,1,4),(5.55382496713543E-18,0.00117380783865499,
0.00234761567730997,0.00352142351596495,0.00469523135461993),
 .UNSPECIFIED.);
#58=CIRCLE('',#1738,0.00225);
#59=CIRCLE('',#1739,0.00225);
#60=CIRCLE('',#1741,0.0035);
#61=CIRCLE('',#1742,0.0016);
#62=CIRCLE('',#1743,0.0016);
#63=CIRCLE('',#1745,0.0016);
#64=CIRCLE('',#1746,0.0016);
#65=CIRCLE('',#1748,0.0016);
#66=CIRCLE('',#1749,0.0016);
#67=CIRCLE('',#1751,0.0024142135623731);
#68=CIRCLE('',#1752,0.013);
#69=CIRCLE('',#1753,0.001);
#70=CIRCLE('',#1754,0.0095);
#71=CIRCLE('',#1755,0.001);
#72=CIRCLE('',#1756,0.013);
#73=CIRCLE('',#1757,0.0128442920079649);
#74=CIRCLE('',#1758,0.001);
#75=CIRCLE('',#1759,0.0095);
#76=CIRCLE('',#1760,0.001);
#77=CIRCLE('',#1761,0.0128442920079649);
#78=CIRCLE('',#1762,0.0024142135623731);
#79=CIRCLE('',#1764,0.0025);
#80=CIRCLE('',#1765,0.0025);
#81=CIRCLE('',#1767,0.0024142135623731);
#82=CIRCLE('',#1768,0.0128442920079649);
#83=CIRCLE('',#1769,0.001);
#84=CIRCLE('',#1770,0.0095);
#85=CIRCLE('',#1771,0.001);
#86=CIRCLE('',#1772,0.0128442920079649);
#87=CIRCLE('',#1773,0.013);
#88=CIRCLE('',#1774,0.001);
#89=CIRCLE('',#1775,0.0095);
#90=CIRCLE('',#1776,0.001);
#91=CIRCLE('',#1777,0.013);
#92=CIRCLE('',#1778,0.0024142135623731);
#93=CIRCLE('',#1780,0.0011);
#94=CIRCLE('',#1781,0.0011);
#95=CIRCLE('',#1782,0.0011);
#96=CIRCLE('',#1783,0.0011);
#97=CIRCLE('',#1784,0.00375);
#98=CIRCLE('',#1785,0.00375);
#99=CIRCLE('',#1786,0.0029);
#100=CIRCLE('',#1787,0.0029);
#101=CIRCLE('',#1790,0.01115);
#102=CIRCLE('',#1792,0.00804159628599882);
#103=CIRCLE('',#1796,0.015);
#104=CIRCLE('',#1798,0.015);
#105=CIRCLE('',#1800,0.00804159628599882);
#106=CIRCLE('',#1802,0.00804159628599882);
#107=CIRCLE('',#1803,0.015);
#108=CIRCLE('',#1805,0.00804159628599882);
#109=CIRCLE('',#1806,0.00804159628599882);
#110=CIRCLE('',#1808,0.00603159628599882);
#111=CIRCLE('',#1810,0.00603159628599882);
#112=CIRCLE('',#1812,0.00804159628599882);
#113=CIRCLE('',#1815,0.015);
#114=CIRCLE('',#1817,0.0021);
#115=CIRCLE('',#1819,0.0021);
#116=CIRCLE('',#1821,0.0021);
#117=CIRCLE('',#1824,0.0021);
#118=CIRCLE('',#1829,0.0016);
#119=CIRCLE('',#1831,0.0016);
#120=CIRCLE('',#1833,0.00275);
#121=CIRCLE('',#1835,0.00275);
#122=CIRCLE('',#1837,0.00275);
#123=CIRCLE('',#1839,0.00275);
#124=CIRCLE('',#1861,0.0029);
#125=CIRCLE('',#1864,0.0029);
#126=CIRCLE('',#1872,0.0011);
#127=CIRCLE('',#1873,0.0011);
#128=CIRCLE('',#1877,0.0011);
#129=CIRCLE('',#1878,0.0011);
#130=CIRCLE('',#1892,0.00225);
#131=CIRCLE('',#1895,0.00225);
#132=ORIENTED_EDGE('',*,*,#592,.F.);
#133=ORIENTED_EDGE('',*,*,#593,.T.);
#134=ORIENTED_EDGE('',*,*,#594,.T.);
#135=ORIENTED_EDGE('',*,*,#595,.F.);
#136=ORIENTED_EDGE('',*,*,#596,.F.);
#137=ORIENTED_EDGE('',*,*,#597,.F.);
#138=ORIENTED_EDGE('',*,*,#598,.F.);
#139=ORIENTED_EDGE('',*,*,#599,.T.);
#140=ORIENTED_EDGE('',*,*,#600,.T.);
#141=ORIENTED_EDGE('',*,*,#601,.T.);
#142=ORIENTED_EDGE('',*,*,#602,.F.);
#143=ORIENTED_EDGE('',*,*,#603,.T.);
#144=ORIENTED_EDGE('',*,*,#604,.T.);
#145=ORIENTED_EDGE('',*,*,#605,.T.);
#146=ORIENTED_EDGE('',*,*,#606,.F.);
#147=ORIENTED_EDGE('',*,*,#607,.F.);
#148=ORIENTED_EDGE('',*,*,#608,.T.);
#149=ORIENTED_EDGE('',*,*,#609,.T.);
#150=ORIENTED_EDGE('',*,*,#610,.T.);
#151=ORIENTED_EDGE('',*,*,#611,.T.);
#152=ORIENTED_EDGE('',*,*,#612,.T.);
#153=ORIENTED_EDGE('',*,*,#613,.F.);
#154=ORIENTED_EDGE('',*,*,#614,.F.);
#155=ORIENTED_EDGE('',*,*,#605,.F.);
#156=ORIENTED_EDGE('',*,*,#615,.T.);
#157=ORIENTED_EDGE('',*,*,#616,.F.);
#158=ORIENTED_EDGE('',*,*,#617,.T.);
#159=ORIENTED_EDGE('',*,*,#618,.T.);
#160=ORIENTED_EDGE('',*,*,#619,.F.);
#161=ORIENTED_EDGE('',*,*,#620,.F.);
#162=ORIENTED_EDGE('',*,*,#621,.T.);
#163=ORIENTED_EDGE('',*,*,#622,.T.);
#164=ORIENTED_EDGE('',*,*,#623,.T.);
#165=ORIENTED_EDGE('',*,*,#624,.T.);
#166=ORIENTED_EDGE('',*,*,#625,.T.);
#167=ORIENTED_EDGE('',*,*,#626,.F.);
#168=ORIENTED_EDGE('',*,*,#627,.T.);
#169=ORIENTED_EDGE('',*,*,#628,.T.);
#170=ORIENTED_EDGE('',*,*,#629,.F.);
#171=ORIENTED_EDGE('',*,*,#630,.T.);
#172=ORIENTED_EDGE('',*,*,#631,.T.);
#173=ORIENTED_EDGE('',*,*,#632,.F.);
#174=ORIENTED_EDGE('',*,*,#633,.F.);
#175=ORIENTED_EDGE('',*,*,#634,.T.);
#176=ORIENTED_EDGE('',*,*,#635,.F.);
#177=ORIENTED_EDGE('',*,*,#636,.T.);
#178=ORIENTED_EDGE('',*,*,#637,.T.);
#179=ORIENTED_EDGE('',*,*,#638,.T.);
#180=ORIENTED_EDGE('',*,*,#639,.T.);
#181=ORIENTED_EDGE('',*,*,#640,.T.);
#182=ORIENTED_EDGE('',*,*,#641,.T.);
#183=ORIENTED_EDGE('',*,*,#642,.T.);
#184=ORIENTED_EDGE('',*,*,#643,.T.);
#185=ORIENTED_EDGE('',*,*,#644,.T.);
#186=ORIENTED_EDGE('',*,*,#594,.F.);
#187=ORIENTED_EDGE('',*,*,#645,.T.);
#188=ORIENTED_EDGE('',*,*,#646,.F.);
#189=ORIENTED_EDGE('',*,*,#647,.T.);
#190=ORIENTED_EDGE('',*,*,#648,.F.);
#191=ORIENTED_EDGE('',*,*,#649,.T.);
#192=ORIENTED_EDGE('',*,*,#650,.F.);
#193=ORIENTED_EDGE('',*,*,#651,.T.);
#194=ORIENTED_EDGE('',*,*,#652,.T.);
#195=ORIENTED_EDGE('',*,*,#629,.T.);
#196=ORIENTED_EDGE('',*,*,#653,.T.);
#197=ORIENTED_EDGE('',*,*,#654,.T.);
#198=ORIENTED_EDGE('',*,*,#655,.T.);
#199=ORIENTED_EDGE('',*,*,#656,.T.);
#200=ORIENTED_EDGE('',*,*,#657,.T.);
#201=ORIENTED_EDGE('',*,*,#658,.F.);
#202=ORIENTED_EDGE('',*,*,#659,.F.);
#203=ORIENTED_EDGE('',*,*,#660,.T.);
#204=ORIENTED_EDGE('',*,*,#661,.F.);
#205=ORIENTED_EDGE('',*,*,#662,.T.);
#206=ORIENTED_EDGE('',*,*,#663,.F.);
#207=ORIENTED_EDGE('',*,*,#664,.T.);
#208=ORIENTED_EDGE('',*,*,#665,.F.);
#209=ORIENTED_EDGE('',*,*,#666,.F.);
#210=ORIENTED_EDGE('',*,*,#667,.T.);
#211=ORIENTED_EDGE('',*,*,#668,.T.);
#212=ORIENTED_EDGE('',*,*,#669,.F.);
#213=ORIENTED_EDGE('',*,*,#670,.F.);
#214=ORIENTED_EDGE('',*,*,#671,.T.);
#215=ORIENTED_EDGE('',*,*,#672,.T.);
#216=ORIENTED_EDGE('',*,*,#673,.T.);
#217=ORIENTED_EDGE('',*,*,#674,.T.);
#218=ORIENTED_EDGE('',*,*,#675,.T.);
#219=ORIENTED_EDGE('',*,*,#633,.T.);
#220=ORIENTED_EDGE('',*,*,#676,.F.);
#221=ORIENTED_EDGE('',*,*,#677,.T.);
#222=ORIENTED_EDGE('',*,*,#678,.T.);
#223=ORIENTED_EDGE('',*,*,#679,.F.);
#224=ORIENTED_EDGE('',*,*,#680,.T.);
#225=ORIENTED_EDGE('',*,*,#623,.F.);
#226=ORIENTED_EDGE('',*,*,#681,.T.);
#227=ORIENTED_EDGE('',*,*,#682,.T.);
#228=ORIENTED_EDGE('',*,*,#683,.F.);
#229=ORIENTED_EDGE('',*,*,#684,.F.);
#230=ORIENTED_EDGE('',*,*,#685,.T.);
#231=ORIENTED_EDGE('',*,*,#686,.T.);
#232=ORIENTED_EDGE('',*,*,#687,.F.);
#233=ORIENTED_EDGE('',*,*,#688,.F.);
#234=ORIENTED_EDGE('',*,*,#689,.T.);
#235=ORIENTED_EDGE('',*,*,#690,.T.);
#236=ORIENTED_EDGE('',*,*,#691,.T.);
#237=ORIENTED_EDGE('',*,*,#692,.T.);
#238=ORIENTED_EDGE('',*,*,#693,.T.);
#239=ORIENTED_EDGE('',*,*,#694,.F.);
#240=ORIENTED_EDGE('',*,*,#695,.T.);
#241=ORIENTED_EDGE('',*,*,#696,.T.);
#242=ORIENTED_EDGE('',*,*,#697,.T.);
#243=ORIENTED_EDGE('',*,*,#698,.F.);
#244=ORIENTED_EDGE('',*,*,#699,.F.);
#245=ORIENTED_EDGE('',*,*,#700,.T.);
#246=ORIENTED_EDGE('',*,*,#701,.F.);
#247=ORIENTED_EDGE('',*,*,#702,.T.);
#248=ORIENTED_EDGE('',*,*,#703,.T.);
#249=ORIENTED_EDGE('',*,*,#627,.F.);
#250=ORIENTED_EDGE('',*,*,#704,.F.);
#251=ORIENTED_EDGE('',*,*,#705,.T.);
#252=ORIENTED_EDGE('',*,*,#706,.T.);
#253=ORIENTED_EDGE('',*,*,#707,.T.);
#254=ORIENTED_EDGE('',*,*,#708,.T.);
#255=ORIENTED_EDGE('',*,*,#663,.T.);
#256=ORIENTED_EDGE('',*,*,#709,.F.);
#257=ORIENTED_EDGE('',*,*,#693,.F.);
#258=ORIENTED_EDGE('',*,*,#710,.T.);
#259=ORIENTED_EDGE('',*,*,#711,.T.);
#260=ORIENTED_EDGE('',*,*,#712,.T.);
#261=ORIENTED_EDGE('',*,*,#713,.F.);
#262=ORIENTED_EDGE('',*,*,#714,.F.);
#263=ORIENTED_EDGE('',*,*,#635,.T.);
#264=ORIENTED_EDGE('',*,*,#715,.T.);
#265=ORIENTED_EDGE('',*,*,#716,.T.);
#266=ORIENTED_EDGE('',*,*,#717,.T.);
#267=ORIENTED_EDGE('',*,*,#621,.F.);
#268=ORIENTED_EDGE('',*,*,#718,.F.);
#269=ORIENTED_EDGE('',*,*,#636,.F.);
#270=ORIENTED_EDGE('',*,*,#718,.T.);
#271=ORIENTED_EDGE('',*,*,#620,.T.);
#272=ORIENTED_EDGE('',*,*,#719,.F.);
#273=ORIENTED_EDGE('',*,*,#720,.F.);
#274=ORIENTED_EDGE('',*,*,#721,.T.);
#275=ORIENTED_EDGE('',*,*,#722,.T.);
#276=ORIENTED_EDGE('',*,*,#723,.F.);
#277=ORIENTED_EDGE('',*,*,#709,.T.);
#278=ORIENTED_EDGE('',*,*,#662,.F.);
#279=ORIENTED_EDGE('',*,*,#724,.F.);
#280=ORIENTED_EDGE('',*,*,#694,.T.);
#281=ORIENTED_EDGE('',*,*,#725,.F.);
#282=ORIENTED_EDGE('',*,*,#637,.F.);
#283=ORIENTED_EDGE('',*,*,#723,.T.);
#284=ORIENTED_EDGE('',*,*,#726,.T.);
#285=ORIENTED_EDGE('',*,*,#725,.T.);
#286=ORIENTED_EDGE('',*,*,#727,.T.);
#287=ORIENTED_EDGE('',*,*,#638,.F.);
#288=ORIENTED_EDGE('',*,*,#727,.F.);
#289=ORIENTED_EDGE('',*,*,#728,.F.);
#290=ORIENTED_EDGE('',*,*,#729,.F.);
#291=ORIENTED_EDGE('',*,*,#639,.F.);
#292=ORIENTED_EDGE('',*,*,#640,.F.);
#293=ORIENTED_EDGE('',*,*,#729,.T.);
#294=ORIENTED_EDGE('',*,*,#730,.F.);
#295=ORIENTED_EDGE('',*,*,#731,.F.);
#296=ORIENTED_EDGE('',*,*,#642,.F.);
#297=ORIENTED_EDGE('',*,*,#732,.F.);
#298=ORIENTED_EDGE('',*,*,#733,.T.);
#299=ORIENTED_EDGE('',*,*,#734,.T.);
#300=ORIENTED_EDGE('',*,*,#735,.F.);
#301=ORIENTED_EDGE('',*,*,#736,.T.);
#302=ORIENTED_EDGE('',*,*,#732,.T.);
#303=ORIENTED_EDGE('',*,*,#737,.F.);
#304=ORIENTED_EDGE('',*,*,#731,.T.);
#305=ORIENTED_EDGE('',*,*,#738,.F.);
#306=ORIENTED_EDGE('',*,*,#739,.F.);
#307=ORIENTED_EDGE('',*,*,#740,.T.);
#308=ORIENTED_EDGE('',*,*,#735,.T.);
#309=ORIENTED_EDGE('',*,*,#741,.F.);
#310=ORIENTED_EDGE('',*,*,#742,.F.);
#311=ORIENTED_EDGE('',*,*,#743,.T.);
#312=ORIENTED_EDGE('',*,*,#739,.T.);
#313=ORIENTED_EDGE('',*,*,#744,.F.);
#314=ORIENTED_EDGE('',*,*,#745,.F.);
#315=ORIENTED_EDGE('',*,*,#746,.T.);
#316=ORIENTED_EDGE('',*,*,#742,.T.);
#317=ORIENTED_EDGE('',*,*,#747,.F.);
#318=ORIENTED_EDGE('',*,*,#721,.F.);
#319=ORIENTED_EDGE('',*,*,#748,.T.);
#320=ORIENTED_EDGE('',*,*,#745,.T.);
#321=ORIENTED_EDGE('',*,*,#749,.F.);
#322=ORIENTED_EDGE('',*,*,#643,.F.);
#323=ORIENTED_EDGE('',*,*,#734,.F.);
#324=ORIENTED_EDGE('',*,*,#750,.T.);
#325=ORIENTED_EDGE('',*,*,#751,.F.);
#326=ORIENTED_EDGE('',*,*,#752,.F.);
#327=ORIENTED_EDGE('',*,*,#733,.F.);
#328=ORIENTED_EDGE('',*,*,#736,.F.);
#329=ORIENTED_EDGE('',*,*,#740,.F.);
#330=ORIENTED_EDGE('',*,*,#743,.F.);
#331=ORIENTED_EDGE('',*,*,#746,.F.);
#332=ORIENTED_EDGE('',*,*,#748,.F.);
#333=ORIENTED_EDGE('',*,*,#720,.T.);
#334=ORIENTED_EDGE('',*,*,#753,.T.);
#335=ORIENTED_EDGE('',*,*,#592,.T.);
#336=ORIENTED_EDGE('',*,*,#750,.F.);
#337=ORIENTED_EDGE('',*,*,#754,.F.);
#338=ORIENTED_EDGE('',*,*,#730,.T.);
#339=ORIENTED_EDGE('',*,*,#728,.T.);
#340=ORIENTED_EDGE('',*,*,#726,.F.);
#341=ORIENTED_EDGE('',*,*,#722,.F.);
#342=ORIENTED_EDGE('',*,*,#749,.T.);
#343=ORIENTED_EDGE('',*,*,#747,.T.);
#344=ORIENTED_EDGE('',*,*,#744,.T.);
#345=ORIENTED_EDGE('',*,*,#741,.T.);
#346=ORIENTED_EDGE('',*,*,#738,.T.);
#347=ORIENTED_EDGE('',*,*,#755,.F.);
#348=ORIENTED_EDGE('',*,*,#754,.T.);
#349=ORIENTED_EDGE('',*,*,#755,.T.);
#350=ORIENTED_EDGE('',*,*,#756,.F.);
#351=ORIENTED_EDGE('',*,*,#752,.T.);
#352=ORIENTED_EDGE('',*,*,#756,.T.);
#353=ORIENTED_EDGE('',*,*,#644,.F.);
#354=ORIENTED_EDGE('',*,*,#751,.T.);
#355=ORIENTED_EDGE('',*,*,#595,.T.);
#356=ORIENTED_EDGE('',*,*,#641,.F.);
#357=ORIENTED_EDGE('',*,*,#737,.T.);
#358=ORIENTED_EDGE('',*,*,#613,.T.);
#359=ORIENTED_EDGE('',*,*,#757,.F.);
#360=ORIENTED_EDGE('',*,*,#614,.T.);
#361=ORIENTED_EDGE('',*,*,#758,.F.);
#362=ORIENTED_EDGE('',*,*,#759,.T.);
#363=ORIENTED_EDGE('',*,*,#758,.T.);
#364=ORIENTED_EDGE('',*,*,#760,.T.);
#365=ORIENTED_EDGE('',*,*,#759,.F.);
#366=ORIENTED_EDGE('',*,*,#761,.T.);
#367=ORIENTED_EDGE('',*,*,#757,.T.);
#368=ORIENTED_EDGE('',*,*,#762,.T.);
#369=ORIENTED_EDGE('',*,*,#761,.F.);
#370=ORIENTED_EDGE('',*,*,#711,.F.);
#371=ORIENTED_EDGE('',*,*,#762,.F.);
#372=ORIENTED_EDGE('',*,*,#712,.F.);
#373=ORIENTED_EDGE('',*,*,#760,.F.);
#374=ORIENTED_EDGE('',*,*,#677,.F.);
#375=ORIENTED_EDGE('',*,*,#612,.F.);
#376=ORIENTED_EDGE('',*,*,#697,.F.);
#377=ORIENTED_EDGE('',*,*,#763,.T.);
#378=ORIENTED_EDGE('',*,*,#659,.T.);
#379=ORIENTED_EDGE('',*,*,#764,.F.);
#380=ORIENTED_EDGE('',*,*,#657,.F.);
#381=ORIENTED_EDGE('',*,*,#765,.T.);
#382=ORIENTED_EDGE('',*,*,#699,.T.);
#383=ORIENTED_EDGE('',*,*,#766,.T.);
#384=ORIENTED_EDGE('',*,*,#701,.T.);
#385=ORIENTED_EDGE('',*,*,#767,.T.);
#386=ORIENTED_EDGE('',*,*,#655,.F.);
#387=ORIENTED_EDGE('',*,*,#768,.F.);
#388=ORIENTED_EDGE('',*,*,#661,.T.);
#389=ORIENTED_EDGE('',*,*,#769,.T.);
#390=ORIENTED_EDGE('',*,*,#695,.F.);
#391=ORIENTED_EDGE('',*,*,#724,.T.);
#392=ORIENTED_EDGE('',*,*,#654,.F.);
#393=ORIENTED_EDGE('',*,*,#770,.T.);
#394=ORIENTED_EDGE('',*,*,#702,.F.);
#395=ORIENTED_EDGE('',*,*,#768,.T.);
#396=ORIENTED_EDGE('',*,*,#683,.T.);
#397=ORIENTED_EDGE('',*,*,#771,.T.);
#398=ORIENTED_EDGE('',*,*,#673,.F.);
#399=ORIENTED_EDGE('',*,*,#772,.F.);
#400=ORIENTED_EDGE('',*,*,#672,.F.);
#401=ORIENTED_EDGE('',*,*,#773,.T.);
#402=ORIENTED_EDGE('',*,*,#684,.T.);
#403=ORIENTED_EDGE('',*,*,#772,.T.);
#404=ORIENTED_EDGE('',*,*,#686,.F.);
#405=ORIENTED_EDGE('',*,*,#774,.T.);
#406=ORIENTED_EDGE('',*,*,#670,.T.);
#407=ORIENTED_EDGE('',*,*,#775,.F.);
#408=ORIENTED_EDGE('',*,*,#668,.F.);
#409=ORIENTED_EDGE('',*,*,#776,.T.);
#410=ORIENTED_EDGE('',*,*,#688,.T.);
#411=ORIENTED_EDGE('',*,*,#777,.T.);
#412=ORIENTED_EDGE('',*,*,#690,.F.);
#413=ORIENTED_EDGE('',*,*,#778,.T.);
#414=ORIENTED_EDGE('',*,*,#666,.T.);
#415=ORIENTED_EDGE('',*,*,#779,.F.);
#416=ORIENTED_EDGE('',*,*,#665,.T.);
#417=ORIENTED_EDGE('',*,*,#780,.T.);
#418=ORIENTED_EDGE('',*,*,#691,.F.);
#419=ORIENTED_EDGE('',*,*,#779,.T.);
#420=ORIENTED_EDGE('',*,*,#716,.F.);
#421=ORIENTED_EDGE('',*,*,#781,.T.);
#422=ORIENTED_EDGE('',*,*,#674,.F.);
#423=ORIENTED_EDGE('',*,*,#771,.F.);
#424=ORIENTED_EDGE('',*,*,#682,.F.);
#425=ORIENTED_EDGE('',*,*,#782,.T.);
#426=ORIENTED_EDGE('',*,*,#692,.F.);
#427=ORIENTED_EDGE('',*,*,#780,.F.);
#428=ORIENTED_EDGE('',*,*,#664,.F.);
#429=ORIENTED_EDGE('',*,*,#710,.F.);
#430=ORIENTED_EDGE('',*,*,#685,.F.);
#431=ORIENTED_EDGE('',*,*,#773,.F.);
#432=ORIENTED_EDGE('',*,*,#671,.F.);
#433=ORIENTED_EDGE('',*,*,#774,.F.);
#434=ORIENTED_EDGE('',*,*,#689,.F.);
#435=ORIENTED_EDGE('',*,*,#776,.F.);
#436=ORIENTED_EDGE('',*,*,#667,.F.);
#437=ORIENTED_EDGE('',*,*,#778,.F.);
#438=ORIENTED_EDGE('',*,*,#700,.F.);
#439=ORIENTED_EDGE('',*,*,#765,.F.);
#440=ORIENTED_EDGE('',*,*,#656,.F.);
#441=ORIENTED_EDGE('',*,*,#767,.F.);
#442=ORIENTED_EDGE('',*,*,#696,.F.);
#443=ORIENTED_EDGE('',*,*,#769,.F.);
#444=ORIENTED_EDGE('',*,*,#660,.F.);
#445=ORIENTED_EDGE('',*,*,#763,.F.);
#446=ORIENTED_EDGE('',*,*,#783,.F.);
#447=ORIENTED_EDGE('',*,*,#713,.T.);
#448=ORIENTED_EDGE('',*,*,#678,.F.);
#449=ORIENTED_EDGE('',*,*,#783,.T.);
#450=ORIENTED_EDGE('',*,*,#784,.F.);
#451=ORIENTED_EDGE('',*,*,#714,.T.);
#452=ORIENTED_EDGE('',*,*,#784,.T.);
#453=ORIENTED_EDGE('',*,*,#715,.F.);
#454=ORIENTED_EDGE('',*,*,#634,.F.);
#455=ORIENTED_EDGE('',*,*,#675,.F.);
#456=ORIENTED_EDGE('',*,*,#781,.F.);
#457=ORIENTED_EDGE('',*,*,#703,.F.);
#458=ORIENTED_EDGE('',*,*,#770,.F.);
#459=ORIENTED_EDGE('',*,*,#653,.F.);
#460=ORIENTED_EDGE('',*,*,#628,.F.);
#461=ORIENTED_EDGE('',*,*,#717,.F.);
#462=ORIENTED_EDGE('',*,*,#782,.F.);
#463=ORIENTED_EDGE('',*,*,#681,.F.);
#464=ORIENTED_EDGE('',*,*,#622,.F.);
#465=ORIENTED_EDGE('',*,*,#632,.T.);
#466=ORIENTED_EDGE('',*,*,#785,.T.);
#467=ORIENTED_EDGE('',*,*,#786,.F.);
#468=ORIENTED_EDGE('',*,*,#676,.T.);
#469=ORIENTED_EDGE('',*,*,#630,.F.);
#470=ORIENTED_EDGE('',*,*,#652,.F.);
#471=ORIENTED_EDGE('',*,*,#787,.T.);
#472=ORIENTED_EDGE('',*,*,#788,.T.);
#473=ORIENTED_EDGE('',*,*,#789,.F.);
#474=ORIENTED_EDGE('',*,*,#790,.F.);
#475=ORIENTED_EDGE('',*,*,#651,.F.);
#476=ORIENTED_EDGE('',*,*,#786,.T.);
#477=ORIENTED_EDGE('',*,*,#791,.T.);
#478=ORIENTED_EDGE('',*,*,#787,.F.);
#479=ORIENTED_EDGE('',*,*,#626,.T.);
#480=ORIENTED_EDGE('',*,*,#792,.T.);
#481=ORIENTED_EDGE('',*,*,#793,.F.);
#482=ORIENTED_EDGE('',*,*,#704,.T.);
#483=ORIENTED_EDGE('',*,*,#624,.F.);
#484=ORIENTED_EDGE('',*,*,#680,.F.);
#485=ORIENTED_EDGE('',*,*,#794,.T.);
#486=ORIENTED_EDGE('',*,*,#795,.T.);
#487=ORIENTED_EDGE('',*,*,#796,.F.);
#488=ORIENTED_EDGE('',*,*,#797,.F.);
#489=ORIENTED_EDGE('',*,*,#679,.T.);
#490=ORIENTED_EDGE('',*,*,#793,.T.);
#491=ORIENTED_EDGE('',*,*,#798,.T.);
#492=ORIENTED_EDGE('',*,*,#794,.F.);
#493=ORIENTED_EDGE('',*,*,#797,.T.);
#494=ORIENTED_EDGE('',*,*,#708,.F.);
#495=ORIENTED_EDGE('',*,*,#796,.T.);
#496=ORIENTED_EDGE('',*,*,#705,.F.);
#497=ORIENTED_EDGE('',*,*,#790,.T.);
#498=ORIENTED_EDGE('',*,*,#707,.F.);
#499=ORIENTED_EDGE('',*,*,#789,.T.);
#500=ORIENTED_EDGE('',*,*,#706,.F.);
#501=ORIENTED_EDGE('',*,*,#792,.F.);
#502=ORIENTED_EDGE('',*,*,#625,.F.);
#503=ORIENTED_EDGE('',*,*,#795,.F.);
#504=ORIENTED_EDGE('',*,*,#798,.F.);
#505=ORIENTED_EDGE('',*,*,#785,.F.);
#506=ORIENTED_EDGE('',*,*,#631,.F.);
#507=ORIENTED_EDGE('',*,*,#788,.F.);
#508=ORIENTED_EDGE('',*,*,#791,.F.);
#509=ORIENTED_EDGE('',*,*,#799,.F.);
#510=ORIENTED_EDGE('',*,*,#800,.T.);
#511=ORIENTED_EDGE('',*,*,#598,.T.);
#512=ORIENTED_EDGE('',*,*,#801,.T.);
#513=ORIENTED_EDGE('',*,*,#649,.F.);
#514=ORIENTED_EDGE('',*,*,#647,.F.);
#515=ORIENTED_EDGE('',*,*,#802,.T.);
#516=ORIENTED_EDGE('',*,*,#803,.T.);
#517=ORIENTED_EDGE('',*,*,#799,.T.);
#518=ORIENTED_EDGE('',*,*,#804,.T.);
#519=ORIENTED_EDGE('',*,*,#805,.T.);
#520=ORIENTED_EDGE('',*,*,#806,.T.);
#521=ORIENTED_EDGE('',*,*,#807,.F.);
#522=ORIENTED_EDGE('',*,*,#618,.F.);
#523=ORIENTED_EDGE('',*,*,#808,.T.);
#524=ORIENTED_EDGE('',*,*,#809,.T.);
#525=ORIENTED_EDGE('',*,*,#602,.T.);
#526=ORIENTED_EDGE('',*,*,#810,.T.);
#527=ORIENTED_EDGE('',*,*,#808,.F.);
#528=ORIENTED_EDGE('',*,*,#617,.F.);
#529=ORIENTED_EDGE('',*,*,#811,.F.);
#530=ORIENTED_EDGE('',*,*,#807,.T.);
#531=ORIENTED_EDGE('',*,*,#812,.T.);
#532=ORIENTED_EDGE('',*,*,#608,.F.);
#533=ORIENTED_EDGE('',*,*,#813,.T.);
#534=ORIENTED_EDGE('',*,*,#753,.F.);
#535=ORIENTED_EDGE('',*,*,#719,.T.);
#536=ORIENTED_EDGE('',*,*,#619,.T.);
#537=ORIENTED_EDGE('',*,*,#600,.F.);
#538=ORIENTED_EDGE('',*,*,#814,.T.);
#539=ORIENTED_EDGE('',*,*,#802,.F.);
#540=ORIENTED_EDGE('',*,*,#815,.T.);
#541=ORIENTED_EDGE('',*,*,#610,.F.);
#542=ORIENTED_EDGE('',*,*,#816,.T.);
#543=ORIENTED_EDGE('',*,*,#805,.F.);
#544=ORIENTED_EDGE('',*,*,#817,.T.);
#545=ORIENTED_EDGE('',*,*,#818,.T.);
#546=ORIENTED_EDGE('',*,*,#650,.T.);
#547=ORIENTED_EDGE('',*,*,#818,.F.);
#548=ORIENTED_EDGE('',*,*,#597,.T.);
#549=ORIENTED_EDGE('',*,*,#819,.T.);
#550=ORIENTED_EDGE('',*,*,#648,.T.);
#551=ORIENTED_EDGE('',*,*,#819,.F.);
#552=ORIENTED_EDGE('',*,*,#596,.T.);
#553=ORIENTED_EDGE('',*,*,#603,.F.);
#554=ORIENTED_EDGE('',*,*,#811,.T.);
#555=ORIENTED_EDGE('',*,*,#616,.T.);
#556=ORIENTED_EDGE('',*,*,#820,.F.);
#557=ORIENTED_EDGE('',*,*,#615,.F.);
#558=ORIENTED_EDGE('',*,*,#604,.F.);
#559=ORIENTED_EDGE('',*,*,#820,.T.);
#560=ORIENTED_EDGE('',*,*,#813,.F.);
#561=ORIENTED_EDGE('',*,*,#607,.T.);
#562=ORIENTED_EDGE('',*,*,#821,.T.);
#563=ORIENTED_EDGE('',*,*,#645,.F.);
#564=ORIENTED_EDGE('',*,*,#593,.F.);
#565=ORIENTED_EDGE('',*,*,#646,.T.);
#566=ORIENTED_EDGE('',*,*,#821,.F.);
#567=ORIENTED_EDGE('',*,*,#606,.T.);
#568=ORIENTED_EDGE('',*,*,#803,.F.);
#569=ORIENTED_EDGE('',*,*,#814,.F.);
#570=ORIENTED_EDGE('',*,*,#599,.F.);
#571=ORIENTED_EDGE('',*,*,#800,.F.);
#572=ORIENTED_EDGE('',*,*,#601,.F.);
#573=ORIENTED_EDGE('',*,*,#815,.F.);
#574=ORIENTED_EDGE('',*,*,#809,.F.);
#575=ORIENTED_EDGE('',*,*,#810,.F.);
#576=ORIENTED_EDGE('',*,*,#806,.F.);
#577=ORIENTED_EDGE('',*,*,#816,.F.);
#578=ORIENTED_EDGE('',*,*,#609,.F.);
#579=ORIENTED_EDGE('',*,*,#812,.F.);
#580=ORIENTED_EDGE('',*,*,#611,.F.);
#581=ORIENTED_EDGE('',*,*,#817,.F.);
#582=ORIENTED_EDGE('',*,*,#804,.F.);
#583=ORIENTED_EDGE('',*,*,#801,.F.);
#584=ORIENTED_EDGE('',*,*,#777,.F.);
#585=ORIENTED_EDGE('',*,*,#687,.T.);
#586=ORIENTED_EDGE('',*,*,#775,.T.);
#587=ORIENTED_EDGE('',*,*,#669,.T.);
#588=ORIENTED_EDGE('',*,*,#766,.F.);
#589=ORIENTED_EDGE('',*,*,#698,.T.);
#590=ORIENTED_EDGE('',*,*,#764,.T.);
#591=ORIENTED_EDGE('',*,*,#658,.T.);
#592=EDGE_CURVE('',#822,#823,#986,.T.);
#593=EDGE_CURVE('',#822,#824,#987,.T.);
#594=EDGE_CURVE('',#824,#825,#988,.T.);
#595=EDGE_CURVE('',#823,#825,#989,.T.);
#596=EDGE_CURVE('',#826,#826,#58,.T.);
#597=EDGE_CURVE('',#827,#827,#59,.T.);
#598=EDGE_CURVE('',#828,#829,#990,.T.);
#599=EDGE_CURVE('',#828,#830,#991,.T.);
#600=EDGE_CURVE('',#830,#831,#992,.T.);
#601=EDGE_CURVE('',#831,#832,#993,.F.);
#602=EDGE_CURVE('',#833,#832,#994,.T.);
#603=EDGE_CURVE('',#833,#834,#995,.F.);
#604=EDGE_CURVE('',#834,#835,#996,.T.);
#605=EDGE_CURVE('',#835,#836,#997,.T.);
#606=EDGE_CURVE('',#837,#836,#998,.T.);
#607=EDGE_CURVE('',#838,#837,#999,.T.);
#608=EDGE_CURVE('',#838,#839,#1000,.T.);
#609=EDGE_CURVE('',#839,#840,#1001,.F.);
#610=EDGE_CURVE('',#840,#841,#1002,.F.);
#611=EDGE_CURVE('',#841,#829,#1003,.F.);
#612=EDGE_CURVE('',#842,#842,#60,.F.);
#613=EDGE_CURVE('',#843,#843,#61,.T.);
#614=EDGE_CURVE('',#844,#844,#62,.T.);
#615=EDGE_CURVE('',#835,#845,#1004,.T.);
#616=EDGE_CURVE('',#846,#845,#1005,.F.);
#617=EDGE_CURVE('',#846,#847,#1006,.T.);
#618=EDGE_CURVE('',#847,#848,#1007,.T.);
#619=EDGE_CURVE('',#849,#848,#1008,.T.);
#620=EDGE_CURVE('',#850,#849,#1009,.T.);
#621=EDGE_CURVE('',#850,#851,#1010,.T.);
#622=EDGE_CURVE('',#851,#852,#1011,.F.);
#623=EDGE_CURVE('',#852,#853,#1012,.T.);
#624=EDGE_CURVE('',#853,#854,#1013,.T.);
#625=EDGE_CURVE('',#854,#855,#1014,.T.);
#626=EDGE_CURVE('',#856,#855,#1015,.T.);
#627=EDGE_CURVE('',#856,#857,#1016,.T.);
#628=EDGE_CURVE('',#857,#858,#1017,.T.);
#629=EDGE_CURVE('',#859,#858,#1018,.T.);
#630=EDGE_CURVE('',#859,#860,#1019,.T.);
#631=EDGE_CURVE('',#860,#861,#1020,.T.);
#632=EDGE_CURVE('',#862,#861,#1021,.T.);
#633=EDGE_CURVE('',#863,#862,#1022,.T.);
#634=EDGE_CURVE('',#863,#864,#1023,.T.);
#635=EDGE_CURVE('',#865,#864,#1024,.T.);
#636=EDGE_CURVE('',#865,#866,#1025,.T.);
#637=EDGE_CURVE('',#866,#867,#1026,.T.);
#638=EDGE_CURVE('',#867,#868,#1027,.T.);
#639=EDGE_CURVE('',#868,#869,#1028,.T.);
#640=EDGE_CURVE('',#869,#870,#54,.T.);
#641=EDGE_CURVE('',#870,#871,#1029,.T.);
#642=EDGE_CURVE('',#871,#872,#55,.T.);
#643=EDGE_CURVE('',#872,#873,#1030,.F.);
#644=EDGE_CURVE('',#873,#825,#1031,.T.);
#645=EDGE_CURVE('',#824,#874,#1032,.T.);
#646=EDGE_CURVE('',#836,#874,#1033,.T.);
#647=EDGE_CURVE('',#875,#875,#63,.T.);
#648=EDGE_CURVE('',#876,#876,#64,.F.);
#649=EDGE_CURVE('',#877,#877,#65,.T.);
#650=EDGE_CURVE('',#878,#878,#66,.F.);
#651=EDGE_CURVE('',#879,#880,#1034,.T.);
#652=EDGE_CURVE('',#880,#859,#1035,.T.);
#653=EDGE_CURVE('',#858,#881,#67,.T.);
#654=EDGE_CURVE('',#881,#882,#1036,.T.);
#655=EDGE_CURVE('',#882,#883,#68,.T.);
#656=EDGE_CURVE('',#883,#884,#69,.T.);
#657=EDGE_CURVE('',#884,#885,#1037,.T.);
#658=EDGE_CURVE('',#886,#885,#70,.T.);
#659=EDGE_CURVE('',#887,#886,#1038,.T.);
#660=EDGE_CURVE('',#887,#888,#71,.T.);
#661=EDGE_CURVE('',#889,#888,#72,.T.);
#662=EDGE_CURVE('',#889,#890,#1039,.T.);
#663=EDGE_CURVE('',#891,#890,#1040,.T.);
#664=EDGE_CURVE('',#891,#892,#1041,.T.);
#665=EDGE_CURVE('',#893,#892,#1042,.T.);
#666=EDGE_CURVE('',#894,#893,#73,.T.);
#667=EDGE_CURVE('',#894,#895,#74,.T.);
#668=EDGE_CURVE('',#895,#896,#1043,.T.);
#669=EDGE_CURVE('',#897,#896,#75,.T.);
#670=EDGE_CURVE('',#898,#897,#1044,.T.);
#671=EDGE_CURVE('',#898,#899,#76,.T.);
#672=EDGE_CURVE('',#899,#900,#77,.T.);
#673=EDGE_CURVE('',#900,#901,#1045,.T.);
#674=EDGE_CURVE('',#901,#902,#1046,.F.);
#675=EDGE_CURVE('',#902,#863,#78,.T.);
#676=EDGE_CURVE('',#879,#862,#1047,.T.);
#677=EDGE_CURVE('',#903,#903,#79,.T.);
#678=EDGE_CURVE('',#904,#904,#80,.T.);
#679=EDGE_CURVE('',#905,#906,#1048,.T.);
#680=EDGE_CURVE('',#905,#853,#1049,.T.);
#681=EDGE_CURVE('',#852,#907,#81,.F.);
#682=EDGE_CURVE('',#907,#908,#1050,.F.);
#683=EDGE_CURVE('',#909,#908,#1051,.T.);
#684=EDGE_CURVE('',#910,#909,#82,.T.);
#685=EDGE_CURVE('',#910,#911,#83,.F.);
#686=EDGE_CURVE('',#911,#912,#1052,.T.);
#687=EDGE_CURVE('',#913,#912,#84,.F.);
#688=EDGE_CURVE('',#914,#913,#1053,.T.);
#689=EDGE_CURVE('',#914,#915,#85,.F.);
#690=EDGE_CURVE('',#915,#916,#86,.F.);
#691=EDGE_CURVE('',#916,#917,#1054,.T.);
#692=EDGE_CURVE('',#917,#918,#1055,.T.);
#693=EDGE_CURVE('',#918,#919,#1056,.T.);
#694=EDGE_CURVE('',#920,#919,#1057,.T.);
#695=EDGE_CURVE('',#920,#921,#87,.F.);
#696=EDGE_CURVE('',#921,#922,#88,.F.);
#697=EDGE_CURVE('',#922,#923,#1058,.T.);
#698=EDGE_CURVE('',#924,#923,#89,.F.);
#699=EDGE_CURVE('',#925,#924,#1059,.T.);
#700=EDGE_CURVE('',#925,#926,#90,.F.);
#701=EDGE_CURVE('',#927,#926,#91,.T.);
#702=EDGE_CURVE('',#927,#928,#1060,.T.);
#703=EDGE_CURVE('',#928,#857,#92,.F.);
#704=EDGE_CURVE('',#906,#856,#1061,.T.);
#705=EDGE_CURVE('',#929,#929,#93,.T.);
#706=EDGE_CURVE('',#930,#930,#94,.T.);
#707=EDGE_CURVE('',#931,#931,#95,.T.);
#708=EDGE_CURVE('',#932,#932,#96,.T.);
#709=EDGE_CURVE('',#919,#890,#1062,.T.);
#710=EDGE_CURVE('',#918,#891,#1063,.T.);
#711=EDGE_CURVE('',#933,#933,#97,.F.);
#712=EDGE_CURVE('',#934,#934,#98,.F.);
#713=EDGE_CURVE('',#935,#935,#99,.T.);
#714=EDGE_CURVE('',#936,#936,#100,.T.);
#715=EDGE_CURVE('',#864,#937,#56,.T.);
#716=EDGE_CURVE('',#937,#938,#17,.F.);
#717=EDGE_CURVE('',#938,#851,#57,.T.);
#718=EDGE_CURVE('',#865,#850,#101,.T.);
#719=EDGE_CURVE('',#939,#849,#1064,.T.);
#720=EDGE_CURVE('',#940,#939,#1065,.T.);
#721=EDGE_CURVE('',#940,#941,#102,.T.);
#722=EDGE_CURVE('',#941,#942,#1066,.T.);
#723=EDGE_CURVE('',#866,#942,#1067,.T.);
#724=EDGE_CURVE('',#920,#889,#1068,.T.);
#725=EDGE_CURVE('',#867,#943,#1069,.T.);
#726=EDGE_CURVE('',#942,#943,#1070,.T.);
#727=EDGE_CURVE('',#943,#868,#103,.T.);
#728=EDGE_CURVE('',#944,#943,#1071,.T.);
#729=EDGE_CURVE('',#869,#944,#104,.T.);
#730=EDGE_CURVE('',#945,#944,#1072,.T.);
#731=EDGE_CURVE('',#870,#945,#105,.T.);
#732=EDGE_CURVE('',#946,#871,#106,.T.);
#733=EDGE_CURVE('',#946,#947,#1073,.T.);
#734=EDGE_CURVE('',#947,#872,#107,.T.);
#735=EDGE_CURVE('',#948,#949,#108,.T.);
#736=EDGE_CURVE('',#948,#946,#1074,.T.);
#737=EDGE_CURVE('',#870,#871,#109,.T.);
#738=EDGE_CURVE('',#949,#945,#1075,.T.);
#739=EDGE_CURVE('',#950,#951,#110,.T.);
#740=EDGE_CURVE('',#950,#948,#1076,.T.);
#741=EDGE_CURVE('',#951,#949,#1077,.T.);
#742=EDGE_CURVE('',#952,#953,#111,.T.);
#743=EDGE_CURVE('',#952,#950,#1078,.T.);
#744=EDGE_CURVE('',#953,#951,#1079,.T.);
#745=EDGE_CURVE('',#954,#955,#112,.T.);
#746=EDGE_CURVE('',#954,#952,#1080,.T.);
#747=EDGE_CURVE('',#955,#953,#1081,.T.);
#748=EDGE_CURVE('',#940,#954,#1082,.T.);
#749=EDGE_CURVE('',#941,#955,#1083,.T.);
#750=EDGE_CURVE('',#947,#823,#1084,.T.);
#751=EDGE_CURVE('',#873,#823,#113,.T.);
#752=EDGE_CURVE('',#956,#956,#114,.T.);
#753=EDGE_CURVE('',#939,#822,#1085,.T.);
#754=EDGE_CURVE('',#957,#957,#115,.T.);
#755=EDGE_CURVE('',#958,#958,#116,.T.);
#756=EDGE_CURVE('',#959,#959,#117,.T.);
#757=EDGE_CURVE('',#960,#960,#118,.F.);
#758=EDGE_CURVE('',#961,#961,#119,.F.);
#759=EDGE_CURVE('',#962,#962,#120,.T.);
#760=EDGE_CURVE('',#963,#963,#121,.T.);
#761=EDGE_CURVE('',#964,#964,#122,.T.);
#762=EDGE_CURVE('',#965,#965,#123,.T.);
#763=EDGE_CURVE('',#922,#887,#1086,.T.);
#764=EDGE_CURVE('',#923,#886,#1087,.T.);
#765=EDGE_CURVE('',#884,#925,#1088,.F.);
#766=EDGE_CURVE('',#924,#885,#1089,.T.);
#767=EDGE_CURVE('',#926,#883,#1090,.T.);
#768=EDGE_CURVE('',#927,#882,#1091,.T.);
#769=EDGE_CURVE('',#888,#921,#1092,.F.);
#770=EDGE_CURVE('',#881,#928,#1093,.F.);
#771=EDGE_CURVE('',#908,#901,#1094,.T.);
#772=EDGE_CURVE('',#909,#900,#1095,.T.);
#773=EDGE_CURVE('',#899,#910,#1096,.F.);
#774=EDGE_CURVE('',#911,#898,#1097,.F.);
#775=EDGE_CURVE('',#912,#897,#1098,.T.);
#776=EDGE_CURVE('',#895,#914,#1099,.T.);
#777=EDGE_CURVE('',#913,#896,#1100,.T.);
#778=EDGE_CURVE('',#915,#894,#1101,.T.);
#779=EDGE_CURVE('',#916,#893,#1102,.T.);
#780=EDGE_CURVE('',#892,#917,#1103,.T.);
#781=EDGE_CURVE('',#937,#902,#1104,.T.);
#782=EDGE_CURVE('',#907,#938,#1105,.F.);
#783=EDGE_CURVE('',#966,#966,#124,.T.);
#784=EDGE_CURVE('',#967,#967,#125,.T.);
#785=EDGE_CURVE('',#861,#968,#1106,.T.);
#786=EDGE_CURVE('',#879,#968,#1107,.T.);
#787=EDGE_CURVE('',#880,#969,#1108,.T.);
#788=EDGE_CURVE('',#969,#860,#1109,.T.);
#789=EDGE_CURVE('',#970,#970,#126,.T.);
#790=EDGE_CURVE('',#971,#971,#127,.T.);
#791=EDGE_CURVE('',#968,#969,#1110,.T.);
#792=EDGE_CURVE('',#855,#972,#1111,.T.);
#793=EDGE_CURVE('',#906,#972,#1112,.T.);
#794=EDGE_CURVE('',#905,#973,#1113,.T.);
#795=EDGE_CURVE('',#973,#854,#1114,.T.);
#796=EDGE_CURVE('',#974,#974,#128,.T.);
#797=EDGE_CURVE('',#975,#975,#129,.T.);
#798=EDGE_CURVE('',#972,#973,#1115,.T.);
#799=EDGE_CURVE('',#976,#977,#1116,.T.);
#800=EDGE_CURVE('',#976,#828,#1117,.T.);
#801=EDGE_CURVE('',#829,#977,#1118,.T.);
#802=EDGE_CURVE('',#978,#979,#1119,.T.);
#803=EDGE_CURVE('',#979,#976,#1120,.T.);
#804=EDGE_CURVE('',#977,#980,#1121,.F.);
#805=EDGE_CURVE('',#980,#981,#1122,.F.);
#806=EDGE_CURVE('',#981,#982,#1123,.F.);
#807=EDGE_CURVE('',#848,#982,#1124,.T.);
#808=EDGE_CURVE('',#847,#983,#1125,.T.);
#809=EDGE_CURVE('',#983,#978,#1126,.F.);
#810=EDGE_CURVE('',#832,#983,#1127,.T.);
#811=EDGE_CURVE('',#833,#846,#1128,.F.);
#812=EDGE_CURVE('',#982,#839,#1129,.T.);
#813=EDGE_CURVE('',#838,#822,#1130,.T.);
#814=EDGE_CURVE('',#830,#979,#1131,.T.);
#815=EDGE_CURVE('',#978,#831,#1132,.T.);
#816=EDGE_CURVE('',#840,#981,#1133,.F.);
#817=EDGE_CURVE('',#980,#841,#1134,.F.);
#818=EDGE_CURVE('',#984,#984,#130,.T.);
#819=EDGE_CURVE('',#985,#985,#131,.T.);
#820=EDGE_CURVE('',#834,#845,#1135,.F.);
#821=EDGE_CURVE('',#837,#874,#1136,.T.);
#822=VERTEX_POINT('',#2405);
#823=VERTEX_POINT('',#2406);
#824=VERTEX_POINT('',#2408);
#825=VERTEX_POINT('',#2410);
#826=VERTEX_POINT('',#2414);
#827=VERTEX_POINT('',#2416);
#828=VERTEX_POINT('',#2418);
#829=VERTEX_POINT('',#2419);
#830=VERTEX_POINT('',#2421);
#831=VERTEX_POINT('',#2423);
#832=VERTEX_POINT('',#2425);
#833=VERTEX_POINT('',#2427);
#834=VERTEX_POINT('',#2429);
#835=VERTEX_POINT('',#2431);
#836=VERTEX_POINT('',#2433);
#837=VERTEX_POINT('',#2435);
#838=VERTEX_POINT('',#2437);
#839=VERTEX_POINT('',#2439);
#840=VERTEX_POINT('',#2441);
#841=VERTEX_POINT('',#2443);
#842=VERTEX_POINT('',#2447);
#843=VERTEX_POINT('',#2449);
#844=VERTEX_POINT('',#2451);
#845=VERTEX_POINT('',#2453);
#846=VERTEX_POINT('',#2455);
#847=VERTEX_POINT('',#2457);
#848=VERTEX_POINT('',#2459);
#849=VERTEX_POINT('',#2461);
#850=VERTEX_POINT('',#2463);
#851=VERTEX_POINT('',#2465);
#852=VERTEX_POINT('',#2467);
#853=VERTEX_POINT('',#2469);
#854=VERTEX_POINT('',#2471);
#855=VERTEX_POINT('',#2473);
#856=VERTEX_POINT('',#2475);
#857=VERTEX_POINT('',#2477);
#858=VERTEX_POINT('',#2479);
#859=VERTEX_POINT('',#2481);
#860=VERTEX_POINT('',#2483);
#861=VERTEX_POINT('',#2485);
#862=VERTEX_POINT('',#2487);
#863=VERTEX_POINT('',#2489);
#864=VERTEX_POINT('',#2491);
#865=VERTEX_POINT('',#2493);
#866=VERTEX_POINT('',#2495);
#867=VERTEX_POINT('',#2497);
#868=VERTEX_POINT('',#2499);
#869=VERTEX_POINT('',#2501);
#870=VERTEX_POINT('',#2506);
#871=VERTEX_POINT('',#2508);
#872=VERTEX_POINT('',#2513);
#873=VERTEX_POINT('',#2515);
#874=VERTEX_POINT('',#2518);
#875=VERTEX_POINT('',#2522);
#876=VERTEX_POINT('',#2524);
#877=VERTEX_POINT('',#2527);
#878=VERTEX_POINT('',#2529);
#879=VERTEX_POINT('',#2532);
#880=VERTEX_POINT('',#2533);
#881=VERTEX_POINT('',#2536);
#882=VERTEX_POINT('',#2538);
#883=VERTEX_POINT('',#2540);
#884=VERTEX_POINT('',#2542);
#885=VERTEX_POINT('',#2544);
#886=VERTEX_POINT('',#2546);
#887=VERTEX_POINT('',#2548);
#888=VERTEX_POINT('',#2550);
#889=VERTEX_POINT('',#2552);
#890=VERTEX_POINT('',#2554);
#891=VERTEX_POINT('',#2556);
#892=VERTEX_POINT('',#2558);
#893=VERTEX_POINT('',#2560);
#894=VERTEX_POINT('',#2562);
#895=VERTEX_POINT('',#2564);
#896=VERTEX_POINT('',#2566);
#897=VERTEX_POINT('',#2568);
#898=VERTEX_POINT('',#2570);
#899=VERTEX_POINT('',#2572);
#900=VERTEX_POINT('',#2574);
#901=VERTEX_POINT('',#2576);
#902=VERTEX_POINT('',#2578);
#903=VERTEX_POINT('',#2583);
#904=VERTEX_POINT('',#2585);
#905=VERTEX_POINT('',#2588);
#906=VERTEX_POINT('',#2589);
#907=VERTEX_POINT('',#2592);
#908=VERTEX_POINT('',#2594);
#909=VERTEX_POINT('',#2596);
#910=VERTEX_POINT('',#2598);
#911=VERTEX_POINT('',#2600);
#912=VERTEX_POINT('',#2602);
#913=VERTEX_POINT('',#2604);
#914=VERTEX_POINT('',#2606);
#915=VERTEX_POINT('',#2608);
#916=VERTEX_POINT('',#2610);
#917=VERTEX_POINT('',#2612);
#918=VERTEX_POINT('',#2614);
#919=VERTEX_POINT('',#2616);
#920=VERTEX_POINT('',#2618);
#921=VERTEX_POINT('',#2620);
#922=VERTEX_POINT('',#2622);
#923=VERTEX_POINT('',#2624);
#924=VERTEX_POINT('',#2626);
#925=VERTEX_POINT('',#2628);
#926=VERTEX_POINT('',#2630);
#927=VERTEX_POINT('',#2632);
#928=VERTEX_POINT('',#2634);
#929=VERTEX_POINT('',#2639);
#930=VERTEX_POINT('',#2641);
#931=VERTEX_POINT('',#2643);
#932=VERTEX_POINT('',#2645);
#933=VERTEX_POINT('',#2649);
#934=VERTEX_POINT('',#2651);
#935=VERTEX_POINT('',#2653);
#936=VERTEX_POINT('',#2655);
#937=VERTEX_POINT('',#2664);
#938=VERTEX_POINT('',#2666);
#939=VERTEX_POINT('',#2677);
#940=VERTEX_POINT('',#2679);
#941=VERTEX_POINT('',#2681);
#942=VERTEX_POINT('',#2683);
#943=VERTEX_POINT('',#2689);
#944=VERTEX_POINT('',#2695);
#945=VERTEX_POINT('',#2699);
#946=VERTEX_POINT('',#2703);
#947=VERTEX_POINT('',#2705);
#948=VERTEX_POINT('',#2709);
#949=VERTEX_POINT('',#2710);
#950=VERTEX_POINT('',#2716);
#951=VERTEX_POINT('',#2717);
#952=VERTEX_POINT('',#2722);
#953=VERTEX_POINT('',#2723);
#954=VERTEX_POINT('',#2728);
#955=VERTEX_POINT('',#2729);
#956=VERTEX_POINT('',#2740);
#957=VERTEX_POINT('',#2744);
#958=VERTEX_POINT('',#2747);
#959=VERTEX_POINT('',#2751);
#960=VERTEX_POINT('',#2757);
#961=VERTEX_POINT('',#2760);
#962=VERTEX_POINT('',#2763);
#963=VERTEX_POINT('',#2766);
#964=VERTEX_POINT('',#2769);
#965=VERTEX_POINT('',#2772);
#966=VERTEX_POINT('',#2815);
#967=VERTEX_POINT('',#2819);
#968=VERTEX_POINT('',#2826);
#969=VERTEX_POINT('',#2830);
#970=VERTEX_POINT('',#2834);
#971=VERTEX_POINT('',#2836);
#972=VERTEX_POINT('',#2840);
#973=VERTEX_POINT('',#2844);
#974=VERTEX_POINT('',#2848);
#975=VERTEX_POINT('',#2850);
#976=VERTEX_POINT('',#2860);
#977=VERTEX_POINT('',#2861);
#978=VERTEX_POINT('',#2866);
#979=VERTEX_POINT('',#2867);
#980=VERTEX_POINT('',#2870);
#981=VERTEX_POINT('',#2872);
#982=VERTEX_POINT('',#2874);
#983=VERTEX_POINT('',#2877);
#984=VERTEX_POINT('',#2893);
#985=VERTEX_POINT('',#2897);
#986=LINE('',#2404,#1137);
#987=LINE('',#2407,#1138);
#988=LINE('',#2409,#1139);
#989=LINE('',#2411,#1140);
#990=LINE('',#2417,#1141);
#991=LINE('',#2420,#1142);
#992=LINE('',#2422,#1143);
#993=LINE('',#2424,#1144);
#994=LINE('',#2426,#1145);
#995=LINE('',#2428,#1146);
#996=LINE('',#2430,#1147);
#997=LINE('',#2432,#1148);
#998=LINE('',#2434,#1149);
#999=LINE('',#2436,#1150);
#1000=LINE('',#2438,#1151);
#1001=LINE('',#2440,#1152);
#1002=LINE('',#2442,#1153);
#1003=LINE('',#2444,#1154);
#1004=LINE('',#2452,#1155);
#1005=LINE('',#2454,#1156);
#1006=LINE('',#2456,#1157);
#1007=LINE('',#2458,#1158);
#1008=LINE('',#2460,#1159);
#1009=LINE('',#2462,#1160);
#1010=LINE('',#2464,#1161);
#1011=LINE('',#2466,#1162);
#1012=LINE('',#2468,#1163);
#1013=LINE('',#2470,#1164);
#1014=LINE('',#2472,#1165);
#1015=LINE('',#2474,#1166);
#1016=LINE('',#2476,#1167);
#1017=LINE('',#2478,#1168);
#1018=LINE('',#2480,#1169);
#1019=LINE('',#2482,#1170);
#1020=LINE('',#2484,#1171);
#1021=LINE('',#2486,#1172);
#1022=LINE('',#2488,#1173);
#1023=LINE('',#2490,#1174);
#1024=LINE('',#2492,#1175);
#1025=LINE('',#2494,#1176);
#1026=LINE('',#2496,#1177);
#1027=LINE('',#2498,#1178);
#1028=LINE('',#2500,#1179);
#1029=LINE('',#2507,#1180);
#1030=LINE('',#2514,#1181);
#1031=LINE('',#2516,#1182);
#1032=LINE('',#2517,#1183);
#1033=LINE('',#2519,#1184);
#1034=LINE('',#2531,#1185);
#1035=LINE('',#2534,#1186);
#1036=LINE('',#2537,#1187);
#1037=LINE('',#2543,#1188);
#1038=LINE('',#2547,#1189);
#1039=LINE('',#2553,#1190);
#1040=LINE('',#2555,#1191);
#1041=LINE('',#2557,#1192);
#1042=LINE('',#2559,#1193);
#1043=LINE('',#2565,#1194);
#1044=LINE('',#2569,#1195);
#1045=LINE('',#2575,#1196);
#1046=LINE('',#2577,#1197);
#1047=LINE('',#2580,#1198);
#1048=LINE('',#2587,#1199);
#1049=LINE('',#2590,#1200);
#1050=LINE('',#2593,#1201);
#1051=LINE('',#2595,#1202);
#1052=LINE('',#2601,#1203);
#1053=LINE('',#2605,#1204);
#1054=LINE('',#2611,#1205);
#1055=LINE('',#2613,#1206);
#1056=LINE('',#2615,#1207);
#1057=LINE('',#2617,#1208);
#1058=LINE('',#2623,#1209);
#1059=LINE('',#2627,#1210);
#1060=LINE('',#2633,#1211);
#1061=LINE('',#2636,#1212);
#1062=LINE('',#2646,#1213);
#1063=LINE('',#2647,#1214);
#1064=LINE('',#2676,#1215);
#1065=LINE('',#2678,#1216);
#1066=LINE('',#2682,#1217);
#1067=LINE('',#2684,#1218);
#1068=LINE('',#2686,#1219);
#1069=LINE('',#2688,#1220);
#1070=LINE('',#2690,#1221);
#1071=LINE('',#2694,#1222);
#1072=LINE('',#2698,#1223);
#1073=LINE('',#2704,#1224);
#1074=LINE('',#2711,#1225);
#1075=LINE('',#2713,#1226);
#1076=LINE('',#2718,#1227);
#1077=LINE('',#2719,#1228);
#1078=LINE('',#2724,#1229);
#1079=LINE('',#2725,#1230);
#1080=LINE('',#2730,#1231);
#1081=LINE('',#2731,#1232);
#1082=LINE('',#2733,#1233);
#1083=LINE('',#2734,#1234);
#1084=LINE('',#2736,#1235);
#1085=LINE('',#2741,#1236);
#1086=LINE('',#2777,#1237);
#1087=LINE('',#2778,#1238);
#1088=LINE('',#2780,#1239);
#1089=LINE('',#2781,#1240);
#1090=LINE('',#2783,#1241);
#1091=LINE('',#2784,#1242);
#1092=LINE('',#2786,#1243);
#1093=LINE('',#2788,#1244);
#1094=LINE('',#2790,#1245);
#1095=LINE('',#2791,#1246);
#1096=LINE('',#2793,#1247);
#1097=LINE('',#2795,#1248);
#1098=LINE('',#2796,#1249);
#1099=LINE('',#2798,#1250);
#1100=LINE('',#2799,#1251);
#1101=LINE('',#2801,#1252);
#1102=LINE('',#2802,#1253);
#1103=LINE('',#2804,#1254);
#1104=LINE('',#2806,#1255);
#1105=LINE('',#2807,#1256);
#1106=LINE('',#2825,#1257);
#1107=LINE('',#2827,#1258);
#1108=LINE('',#2829,#1259);
#1109=LINE('',#2831,#1260);
#1110=LINE('',#2837,#1261);
#1111=LINE('',#2839,#1262);
#1112=LINE('',#2841,#1263);
#1113=LINE('',#2843,#1264);
#1114=LINE('',#2845,#1265);
#1115=LINE('',#2851,#1266);
#1116=LINE('',#2859,#1267);
#1117=LINE('',#2862,#1268);
#1118=LINE('',#2863,#1269);
#1119=LINE('',#2865,#1270);
#1120=LINE('',#2868,#1271);
#1121=LINE('',#2869,#1272);
#1122=LINE('',#2871,#1273);
#1123=LINE('',#2873,#1274);
#1124=LINE('',#2875,#1275);
#1125=LINE('',#2876,#1276);
#1126=LINE('',#2878,#1277);
#1127=LINE('',#2880,#1278);
#1128=LINE('',#2881,#1279);
#1129=LINE('',#2883,#1280);
#1130=LINE('',#2884,#1281);
#1131=LINE('',#2886,#1282);
#1132=LINE('',#2887,#1283);
#1133=LINE('',#2889,#1284);
#1134=LINE('',#2890,#1285);
#1135=LINE('',#2900,#1286);
#1136=LINE('',#2903,#1287);
#1137=VECTOR('',#1911,1.);
#1138=VECTOR('',#1912,1.);
#1139=VECTOR('',#1913,1.);
#1140=VECTOR('',#1914,1.);
#1141=VECTOR('',#1921,1.);
#1142=VECTOR('',#1922,1.);
#1143=VECTOR('',#1923,1.);
#1144=VECTOR('',#1924,1.);
#1145=VECTOR('',#1925,1.);
#1146=VECTOR('',#1926,1.);
#1147=VECTOR('',#1927,1.);
#1148=VECTOR('',#1928,1.);
#1149=VECTOR('',#1929,1.);
#1150=VECTOR('',#1930,1.);
#1151=VECTOR('',#1931,1.);
#1152=VECTOR('',#1932,1.);
#1153=VECTOR('',#1933,1.);
#1154=VECTOR('',#1934,1.);
#1155=VECTOR('',#1943,1.);
#1156=VECTOR('',#1944,1.);
#1157=VECTOR('',#1945,1.);
#1158=VECTOR('',#1946,1.);
#1159=VECTOR('',#1947,1.);
#1160=VECTOR('',#1948,1.);
#1161=VECTOR('',#1949,1.);
#1162=VECTOR('',#1950,1.);
#1163=VECTOR('',#1951,1.);
#1164=VECTOR('',#1952,1.);
#1165=VECTOR('',#1953,1.);
#1166=VECTOR('',#1954,1.);
#1167=VECTOR('',#1955,1.);
#1168=VECTOR('',#1956,1.);
#1169=VECTOR('',#1957,1.);
#1170=VECTOR('',#1958,1.);
#1171=VECTOR('',#1959,1.);
#1172=VECTOR('',#1960,1.);
#1173=VECTOR('',#1961,1.);
#1174=VECTOR('',#1962,1.);
#1175=VECTOR('',#1963,1.);
#1176=VECTOR('',#1964,1.);
#1177=VECTOR('',#1965,1.);
#1178=VECTOR('',#1966,1.);
#1179=VECTOR('',#1967,1.);
#1180=VECTOR('',#1968,1.);
#1181=VECTOR('',#1969,1.);
#1182=VECTOR('',#1970,1.);
#1183=VECTOR('',#1971,1.);
#1184=VECTOR('',#1972,1.);
#1185=VECTOR('',#1987,1.);
#1186=VECTOR('',#1988,1.);
#1187=VECTOR('',#1991,1.);
#1188=VECTOR('',#1996,1.);
#1189=VECTOR('',#1999,1.);
#1190=VECTOR('',#2004,1.);
#1191=VECTOR('',#2005,1.);
#1192=VECTOR('',#2006,1.);
#1193=VECTOR('',#2007,1.);
#1194=VECTOR('',#2012,1.);
#1195=VECTOR('',#2015,1.);
#1196=VECTOR('',#2020,1.);
#1197=VECTOR('',#2021,1.);
#1198=VECTOR('',#2024,1.);
#1199=VECTOR('',#2033,1.);
#1200=VECTOR('',#2034,1.);
#1201=VECTOR('',#2037,1.);
#1202=VECTOR('',#2038,1.);
#1203=VECTOR('',#2043,1.);
#1204=VECTOR('',#2046,1.);
#1205=VECTOR('',#2051,1.);
#1206=VECTOR('',#2052,1.);
#1207=VECTOR('',#2053,1.);
#1208=VECTOR('',#2054,1.);
#1209=VECTOR('',#2059,1.);
#1210=VECTOR('',#2062,1.);
#1211=VECTOR('',#2067,1.);
#1212=VECTOR('',#2070,1.);
#1213=VECTOR('',#2081,1.);
#1214=VECTOR('',#2082,1.);
#1215=VECTOR('',#2099,1.);
#1216=VECTOR('',#2100,1.);
#1217=VECTOR('',#2103,1.);
#1218=VECTOR('',#2104,1.);
#1219=VECTOR('',#2107,1.);
#1220=VECTOR('',#2110,1.);
#1221=VECTOR('',#2111,1.);
#1222=VECTOR('',#2118,1.);
#1223=VECTOR('',#2123,1.);
#1224=VECTOR('',#2130,1.);
#1225=VECTOR('',#2137,1.);
#1226=VECTOR('',#2140,1.);
#1227=VECTOR('',#2145,1.);
#1228=VECTOR('',#2146,1.);
#1229=VECTOR('',#2151,1.);
#1230=VECTOR('',#2152,1.);
#1231=VECTOR('',#2157,1.);
#1232=VECTOR('',#2158,1.);
#1233=VECTOR('',#2161,1.);
#1234=VECTOR('',#2162,1.);
#1235=VECTOR('',#2165,1.);
#1236=VECTOR('',#2172,1.);
#1237=VECTOR('',#2225,1.);
#1238=VECTOR('',#2226,1.);
#1239=VECTOR('',#2229,1.);
#1240=VECTOR('',#2230,1.);
#1241=VECTOR('',#2233,1.);
#1242=VECTOR('',#2234,1.);
#1243=VECTOR('',#2237,1.);
#1244=VECTOR('',#2240,1.);
#1245=VECTOR('',#2243,1.);
#1246=VECTOR('',#2244,1.);
#1247=VECTOR('',#2247,1.);
#1248=VECTOR('',#2250,1.);
#1249=VECTOR('',#2251,1.);
#1250=VECTOR('',#2254,1.);
#1251=VECTOR('',#2255,1.);
#1252=VECTOR('',#2258,1.);
#1253=VECTOR('',#2259,1.);
#1254=VECTOR('',#2262,1.);
#1255=VECTOR('',#2265,1.);
#1256=VECTOR('',#2266,1.);
#1257=VECTOR('',#2297,1.);
#1258=VECTOR('',#2298,1.);
#1259=VECTOR('',#2301,1.);
#1260=VECTOR('',#2302,1.);
#1261=VECTOR('',#2309,1.);
#1262=VECTOR('',#2312,1.);
#1263=VECTOR('',#2313,1.);
#1264=VECTOR('',#2316,1.);
#1265=VECTOR('',#2317,1.);
#1266=VECTOR('',#2324,1.);
#1267=VECTOR('',#2339,1.);
#1268=VECTOR('',#2340,1.);
#1269=VECTOR('',#2341,1.);
#1270=VECTOR('',#2344,1.);
#1271=VECTOR('',#2345,1.);
#1272=VECTOR('',#2346,1.);
#1273=VECTOR('',#2347,1.);
#1274=VECTOR('',#2348,1.);
#1275=VECTOR('',#2349,1.);
#1276=VECTOR('',#2350,1.);
#1277=VECTOR('',#2351,1.);
#1278=VECTOR('',#2354,1.);
#1279=VECTOR('',#2355,1.);
#1280=VECTOR('',#2358,1.);
#1281=VECTOR('',#2359,1.);
#1282=VECTOR('',#2362,1.);
#1283=VECTOR('',#2363,1.);
#1284=VECTOR('',#2366,1.);
#1285=VECTOR('',#2367,1.);
#1286=VECTOR('',#2382,1.);
#1287=VECTOR('',#2387,1.);
#1288=EDGE_LOOP('',(#132,#133,#134,#135));
#1289=EDGE_LOOP('',(#136));
#1290=EDGE_LOOP('',(#137));
#1291=EDGE_LOOP('',(#138,#139,#140,#141,#142,#143,#144,#145,#146,#147,#148,
#149,#150,#151));
#1292=EDGE_LOOP('',(#152));
#1293=EDGE_LOOP('',(#153));
#1294=EDGE_LOOP('',(#154));
#1295=EDGE_LOOP('',(#155,#156,#157,#158,#159,#160,#161,#162,#163,#164,#165,
#166,#167,#168,#169,#170,#171,#172,#173,#174,#175,#176,#177,#178,#179,#180,
#181,#182,#183,#184,#185,#186,#187,#188));
#1296=EDGE_LOOP('',(#189));
#1297=EDGE_LOOP('',(#190));
#1298=EDGE_LOOP('',(#191));
#1299=EDGE_LOOP('',(#192));
#1300=EDGE_LOOP('',(#193,#194,#195,#196,#197,#198,#199,#200,#201,#202,#203,
#204,#205,#206,#207,#208,#209,#210,#211,#212,#213,#214,#215,#216,#217,#218,
#219,#220));
#1301=EDGE_LOOP('',(#221));
#1302=EDGE_LOOP('',(#222));
#1303=EDGE_LOOP('',(#223,#224,#225,#226,#227,#228,#229,#230,#231,#232,#233,
#234,#235,#236,#237,#238,#239,#240,#241,#242,#243,#244,#245,#246,#247,#248,
#249,#250));
#1304=EDGE_LOOP('',(#251));
#1305=EDGE_LOOP('',(#252));
#1306=EDGE_LOOP('',(#253));
#1307=EDGE_LOOP('',(#254));
#1308=EDGE_LOOP('',(#255,#256,#257,#258));
#1309=EDGE_LOOP('',(#259));
#1310=EDGE_LOOP('',(#260));
#1311=EDGE_LOOP('',(#261));
#1312=EDGE_LOOP('',(#262));
#1313=EDGE_LOOP('',(#263,#264,#265,#266,#267,#268));
#1314=EDGE_LOOP('',(#269,#270,#271,#272,#273,#274,#275,#276));
#1315=EDGE_LOOP('',(#277,#278,#279,#280));
#1316=EDGE_LOOP('',(#281,#282,#283,#284));
#1317=EDGE_LOOP('',(#285,#286,#287));
#1318=EDGE_LOOP('',(#288,#289,#290,#291));
#1319=EDGE_LOOP('',(#292,#293,#294,#295));
#1320=EDGE_LOOP('',(#296,#297,#298,#299));
#1321=EDGE_LOOP('',(#300,#301,#302,#303,#304,#305));
#1322=EDGE_LOOP('',(#306,#307,#308,#309));
#1323=EDGE_LOOP('',(#310,#311,#312,#313));
#1324=EDGE_LOOP('',(#314,#315,#316,#317));
#1325=EDGE_LOOP('',(#318,#319,#320,#321));
#1326=EDGE_LOOP('',(#322,#323,#324,#325));
#1327=EDGE_LOOP('',(#326));
#1328=EDGE_LOOP('',(#327,#328,#329,#330,#331,#332,#333,#334,#335,#336));
#1329=EDGE_LOOP('',(#337));
#1330=EDGE_LOOP('',(#338,#339,#340,#341,#342,#343,#344,#345,#346));
#1331=EDGE_LOOP('',(#347));
#1332=EDGE_LOOP('',(#348));
#1333=EDGE_LOOP('',(#349));
#1334=EDGE_LOOP('',(#350));
#1335=EDGE_LOOP('',(#351));
#1336=EDGE_LOOP('',(#352));
#1337=EDGE_LOOP('',(#353,#354,#355));
#1338=EDGE_LOOP('',(#356,#357));
#1339=EDGE_LOOP('',(#358));
#1340=EDGE_LOOP('',(#359));
#1341=EDGE_LOOP('',(#360));
#1342=EDGE_LOOP('',(#361));
#1343=EDGE_LOOP('',(#362));
#1344=EDGE_LOOP('',(#363));
#1345=EDGE_LOOP('',(#364));
#1346=EDGE_LOOP('',(#365));
#1347=EDGE_LOOP('',(#366));
#1348=EDGE_LOOP('',(#367));
#1349=EDGE_LOOP('',(#368));
#1350=EDGE_LOOP('',(#369));
#1351=EDGE_LOOP('',(#370));
#1352=EDGE_LOOP('',(#371));
#1353=EDGE_LOOP('',(#372));
#1354=EDGE_LOOP('',(#373));
#1355=EDGE_LOOP('',(#374));
#1356=EDGE_LOOP('',(#375));
#1357=EDGE_LOOP('',(#376,#377,#378,#379));
#1358=EDGE_LOOP('',(#380,#381,#382,#383));
#1359=EDGE_LOOP('',(#384,#385,#386,#387));
#1360=EDGE_LOOP('',(#388,#389,#390,#391));
#1361=EDGE_LOOP('',(#392,#393,#394,#395));
#1362=EDGE_LOOP('',(#396,#397,#398,#399));
#1363=EDGE_LOOP('',(#400,#401,#402,#403));
#1364=EDGE_LOOP('',(#404,#405,#406,#407));
#1365=EDGE_LOOP('',(#408,#409,#410,#411));
#1366=EDGE_LOOP('',(#412,#413,#414,#415));
#1367=EDGE_LOOP('',(#416,#417,#418,#419));
#1368=EDGE_LOOP('',(#420,#421,#422,#423,#424,#425));
#1369=EDGE_LOOP('',(#426,#427,#428,#429));
#1370=EDGE_LOOP('',(#430,#431,#432,#433));
#1371=EDGE_LOOP('',(#434,#435,#436,#437));
#1372=EDGE_LOOP('',(#438,#439,#440,#441));
#1373=EDGE_LOOP('',(#442,#443,#444,#445));
#1374=EDGE_LOOP('',(#446));
#1375=EDGE_LOOP('',(#447));
#1376=EDGE_LOOP('',(#448));
#1377=EDGE_LOOP('',(#449));
#1378=EDGE_LOOP('',(#450));
#1379=EDGE_LOOP('',(#451));
#1380=EDGE_LOOP('',(#452));
#1381=EDGE_LOOP('',(#453,#454,#455,#456));
#1382=EDGE_LOOP('',(#457,#458,#459,#460));
#1383=EDGE_LOOP('',(#461,#462,#463,#464));
#1384=EDGE_LOOP('',(#465,#466,#467,#468));
#1385=EDGE_LOOP('',(#469,#470,#471,#472));
#1386=EDGE_LOOP('',(#473));
#1387=EDGE_LOOP('',(#474));
#1388=EDGE_LOOP('',(#475,#476,#477,#478));
#1389=EDGE_LOOP('',(#479,#480,#481,#482));
#1390=EDGE_LOOP('',(#483,#484,#485,#486));
#1391=EDGE_LOOP('',(#487));
#1392=EDGE_LOOP('',(#488));
#1393=EDGE_LOOP('',(#489,#490,#491,#492));
#1394=EDGE_LOOP('',(#493));
#1395=EDGE_LOOP('',(#494));
#1396=EDGE_LOOP('',(#495));
#1397=EDGE_LOOP('',(#496));
#1398=EDGE_LOOP('',(#497));
#1399=EDGE_LOOP('',(#498));
#1400=EDGE_LOOP('',(#499));
#1401=EDGE_LOOP('',(#500));
#1402=EDGE_LOOP('',(#501,#502,#503,#504));
#1403=EDGE_LOOP('',(#505,#506,#507,#508));
#1404=EDGE_LOOP('',(#509,#510,#511,#512));
#1405=EDGE_LOOP('',(#513));
#1406=EDGE_LOOP('',(#514));
#1407=EDGE_LOOP('',(#515,#516,#517,#518,#519,#520,#521,#522,#523,#524));
#1408=EDGE_LOOP('',(#525,#526,#527,#528,#529));
#1409=EDGE_LOOP('',(#530,#531,#532,#533,#534,#535,#536));
#1410=EDGE_LOOP('',(#537,#538,#539,#540));
#1411=EDGE_LOOP('',(#541,#542,#543,#544));
#1412=EDGE_LOOP('',(#545));
#1413=EDGE_LOOP('',(#546));
#1414=EDGE_LOOP('',(#547));
#1415=EDGE_LOOP('',(#548));
#1416=EDGE_LOOP('',(#549));
#1417=EDGE_LOOP('',(#550));
#1418=EDGE_LOOP('',(#551));
#1419=EDGE_LOOP('',(#552));
#1420=EDGE_LOOP('',(#553,#554,#555,#556));
#1421=EDGE_LOOP('',(#557,#558,#559));
#1422=EDGE_LOOP('',(#560,#561,#562,#563,#564));
#1423=EDGE_LOOP('',(#565,#566,#567));
#1424=EDGE_LOOP('',(#568,#569,#570,#571));
#1425=EDGE_LOOP('',(#572,#573,#574,#575));
#1426=EDGE_LOOP('',(#576,#577,#578,#579));
#1427=EDGE_LOOP('',(#580,#581,#582,#583));
#1428=EDGE_LOOP('',(#584,#585,#586,#587));
#1429=EDGE_LOOP('',(#588,#589,#590,#591));
#1430=FACE_BOUND('',#1288,.T.);
#1431=FACE_BOUND('',#1289,.T.);
#1432=FACE_BOUND('',#1290,.T.);
#1433=FACE_BOUND('',#1291,.T.);
#1434=FACE_BOUND('',#1292,.T.);
#1435=FACE_BOUND('',#1293,.T.);
#1436=FACE_BOUND('',#1294,.T.);
#1437=FACE_BOUND('',#1295,.T.);
#1438=FACE_BOUND('',#1296,.T.);
#1439=FACE_BOUND('',#1297,.T.);
#1440=FACE_BOUND('',#1298,.T.);
#1441=FACE_BOUND('',#1299,.T.);
#1442=FACE_BOUND('',#1300,.T.);
#1443=FACE_BOUND('',#1301,.T.);
#1444=FACE_BOUND('',#1302,.T.);
#1445=FACE_BOUND('',#1303,.T.);
#1446=FACE_BOUND('',#1304,.T.);
#1447=FACE_BOUND('',#1305,.T.);
#1448=FACE_BOUND('',#1306,.T.);
#1449=FACE_BOUND('',#1307,.T.);
#1450=FACE_BOUND('',#1308,.T.);
#1451=FACE_BOUND('',#1309,.T.);
#1452=FACE_BOUND('',#1310,.T.);
#1453=FACE_BOUND('',#1311,.T.);
#1454=FACE_BOUND('',#1312,.T.);
#1455=FACE_BOUND('',#1313,.T.);
#1456=FACE_BOUND('',#1314,.T.);
#1457=FACE_BOUND('',#1315,.T.);
#1458=FACE_BOUND('',#1316,.T.);
#1459=FACE_BOUND('',#1317,.T.);
#1460=FACE_BOUND('',#1318,.T.);
#1461=FACE_BOUND('',#1319,.T.);
#1462=FACE_BOUND('',#1320,.T.);
#1463=FACE_BOUND('',#1321,.T.);
#1464=FACE_BOUND('',#1322,.T.);
#1465=FACE_BOUND('',#1323,.T.);
#1466=FACE_BOUND('',#1324,.T.);
#1467=FACE_BOUND('',#1325,.T.);
#1468=FACE_BOUND('',#1326,.T.);
#1469=FACE_BOUND('',#1327,.T.);
#1470=FACE_BOUND('',#1328,.T.);
#1471=FACE_BOUND('',#1329,.T.);
#1472=FACE_BOUND('',#1330,.T.);
#1473=FACE_BOUND('',#1331,.T.);
#1474=FACE_BOUND('',#1332,.T.);
#1475=FACE_BOUND('',#1333,.T.);
#1476=FACE_BOUND('',#1334,.T.);
#1477=FACE_BOUND('',#1335,.T.);
#1478=FACE_BOUND('',#1336,.T.);
#1479=FACE_BOUND('',#1337,.T.);
#1480=FACE_BOUND('',#1338,.T.);
#1481=FACE_BOUND('',#1339,.T.);
#1482=FACE_BOUND('',#1340,.T.);
#1483=FACE_BOUND('',#1341,.T.);
#1484=FACE_BOUND('',#1342,.T.);
#1485=FACE_BOUND('',#1343,.T.);
#1486=FACE_BOUND('',#1344,.T.);
#1487=FACE_BOUND('',#1345,.T.);
#1488=FACE_BOUND('',#1346,.T.);
#1489=FACE_BOUND('',#1347,.T.);
#1490=FACE_BOUND('',#1348,.T.);
#1491=FACE_BOUND('',#1349,.T.);
#1492=FACE_BOUND('',#1350,.T.);
#1493=FACE_BOUND('',#1351,.T.);
#1494=FACE_BOUND('',#1352,.T.);
#1495=FACE_BOUND('',#1353,.T.);
#1496=FACE_BOUND('',#1354,.T.);
#1497=FACE_BOUND('',#1355,.T.);
#1498=FACE_BOUND('',#1356,.T.);
#1499=FACE_BOUND('',#1357,.T.);
#1500=FACE_BOUND('',#1358,.T.);
#1501=FACE_BOUND('',#1359,.T.);
#1502=FACE_BOUND('',#1360,.T.);
#1503=FACE_BOUND('',#1361,.T.);
#1504=FACE_BOUND('',#1362,.T.);
#1505=FACE_BOUND('',#1363,.T.);
#1506=FACE_BOUND('',#1364,.T.);
#1507=FACE_BOUND('',#1365,.T.);
#1508=FACE_BOUND('',#1366,.T.);
#1509=FACE_BOUND('',#1367,.T.);
#1510=FACE_BOUND('',#1368,.T.);
#1511=FACE_BOUND('',#1369,.T.);
#1512=FACE_BOUND('',#1370,.T.);
#1513=FACE_BOUND('',#1371,.T.);
#1514=FACE_BOUND('',#1372,.T.);
#1515=FACE_BOUND('',#1373,.T.);
#1516=FACE_BOUND('',#1374,.T.);
#1517=FACE_BOUND('',#1375,.T.);
#1518=FACE_BOUND('',#1376,.T.);
#1519=FACE_BOUND('',#1377,.T.);
#1520=FACE_BOUND('',#1378,.T.);
#1521=FACE_BOUND('',#1379,.T.);
#1522=FACE_BOUND('',#1380,.T.);
#1523=FACE_BOUND('',#1381,.T.);
#1524=FACE_BOUND('',#1382,.T.);
#1525=FACE_BOUND('',#1383,.T.);
#1526=FACE_BOUND('',#1384,.T.);
#1527=FACE_BOUND('',#1385,.T.);
#1528=FACE_BOUND('',#1386,.T.);
#1529=FACE_BOUND('',#1387,.T.);
#1530=FACE_BOUND('',#1388,.T.);
#1531=FACE_BOUND('',#1389,.T.);
#1532=FACE_BOUND('',#1390,.T.);
#1533=FACE_BOUND('',#1391,.T.);
#1534=FACE_BOUND('',#1392,.T.);
#1535=FACE_BOUND('',#1393,.T.);
#1536=FACE_BOUND('',#1394,.T.);
#1537=FACE_BOUND('',#1395,.T.);
#1538=FACE_BOUND('',#1396,.T.);
#1539=FACE_BOUND('',#1397,.T.);
#1540=FACE_BOUND('',#1398,.T.);
#1541=FACE_BOUND('',#1399,.T.);
#1542=FACE_BOUND('',#1400,.T.);
#1543=FACE_BOUND('',#1401,.T.);
#1544=FACE_BOUND('',#1402,.T.);
#1545=FACE_BOUND('',#1403,.T.);
#1546=FACE_BOUND('',#1404,.T.);
#1547=FACE_BOUND('',#1405,.T.);
#1548=FACE_BOUND('',#1406,.T.);
#1549=FACE_BOUND('',#1407,.T.);
#1550=FACE_BOUND('',#1408,.T.);
#1551=FACE_BOUND('',#1409,.T.);
#1552=FACE_BOUND('',#1410,.T.);
#1553=FACE_BOUND('',#1411,.T.);
#1554=FACE_BOUND('',#1412,.T.);
#1555=FACE_BOUND('',#1413,.T.);
#1556=FACE_BOUND('',#1414,.T.);
#1557=FACE_BOUND('',#1415,.T.);
#1558=FACE_BOUND('',#1416,.T.);
#1559=FACE_BOUND('',#1417,.T.);
#1560=FACE_BOUND('',#1418,.T.);
#1561=FACE_BOUND('',#1419,.T.);
#1562=FACE_BOUND('',#1420,.T.);
#1563=FACE_BOUND('',#1421,.T.);
#1564=FACE_BOUND('',#1422,.T.);
#1565=FACE_BOUND('',#1423,.T.);
#1566=FACE_BOUND('',#1424,.T.);
#1567=FACE_BOUND('',#1425,.T.);
#1568=FACE_BOUND('',#1426,.T.);
#1569=FACE_BOUND('',#1427,.T.);
#1570=FACE_BOUND('',#1428,.T.);
#1571=FACE_BOUND('',#1429,.T.);
#1572=PLANE('',#1736);
#1573=PLANE('',#1737);
#1574=PLANE('',#1740);
#1575=PLANE('',#1750);
#1576=PLANE('',#1766);
#1577=PLANE('',#1779);
#1578=PLANE('',#1791);
#1579=PLANE('',#1793);
#1580=PLANE('',#1794);
#1581=PLANE('',#1795);
#1582=PLANE('',#1807);
#1583=PLANE('',#1811);
#1584=PLANE('',#1816);
#1585=PLANE('',#1818);
#1586=PLANE('',#1822);
#1587=PLANE('',#1825);
#1588=PLANE('',#1826);
#1589=PLANE('',#1827);
#1590=PLANE('',#1832);
#1591=PLANE('',#1836);
#1592=PLANE('',#1843);
#1593=PLANE('',#1844);
#1594=PLANE('',#1847);
#1595=PLANE('',#1848);
#1596=PLANE('',#1850);
#1597=PLANE('',#1851);
#1598=PLANE('',#1853);
#1599=PLANE('',#1854);
#1600=PLANE('',#1855);
#1601=PLANE('',#1862);
#1602=PLANE('',#1865);
#1603=PLANE('',#1869);
#1604=PLANE('',#1870);
#1605=PLANE('',#1871);
#1606=PLANE('',#1874);
#1607=PLANE('',#1875);
#1608=PLANE('',#1876);
#1609=PLANE('',#1883);
#1610=PLANE('',#1884);
#1611=PLANE('',#1885);
#1612=PLANE('',#1886);
#1613=PLANE('',#1887);
#1614=PLANE('',#1888);
#1615=PLANE('',#1889);
#1616=PLANE('',#1890);
#1617=PLANE('',#1891);
#1618=PLANE('',#1894);
#1619=PLANE('',#1897);
#1620=PLANE('',#1898);
#1621=PLANE('',#1899);
#1622=PLANE('',#1900);
#1623=PLANE('',#1901);
#1624=PLANE('',#1902);
#1625=PLANE('',#1903);
#1626=PLANE('',#1904);
#1627=ADVANCED_FACE('',(#1430),#1572,.T.);
#1628=ADVANCED_FACE('',(#1431,#1432,#1433),#1573,.F.);
#1629=ADVANCED_FACE('',(#1434,#1435,#1436,#1437),#1574,.T.);
#1630=ADVANCED_FACE('',(#1438,#1439),#18,.F.);
#1631=ADVANCED_FACE('',(#1440,#1441),#19,.F.);
#1632=ADVANCED_FACE('',(#1442),#1575,.T.);
#1633=ADVANCED_FACE('',(#1443,#1444),#20,.F.);
#1634=ADVANCED_FACE('',(#1445),#1576,.F.);
#1635=ADVANCED_FACE('',(#1446,#1447,#1448,#1449,#1450,#1451,#1452,#1453,
#1454),#1577,.F.);
#1636=ADVANCED_FACE('',(#1455),#21,.F.);
#1637=ADVANCED_FACE('',(#1456),#1578,.T.);
#1638=ADVANCED_FACE('',(#1457),#1579,.F.);
#1639=ADVANCED_FACE('',(#1458),#1580,.T.);
#1640=ADVANCED_FACE('',(#1459),#1581,.F.);
#1641=ADVANCED_FACE('',(#1460),#22,.T.);
#1642=ADVANCED_FACE('',(#1461),#12,.F.);
#1643=ADVANCED_FACE('',(#1462),#13,.F.);
#1644=ADVANCED_FACE('',(#1463),#23,.F.);
#1645=ADVANCED_FACE('',(#1464),#1582,.T.);
#1646=ADVANCED_FACE('',(#1465),#24,.F.);
#1647=ADVANCED_FACE('',(#1466),#1583,.T.);
#1648=ADVANCED_FACE('',(#1467),#25,.F.);
#1649=ADVANCED_FACE('',(#1468),#26,.T.);
#1650=ADVANCED_FACE('',(#1469,#1470),#1584,.T.);
#1651=ADVANCED_FACE('',(#1471,#1472),#1585,.F.);
#1652=ADVANCED_FACE('',(#1473,#1474),#27,.F.);
#1653=ADVANCED_FACE('',(#1475),#1586,.T.);
#1654=ADVANCED_FACE('',(#1476,#1477),#28,.F.);
#1655=ADVANCED_FACE('',(#1478),#1587,.T.);
#1656=ADVANCED_FACE('',(#1479),#1588,.F.);
#1657=ADVANCED_FACE('',(#1480),#1589,.T.);
#1658=ADVANCED_FACE('',(#1481,#1482),#29,.F.);
#1659=ADVANCED_FACE('',(#1483,#1484),#30,.F.);
#1660=ADVANCED_FACE('',(#1485,#1486),#1590,.T.);
#1661=ADVANCED_FACE('',(#1487,#1488),#31,.F.);
#1662=ADVANCED_FACE('',(#1489,#1490),#1591,.T.);
#1663=ADVANCED_FACE('',(#1491,#1492),#32,.F.);
#1664=ADVANCED_FACE('',(#1493,#1494),#14,.F.);
#1665=ADVANCED_FACE('',(#1495,#1496),#15,.F.);
#1666=ADVANCED_FACE('',(#1497,#1498),#16,.F.);
#1667=ADVANCED_FACE('',(#1499),#1592,.F.);
#1668=ADVANCED_FACE('',(#1500),#1593,.T.);
#1669=ADVANCED_FACE('',(#1501),#33,.T.);
#1670=ADVANCED_FACE('',(#1502),#34,.T.);
#1671=ADVANCED_FACE('',(#1503),#1594,.T.);
#1672=ADVANCED_FACE('',(#1504),#1595,.T.);
#1673=ADVANCED_FACE('',(#1505),#35,.T.);
#1674=ADVANCED_FACE('',(#1506),#1596,.F.);
#1675=ADVANCED_FACE('',(#1507),#1597,.T.);
#1676=ADVANCED_FACE('',(#1508),#36,.T.);
#1677=ADVANCED_FACE('',(#1509),#1598,.F.);
#1678=ADVANCED_FACE('',(#1510),#1599,.F.);
#1679=ADVANCED_FACE('',(#1511),#1600,.T.);
#1680=ADVANCED_FACE('',(#1512),#37,.T.);
#1681=ADVANCED_FACE('',(#1513),#38,.T.);
#1682=ADVANCED_FACE('',(#1514),#39,.T.);
#1683=ADVANCED_FACE('',(#1515),#40,.T.);
#1684=ADVANCED_FACE('',(#1516,#1517),#41,.F.);
#1685=ADVANCED_FACE('',(#1518,#1519),#1601,.T.);
#1686=ADVANCED_FACE('',(#1520,#1521),#42,.F.);
#1687=ADVANCED_FACE('',(#1522),#1602,.T.);
#1688=ADVANCED_FACE('',(#1523),#43,.T.);
#1689=ADVANCED_FACE('',(#1524),#44,.T.);
#1690=ADVANCED_FACE('',(#1525),#45,.T.);
#1691=ADVANCED_FACE('',(#1526),#1603,.F.);
#1692=ADVANCED_FACE('',(#1527),#1604,.T.);
#1693=ADVANCED_FACE('',(#1528,#1529,#1530),#1605,.T.);
#1694=ADVANCED_FACE('',(#1531),#1606,.F.);
#1695=ADVANCED_FACE('',(#1532),#1607,.T.);
#1696=ADVANCED_FACE('',(#1533,#1534,#1535),#1608,.T.);
#1697=ADVANCED_FACE('',(#1536,#1537),#46,.F.);
#1698=ADVANCED_FACE('',(#1538,#1539),#47,.F.);
#1699=ADVANCED_FACE('',(#1540,#1541),#48,.F.);
#1700=ADVANCED_FACE('',(#1542,#1543),#49,.F.);
#1701=ADVANCED_FACE('',(#1544),#1609,.T.);
#1702=ADVANCED_FACE('',(#1545),#1610,.T.);
#1703=ADVANCED_FACE('',(#1546),#1611,.F.);
#1704=ADVANCED_FACE('',(#1547,#1548,#1549),#1612,.T.);
#1705=ADVANCED_FACE('',(#1550),#1613,.T.);
#1706=ADVANCED_FACE('',(#1551),#1614,.F.);
#1707=ADVANCED_FACE('',(#1552),#1615,.T.);
#1708=ADVANCED_FACE('',(#1553),#1616,.F.);
#1709=ADVANCED_FACE('',(#1554,#1555),#1617,.T.);
#1710=ADVANCED_FACE('',(#1556,#1557),#50,.F.);
#1711=ADVANCED_FACE('',(#1558,#1559),#1618,.T.);
#1712=ADVANCED_FACE('',(#1560,#1561),#51,.F.);
#1713=ADVANCED_FACE('',(#1562),#1619,.T.);
#1714=ADVANCED_FACE('',(#1563),#1620,.T.);
#1715=ADVANCED_FACE('',(#1564),#1621,.T.);
#1716=ADVANCED_FACE('',(#1565),#1622,.F.);
#1717=ADVANCED_FACE('',(#1566),#1623,.T.);
#1718=ADVANCED_FACE('',(#1567),#1624,.F.);
#1719=ADVANCED_FACE('',(#1568),#1625,.F.);
#1720=ADVANCED_FACE('',(#1569),#1626,.F.);
#1721=ADVANCED_FACE('',(#1570),#52,.F.);
#1722=ADVANCED_FACE('',(#1571),#53,.F.);
#1723=CLOSED_SHELL('',(#1627,#1628,#1629,#1630,#1631,#1632,#1633,#1634,
#1635,#1636,#1637,#1638,#1639,#1640,#1641,#1642,#1643,#1644,#1645,#1646,
#1647,#1648,#1649,#1650,#1651,#1652,#1653,#1654,#1655,#1656,#1657,#1658,
#1659,#1660,#1661,#1662,#1663,#1664,#1665,#1666,#1667,#1668,#1669,#1670,
#1671,#1672,#1673,#1674,#1675,#1676,#1677,#1678,#1679,#1680,#1681,#1682,
#1683,#1684,#1685,#1686,#1687,#1688,#1689,#1690,#1691,#1692,#1693,#1694,
#1695,#1696,#1697,#1698,#1699,#1700,#1701,#1702,#1703,#1704,#1705,#1706,
#1707,#1708,#1709,#1710,#1711,#1712,#1713,#1714,#1715,#1716,#1717,#1718,
#1719,#1720,#1721,#1722));
#1724=STYLED_ITEM('',(#1725),#1732);
#1725=PRESENTATION_STYLE_ASSIGNMENT((#1726));
#1726=SURFACE_STYLE_USAGE(.BOTH.,#1727);
#1727=SURFACE_SIDE_STYLE('',(#1728));
#1728=SURFACE_STYLE_FILL_AREA(#1729);
#1729=FILL_AREA_STYLE('',(#1730));
#1730=FILL_AREA_STYLE_COLOUR('',#1731);
#1731=COLOUR_RGB('',0.301960784313725,0.301960784313725,0.301960784313725);
#1732=MANIFOLD_SOLID_BREP('Bearing Mount',#1723);
#1733=SHAPE_DEFINITION_REPRESENTATION(#2917,#1734);
#1734=SHAPE_REPRESENTATION('Bearing Mount',(#1735),#2912);
#1735=AXIS2_PLACEMENT_3D('',#2402,#1907,#1908);
#1736=AXIS2_PLACEMENT_3D('',#2403,#1909,#1910);
#1737=AXIS2_PLACEMENT_3D('',#2412,#1915,#1916);
#1738=AXIS2_PLACEMENT_3D('',#2413,#1917,#1918);
#1739=AXIS2_PLACEMENT_3D('',#2415,#1919,#1920);
#1740=AXIS2_PLACEMENT_3D('',#2445,#1935,#1936);
#1741=AXIS2_PLACEMENT_3D('',#2446,#1937,#1938);
#1742=AXIS2_PLACEMENT_3D('',#2448,#1939,#1940);
#1743=AXIS2_PLACEMENT_3D('',#2450,#1941,#1942);
#1744=AXIS2_PLACEMENT_3D('',#2520,#1973,#1974);
#1745=AXIS2_PLACEMENT_3D('',#2521,#1975,#1976);
#1746=AXIS2_PLACEMENT_3D('',#2523,#1977,#1978);
#1747=AXIS2_PLACEMENT_3D('',#2525,#1979,#1980);
#1748=AXIS2_PLACEMENT_3D('',#2526,#1981,#1982);
#1749=AXIS2_PLACEMENT_3D('',#2528,#1983,#1984);
#1750=AXIS2_PLACEMENT_3D('',#2530,#1985,#1986);
#1751=AXIS2_PLACEMENT_3D('',#2535,#1989,#1990);
#1752=AXIS2_PLACEMENT_3D('',#2539,#1992,#1993);
#1753=AXIS2_PLACEMENT_3D('',#2541,#1994,#1995);
#1754=AXIS2_PLACEMENT_3D('',#2545,#1997,#1998);
#1755=AXIS2_PLACEMENT_3D('',#2549,#2000,#2001);
#1756=AXIS2_PLACEMENT_3D('',#2551,#2002,#2003);
#1757=AXIS2_PLACEMENT_3D('',#2561,#2008,#2009);
#1758=AXIS2_PLACEMENT_3D('',#2563,#2010,#2011);
#1759=AXIS2_PLACEMENT_3D('',#2567,#2013,#2014);
#1760=AXIS2_PLACEMENT_3D('',#2571,#2016,#2017);
#1761=AXIS2_PLACEMENT_3D('',#2573,#2018,#2019);
#1762=AXIS2_PLACEMENT_3D('',#2579,#2022,#2023);
#1763=AXIS2_PLACEMENT_3D('',#2581,#2025,#2026);
#1764=AXIS2_PLACEMENT_3D('',#2582,#2027,#2028);
#1765=AXIS2_PLACEMENT_3D('',#2584,#2029,#2030);
#1766=AXIS2_PLACEMENT_3D('',#2586,#2031,#2032);
#1767=AXIS2_PLACEMENT_3D('',#2591,#2035,#2036);
#1768=AXIS2_PLACEMENT_3D('',#2597,#2039,#2040);
#1769=AXIS2_PLACEMENT_3D('',#2599,#2041,#2042);
#1770=AXIS2_PLACEMENT_3D('',#2603,#2044,#2045);
#1771=AXIS2_PLACEMENT_3D('',#2607,#2047,#2048);
#1772=AXIS2_PLACEMENT_3D('',#2609,#2049,#2050);
#1773=AXIS2_PLACEMENT_3D('',#2619,#2055,#2056);
#1774=AXIS2_PLACEMENT_3D('',#2621,#2057,#2058);
#1775=AXIS2_PLACEMENT_3D('',#2625,#2060,#2061);
#1776=AXIS2_PLACEMENT_3D('',#2629,#2063,#2064);
#1777=AXIS2_PLACEMENT_3D('',#2631,#2065,#2066);
#1778=AXIS2_PLACEMENT_3D('',#2635,#2068,#2069);
#1779=AXIS2_PLACEMENT_3D('',#2637,#2071,#2072);
#1780=AXIS2_PLACEMENT_3D('',#2638,#2073,#2074);
#1781=AXIS2_PLACEMENT_3D('',#2640,#2075,#2076);
#1782=AXIS2_PLACEMENT_3D('',#2642,#2077,#2078);
#1783=AXIS2_PLACEMENT_3D('',#2644,#2079,#2080);
#1784=AXIS2_PLACEMENT_3D('',#2648,#2083,#2084);
#1785=AXIS2_PLACEMENT_3D('',#2650,#2085,#2086);
#1786=AXIS2_PLACEMENT_3D('',#2652,#2087,#2088);
#1787=AXIS2_PLACEMENT_3D('',#2654,#2089,#2090);
#1788=AXIS2_PLACEMENT_3D('',#2656,#2091,#2092);
#1789=AXIS2_PLACEMENT_3D('',#2665,#2093,#2094);
#1790=AXIS2_PLACEMENT_3D('',#2674,#2095,#2096);
#1791=AXIS2_PLACEMENT_3D('',#2675,#2097,#2098);
#1792=AXIS2_PLACEMENT_3D('',#2680,#2101,#2102);
#1793=AXIS2_PLACEMENT_3D('',#2685,#2105,#2106);
#1794=AXIS2_PLACEMENT_3D('',#2687,#2108,#2109);
#1795=AXIS2_PLACEMENT_3D('',#2691,#2112,#2113);
#1796=AXIS2_PLACEMENT_3D('',#2692,#2114,#2115);
#1797=AXIS2_PLACEMENT_3D('',#2693,#2116,#2117);
#1798=AXIS2_PLACEMENT_3D('',#2696,#2119,#2120);
#1799=AXIS2_PLACEMENT_3D('',#2697,#2121,#2122);
#1800=AXIS2_PLACEMENT_3D('',#2700,#2124,#2125);
#1801=AXIS2_PLACEMENT_3D('',#2701,#2126,#2127);
#1802=AXIS2_PLACEMENT_3D('',#2702,#2128,#2129);
#1803=AXIS2_PLACEMENT_3D('',#2706,#2131,#2132);
#1804=AXIS2_PLACEMENT_3D('',#2707,#2133,#2134);
#1805=AXIS2_PLACEMENT_3D('',#2708,#2135,#2136);
#1806=AXIS2_PLACEMENT_3D('',#2712,#2138,#2139);
#1807=AXIS2_PLACEMENT_3D('',#2714,#2141,#2142);
#1808=AXIS2_PLACEMENT_3D('',#2715,#2143,#2144);
#1809=AXIS2_PLACEMENT_3D('',#2720,#2147,#2148);
#1810=AXIS2_PLACEMENT_3D('',#2721,#2149,#2150);
#1811=AXIS2_PLACEMENT_3D('',#2726,#2153,#2154);
#1812=AXIS2_PLACEMENT_3D('',#2727,#2155,#2156);
#1813=AXIS2_PLACEMENT_3D('',#2732,#2159,#2160);
#1814=AXIS2_PLACEMENT_3D('',#2735,#2163,#2164);
#1815=AXIS2_PLACEMENT_3D('',#2737,#2166,#2167);
#1816=AXIS2_PLACEMENT_3D('',#2738,#2168,#2169);
#1817=AXIS2_PLACEMENT_3D('',#2739,#2170,#2171);
#1818=AXIS2_PLACEMENT_3D('',#2742,#2173,#2174);
#1819=AXIS2_PLACEMENT_3D('',#2743,#2175,#2176);
#1820=AXIS2_PLACEMENT_3D('',#2745,#2177,#2178);
#1821=AXIS2_PLACEMENT_3D('',#2746,#2179,#2180);
#1822=AXIS2_PLACEMENT_3D('',#2748,#2181,#2182);
#1823=AXIS2_PLACEMENT_3D('',#2749,#2183,#2184);
#1824=AXIS2_PLACEMENT_3D('',#2750,#2185,#2186);
#1825=AXIS2_PLACEMENT_3D('',#2752,#2187,#2188);
#1826=AXIS2_PLACEMENT_3D('',#2753,#2189,#2190);
#1827=AXIS2_PLACEMENT_3D('',#2754,#2191,#2192);
#1828=AXIS2_PLACEMENT_3D('',#2755,#2193,#2194);
#1829=AXIS2_PLACEMENT_3D('',#2756,#2195,#2196);
#1830=AXIS2_PLACEMENT_3D('',#2758,#2197,#2198);
#1831=AXIS2_PLACEMENT_3D('',#2759,#2199,#2200);
#1832=AXIS2_PLACEMENT_3D('',#2761,#2201,#2202);
#1833=AXIS2_PLACEMENT_3D('',#2762,#2203,#2204);
#1834=AXIS2_PLACEMENT_3D('',#2764,#2205,#2206);
#1835=AXIS2_PLACEMENT_3D('',#2765,#2207,#2208);
#1836=AXIS2_PLACEMENT_3D('',#2767,#2209,#2210);
#1837=AXIS2_PLACEMENT_3D('',#2768,#2211,#2212);
#1838=AXIS2_PLACEMENT_3D('',#2770,#2213,#2214);
#1839=AXIS2_PLACEMENT_3D('',#2771,#2215,#2216);
#1840=AXIS2_PLACEMENT_3D('',#2773,#2217,#2218);
#1841=AXIS2_PLACEMENT_3D('',#2774,#2219,#2220);
#1842=AXIS2_PLACEMENT_3D('',#2775,#2221,#2222);
#1843=AXIS2_PLACEMENT_3D('',#2776,#2223,#2224);
#1844=AXIS2_PLACEMENT_3D('',#2779,#2227,#2228);
#1845=AXIS2_PLACEMENT_3D('',#2782,#2231,#2232);
#1846=AXIS2_PLACEMENT_3D('',#2785,#2235,#2236);
#1847=AXIS2_PLACEMENT_3D('',#2787,#2238,#2239);
#1848=AXIS2_PLACEMENT_3D('',#2789,#2241,#2242);
#1849=AXIS2_PLACEMENT_3D('',#2792,#2245,#2246);
#1850=AXIS2_PLACEMENT_3D('',#2794,#2248,#2249);
#1851=AXIS2_PLACEMENT_3D('',#2797,#2252,#2253);
#1852=AXIS2_PLACEMENT_3D('',#2800,#2256,#2257);
#1853=AXIS2_PLACEMENT_3D('',#2803,#2260,#2261);
#1854=AXIS2_PLACEMENT_3D('',#2805,#2263,#2264);
#1855=AXIS2_PLACEMENT_3D('',#2808,#2267,#2268);
#1856=AXIS2_PLACEMENT_3D('',#2809,#2269,#2270);
#1857=AXIS2_PLACEMENT_3D('',#2810,#2271,#2272);
#1858=AXIS2_PLACEMENT_3D('',#2811,#2273,#2274);
#1859=AXIS2_PLACEMENT_3D('',#2812,#2275,#2276);
#1860=AXIS2_PLACEMENT_3D('',#2813,#2277,#2278);
#1861=AXIS2_PLACEMENT_3D('',#2814,#2279,#2280);
#1862=AXIS2_PLACEMENT_3D('',#2816,#2281,#2282);
#1863=AXIS2_PLACEMENT_3D('',#2817,#2283,#2284);
#1864=AXIS2_PLACEMENT_3D('',#2818,#2285,#2286);
#1865=AXIS2_PLACEMENT_3D('',#2820,#2287,#2288);
#1866=AXIS2_PLACEMENT_3D('',#2821,#2289,#2290);
#1867=AXIS2_PLACEMENT_3D('',#2822,#2291,#2292);
#1868=AXIS2_PLACEMENT_3D('',#2823,#2293,#2294);
#1869=AXIS2_PLACEMENT_3D('',#2824,#2295,#2296);
#1870=AXIS2_PLACEMENT_3D('',#2828,#2299,#2300);
#1871=AXIS2_PLACEMENT_3D('',#2832,#2303,#2304);
#1872=AXIS2_PLACEMENT_3D('',#2833,#2305,#2306);
#1873=AXIS2_PLACEMENT_3D('',#2835,#2307,#2308);
#1874=AXIS2_PLACEMENT_3D('',#2838,#2310,#2311);
#1875=AXIS2_PLACEMENT_3D('',#2842,#2314,#2315);
#1876=AXIS2_PLACEMENT_3D('',#2846,#2318,#2319);
#1877=AXIS2_PLACEMENT_3D('',#2847,#2320,#2321);
#1878=AXIS2_PLACEMENT_3D('',#2849,#2322,#2323);
#1879=AXIS2_PLACEMENT_3D('',#2852,#2325,#2326);
#1880=AXIS2_PLACEMENT_3D('',#2853,#2327,#2328);
#1881=AXIS2_PLACEMENT_3D('',#2854,#2329,#2330);
#1882=AXIS2_PLACEMENT_3D('',#2855,#2331,#2332);
#1883=AXIS2_PLACEMENT_3D('',#2856,#2333,#2334);
#1884=AXIS2_PLACEMENT_3D('',#2857,#2335,#2336);
#1885=AXIS2_PLACEMENT_3D('',#2858,#2337,#2338);
#1886=AXIS2_PLACEMENT_3D('',#2864,#2342,#2343);
#1887=AXIS2_PLACEMENT_3D('',#2879,#2352,#2353);
#1888=AXIS2_PLACEMENT_3D('',#2882,#2356,#2357);
#1889=AXIS2_PLACEMENT_3D('',#2885,#2360,#2361);
#1890=AXIS2_PLACEMENT_3D('',#2888,#2364,#2365);
#1891=AXIS2_PLACEMENT_3D('',#2891,#2368,#2369);
#1892=AXIS2_PLACEMENT_3D('',#2892,#2370,#2371);
#1893=AXIS2_PLACEMENT_3D('',#2894,#2372,#2373);
#1894=AXIS2_PLACEMENT_3D('',#2895,#2374,#2375);
#1895=AXIS2_PLACEMENT_3D('',#2896,#2376,#2377);
#1896=AXIS2_PLACEMENT_3D('',#2898,#2378,#2379);
#1897=AXIS2_PLACEMENT_3D('',#2899,#2380,#2381);
#1898=AXIS2_PLACEMENT_3D('',#2901,#2383,#2384);
#1899=AXIS2_PLACEMENT_3D('',#2902,#2385,#2386);
#1900=AXIS2_PLACEMENT_3D('',#2904,#2388,#2389);
#1901=AXIS2_PLACEMENT_3D('',#2905,#2390,#2391);
#1902=AXIS2_PLACEMENT_3D('',#2906,#2392,#2393);
#1903=AXIS2_PLACEMENT_3D('',#2907,#2394,#2395);
#1904=AXIS2_PLACEMENT_3D('',#2908,#2396,#2397);
#1905=AXIS2_PLACEMENT_3D('',#2909,#2398,#2399);
#1906=AXIS2_PLACEMENT_3D('',#2910,#2400,#2401);
#1907=DIRECTION('',(0.,0.,1.));
#1908=DIRECTION('',(1.,0.,0.));
#1909=DIRECTION('',(1.,0.,0.));
#1910=DIRECTION('',(0.,-1.,0.));
#1911=DIRECTION('',(0.,1.,0.));
#1912=DIRECTION('',(1.10990693043675E-16,0.422618261740699,-0.90630778703665));
#1913=DIRECTION('',(0.,1.,0.));
#1914=DIRECTION('',(0.,0.,-1.));
#1915=DIRECTION('',(0.,-1.,0.));
#1916=DIRECTION('',(-1.,0.,0.));
#1917=DIRECTION('',(0.,1.,0.));
#1918=DIRECTION('',(1.,0.,0.));
#1919=DIRECTION('',(0.,1.,0.));
#1920=DIRECTION('',(1.,0.,0.));
#1921=DIRECTION('',(-1.,0.,0.));
#1922=DIRECTION('',(0.832050294337845,0.,-0.554700196225227));
#1923=DIRECTION('',(0.384615384615385,0.,-0.923076923076923));
#1924=DIRECTION('',(-0.196116135138185,0.,0.98058067569092));
#1925=DIRECTION('',(0.,0.,1.));
#1926=DIRECTION('',(1.,0.,1.22464679914735E-16));
#1927=DIRECTION('',(1.22464679914735E-16,0.,-1.));
#1928=DIRECTION('',(-1.,0.,0.));
#1929=DIRECTION('',(1.22464679914735E-16,0.,-1.));
#1930=DIRECTION('',(1.,0.,1.22464679914735E-16));
#1931=DIRECTION('',(0.,0.,1.));
#1932=DIRECTION('',(-0.196116135138184,0.,-0.98058067569092));
#1933=DIRECTION('',(-0.384615384615385,0.,-0.923076923076923));
#1934=DIRECTION('',(-0.832050294337845,0.,-0.554700196225228));
#1935=DIRECTION('',(-1.22464679914735E-16,0.,1.));
#1936=DIRECTION('',(1.,0.,1.22464679914735E-16));
#1937=DIRECTION('',(-1.22464679914735E-16,0.,1.));
#1938=DIRECTION('',(1.,0.,1.22464679914735E-16));
#1939=DIRECTION('',(-1.22464679914735E-16,0.,1.));
#1940=DIRECTION('',(1.,0.,1.22464679914735E-16));
#1941=DIRECTION('',(-1.22464679914735E-16,0.,1.));
#1942=DIRECTION('',(1.,0.,1.22464679914735E-16));
#1943=DIRECTION('',(0.,1.,0.));
#1944=DIRECTION('',(1.,-6.16297582203915E-33,1.22464679914735E-16));
#1945=DIRECTION('',(0.,-1.,0.));
#1946=DIRECTION('',(-1.,0.,0.));
#1947=DIRECTION('',(0.,-1.,0.));
#1948=DIRECTION('',(1.,0.,1.22464679914735E-16));
#1949=DIRECTION('',(0.,-1.,0.));
#1950=DIRECTION('',(-1.,-1.54900754403693E-33,-1.22464679914735E-16));
#1951=DIRECTION('',(0.,1.,0.));
#1952=DIRECTION('',(-1.,0.,-1.22464679914735E-16));
#1953=DIRECTION('',(-2.47817639425258E-16,1.,-3.03489078894395E-32));
#1954=DIRECTION('',(-1.,0.,-1.22464679914735E-16));
#1955=DIRECTION('',(0.,1.,0.));
#1956=DIRECTION('',(-1.,3.08148791101958E-33,-1.22464679914735E-16));
#1957=DIRECTION('',(0.,1.,0.));
#1958=DIRECTION('',(1.,0.,1.22464679914735E-16));
#1959=DIRECTION('',(1.23908819712629E-16,-1.,1.51744539447198E-32));
#1960=DIRECTION('',(1.,0.,1.22464679914735E-16));
#1961=DIRECTION('',(0.,1.,0.));
#1962=DIRECTION('',(1.,1.54900754403693E-33,1.22464679914735E-16));
#1963=DIRECTION('',(0.,-1.,0.));
#1964=DIRECTION('',(-1.,0.,0.));
#1965=DIRECTION('',(0.,1.,0.));
#1966=DIRECTION('',(1.,0.,1.22464679914735E-16));
#1967=DIRECTION('',(0.,1.,0.));
#1968=DIRECTION('',(1.,0.,1.22464679914735E-16));
#1969=DIRECTION('',(0.,1.,0.));
#1970=DIRECTION('',(1.,0.,1.22464679914735E-16));
#1971=DIRECTION('',(1.,-6.16297582203915E-33,1.22464679914735E-16));
#1972=DIRECTION('',(0.,1.,0.));
#1973=DIRECTION('',(0.,-1.,0.));
#1974=DIRECTION('',(-1.,0.,0.));
#1975=DIRECTION('',(0.,-1.,0.));
#1976=DIRECTION('',(-1.,0.,0.));
#1977=DIRECTION('',(0.,1.,0.));
#1978=DIRECTION('',(1.,0.,0.));
#1979=DIRECTION('',(0.,-1.,0.));
#1980=DIRECTION('',(-1.,0.,0.));
#1981=DIRECTION('',(0.,-1.,0.));
#1982=DIRECTION('',(-1.,0.,0.));
#1983=DIRECTION('',(0.,1.,0.));
#1984=DIRECTION('',(1.,0.,0.));
#1985=DIRECTION('',(-1.,0.,-1.22464679914735E-16));
#1986=DIRECTION('',(-1.22464679914735E-16,0.,1.));
#1987=DIRECTION('',(0.,1.,0.));
#1988=DIRECTION('',(-1.22464679914735E-16,0.,1.));
#1989=DIRECTION('',(-1.,0.,-1.22464679914735E-16));
#1990=DIRECTION('',(-1.22464679914735E-16,0.,1.));
#1991=DIRECTION('',(1.21518992558212E-16,-0.124034734589209,-0.992277876713668));
#1992=DIRECTION('',(-1.,0.,-1.22464679914735E-16));
#1993=DIRECTION('',(-1.22464679914735E-16,0.,1.));
#1994=DIRECTION('',(-1.,0.,-1.22464679914735E-16));
#1995=DIRECTION('',(-1.22464679914735E-16,0.,1.));
#1996=DIRECTION('',(-1.22464679914735E-16,0.,1.));
#1997=DIRECTION('',(-1.,0.,-1.22464679914735E-16));
#1998=DIRECTION('',(-1.22464679914735E-16,0.,1.));
#1999=DIRECTION('',(-1.22464679914735E-16,0.,1.));
#2000=DIRECTION('',(-1.,0.,-1.22464679914735E-16));
#2001=DIRECTION('',(-1.22464679914735E-16,0.,1.));
#2002=DIRECTION('',(1.,0.,1.22464679914735E-16));
#2003=DIRECTION('',(-1.22464679914735E-16,0.,1.));
#2004=DIRECTION('',(-1.22464679914735E-16,0.,1.));
#2005=DIRECTION('',(0.,1.,0.));
#2006=DIRECTION('',(1.22136708225547E-16,-0.073136939914236,-0.9973219079214));
#2007=DIRECTION('',(0.,1.,0.));
#2008=DIRECTION('',(1.,0.,1.22464679914735E-16));
#2009=DIRECTION('',(-1.22464679914735E-16,0.,1.));
#2010=DIRECTION('',(-1.,0.,-1.22464679914735E-16));
#2011=DIRECTION('',(-1.22464679914735E-16,0.,1.));
#2012=DIRECTION('',(-1.22464679914735E-16,0.,1.));
#2013=DIRECTION('',(-1.,0.,-1.22464679914735E-16));
#2014=DIRECTION('',(-1.22464679914735E-16,0.,1.));
#2015=DIRECTION('',(-1.22464679914735E-16,0.,1.));
#2016=DIRECTION('',(-1.,0.,-1.22464679914735E-16));
#2017=DIRECTION('',(-1.22464679914735E-16,0.,1.));
#2018=DIRECTION('',(-1.,0.,-1.22464679914735E-16));
#2019=DIRECTION('',(-1.22464679914735E-16,0.,1.));
#2020=DIRECTION('',(0.,-1.,0.));
#2021=DIRECTION('',(1.22136708225547E-16,0.073136939914236,-0.9973219079214));
#2022=DIRECTION('',(-1.,0.,-1.22464679914735E-16));
#2023=DIRECTION('',(-1.22464679914735E-16,0.,1.));
#2024=DIRECTION('',(-1.22464679914735E-16,0.,1.));
#2025=DIRECTION('',(-1.22464679914735E-16,0.,1.));
#2026=DIRECTION('',(1.,0.,1.22464679914735E-16));
#2027=DIRECTION('',(0.,0.,1.));
#2028=DIRECTION('',(0.,-1.,0.));
#2029=DIRECTION('',(1.22464679914735E-16,0.,-1.));
#2030=DIRECTION('',(-1.,0.,-1.22464679914735E-16));
#2031=DIRECTION('',(-1.,0.,-1.22464679914735E-16));
#2032=DIRECTION('',(-1.22464679914735E-16,0.,1.));
#2033=DIRECTION('',(0.,1.,0.));
#2034=DIRECTION('',(-1.22464679914735E-16,0.,1.));
#2035=DIRECTION('',(-1.,0.,-1.22464679914735E-16));
#2036=DIRECTION('',(-1.22464679914735E-16,0.,1.));
#2037=DIRECTION('',(-1.22136708225547E-16,-0.073136939914236,0.9973219079214));
#2038=DIRECTION('',(0.,-1.,0.));
#2039=DIRECTION('',(-1.,0.,-1.22464679914735E-16));
#2040=DIRECTION('',(-1.22464679914735E-16,0.,1.));
#2041=DIRECTION('',(-1.,0.,-1.22464679914735E-16));
#2042=DIRECTION('',(-1.22464679914735E-16,0.,1.));
#2043=DIRECTION('',(-1.22464679914735E-16,0.,1.));
#2044=DIRECTION('',(-1.,0.,-1.22464679914735E-16));
#2045=DIRECTION('',(-1.22464679914735E-16,0.,1.));
#2046=DIRECTION('',(-1.22464679914735E-16,0.,1.));
#2047=DIRECTION('',(-1.,0.,-1.22464679914735E-16));
#2048=DIRECTION('',(-1.22464679914735E-16,0.,1.));
#2049=DIRECTION('',(-1.,0.,-1.22464679914735E-16));
#2050=DIRECTION('',(-1.22464679914735E-16,0.,1.));
#2051=DIRECTION('',(0.,1.,0.));
#2052=DIRECTION('',(-1.22136708225547E-16,0.073136939914236,0.9973219079214));
#2053=DIRECTION('',(0.,1.,0.));
#2054=DIRECTION('',(-1.22464679914735E-16,0.,1.));
#2055=DIRECTION('',(-1.,0.,-1.22464679914735E-16));
#2056=DIRECTION('',(-1.22464679914735E-16,0.,1.));
#2057=DIRECTION('',(-1.,0.,-1.22464679914735E-16));
#2058=DIRECTION('',(-1.22464679914735E-16,0.,1.));
#2059=DIRECTION('',(-1.22464679914735E-16,0.,1.));
#2060=DIRECTION('',(-1.,0.,-1.22464679914735E-16));
#2061=DIRECTION('',(-1.22464679914735E-16,0.,1.));
#2062=DIRECTION('',(-1.22464679914735E-16,0.,1.));
#2063=DIRECTION('',(-1.,0.,-1.22464679914735E-16));
#2064=DIRECTION('',(-1.22464679914735E-16,0.,1.));
#2065=DIRECTION('',(-1.,0.,-1.22464679914735E-16));
#2066=DIRECTION('',(-1.22464679914735E-16,0.,1.));
#2067=DIRECTION('',(-1.21518992558212E-16,0.124034734589209,0.992277876713668));
#2068=DIRECTION('',(-1.,0.,-1.22464679914735E-16));
#2069=DIRECTION('',(-1.22464679914735E-16,0.,1.));
#2070=DIRECTION('',(-1.22464679914735E-16,0.,1.));
#2071=DIRECTION('',(-1.22464679914735E-16,0.,1.));
#2072=DIRECTION('',(1.,0.,1.22464679914735E-16));
#2073=DIRECTION('',(-1.22464679914735E-16,0.,1.));
#2074=DIRECTION('',(1.,0.,1.22464679914735E-16));
#2075=DIRECTION('',(-1.22464679914735E-16,0.,1.));
#2076=DIRECTION('',(1.,0.,1.22464679914735E-16));
#2077=DIRECTION('',(-1.22464679914735E-16,0.,1.));
#2078=DIRECTION('',(1.,0.,1.22464679914735E-16));
#2079=DIRECTION('',(-1.22464679914735E-16,0.,1.));
#2080=DIRECTION('',(1.,0.,1.22464679914735E-16));
#2081=DIRECTION('',(-1.,0.,-1.22464679914735E-16));
#2082=DIRECTION('',(-1.,3.09801508807385E-33,-1.22464679914735E-16));
#2083=DIRECTION('',(1.22464679914735E-16,0.,-1.));
#2084=DIRECTION('',(-1.,0.,-1.22464679914735E-16));
#2085=DIRECTION('',(1.22464679914735E-16,0.,-1.));
#2086=DIRECTION('',(-1.,0.,-1.22464679914735E-16));
#2087=DIRECTION('',(1.22464679914735E-16,0.,-1.));
#2088=DIRECTION('',(-1.,0.,-1.22464679914735E-16));
#2089=DIRECTION('',(1.22464679914735E-16,0.,-1.));
#2090=DIRECTION('',(-1.,0.,-1.22464679914735E-16));
#2091=DIRECTION('',(0.,-1.,0.));
#2092=DIRECTION('',(-1.,0.,0.));
#2093=DIRECTION('',(-8.95669193654014E-18,0.9973219079214,0.073136939914236));
#2094=DIRECTION('',(-1.22136708225547E-16,-0.073136939914236,0.9973219079214));
#2095=DIRECTION('',(0.,-1.,0.));
#2096=DIRECTION('',(-1.,0.,0.));
#2097=DIRECTION('',(0.,-1.,0.));
#2098=DIRECTION('',(1.,0.,0.));
#2099=DIRECTION('',(0.,0.,-1.));
#2100=DIRECTION('',(1.,0.,-1.22464679914735E-16));
#2101=DIRECTION('',(0.,1.,0.));
#2102=DIRECTION('',(1.,0.,0.));
#2103=DIRECTION('',(-1.,0.,0.));
#2104=DIRECTION('',(-5.78241158658935E-16,0.,1.));
#2105=DIRECTION('',(0.,1.,0.));
#2106=DIRECTION('',(1.,0.,0.));
#2107=DIRECTION('',(-1.,0.,-1.22464679914735E-16));
#2108=DIRECTION('',(-1.,0.,-5.78241158658935E-16));
#2109=DIRECTION('',(-5.78241158658935E-16,0.,1.));
#2110=DIRECTION('',(-5.78241158658935E-16,0.,1.));
#2111=DIRECTION('',(0.,1.,0.));
#2112=DIRECTION('',(0.,-1.,0.));
#2113=DIRECTION('',(1.,0.,0.));
#2114=DIRECTION('',(0.,-1.,0.));
#2115=DIRECTION('',(-1.,0.,0.));
#2116=DIRECTION('',(0.,1.,0.));
#2117=DIRECTION('',(1.,0.,0.));
#2118=DIRECTION('',(0.,-1.,0.));
#2119=DIRECTION('',(0.,1.,0.));
#2120=DIRECTION('',(1.,0.,0.));
#2121=DIRECTION('',(0.,1.,0.));
#2122=DIRECTION('',(1.,0.,0.));
#2123=DIRECTION('',(-0.99999682479495,0.00252000000361153,0.));
#2124=DIRECTION('',(0.,1.,0.));
#2125=DIRECTION('',(1.,0.,0.));
#2126=DIRECTION('',(0.,1.,0.));
#2127=DIRECTION('',(1.,0.,0.));
#2128=DIRECTION('',(0.,1.,0.));
#2129=DIRECTION('',(1.,0.,0.));
#2130=DIRECTION('',(0.99999682479495,0.00252000000361153,-1.22464291064265E-16));
#2131=DIRECTION('',(0.,1.,0.));
#2132=DIRECTION('',(1.,0.,0.));
#2133=DIRECTION('',(0.,1.,0.));
#2134=DIRECTION('',(1.,0.,0.));
#2135=DIRECTION('',(0.,1.,0.));
#2136=DIRECTION('',(1.,0.,0.));
#2137=DIRECTION('',(0.,1.,0.));
#2138=DIRECTION('',(0.,-1.,0.));
#2139=DIRECTION('',(-1.,0.,0.));
#2140=DIRECTION('',(0.,1.,0.));
#2141=DIRECTION('',(0.,1.,0.));
#2142=DIRECTION('',(1.,0.,0.));
#2143=DIRECTION('',(0.,1.,0.));
#2144=DIRECTION('',(1.,0.,0.));
#2145=DIRECTION('',(1.,0.,-1.22464679914735E-16));
#2146=DIRECTION('',(-1.,0.,0.));
#2147=DIRECTION('',(0.,1.,0.));
#2148=DIRECTION('',(1.,0.,0.));
#2149=DIRECTION('',(0.,1.,0.));
#2150=DIRECTION('',(1.,0.,0.));
#2151=DIRECTION('',(2.90512162347792E-16,1.,-3.55774789732599E-32));
#2152=DIRECTION('',(-2.90512162347792E-16,1.,0.));
#2153=DIRECTION('',(0.,-1.,0.));
#2154=DIRECTION('',(-1.,0.,0.));
#2155=DIRECTION('',(0.,1.,0.));
#2156=DIRECTION('',(1.,0.,0.));
#2157=DIRECTION('',(-1.,0.,1.22464679914735E-16));
#2158=DIRECTION('',(1.,0.,0.));
#2159=DIRECTION('',(0.,1.,0.));
#2160=DIRECTION('',(1.,0.,0.));
#2161=DIRECTION('',(0.,1.,0.));
#2162=DIRECTION('',(0.,1.,0.));
#2163=DIRECTION('',(0.,1.,0.));
#2164=DIRECTION('',(1.,0.,0.));
#2165=DIRECTION('',(0.,-1.,0.));
#2166=DIRECTION('',(0.,-1.,0.));
#2167=DIRECTION('',(-1.,0.,0.));
#2168=DIRECTION('',(1.22464679914735E-16,0.,1.));
#2169=DIRECTION('',(1.,0.,-1.22464679914735E-16));
#2170=DIRECTION('',(0.,0.,1.));
#2171=DIRECTION('',(0.,-1.,0.));
#2172=DIRECTION('',(0.,1.,0.));
#2173=DIRECTION('',(0.,0.,-1.));
#2174=DIRECTION('',(-1.,0.,0.));
#2175=DIRECTION('',(0.,0.,1.));
#2176=DIRECTION('',(0.,-1.,0.));
#2177=DIRECTION('',(0.,0.,1.));
#2178=DIRECTION('',(0.,-1.,0.));
#2179=DIRECTION('',(0.,0.,1.));
#2180=DIRECTION('',(0.,-1.,0.));
#2181=DIRECTION('',(0.,0.,1.));
#2182=DIRECTION('',(1.,0.,0.));
#2183=DIRECTION('',(0.,0.,1.));
#2184=DIRECTION('',(0.,-1.,0.));
#2185=DIRECTION('',(0.,0.,1.));
#2186=DIRECTION('',(0.,-1.,0.));
#2187=DIRECTION('',(0.,0.,1.));
#2188=DIRECTION('',(1.,0.,0.));
#2189=DIRECTION('',(0.,-1.,0.));
#2190=DIRECTION('',(1.,0.,0.));
#2191=DIRECTION('',(0.,-1.,0.));
#2192=DIRECTION('',(-1.,0.,0.));
#2193=DIRECTION('',(-1.22464679914735E-16,0.,1.));
#2194=DIRECTION('',(1.,0.,1.22464679914735E-16));
#2195=DIRECTION('',(1.22464679914735E-16,0.,-1.));
#2196=DIRECTION('',(-1.,0.,-1.22464679914735E-16));
#2197=DIRECTION('',(-1.22464679914735E-16,0.,1.));
#2198=DIRECTION('',(1.,0.,1.22464679914735E-16));
#2199=DIRECTION('',(1.22464679914735E-16,0.,-1.));
#2200=DIRECTION('',(-1.,0.,-1.22464679914735E-16));
#2201=DIRECTION('',(1.22464679914735E-16,0.,-1.));
#2202=DIRECTION('',(-1.,0.,-1.22464679914735E-16));
#2203=DIRECTION('',(1.22464679914735E-16,0.,-1.));
#2204=DIRECTION('',(-1.,0.,-1.22464679914735E-16));
#2205=DIRECTION('',(1.22464679914735E-16,0.,-1.));
#2206=DIRECTION('',(-1.,0.,-1.22464679914735E-16));
#2207=DIRECTION('',(0.,0.,-1.));
#2208=DIRECTION('',(0.,1.,0.));
#2209=DIRECTION('',(1.22464679914735E-16,0.,-1.));
#2210=DIRECTION('',(-1.,0.,-1.22464679914735E-16));
#2211=DIRECTION('',(1.22464679914735E-16,0.,-1.));
#2212=DIRECTION('',(-1.,0.,-1.22464679914735E-16));
#2213=DIRECTION('',(1.22464679914735E-16,0.,-1.));
#2214=DIRECTION('',(-1.,0.,-1.22464679914735E-16));
#2215=DIRECTION('',(0.,0.,-1.));
#2216=DIRECTION('',(0.,1.,0.));
#2217=DIRECTION('',(0.,0.,-1.));
#2218=DIRECTION('',(0.,1.,0.));
#2219=DIRECTION('',(0.,0.,-1.));
#2220=DIRECTION('',(0.,1.,0.));
#2221=DIRECTION('',(0.,0.,1.));
#2222=DIRECTION('',(0.,-1.,0.));
#2223=DIRECTION('',(0.,-1.,0.));
#2224=DIRECTION('',(-1.,0.,0.));
#2225=DIRECTION('',(-1.,0.,-1.22464679914735E-16));
#2226=DIRECTION('',(-1.,0.,-1.22464679914735E-16));
#2227=DIRECTION('',(0.,-1.,0.));
#2228=DIRECTION('',(-1.,0.,0.));
#2229=DIRECTION('',(-1.,0.,-1.22464679914735E-16));
#2230=DIRECTION('',(-1.,0.,-1.22464679914735E-16));
#2231=DIRECTION('',(-1.,0.,-1.22464679914735E-16));
#2232=DIRECTION('',(-1.22464679914735E-16,0.,1.));
#2233=DIRECTION('',(-1.,0.,-1.22464679914735E-16));
#2234=DIRECTION('',(-1.,0.,-1.22464679914735E-16));
#2235=DIRECTION('',(-1.,0.,-1.22464679914735E-16));
#2236=DIRECTION('',(-1.22464679914735E-16,0.,1.));
#2237=DIRECTION('',(-1.,0.,-1.22464679914735E-16));
#2238=DIRECTION('',(1.51898740697766E-17,0.992277876713668,-0.124034734589209));
#2239=DIRECTION('',(-1.,0.,-1.22464679914735E-16));
#2240=DIRECTION('',(-1.,3.10437044153759E-33,-1.22464679914735E-16));
#2241=DIRECTION('',(1.22464679914735E-16,0.,-1.));
#2242=DIRECTION('',(-1.,0.,-1.22464679914735E-16));
#2243=DIRECTION('',(-1.,0.,-1.22464679914735E-16));
#2244=DIRECTION('',(-1.,0.,-1.22464679914735E-16));
#2245=DIRECTION('',(-1.,0.,-1.22464679914735E-16));
#2246=DIRECTION('',(-1.22464679914735E-16,0.,1.));
#2247=DIRECTION('',(-1.,0.,-1.22464679914735E-16));
#2248=DIRECTION('',(0.,-1.,0.));
#2249=DIRECTION('',(-1.,0.,0.));
#2250=DIRECTION('',(1.,0.,1.22464679914735E-16));
#2251=DIRECTION('',(-1.,0.,-1.22464679914735E-16));
#2252=DIRECTION('',(0.,-1.,0.));
#2253=DIRECTION('',(-1.,0.,0.));
#2254=DIRECTION('',(1.,0.,1.22464679914735E-16));
#2255=DIRECTION('',(-1.,0.,-1.22464679914735E-16));
#2256=DIRECTION('',(-1.,0.,-1.22464679914735E-16));
#2257=DIRECTION('',(-1.22464679914735E-16,0.,1.));
#2258=DIRECTION('',(-1.,0.,-1.22464679914735E-16));
#2259=DIRECTION('',(-1.,0.,-1.22464679914735E-16));
#2260=DIRECTION('',(-1.22464679914735E-16,0.,1.));
#2261=DIRECTION('',(1.,0.,1.22464679914735E-16));
#2262=DIRECTION('',(1.,0.,1.22464679914735E-16));
#2263=DIRECTION('',(-8.95669193654014E-18,0.9973219079214,0.073136939914236));
#2264=DIRECTION('',(-1.,0.,-1.22464679914735E-16));
#2265=DIRECTION('',(-1.,-3.07319137810706E-33,-1.22464679914735E-16));
#2266=DIRECTION('',(1.,3.07319137810706E-33,1.22464679914735E-16));
#2267=DIRECTION('',(8.95669193654015E-18,0.9973219079214,-0.073136939914236));
#2268=DIRECTION('',(1.,0.,1.22464679914735E-16));
#2269=DIRECTION('',(-1.,0.,-1.22464679914735E-16));
#2270=DIRECTION('',(-1.22464679914735E-16,0.,1.));
#2271=DIRECTION('',(-1.,0.,-1.22464679914735E-16));
#2272=DIRECTION('',(-1.22464679914735E-16,0.,1.));
#2273=DIRECTION('',(-1.,0.,-1.22464679914735E-16));
#2274=DIRECTION('',(-1.22464679914735E-16,0.,1.));
#2275=DIRECTION('',(-1.,0.,-1.22464679914735E-16));
#2276=DIRECTION('',(-1.22464679914735E-16,0.,1.));
#2277=DIRECTION('',(1.22464679914735E-16,0.,-1.));
#2278=DIRECTION('',(-1.,0.,-1.22464679914735E-16));
#2279=DIRECTION('',(1.22464679914735E-16,0.,-1.));
#2280=DIRECTION('',(-1.,0.,-1.22464679914735E-16));
#2281=DIRECTION('',(1.22464679914735E-16,0.,-1.));
#2282=DIRECTION('',(-1.,0.,-1.22464679914735E-16));
#2283=DIRECTION('',(1.22464679914735E-16,0.,-1.));
#2284=DIRECTION('',(-1.,0.,-1.22464679914735E-16));
#2285=DIRECTION('',(1.22464679914735E-16,0.,-1.));
#2286=DIRECTION('',(-1.,0.,-1.22464679914735E-16));
#2287=DIRECTION('',(1.22464679914735E-16,0.,-1.));
#2288=DIRECTION('',(-1.,0.,-1.22464679914735E-16));
#2289=DIRECTION('',(1.,1.54900754403692E-33,1.22464679914735E-16));
#2290=DIRECTION('',(1.22464679914735E-16,0.,-1.));
#2291=DIRECTION('',(-1.,3.08148791101957E-33,-1.22464679914735E-16));
#2292=DIRECTION('',(-1.22464679914735E-16,0.,1.));
#2293=DIRECTION('',(-1.,-1.54900754403692E-33,-1.22464679914735E-16));
#2294=DIRECTION('',(-1.22464679914735E-16,0.,1.));
#2295=DIRECTION('',(0.,-1.,0.));
#2296=DIRECTION('',(-1.,0.,0.));
#2297=DIRECTION('',(-0.514495755427526,0.,-0.857492925712544));
#2298=DIRECTION('',(1.,0.,1.22464679914735E-16));
#2299=DIRECTION('',(0.,-1.,0.));
#2300=DIRECTION('',(-1.,0.,0.));
#2301=DIRECTION('',(1.,0.,1.22464679914735E-16));
#2302=DIRECTION('',(0.514495755427526,0.,0.857492925712544));
#2303=DIRECTION('',(-1.22464679914735E-16,0.,1.));
#2304=DIRECTION('',(1.,0.,1.22464679914735E-16));
#2305=DIRECTION('',(-1.22464679914735E-16,0.,1.));
#2306=DIRECTION('',(1.,0.,1.22464679914735E-16));
#2307=DIRECTION('',(-1.22464679914735E-16,0.,1.));
#2308=DIRECTION('',(1.,0.,1.22464679914735E-16));
#2309=DIRECTION('',(-1.23908819712629E-16,1.,-1.51744539447198E-32));
#2310=DIRECTION('',(0.,1.,0.));
#2311=DIRECTION('',(1.,0.,0.));
#2312=DIRECTION('',(0.514495755427526,0.,-0.857492925712545));
#2313=DIRECTION('',(-1.,0.,-1.22464679914735E-16));
#2314=DIRECTION('',(0.,1.,0.));
#2315=DIRECTION('',(1.,0.,0.));
#2316=DIRECTION('',(-1.,0.,-1.22464679914735E-16));
#2317=DIRECTION('',(-0.514495755427526,0.,0.857492925712545));
#2318=DIRECTION('',(-1.22464679914735E-16,0.,1.));
#2319=DIRECTION('',(1.,0.,1.22464679914735E-16));
#2320=DIRECTION('',(-1.22464679914735E-16,0.,1.));
#2321=DIRECTION('',(1.,0.,1.22464679914735E-16));
#2322=DIRECTION('',(-1.22464679914735E-16,0.,1.));
#2323=DIRECTION('',(1.,0.,1.22464679914735E-16));
#2324=DIRECTION('',(2.47817639425258E-16,-1.,3.03489078894395E-32));
#2325=DIRECTION('',(-1.22464679914735E-16,0.,1.));
#2326=DIRECTION('',(1.,0.,1.22464679914735E-16));
#2327=DIRECTION('',(-1.22464679914735E-16,0.,1.));
#2328=DIRECTION('',(1.,0.,1.22464679914735E-16));
#2329=DIRECTION('',(-1.22464679914735E-16,0.,1.));
#2330=DIRECTION('',(1.,0.,1.22464679914735E-16));
#2331=DIRECTION('',(-1.22464679914735E-16,0.,1.));
#2332=DIRECTION('',(1.,0.,1.22464679914735E-16));
#2333=DIRECTION('',(0.857492925712545,2.12501872673941E-16,0.514495755427526));
#2334=DIRECTION('',(-2.47817639425258E-16,1.,-3.03489078894395E-32));
#2335=DIRECTION('',(-0.857492925712544,-1.0625093633697E-16,0.514495755427526));
#2336=DIRECTION('',(1.23908819712629E-16,-1.,1.51744539447198E-32));
#2337=DIRECTION('',(0.,0.,-1.));
#2338=DIRECTION('',(0.,1.,0.));
#2339=DIRECTION('',(-1.,0.,0.));
#2340=DIRECTION('',(0.,1.,0.));
#2341=DIRECTION('',(0.,-1.,0.));
#2342=DIRECTION('',(0.,-1.,0.));
#2343=DIRECTION('',(-1.,0.,0.));
#2344=DIRECTION('',(-0.384615384615385,0.,0.923076923076923));
#2345=DIRECTION('',(-0.832050294337845,0.,0.554700196225227));
#2346=DIRECTION('',(0.832050294337845,0.,0.554700196225228));
#2347=DIRECTION('',(0.384615384615385,0.,0.923076923076923));
#2348=DIRECTION('',(0.196116135138184,0.,0.98058067569092));
#2349=DIRECTION('',(0.,0.,1.));
#2350=DIRECTION('',(0.,0.,1.));
#2351=DIRECTION('',(0.196116135138185,0.,-0.98058067569092));
#2352=DIRECTION('',(1.,0.,0.));
#2353=DIRECTION('',(0.,0.,-1.));
#2354=DIRECTION('',(0.,-1.,0.));
#2355=DIRECTION('',(-1.10990693043675E-16,-0.422618261740699,0.90630778703665));
#2356=DIRECTION('',(1.,0.,0.));
#2357=DIRECTION('',(0.,0.,-1.));
#2358=DIRECTION('',(0.,1.,0.));
#2359=DIRECTION('',(1.10990693043675E-16,0.422618261740699,-0.90630778703665));
#2360=DIRECTION('',(0.923076923076923,0.,0.384615384615385));
#2361=DIRECTION('',(0.,1.,0.));
#2362=DIRECTION('',(0.,-1.,0.));
#2363=DIRECTION('',(0.,1.,0.));
#2364=DIRECTION('',(0.923076923076923,0.,-0.384615384615385));
#2365=DIRECTION('',(0.,-1.,0.));
#2366=DIRECTION('',(0.,1.,0.));
#2367=DIRECTION('',(0.,-1.,0.));
#2368=DIRECTION('',(0.,1.,0.));
#2369=DIRECTION('',(1.,0.,0.));
#2370=DIRECTION('',(0.,1.,0.));
#2371=DIRECTION('',(1.,0.,0.));
#2372=DIRECTION('',(0.,1.,0.));
#2373=DIRECTION('',(1.,0.,0.));
#2374=DIRECTION('',(0.,1.,0.));
#2375=DIRECTION('',(1.,0.,0.));
#2376=DIRECTION('',(0.,1.,0.));
#2377=DIRECTION('',(1.,0.,0.));
#2378=DIRECTION('',(0.,1.,0.));
#2379=DIRECTION('',(1.,0.,0.));
#2380=DIRECTION('',(-5.17558101501966E-17,0.90630778703665,0.422618261740699));
#2381=DIRECTION('',(-1.10990693043675E-16,-0.422618261740699,0.90630778703665));
#2382=DIRECTION('',(-1.10990693043675E-16,-0.422618261740699,0.90630778703665));
#2383=DIRECTION('',(-1.,0.,-1.22464679914735E-16));
#2384=DIRECTION('',(-1.22464679914735E-16,0.,1.));
#2385=DIRECTION('',(-5.17558101501966E-17,0.90630778703665,0.422618261740699));
#2386=DIRECTION('',(-1.10990693043675E-16,-0.422618261740699,0.90630778703665));
#2387=DIRECTION('',(1.10990693043675E-16,0.422618261740699,-0.90630778703665));
#2388=DIRECTION('',(-1.,0.,-1.22464679914735E-16));
#2389=DIRECTION('',(-1.22464679914735E-16,0.,1.));
#2390=DIRECTION('',(0.554700196225227,0.,0.832050294337845));
#2391=DIRECTION('',(0.,-1.,0.));
#2392=DIRECTION('',(-0.98058067569092,0.,-0.196116135138185));
#2393=DIRECTION('',(0.,-1.,0.));
#2394=DIRECTION('',(0.98058067569092,0.,-0.196116135138184));
#2395=DIRECTION('',(0.,1.,0.));
#2396=DIRECTION('',(0.554700196225228,0.,-0.832050294337844));
#2397=DIRECTION('',(0.,-1.,0.));
#2398=DIRECTION('',(-1.,0.,-1.22464679914735E-16));
#2399=DIRECTION('',(-1.22464679914735E-16,0.,1.));
#2400=DIRECTION('',(-1.,0.,-1.22464679914735E-16));
#2401=DIRECTION('',(-1.22464679914735E-16,0.,1.));
#2402=CARTESIAN_POINT('',(0.,0.,0.));
#2403=CARTESIAN_POINT('',(0.015,0.38,-0.003));
#2404=CARTESIAN_POINT('',(0.015,0.38,0.));
#2405=CARTESIAN_POINT('',(0.015,0.383982948433165,0.));
#2406=CARTESIAN_POINT('',(0.015,0.3927,0.));
#2407=CARTESIAN_POINT('',(0.015,0.381739480281775,0.00481113297660095));
#2408=CARTESIAN_POINT('',(0.015,0.386780794382096,-0.006));
#2409=CARTESIAN_POINT('',(0.015,0.38,-0.006));
#2410=CARTESIAN_POINT('',(0.015,0.3927,-0.006));
#2411=CARTESIAN_POINT('',(0.015,0.3927,-0.003));
#2412=CARTESIAN_POINT('',(0.0305,0.3827,0.007));
#2413=CARTESIAN_POINT('',(0.02275,0.3827,-0.002));
#2414=CARTESIAN_POINT('',(0.025,0.3827,-0.002));
#2415=CARTESIAN_POINT('',(0.02275,0.3827,0.016));
#2416=CARTESIAN_POINT('',(0.025,0.3827,0.016));
#2417=CARTESIAN_POINT('',(0.0305,0.3827,0.02));
#2418=CARTESIAN_POINT('',(0.0245,0.3827,0.02));
#2419=CARTESIAN_POINT('',(0.021,0.3827,0.02));
#2420=CARTESIAN_POINT('',(0.0245,0.3827,0.02));
#2421=CARTESIAN_POINT('',(0.0258846153846154,0.3827,0.0190769230769231));
#2422=CARTESIAN_POINT('',(0.0305,0.3827,0.008));
#2423=CARTESIAN_POINT('',(0.0301153846153846,0.3827,0.00892307692307692));
#2424=CARTESIAN_POINT('',(0.0305,0.3827,0.007));
#2425=CARTESIAN_POINT('',(0.0305,0.3827,0.007));
#2426=CARTESIAN_POINT('',(0.0305,0.3827,0.007));
#2427=CARTESIAN_POINT('',(0.0305,0.3827,0.00275129179358002));
#2428=CARTESIAN_POINT('',(0.00684987977147103,0.3827,0.00275129179358001));
#2429=CARTESIAN_POINT('',(0.0275,0.3827,0.00275129179358002));
#2430=CARTESIAN_POINT('',(0.0275,0.3827,0.004));
#2431=CARTESIAN_POINT('',(0.0275,0.3827,-0.006));
#2432=CARTESIAN_POINT('',(0.0305,0.3827,-0.006));
#2433=CARTESIAN_POINT('',(0.018,0.3827,-0.006));
#2434=CARTESIAN_POINT('',(0.018,0.3827,0.004));
#2435=CARTESIAN_POINT('',(0.018,0.3827,0.00275129179357998));
#2436=CARTESIAN_POINT('',(0.00684987977147103,0.3827,0.00275129179358001));
#2437=CARTESIAN_POINT('',(0.015,0.3827,0.0027512917935801));
#2438=CARTESIAN_POINT('',(0.015,0.3827,0.007));
#2439=CARTESIAN_POINT('',(0.015,0.3827,0.007));
#2440=CARTESIAN_POINT('',(0.015,0.3827,0.007));
#2441=CARTESIAN_POINT('',(0.0153846153846154,0.3827,0.00892307692307691));
#2442=CARTESIAN_POINT('',(0.02,0.3827,0.02));
#2443=CARTESIAN_POINT('',(0.0196153846153846,0.3827,0.0190769230769231));
#2444=CARTESIAN_POINT('',(0.021,0.3827,0.02));
#2445=CARTESIAN_POINT('',(0.00684987977147103,0.35,-0.006));
#2446=CARTESIAN_POINT('',(0.0065,0.4137,-0.006));
#2447=CARTESIAN_POINT('',(0.01,0.4137,-0.006));
#2448=CARTESIAN_POINT('',(0.022,0.3982,-0.006));
#2449=CARTESIAN_POINT('',(0.0236,0.3982,-0.006));
#2450=CARTESIAN_POINT('',(-0.009,0.3982,-0.006));
#2451=CARTESIAN_POINT('',(-0.0074,0.3982,-0.006));
#2452=CARTESIAN_POINT('',(0.0275,0.384740397191048,-0.006));
#2453=CARTESIAN_POINT('',(0.0275,0.386780794382096,-0.006));
#2454=CARTESIAN_POINT('',(0.00684987977147103,0.386780794382096,-0.006));
#2455=CARTESIAN_POINT('',(0.0305,0.386780794382096,-0.006));
#2456=CARTESIAN_POINT('',(0.0305,0.3802,-0.006));
#2457=CARTESIAN_POINT('',(0.0305,0.3777,-0.006));
#2458=CARTESIAN_POINT('',(0.0305,0.3777,-0.006));
#2459=CARTESIAN_POINT('',(0.015,0.3777,-0.006));
#2460=CARTESIAN_POINT('',(0.015,0.3802,-0.006));
#2461=CARTESIAN_POINT('',(0.015,0.38,-0.006));
#2462=CARTESIAN_POINT('',(0.00684987977147103,0.38,-0.006));
#2463=CARTESIAN_POINT('',(0.00939800510746829,0.38,-0.006));
#2464=CARTESIAN_POINT('',(0.00939800510746829,0.519536870916021,-0.006));
#2465=CARTESIAN_POINT('',(0.00939800510746829,0.352524405404828,-0.006));
#2466=CARTESIAN_POINT('',(0.00684987977147103,0.352524405404828,-0.006));
#2467=CARTESIAN_POINT('',(0.0388498797714711,0.352524405404828,-0.006));
#2468=CARTESIAN_POINT('',(0.0388498797714711,0.35,-0.006));
#2469=CARTESIAN_POINT('',(0.0388498797714711,0.394121397961538,-0.006));
#2470=CARTESIAN_POINT('',(0.0338498797714711,0.394121397961538,-0.006));
#2471=CARTESIAN_POINT('',(0.0258498797714711,0.394121397961538,-0.006));
#2472=CARTESIAN_POINT('',(0.0258498797714711,0.408121397961539,-0.006));
#2473=CARTESIAN_POINT('',(0.0258498797714711,0.408121397961539,-0.006));
#2474=CARTESIAN_POINT('',(0.033849879771471,0.408121397961539,-0.006));
#2475=CARTESIAN_POINT('',(0.0388498797714711,0.408121397961539,-0.006));
#2476=CARTESIAN_POINT('',(0.0388498797714711,0.35,-0.006));
#2477=CARTESIAN_POINT('',(0.0388498797714711,0.448965221804792,-0.006));
#2478=CARTESIAN_POINT('',(0.00684987977147103,0.448965221804792,-0.006));
#2479=CARTESIAN_POINT('',(-0.025150120228529,0.448965221804792,-0.006));
#2480=CARTESIAN_POINT('',(-0.025150120228529,0.35,-0.006));
#2481=CARTESIAN_POINT('',(-0.025150120228529,0.408121397961539,-0.006));
#2482=CARTESIAN_POINT('',(-0.020150120228529,0.408121397961539,-0.006));
#2483=CARTESIAN_POINT('',(-0.012150120228529,0.408121397961539,-0.006));
#2484=CARTESIAN_POINT('',(-0.012150120228529,0.394121397961538,-0.006));
#2485=CARTESIAN_POINT('',(-0.012150120228529,0.394121397961538,-0.006));
#2486=CARTESIAN_POINT('',(-0.020150120228529,0.394121397961538,-0.006));
#2487=CARTESIAN_POINT('',(-0.025150120228529,0.394121397961538,-0.006));
#2488=CARTESIAN_POINT('',(-0.025150120228529,0.35,-0.006));
#2489=CARTESIAN_POINT('',(-0.025150120228529,0.352524405404828,-0.006));
#2490=CARTESIAN_POINT('',(0.00684987977147103,0.352524405404828,-0.006));
#2491=CARTESIAN_POINT('',(-0.00939800510746829,0.352524405404828,-0.006));
#2492=CARTESIAN_POINT('',(-0.00939800510746829,0.519536870916021,-0.006));
#2493=CARTESIAN_POINT('',(-0.00939800510746829,0.38,-0.006));
#2494=CARTESIAN_POINT('',(0.00684987977147102,0.38,-0.006));
#2495=CARTESIAN_POINT('',(-0.015,0.38,-0.006));
#2496=CARTESIAN_POINT('',(-0.015,0.38,-0.006));
#2497=CARTESIAN_POINT('',(-0.015,0.3927,-0.006));
#2498=CARTESIAN_POINT('',(0.00684987977147103,0.3927,-0.006));
#2499=CARTESIAN_POINT('',(-0.0137477270848675,0.3927,-0.006));
#2500=CARTESIAN_POINT('',(-0.0137477270848675,0.38,-0.006));
#2501=CARTESIAN_POINT('',(-0.0137477270848675,0.392717535233063,-0.006));
#2502=CARTESIAN_POINT('',(-0.0137477270848675,0.392717535233062,-0.006));
#2503=CARTESIAN_POINT('',(-0.0109498802691534,0.392711073254748,-0.006));
#2504=CARTESIAN_POINT('',(-0.00815203327010819,0.392704694370542,-0.006));
#2505=CARTESIAN_POINT('',(-0.00535418255450729,0.3927,-0.006));
#2506=CARTESIAN_POINT('',(-0.00535418255450727,0.3927,-0.006));
#2507=CARTESIAN_POINT('',(0.00684987977147103,0.3927,-0.006));
#2508=CARTESIAN_POINT('',(0.00535418255450728,0.3927,-0.006));
#2509=CARTESIAN_POINT('',(0.00535418255450728,0.3927,-0.006));
#2510=CARTESIAN_POINT('',(0.00815203327011244,0.392704694370542,-0.006));
#2511=CARTESIAN_POINT('',(0.0109498802691557,0.392711073254748,-0.006));
#2512=CARTESIAN_POINT('',(0.0137477270848675,0.392717535233062,-0.006));
#2513=CARTESIAN_POINT('',(0.0137477270848675,0.392717535233063,-0.006));
#2514=CARTESIAN_POINT('',(0.0137477270848675,0.386,-0.006));
#2515=CARTESIAN_POINT('',(0.0137477270848675,0.3927,-0.006));
#2516=CARTESIAN_POINT('',(0.00684987977147103,0.3927,-0.006));
#2517=CARTESIAN_POINT('',(0.00684987977147103,0.386780794382096,-0.006));
#2518=CARTESIAN_POINT('',(0.018,0.386780794382096,-0.006));
#2519=CARTESIAN_POINT('',(0.018,0.384740397191048,-0.006));
#2520=CARTESIAN_POINT('',(0.02275,1.24580487521418,-0.002));
#2521=CARTESIAN_POINT('',(0.02275,0.3777,-0.002));
#2522=CARTESIAN_POINT('',(0.02115,0.3777,-0.002));
#2523=CARTESIAN_POINT('',(0.02275,0.3807,-0.002));
#2524=CARTESIAN_POINT('',(0.02435,0.3807,-0.002));
#2525=CARTESIAN_POINT('',(0.02275,1.24580487521418,0.016));
#2526=CARTESIAN_POINT('',(0.02275,0.3777,0.016));
#2527=CARTESIAN_POINT('',(0.02115,0.3777,0.016));
#2528=CARTESIAN_POINT('',(0.02275,0.3807,0.016));
#2529=CARTESIAN_POINT('',(0.02435,0.3807,0.016));
#2530=CARTESIAN_POINT('',(-0.025150120228529,0.35,-0.015));
#2531=CARTESIAN_POINT('',(-0.025150120228529,0.35,-0.01));
#2532=CARTESIAN_POINT('',(-0.025150120228529,0.394121397961538,-0.01));
#2533=CARTESIAN_POINT('',(-0.025150120228529,0.408121397961539,-0.01));
#2534=CARTESIAN_POINT('',(-0.025150120228529,0.408121397961539,-0.01));
#2535=CARTESIAN_POINT('',(-0.025150120228529,0.448965221804792,-0.0084142135623731));
#2536=CARTESIAN_POINT('',(-0.025150120228529,0.451360792512397,-0.00871365990082372));
#2537=CARTESIAN_POINT('',(-0.025150120228529,0.449489230769231,-0.0236861538461539));
#2538=CARTESIAN_POINT('',(-0.025150120228529,0.4497,-0.022));
#2539=CARTESIAN_POINT('',(-0.025150120228529,0.4367,-0.022));
#2540=CARTESIAN_POINT('',(-0.025150120228529,0.4393,-0.0347373466624726));
#2541=CARTESIAN_POINT('',(-0.025150120228529,0.4391,-0.0337575507653593));
#2542=CARTESIAN_POINT('',(-0.025150120228529,0.4381,-0.0337575507653593));
#2543=CARTESIAN_POINT('',(-0.025150120228529,0.4381,-0.0336653218301229));
#2544=CARTESIAN_POINT('',(-0.025150120228529,0.4381,-0.0313962758580195));
#2545=CARTESIAN_POINT('',(-0.025150120228529,0.4367,-0.022));
#2546=CARTESIAN_POINT('',(-0.025150120228529,0.4353,-0.0313962758580195));
#2547=CARTESIAN_POINT('',(-0.025150120228529,0.4353,-0.0336653218301229));
#2548=CARTESIAN_POINT('',(-0.025150120228529,0.4353,-0.0337575507653593));
#2549=CARTESIAN_POINT('',(-0.025150120228529,0.4343,-0.0337575507653593));
#2550=CARTESIAN_POINT('',(-0.025150120228529,0.4341,-0.0347373466624726));
#2551=CARTESIAN_POINT('',(-0.025150120228529,0.4367,-0.022));
#2552=CARTESIAN_POINT('',(-0.025150120228529,0.4237,-0.022));
#2553=CARTESIAN_POINT('',(-0.025150120228529,0.4237,-0.035));
#2554=CARTESIAN_POINT('',(-0.025150120228529,0.4237,-0.015));
#2555=CARTESIAN_POINT('',(-0.025150120228529,0.35,-0.015));
#2556=CARTESIAN_POINT('',(-0.025150120228529,0.377413333333334,-0.015));
#2557=CARTESIAN_POINT('',(-0.025150120228529,0.377266699084921,-0.0169995579328942));
#2558=CARTESIAN_POINT('',(-0.025150120228529,0.3769,-0.022));
#2559=CARTESIAN_POINT('',(-0.025150120228529,0.377422146003982,-0.022));
#2560=CARTESIAN_POINT('',(-0.025150120228529,0.376844292007965,-0.022));
#2561=CARTESIAN_POINT('',(-0.025150120228529,0.364,-0.022));
#2562=CARTESIAN_POINT('',(-0.025150120228529,0.366602629249464,-0.0345778439398694));
#2563=CARTESIAN_POINT('',(-0.025150120228529,0.3664,-0.0335985884128173));
#2564=CARTESIAN_POINT('',(-0.025150120228529,0.3654,-0.0335985884128173));
#2565=CARTESIAN_POINT('',(-0.025150120228529,0.3654,-0.0335870068374642));
#2566=CARTESIAN_POINT('',(-0.025150120228529,0.3654,-0.0313962758580195));
#2567=CARTESIAN_POINT('',(-0.025150120228529,0.364,-0.022));
#2568=CARTESIAN_POINT('',(-0.025150120228529,0.3626,-0.0313962758580195));
#2569=CARTESIAN_POINT('',(-0.025150120228529,0.3626,-0.0335870068374642));
#2570=CARTESIAN_POINT('',(-0.025150120228529,0.3626,-0.0335985884128173));
#2571=CARTESIAN_POINT('',(-0.025150120228529,0.3616,-0.0335985884128173));
#2572=CARTESIAN_POINT('',(-0.025150120228529,0.361397370750537,-0.0345778439398694));
#2573=CARTESIAN_POINT('',(-0.025150120228529,0.364,-0.022));
#2574=CARTESIAN_POINT('',(-0.025150120228529,0.351155707992035,-0.022));
#2575=CARTESIAN_POINT('',(-0.025150120228529,0.350577853996017,-0.022));
#2576=CARTESIAN_POINT('',(-0.025150120228529,0.3511,-0.022));
#2577=CARTESIAN_POINT('',(-0.025150120228529,0.350583528579638,-0.0149572079041599));
#2578=CARTESIAN_POINT('',(-0.025150120228529,0.350116657328672,-0.00859078175462452));
#2579=CARTESIAN_POINT('',(-0.025150120228529,0.352524405404828,-0.0084142135623731));
#2580=CARTESIAN_POINT('',(-0.025150120228529,0.394121397961538,-0.01));
#2581=CARTESIAN_POINT('',(0.0065,0.4137,-0.015));
#2582=CARTESIAN_POINT('',(0.0065,0.4137,-0.007));
#2583=CARTESIAN_POINT('',(0.0065,0.4112,-0.007));
#2584=CARTESIAN_POINT('',(0.0065,0.4137,-0.011));
#2585=CARTESIAN_POINT('',(0.004,0.4137,-0.011));
#2586=CARTESIAN_POINT('',(0.0388498797714711,0.35,-0.015));
#2587=CARTESIAN_POINT('',(0.0388498797714711,0.35,-0.01));
#2588=CARTESIAN_POINT('',(0.0388498797714711,0.394121397961538,-0.01));
#2589=CARTESIAN_POINT('',(0.0388498797714711,0.408121397961539,-0.01));
#2590=CARTESIAN_POINT('',(0.0388498797714711,0.394121397961538,-0.01));
#2591=CARTESIAN_POINT('',(0.0388498797714711,0.352524405404828,-0.0084142135623731));
#2592=CARTESIAN_POINT('',(0.0388498797714711,0.350116657328672,-0.00859078175462451));
#2593=CARTESIAN_POINT('',(0.0388498797714711,0.3511,-0.022));
#2594=CARTESIAN_POINT('',(0.0388498797714711,0.3511,-0.022));
#2595=CARTESIAN_POINT('',(0.0388498797714711,0.35,-0.022));
#2596=CARTESIAN_POINT('',(0.0388498797714711,0.351155707992035,-0.022));
#2597=CARTESIAN_POINT('',(0.0388498797714711,0.364,-0.022));
#2598=CARTESIAN_POINT('',(0.0388498797714711,0.361397370750537,-0.0345778439398694));
#2599=CARTESIAN_POINT('',(0.0388498797714711,0.3616,-0.0335985884128173));
#2600=CARTESIAN_POINT('',(0.0388498797714711,0.3626,-0.0335985884128173));
#2601=CARTESIAN_POINT('',(0.0388498797714711,0.3626,-0.015));
#2602=CARTESIAN_POINT('',(0.0388498797714711,0.3626,-0.0313962758580195));
#2603=CARTESIAN_POINT('',(0.0388498797714711,0.364,-0.022));
#2604=CARTESIAN_POINT('',(0.0388498797714711,0.3654,-0.0313962758580195));
#2605=CARTESIAN_POINT('',(0.0388498797714711,0.3654,-0.015));
#2606=CARTESIAN_POINT('',(0.0388498797714711,0.3654,-0.0335985884128173));
#2607=CARTESIAN_POINT('',(0.0388498797714711,0.3664,-0.0335985884128173));
#2608=CARTESIAN_POINT('',(0.0388498797714711,0.366602629249464,-0.0345778439398694));
#2609=CARTESIAN_POINT('',(0.0388498797714711,0.364,-0.022));
#2610=CARTESIAN_POINT('',(0.0388498797714711,0.376844292007965,-0.022));
#2611=CARTESIAN_POINT('',(0.0388498797714711,0.35,-0.022));
#2612=CARTESIAN_POINT('',(0.0388498797714711,0.3769,-0.022));
#2613=CARTESIAN_POINT('',(0.0388498797714711,0.378,-0.007));
#2614=CARTESIAN_POINT('',(0.0388498797714711,0.377413333333334,-0.015));
#2615=CARTESIAN_POINT('',(0.0388498797714711,0.35,-0.015));
#2616=CARTESIAN_POINT('',(0.0388498797714711,0.4237,-0.015));
#2617=CARTESIAN_POINT('',(0.0388498797714711,0.4237,-0.035));
#2618=CARTESIAN_POINT('',(0.0388498797714711,0.4237,-0.022));
#2619=CARTESIAN_POINT('',(0.0388498797714711,0.4367,-0.022));
#2620=CARTESIAN_POINT('',(0.0388498797714711,0.4341,-0.0347373466624725));
#2621=CARTESIAN_POINT('',(0.0388498797714711,0.4343,-0.0337575507653593));
#2622=CARTESIAN_POINT('',(0.0388498797714711,0.4353,-0.0337575507653593));
#2623=CARTESIAN_POINT('',(0.0388498797714711,0.4353,-0.015));
#2624=CARTESIAN_POINT('',(0.0388498797714711,0.4353,-0.0313962758580195));
#2625=CARTESIAN_POINT('',(0.0388498797714711,0.4367,-0.022));
#2626=CARTESIAN_POINT('',(0.0388498797714711,0.4381,-0.0313962758580195));
#2627=CARTESIAN_POINT('',(0.0388498797714711,0.4381,-0.015));
#2628=CARTESIAN_POINT('',(0.0388498797714711,0.4381,-0.0337575507653593));
#2629=CARTESIAN_POINT('',(0.0388498797714711,0.4391,-0.0337575507653593));
#2630=CARTESIAN_POINT('',(0.0388498797714711,0.4393,-0.0347373466624726));
#2631=CARTESIAN_POINT('',(0.0388498797714711,0.4367,-0.022));
#2632=CARTESIAN_POINT('',(0.0388498797714711,0.4497,-0.022));
#2633=CARTESIAN_POINT('',(0.0388498797714711,0.4497,-0.022));
#2634=CARTESIAN_POINT('',(0.0388498797714711,0.451360792512397,-0.00871365990082371));
#2635=CARTESIAN_POINT('',(0.0388498797714711,0.448965221804792,-0.0084142135623731));
#2636=CARTESIAN_POINT('',(0.0388498797714711,0.408121397961539,-0.01));
#2637=CARTESIAN_POINT('',(0.00684987977147103,0.35,-0.015));
#2638=CARTESIAN_POINT('',(0.033099879771471,0.404621397961539,-0.015));
#2639=CARTESIAN_POINT('',(0.034199879771471,0.404621397961539,-0.015));
#2640=CARTESIAN_POINT('',(-0.019400120228529,0.397621397961539,-0.015));
#2641=CARTESIAN_POINT('',(-0.018300120228529,0.397621397961539,-0.015));
#2642=CARTESIAN_POINT('',(-0.019400120228529,0.404621397961539,-0.015));
#2643=CARTESIAN_POINT('',(-0.018300120228529,0.404621397961539,-0.015));
#2644=CARTESIAN_POINT('',(0.033099879771471,0.397621397961539,-0.015));
#2645=CARTESIAN_POINT('',(0.034199879771471,0.397621397961539,-0.015));
#2646=CARTESIAN_POINT('',(0.00684987977147102,0.4237,-0.015));
#2647=CARTESIAN_POINT('',(0.00684987977147103,0.377413333333334,-0.015));
#2648=CARTESIAN_POINT('',(0.022,0.3982,-0.015));
#2649=CARTESIAN_POINT('',(0.01825,0.3982,-0.015));
#2650=CARTESIAN_POINT('',(-0.009,0.3982,-0.015));
#2651=CARTESIAN_POINT('',(-0.01275,0.3982,-0.015));
#2652=CARTESIAN_POINT('',(0.0065,0.4137,-0.015));
#2653=CARTESIAN_POINT('',(0.0036,0.4137,-0.015));
#2654=CARTESIAN_POINT('',(0.0065,0.387413333333334,-0.015));
#2655=CARTESIAN_POINT('',(0.0036,0.387413333333334,-0.015));
#2656=CARTESIAN_POINT('',(0.,0.519536870916021,6.82740590524649E-19));
#2657=CARTESIAN_POINT('',(-0.00939800510746829,0.352524405404828,-0.006));
#2658=CARTESIAN_POINT('',(-0.00939800510746829,0.352125110854152,-0.006));
#2659=CARTESIAN_POINT('',(-0.00927200859942172,0.351344721889416,-0.00620409599527653));
#2660=CARTESIAN_POINT('',(-0.00874472468677788,0.350520736253254,-0.00694479085943901));
#2661=CARTESIAN_POINT('',(-0.00799491592623536,0.35013740088658,-0.00780171335085985));
#2662=CARTESIAN_POINT('',(-0.0074129930360126,0.350098140595051,-0.00833828084160457));
#2663=CARTESIAN_POINT('',(-0.0071078104114003,0.350116657328672,-0.00859078175462452));
#2664=CARTESIAN_POINT('',(-0.0071078104114003,0.350116657328672,-0.00859078175462452));
#2665=CARTESIAN_POINT('',(0.,0.349486666666667,6.82740590524649E-19));
#2666=CARTESIAN_POINT('',(0.0071078104114003,0.350116657328672,-0.00859078175462452));
#2667=CARTESIAN_POINT('',(0.0071078104114003,0.350116657328672,-0.00859078175462451));
#2668=CARTESIAN_POINT('',(0.00741307337249108,0.350098135720694,-0.00833821437309512));
#2669=CARTESIAN_POINT('',(0.00798892082502376,0.350136210491833,-0.00780765587431952));
#2670=CARTESIAN_POINT('',(0.00874337058792081,0.350518879419742,-0.00694681442628166));
#2671=CARTESIAN_POINT('',(0.00927092009493711,0.351341618381844,-0.00620568378470547));
#2672=CARTESIAN_POINT('',(0.00939800510746829,0.352123973773487,-0.006));
#2673=CARTESIAN_POINT('',(0.00939800510746829,0.352524405404828,-0.006));
#2674=CARTESIAN_POINT('',(0.,0.38,6.82740590524649E-19));
#2675=CARTESIAN_POINT('',(0.00684987977147103,0.38,-0.0075));
#2676=CARTESIAN_POINT('',(0.015,0.38,-0.003));
#2677=CARTESIAN_POINT('',(0.015,0.38,0.));
#2678=CARTESIAN_POINT('',(0.0122707981429994,0.38,-6.3537762889235E-19));
#2679=CARTESIAN_POINT('',(0.00804159628599882,0.38,-9.8481151516837E-19));
#2680=CARTESIAN_POINT('',(0.,0.38,0.));
#2681=CARTESIAN_POINT('',(-0.00804159628599882,0.38,0.));
#2682=CARTESIAN_POINT('',(-0.0122707981429994,0.38,-8.67361737988404E-19));
#2683=CARTESIAN_POINT('',(-0.015,0.38,-8.67361737988404E-19));
#2684=CARTESIAN_POINT('',(-0.015,0.38,-0.003));
#2685=CARTESIAN_POINT('',(0.00684987977147103,0.4237,-0.035));
#2686=CARTESIAN_POINT('',(0.151650721123399,0.4237,-0.022));
#2687=CARTESIAN_POINT('',(-0.015,0.38,-0.003));
#2688=CARTESIAN_POINT('',(-0.015,0.3927,-0.003));
#2689=CARTESIAN_POINT('',(-0.015,0.3927,-8.67361737988404E-19));
#2690=CARTESIAN_POINT('',(-0.015,0.38,-1.83697019872103E-18));
#2691=CARTESIAN_POINT('',(0.00684987977147103,0.3927,-0.0075));
#2692=CARTESIAN_POINT('',(3.67464513031882E-18,0.3927,1.42955574328964E-18));
#2693=CARTESIAN_POINT('',(0.,0.386,0.));
#2694=CARTESIAN_POINT('',(-0.015,0.391708767616531,-8.67361737988404E-19));
#2695=CARTESIAN_POINT('',(-0.015,0.392717535233063,-8.67361737988404E-19));
#2696=CARTESIAN_POINT('',(0.,0.392717535233063,0.));
#2697=CARTESIAN_POINT('',(0.,0.3927,0.));
#2698=CARTESIAN_POINT('',(-0.0115207981429994,0.392708767616531,-8.67361737988404E-19));
#2699=CARTESIAN_POINT('',(-0.00804159628599882,0.3927,0.));
#2700=CARTESIAN_POINT('',(0.,0.3927,0.));
#2701=CARTESIAN_POINT('',(0.,0.3927,0.));
#2702=CARTESIAN_POINT('',(0.,0.3927,0.));
#2703=CARTESIAN_POINT('',(0.00804159628599882,0.3927,-9.8481151516837E-19));
#2704=CARTESIAN_POINT('',(0.0115207981429994,0.392708767616531,-5.43529118956297E-19));
#2705=CARTESIAN_POINT('',(0.015,0.392717535233063,-9.69608460732627E-19));
#2706=CARTESIAN_POINT('',(0.,0.392717535233063,0.));
#2707=CARTESIAN_POINT('',(0.,0.386,0.));
#2708=CARTESIAN_POINT('',(0.,0.389,0.));
#2709=CARTESIAN_POINT('',(0.00804159628599882,0.389,-9.8481151516837E-19));
#2710=CARTESIAN_POINT('',(-0.00804159628599882,0.389,0.));
#2711=CARTESIAN_POINT('',(0.00804159628599882,0.39085,-9.8481151516837E-19));
#2712=CARTESIAN_POINT('',(0.,0.3927,0.));
#2713=CARTESIAN_POINT('',(-0.00804159628599882,0.39085,0.));
#2714=CARTESIAN_POINT('',(0.00703659628599882,0.389,-8.61734511854061E-19));
#2715=CARTESIAN_POINT('',(0.,0.389,0.));
#2716=CARTESIAN_POINT('',(0.00603159628599882,0.389,-7.38657508539752E-19));
#2717=CARTESIAN_POINT('',(-0.00603159628599882,0.389,0.));
#2718=CARTESIAN_POINT('',(0.00703659628599882,0.389,-8.61734511854061E-19));
#2719=CARTESIAN_POINT('',(-0.00703659628599882,0.389,0.));
#2720=CARTESIAN_POINT('',(0.,0.386,0.));
#2721=CARTESIAN_POINT('',(0.,0.383028740614652,0.));
#2722=CARTESIAN_POINT('',(0.00603159628599882,0.383028740614652,-7.38657508539752E-19));
#2723=CARTESIAN_POINT('',(-0.00603159628599882,0.383028740614652,0.));
#2724=CARTESIAN_POINT('',(0.00603159628599882,0.386014370307326,-7.38657508539752E-19));
#2725=CARTESIAN_POINT('',(-0.00603159628599882,0.386014370307326,0.));
#2726=CARTESIAN_POINT('',(0.00703659628599882,0.383028740614652,-8.61734511854061E-19));
#2727=CARTESIAN_POINT('',(0.,0.383028740614652,0.));
#2728=CARTESIAN_POINT('',(0.00804159628599882,0.383028740614652,-9.8481151516837E-19));
#2729=CARTESIAN_POINT('',(-0.00804159628599882,0.383028740614652,0.));
#2730=CARTESIAN_POINT('',(0.00703659628599882,0.383028740614652,-8.61734511854061E-19));
#2731=CARTESIAN_POINT('',(-0.00703659628599882,0.383028740614652,0.));
#2732=CARTESIAN_POINT('',(0.,0.386,0.));
#2733=CARTESIAN_POINT('',(0.00804159628599882,0.381514370307326,-9.8481151516837E-19));
#2734=CARTESIAN_POINT('',(-0.00804159628599882,0.381514370307326,0.));
#2735=CARTESIAN_POINT('',(0.,0.386,0.));
#2736=CARTESIAN_POINT('',(0.015,0.391708767616531,-9.69608460732627E-19));
#2737=CARTESIAN_POINT('',(-1.8887982929699E-18,0.3927,2.34804084265016E-18));
#2738=CARTESIAN_POINT('',(0.0105157981429994,0.386358767616531,-4.20452115641987E-19));
#2739=CARTESIAN_POINT('',(0.011,0.38635,0.));
#2740=CARTESIAN_POINT('',(0.011,0.38425,0.));
#2741=CARTESIAN_POINT('',(0.015,0.38,0.));
#2742=CARTESIAN_POINT('',(-0.0105157981429994,0.386358767616531,-8.67361737988404E-19));
#2743=CARTESIAN_POINT('',(-0.011,0.38635,0.));
#2744=CARTESIAN_POINT('',(-0.011,0.38425,0.));
#2745=CARTESIAN_POINT('',(-0.011,0.38635,-0.005));
#2746=CARTESIAN_POINT('',(-0.011,0.38635,-0.005));
#2747=CARTESIAN_POINT('',(-0.011,0.38425,-0.005));
#2748=CARTESIAN_POINT('',(-5.20417042793042E-18,0.38635,-0.005));
#2749=CARTESIAN_POINT('',(0.011,0.38635,-0.005));
#2750=CARTESIAN_POINT('',(0.011,0.38635,-0.005));
#2751=CARTESIAN_POINT('',(0.011,0.38425,-0.005));
#2752=CARTESIAN_POINT('',(-5.20417042793042E-18,0.38635,-0.005));
#2753=CARTESIAN_POINT('',(0.00684987977147103,0.3927,-0.0075));
#2754=CARTESIAN_POINT('',(0.00684987977147103,0.3927,-0.015));
#2755=CARTESIAN_POINT('',(0.022,0.3982,-0.015));
#2756=CARTESIAN_POINT('',(0.022,0.3982,-0.009));
#2757=CARTESIAN_POINT('',(0.0204,0.3982,-0.009));
#2758=CARTESIAN_POINT('',(-0.009,0.3982,-0.015));
#2759=CARTESIAN_POINT('',(-0.009,0.3982,-0.009));
#2760=CARTESIAN_POINT('',(-0.0106,0.3982,-0.009));
#2761=CARTESIAN_POINT('',(0.00684987977147103,0.4227,-0.009));
#2762=CARTESIAN_POINT('',(-0.009,0.3982,-0.009));
#2763=CARTESIAN_POINT('',(-0.01175,0.3982,-0.009));
#2764=CARTESIAN_POINT('',(-0.009,0.3982,-0.009));
#2765=CARTESIAN_POINT('',(-0.009,0.3982,-0.014));
#2766=CARTESIAN_POINT('',(-0.009,0.40095,-0.014));
#2767=CARTESIAN_POINT('',(0.00684987977147103,0.4227,-0.009));
#2768=CARTESIAN_POINT('',(0.022,0.3982,-0.009));
#2769=CARTESIAN_POINT('',(0.01925,0.3982,-0.009));
#2770=CARTESIAN_POINT('',(0.022,0.3982,-0.009));
#2771=CARTESIAN_POINT('',(0.022,0.3982,-0.014));
#2772=CARTESIAN_POINT('',(0.022,0.40095,-0.014));
#2773=CARTESIAN_POINT('',(0.022,0.3982,-0.014));
#2774=CARTESIAN_POINT('',(-0.009,0.3982,-0.014));
#2775=CARTESIAN_POINT('',(0.0065,0.4137,-0.006));
#2776=CARTESIAN_POINT('',(0.151650721123399,0.4353,-0.0336653218301229));
#2777=CARTESIAN_POINT('',(0.151650721123399,0.4353,-0.0337575507653593));
#2778=CARTESIAN_POINT('',(0.0388518797714711,0.4353,-0.0313962758580195));
#2779=CARTESIAN_POINT('',(0.151650721123399,0.4381,-0.0336653218301229));
#2780=CARTESIAN_POINT('',(0.151650721123399,0.4381,-0.0337575507653593));
#2781=CARTESIAN_POINT('',(0.0388518797714711,0.4381,-0.0313962758580195));
#2782=CARTESIAN_POINT('',(0.151650721123399,0.4367,-0.022));
#2783=CARTESIAN_POINT('',(0.151650721123399,0.4393,-0.0347373466624725));
#2784=CARTESIAN_POINT('',(0.151650721123399,0.4497,-0.022));
#2785=CARTESIAN_POINT('',(0.151650721123399,0.4367,-0.022));
#2786=CARTESIAN_POINT('',(0.151650721123399,0.4341,-0.0347373466624725));
#2787=CARTESIAN_POINT('',(0.00684987977147103,0.4497,-0.022));
#2788=CARTESIAN_POINT('',(0.00684987977147103,0.451360792512397,-0.00871365990082371));
#2789=CARTESIAN_POINT('',(0.144386750687492,0.350577853996017,-0.022));
#2790=CARTESIAN_POINT('',(0.144386750687492,0.3511,-0.022));
#2791=CARTESIAN_POINT('',(0.144386750687492,0.351155707992035,-0.022));
#2792=CARTESIAN_POINT('',(0.144386750687492,0.364,-0.022));
#2793=CARTESIAN_POINT('',(0.144386750687492,0.361397370750537,-0.0345778439398694));
#2794=CARTESIAN_POINT('',(0.144386750687492,0.3626,-0.0335870068374642));
#2795=CARTESIAN_POINT('',(-0.025150120228529,0.3626,-0.0335985884128173));
#2796=CARTESIAN_POINT('',(0.0388518797714711,0.3626,-0.0313962758580195));
#2797=CARTESIAN_POINT('',(0.144386750687492,0.3654,-0.0335870068374642));
#2798=CARTESIAN_POINT('',(0.0388498797714711,0.3654,-0.0335985884128173));
#2799=CARTESIAN_POINT('',(0.0388518797714711,0.3654,-0.0313962758580195));
#2800=CARTESIAN_POINT('',(0.144386750687492,0.364,-0.022));
#2801=CARTESIAN_POINT('',(0.144386750687492,0.366602629249464,-0.0345778439398694));
#2802=CARTESIAN_POINT('',(0.144386750687492,0.376844292007965,-0.022));
#2803=CARTESIAN_POINT('',(0.144386750687492,0.377422146003982,-0.022));
#2804=CARTESIAN_POINT('',(0.0388498797714711,0.3769,-0.022));
#2805=CARTESIAN_POINT('',(0.144386750687492,0.3511,-0.022));
#2806=CARTESIAN_POINT('',(0.144386750687492,0.350116657328672,-0.00859078175462449));
#2807=CARTESIAN_POINT('',(0.144386750687492,0.350116657328672,-0.00859078175462449));
#2808=CARTESIAN_POINT('',(0.00684987977147102,0.378,-0.007));
#2809=CARTESIAN_POINT('',(0.144386750687492,0.3616,-0.0335985884128173));
#2810=CARTESIAN_POINT('',(0.144386750687492,0.3664,-0.0335985884128173));
#2811=CARTESIAN_POINT('',(0.151650721123399,0.4391,-0.0337575507653593));
#2812=CARTESIAN_POINT('',(0.151650721123399,0.4343,-0.0337575507653593));
#2813=CARTESIAN_POINT('',(0.0065,0.4137,-0.011));
#2814=CARTESIAN_POINT('',(0.0065,0.4137,-0.011));
#2815=CARTESIAN_POINT('',(0.0036,0.4137,-0.011));
#2816=CARTESIAN_POINT('',(0.00684987977147102,0.400556666666667,-0.011));
#2817=CARTESIAN_POINT('',(0.0065,0.387413333333334,-0.011));
#2818=CARTESIAN_POINT('',(0.0065,0.387413333333334,-0.011));
#2819=CARTESIAN_POINT('',(0.0036,0.387413333333334,-0.011));
#2820=CARTESIAN_POINT('',(0.00684987977147102,0.400556666666667,-0.011));
#2821=CARTESIAN_POINT('',(0.144386750687492,0.352524405404828,-0.00841421356237308));
#2822=CARTESIAN_POINT('',(0.00684987977147103,0.448965221804792,-0.0084142135623731));
#2823=CARTESIAN_POINT('',(0.00684987977147103,0.352524405404828,-0.0084142135623731));
#2824=CARTESIAN_POINT('',(-0.020150120228529,0.394121397961538,-0.01));
#2825=CARTESIAN_POINT('',(-0.0160324731697055,0.394121397961538,-0.0124705882352941));
#2826=CARTESIAN_POINT('',(-0.014550120228529,0.394121397961538,-0.01));
#2827=CARTESIAN_POINT('',(-0.020150120228529,0.394121397961538,-0.01));
#2828=CARTESIAN_POINT('',(-0.020150120228529,0.408121397961539,-0.01));
#2829=CARTESIAN_POINT('',(-0.020150120228529,0.408121397961539,-0.01));
#2830=CARTESIAN_POINT('',(-0.014550120228529,0.408121397961539,-0.01));
#2831=CARTESIAN_POINT('',(-0.015150120228529,0.408121397961539,-0.011));
#2832=CARTESIAN_POINT('',(0.00684987977147102,0.40074481360481,-0.01));
#2833=CARTESIAN_POINT('',(-0.019400120228529,0.397621397961539,-0.01));
#2834=CARTESIAN_POINT('',(-0.018300120228529,0.397621397961539,-0.01));
#2835=CARTESIAN_POINT('',(-0.019400120228529,0.404621397961539,-0.01));
#2836=CARTESIAN_POINT('',(-0.018300120228529,0.404621397961539,-0.01));
#2837=CARTESIAN_POINT('',(-0.014550120228529,0.401121397961539,-0.01));
#2838=CARTESIAN_POINT('',(0.033849879771471,0.408121397961539,-0.01));
#2839=CARTESIAN_POINT('',(0.0297322327126475,0.408121397961539,-0.0124705882352941));
#2840=CARTESIAN_POINT('',(0.028249879771471,0.408121397961539,-0.01));
#2841=CARTESIAN_POINT('',(0.033849879771471,0.408121397961539,-0.01));
#2842=CARTESIAN_POINT('',(0.0338498797714711,0.394121397961538,-0.01));
#2843=CARTESIAN_POINT('',(0.0338498797714711,0.394121397961538,-0.01));
#2844=CARTESIAN_POINT('',(0.0282498797714711,0.394121397961538,-0.01));
#2845=CARTESIAN_POINT('',(0.028849879771471,0.394121397961538,-0.011));
#2846=CARTESIAN_POINT('',(0.00684987977147102,0.40074481360481,-0.01));
#2847=CARTESIAN_POINT('',(0.033099879771471,0.404621397961539,-0.01));
#2848=CARTESIAN_POINT('',(0.034199879771471,0.404621397961539,-0.01));
#2849=CARTESIAN_POINT('',(0.033099879771471,0.397621397961539,-0.01));
#2850=CARTESIAN_POINT('',(0.034199879771471,0.397621397961539,-0.01));
#2851=CARTESIAN_POINT('',(0.028249879771471,0.401121397961539,-0.01));
#2852=CARTESIAN_POINT('',(0.033099879771471,0.397621397961539,-0.035));
#2853=CARTESIAN_POINT('',(0.033099879771471,0.404621397961539,-0.035));
#2854=CARTESIAN_POINT('',(-0.019400120228529,0.404621397961539,-0.035));
#2855=CARTESIAN_POINT('',(-0.019400120228529,0.397621397961539,-0.035));
#2856=CARTESIAN_POINT('',(0.028849879771471,0.401121397961539,-0.011));
#2857=CARTESIAN_POINT('',(-0.015150120228529,0.401121397961539,-0.011));
#2858=CARTESIAN_POINT('',(0.0305,0.3802,0.02));
#2859=CARTESIAN_POINT('',(0.0305,0.3777,0.02));
#2860=CARTESIAN_POINT('',(0.0245,0.3777,0.02));
#2861=CARTESIAN_POINT('',(0.021,0.3777,0.02));
#2862=CARTESIAN_POINT('',(0.0245,0.3827,0.02));
#2863=CARTESIAN_POINT('',(0.021,0.3777,0.02));
#2864=CARTESIAN_POINT('',(0.0305,0.3777,0.007));
#2865=CARTESIAN_POINT('',(0.0308550295857988,0.3777,0.00714792899408283));
#2866=CARTESIAN_POINT('',(0.0301153846153846,0.3777,0.00892307692307692));
#2867=CARTESIAN_POINT('',(0.0258846153846154,0.3777,0.0190769230769231));
#2868=CARTESIAN_POINT('',(0.0346538461538462,0.3777,0.0132307692307693));
#2869=CARTESIAN_POINT('',(0.0215769230769231,0.3777,0.0203846153846154));
#2870=CARTESIAN_POINT('',(0.0196153846153847,0.3777,0.0190769230769231));
#2871=CARTESIAN_POINT('',(0.0169378698224852,0.3777,0.0126508875739645));
#2872=CARTESIAN_POINT('',(0.0153846153846154,0.3777,0.00892307692307691));
#2873=CARTESIAN_POINT('',(0.0155961538461538,0.3777,0.00998076923076922));
#2874=CARTESIAN_POINT('',(0.015,0.3777,0.007));
#2875=CARTESIAN_POINT('',(0.015,0.3777,0.007));
#2876=CARTESIAN_POINT('',(0.0305,0.3777,0.007));
#2877=CARTESIAN_POINT('',(0.0305,0.3777,0.007));
#2878=CARTESIAN_POINT('',(0.0305,0.3777,0.007));
#2879=CARTESIAN_POINT('',(0.0305,0.3852,0.007));
#2880=CARTESIAN_POINT('',(0.0305,0.3852,0.007));
#2881=CARTESIAN_POINT('',(0.0305,0.386780794382096,-0.006));
#2882=CARTESIAN_POINT('',(0.015,0.3852,0.007));
#2883=CARTESIAN_POINT('',(0.015,0.3827,0.007));
#2884=CARTESIAN_POINT('',(0.015,0.381739480281775,0.00481113297660095));
#2885=CARTESIAN_POINT('',(0.0305,0.3852,0.008));
#2886=CARTESIAN_POINT('',(0.0258846153846154,0.3777,0.0190769230769231));
#2887=CARTESIAN_POINT('',(0.0301153846153846,0.3852,0.00892307692307692));
#2888=CARTESIAN_POINT('',(0.02,0.3802,0.02));
#2889=CARTESIAN_POINT('',(0.0153846153846154,0.3777,0.00892307692307691));
#2890=CARTESIAN_POINT('',(0.0196153846153846,0.3827,0.0190769230769231));
#2891=CARTESIAN_POINT('',(0.02275,0.3807,0.007));
#2892=CARTESIAN_POINT('',(0.02275,0.3807,0.016));
#2893=CARTESIAN_POINT('',(0.025,0.3807,0.016));
#2894=CARTESIAN_POINT('',(0.02275,0.3807,0.016));
#2895=CARTESIAN_POINT('',(0.02275,0.3807,0.007));
#2896=CARTESIAN_POINT('',(0.02275,0.3807,-0.002));
#2897=CARTESIAN_POINT('',(0.025,0.3807,-0.002));
#2898=CARTESIAN_POINT('',(0.02275,0.3807,-0.002));
#2899=CARTESIAN_POINT('',(0.00684987977147103,0.386780794382096,-0.006));
#2900=CARTESIAN_POINT('',(0.0275,0.386780794382096,-0.006));
#2901=CARTESIAN_POINT('',(0.0275,0.384740397191048,0.004));
#2902=CARTESIAN_POINT('',(0.00684987977147103,0.386780794382096,-0.006));
#2903=CARTESIAN_POINT('',(0.018,0.382586144587599,0.00299545551341151));
#2904=CARTESIAN_POINT('',(0.018,0.384740397191048,0.004));
#2905=CARTESIAN_POINT('',(0.0245,0.3802,0.02));
#2906=CARTESIAN_POINT('',(0.0305,0.3852,0.007));
#2907=CARTESIAN_POINT('',(0.015,0.3852,0.007));
#2908=CARTESIAN_POINT('',(0.021,0.3802,0.02));
#2909=CARTESIAN_POINT('',(0.0388518797714711,0.364,-0.022));
#2910=CARTESIAN_POINT('',(0.0388518797714711,0.4367,-0.022));
#2911=MECHANICAL_DESIGN_GEOMETRIC_PRESENTATION_REPRESENTATION('',(#1724),
#2912);
#2912=(
GEOMETRIC_REPRESENTATION_CONTEXT(3)
GLOBAL_UNCERTAINTY_ASSIGNED_CONTEXT((#2913))
GLOBAL_UNIT_ASSIGNED_CONTEXT((#2916,#2915,#2914))
REPRESENTATION_CONTEXT('Bearing Mount','TOP_LEVEL_ASSEMBLY_PART')
);
#2913=UNCERTAINTY_MEASURE_WITH_UNIT(LENGTH_MEASURE(2.E-5),#2916,
'DISTANCE_ACCURACY_VALUE','Maximum Tolerance applied to model');
#2914=(
NAMED_UNIT(*)
SI_UNIT($,.STERADIAN.)
SOLID_ANGLE_UNIT()
);
#2915=(
NAMED_UNIT(*)
PLANE_ANGLE_UNIT()
SI_UNIT($,.RADIAN.)
);
#2916=(
LENGTH_UNIT()
NAMED_UNIT(*)
SI_UNIT($,.METRE.)
);
#2917=PRODUCT_DEFINITION_SHAPE('','',#2918);
#2918=PRODUCT_DEFINITION('','',#2920,#2919);
#2919=PRODUCT_DEFINITION_CONTEXT('',#2926,'design');
#2920=PRODUCT_DEFINITION_FORMATION_WITH_SPECIFIED_SOURCE('','',#2922,
 .NOT_KNOWN.);
#2921=PRODUCT_RELATED_PRODUCT_CATEGORY('','',(#2922));
#2922=PRODUCT('Bearing Mount','Bearing Mount','Bearing Mount',(#2924));
#2923=PRODUCT_CATEGORY('','');
#2924=PRODUCT_CONTEXT('',#2926,'mechanical');
#2925=APPLICATION_PROTOCOL_DEFINITION('international standard',
'ap242_managed_model_based_3d_engineering',2020,#2926);
#2926=APPLICATION_CONTEXT('managed model based 3d engineering');
ENDSEC;
END-ISO-10303-21;
