ISO-10303-21;
HEADER;
/* Generated by software containing ST-Developer
 * from STEP Tools, Inc. (www.steptools.com) 
 */
/* OPTION: using custom renumber hook */

FILE_DESCRIPTION(
/* description */ ('STEP AP242 Edition 2',
'CAx-IF Rec.Pracs.---Representation and Presentation of Product Manufa
cturing Information (PMI)---4.0---2014-10-13',
'CAx-IF Rec.Pracs.---3D Tessellated Geometry---0.4---2014-09-14','2;1',
'CAx-IF Rec.Pracs.---User Defined Attributes---1.5---2016-08-15'),
/* implementation_level */ '2;1');

FILE_NAME(
/* name */ 'NOT-618 - Duct Mount',
/* time_stamp */ '2026-07-11T05:51:30Z',
/* author */ (''),
/* organization */ (''),
/* preprocessor_version */ 'ST-DEVELOPER v20',
/* originating_system */ 'ONSHAPE BY PTC INC, 1.217',
/* authorisation */ '  ');

FILE_SCHEMA (('AP242_MANAGED_MODEL_BASED_3D_ENGINEERING_MIM_LF { 1 0 10303 442 3 1 4 }'));
ENDSEC;

DATA;
#10=SHAPE_REPRESENTATION_RELATIONSHIP('','',#1402,#11);
#11=ADVANCED_BREP_SHAPE_REPRESENTATION('',(#1400),#3315);
#12=CONICAL_SURFACE('',#1517,0.00285,0.78539816339745);
#13=CONICAL_SURFACE('',#1518,0.00285,0.785398163397448);
#14=CONICAL_SURFACE('',#1519,0.00285,0.785398163397451);
#15=CONICAL_SURFACE('',#1520,0.00285,0.78539816339745);
#16=CYLINDRICAL_SURFACE('',#1449,0.003);
#17=CYLINDRICAL_SURFACE('',#1451,0.003);
#18=CYLINDRICAL_SURFACE('',#1452,0.003);
#19=CYLINDRICAL_SURFACE('',#1453,0.003);
#20=CYLINDRICAL_SURFACE('',#1462,0.002);
#21=CYLINDRICAL_SURFACE('',#1464,0.002);
#22=CYLINDRICAL_SURFACE('',#1467,0.00631816260036258);
#23=CYLINDRICAL_SURFACE('',#1469,0.00585575886014384);
#24=CYLINDRICAL_SURFACE('',#1472,0.00225);
#25=CYLINDRICAL_SURFACE('',#1473,0.00225);
#26=CYLINDRICAL_SURFACE('',#1474,0.0026);
#27=CYLINDRICAL_SURFACE('',#1477,0.0026);
#28=CYLINDRICAL_SURFACE('',#1496,0.00185);
#29=CYLINDRICAL_SURFACE('',#1498,0.00185);
#30=CYLINDRICAL_SURFACE('',#1500,0.00185);
#31=CYLINDRICAL_SURFACE('',#1502,0.00185);
#32=CYLINDRICAL_SURFACE('',#1504,0.011);
#33=(
BOUNDED_SURFACE()
B_SPLINE_SURFACE(3,2,((#2460,#2461,#2462),(#2463,#2464,#2465),(#2466,#2467,
#2468),(#2469,#2470,#2471),(#2472,#2473,#2474),(#2475,#2476,#2477),(#2478,
#2479,#2480),(#2481,#2482,#2483),(#2484,#2485,#2486),(#2487,#2488,#2489),
(#2490,#2491,#2492),(#2493,#2494,#2495),(#2496,#2497,#2498)),
 .UNSPECIFIED.,.F.,.F.,.F.)
B_SPLINE_SURFACE_WITH_KNOTS((4,1,1,1,1,1,1,1,1,1,4),(3,3),(0.00897405065516433,
0.0127583782664227,0.0165427058776811,0.0203270334889395,0.0241113611001979,
0.0278956887114563,0.0316800163227147,0.0392486715452314,0.0468173267677482,
0.054385981990265,0.0695232924352986),(0.,1.),.UNSPECIFIED.)
GEOMETRIC_REPRESENTATION_ITEM()
RATIONAL_B_SPLINE_SURFACE(((1.,0.707106781186553,1.),(1.,0.707106781186693,
1.),(1.,0.7084691904966,1.),(1.,0.711877391074196,1.),(1.,0.713229224504757,
1.),(1.,0.712304013882776,1.),(1.,0.710509863191778,1.),(1.,0.708185290220875,
1.),(1.,0.706490938418453,1.),(1.,0.706103429179433,1.),(1.,0.706571996699285,
1.),(1.,0.707106802915627,1.),(1.,0.707106781186548,1.)))
REPRESENTATION_ITEM('')
SURFACE()
);
#34=(
BOUNDED_SURFACE()
B_SPLINE_SURFACE(3,2,((#2500,#2501,#2502),(#2503,#2504,#2505),(#2506,#2507,
#2508),(#2509,#2510,#2511),(#2512,#2513,#2514),(#2515,#2516,#2517),(#2518,
#2519,#2520),(#2521,#2522,#2523),(#2524,#2525,#2526),(#2527,#2528,#2529),
(#2530,#2531,#2532),(#2533,#2534,#2535),(#2536,#2537,#2538),(#2539,#2540,
#2541)),.UNSPECIFIED.,.F.,.F.,.F.)
B_SPLINE_SURFACE_WITH_KNOTS((4,1,1,1,1,1,1,1,1,1,1,4),(3,3),(0.0131083662763101,
0.0219897364672244,0.0264304215626815,0.0308711066581387,0.0397524768490529,
0.04419316194451,0.0486338470399672,0.0530745321354243,0.0575152172308814,
0.0663965874217957,0.0752779576127099,0.0841593278036242),(0.,1.),
 .UNSPECIFIED.)
GEOMETRIC_REPRESENTATION_ITEM()
RATIONAL_B_SPLINE_SURFACE(((1.,0.707106781186541,1.),(1.,0.70710678095959,
1.),(1.,0.695877199411089,1.),(1.,0.686474555159289,1.),(1.,0.682901596096454,
1.),(1.,0.686422229957147,1.),(1.,0.691750591023437,1.),(1.,0.695724671256451,
1.),(1.,0.699214031876598,1.),(1.,0.702975982893767,1.),(1.,0.705756154655272,
1.),(1.,0.706997477525631,1.),(1.,0.707106787656094,1.),(1.,0.707106781186547,
1.)))
REPRESENTATION_ITEM('')
SURFACE()
);
#35=(
BOUNDED_SURFACE()
B_SPLINE_SURFACE(3,2,((#2543,#2544,#2545),(#2546,#2547,#2548),(#2549,#2550,
#2551),(#2552,#2553,#2554),(#2555,#2556,#2557),(#2558,#2559,#2560),(#2561,
#2562,#2563),(#2564,#2565,#2566),(#2567,#2568,#2569),(#2570,#2571,#2572),
(#2573,#2574,#2575),(#2576,#2577,#2578),(#2579,#2580,#2581),(#2582,#2583,
#2584)),.UNSPECIFIED.,.F.,.F.,.F.)
B_SPLINE_SURFACE_WITH_KNOTS((4,1,1,1,1,1,1,1,1,1,1,4),(3,3),(0.0225765088548207,
0.0302766342812753,0.0379767597077298,0.0456768851341843,0.0533770105606389,
0.0610771359870934,0.0649271987003207,0.0687772614135479,0.0726273241267752,
0.0764773868400025,0.0803274495532297,0.084177512266457),(0.,1.),
 .UNSPECIFIED.)
GEOMETRIC_REPRESENTATION_ITEM()
RATIONAL_B_SPLINE_SURFACE(((1.,0.707106781186548,1.),(1.,0.70710678118783,
1.),(1.,0.707428940222854,1.),(1.,0.708414149075093,1.),(1.,0.709265097184454,
1.),(1.,0.709124529911679,1.),(1.,0.707266762787145,1.),(1.,0.705148446860818,
1.),(1.,0.703834252425849,1.),(1.,0.703527861400789,1.),(1.,0.704743265943342,
1.),(1.,0.706637634769434,1.),(1.,0.707106781131971,1.),(1.,0.707106781186548,
1.)))
REPRESENTATION_ITEM('')
SURFACE()
);
#36=(
BOUNDED_SURFACE()
B_SPLINE_SURFACE(3,2,((#2586,#2587,#2588),(#2589,#2590,#2591),(#2592,#2593,
#2594),(#2595,#2596,#2597),(#2598,#2599,#2600),(#2601,#2602,#2603),(#2604,
#2605,#2606),(#2607,#2608,#2609),(#2610,#2611,#2612),(#2613,#2614,#2615),
(#2616,#2617,#2618),(#2619,#2620,#2621),(#2622,#2623,#2624),(#2625,#2626,
#2627),(#2628,#2629,#2630)),.UNSPECIFIED.,.F.,.F.,.F.)
B_SPLINE_SURFACE_WITH_KNOTS((4,1,1,1,1,1,1,1,1,1,1,1,4),(3,3),(0.0119717457553324,
0.0164795659762256,0.0209873861971188,0.025495206418012,0.0300030266389052,
0.0390186670806916,0.0435264873015848,0.048034307522478,0.0525421277433712,
0.0570499479642644,0.0660655884060508,0.0750812288478372,0.0840968692896236),
(0.,1.),.UNSPECIFIED.)
GEOMETRIC_REPRESENTATION_ITEM()
RATIONAL_B_SPLINE_SURFACE(((1.,0.707106781186572,1.),(1.,0.707106781214348,
1.),(1.,0.711847622150074,1.),(1.,0.724879360655963,1.),(1.,0.735483060148864,
1.),(1.,0.742474408213787,1.),(1.,0.739262284750279,1.),(1.,0.731972889269914,
1.),(1.,0.726017180986484,1.),(1.,0.720471000982887,1.),(1.,0.714256537429268,
1.),(1.,0.709466567396425,1.),(1.,0.707287009841176,1.),(1.,0.707106770403854,
1.),(1.,0.707106781186547,1.)))
REPRESENTATION_ITEM('')
SURFACE()
);
#37=(
BOUNDED_SURFACE()
B_SPLINE_SURFACE(3,2,((#2914,#2915,#2916),(#2917,#2918,#2919),(#2920,#2921,
#2922),(#2923,#2924,#2925),(#2926,#2927,#2928),(#2929,#2930,#2931),(#2932,
#2933,#2934),(#2935,#2936,#2937),(#2938,#2939,#2940),(#2941,#2942,#2943),
(#2944,#2945,#2946),(#2947,#2948,#2949),(#2950,#2951,#2952)),
 .UNSPECIFIED.,.F.,.F.,.F.)
B_SPLINE_SURFACE_WITH_KNOTS((4,1,1,1,1,1,1,1,1,1,4),(3,3),(0.00897405065516434,
0.0127583782664227,0.0165427058776811,0.0203270334889395,0.0241113611001979,
0.0278956887114563,0.0316800163227147,0.0392486715452315,0.0468173267677482,
0.054385981990265,0.0695232924352986),(0.,1.),.UNSPECIFIED.)
GEOMETRIC_REPRESENTATION_ITEM()
RATIONAL_B_SPLINE_SURFACE(((1.,0.707106781186536,1.),(1.,0.707106781354695,
1.),(1.,0.70846919041867,1.),(1.,0.711877391095126,1.),(1.,0.713229224499124,
1.),(1.,0.712304013884268,1.),(1.,0.710509863191377,1.),(1.,0.708185290221124,
1.),(1.,0.706490938418446,1.),(1.,0.706103429179142,1.),(1.,0.706571996700905,
1.),(1.,0.707106802908344,1.),(1.,0.707106781186549,1.)))
REPRESENTATION_ITEM('')
SURFACE()
);
#38=(
BOUNDED_SURFACE()
B_SPLINE_SURFACE(3,2,((#2954,#2955,#2956),(#2957,#2958,#2959),(#2960,#2961,
#2962),(#2963,#2964,#2965),(#2966,#2967,#2968),(#2969,#2970,#2971),(#2972,
#2973,#2974),(#2975,#2976,#2977),(#2978,#2979,#2980),(#2981,#2982,#2983),
(#2984,#2985,#2986),(#2987,#2988,#2989),(#2990,#2991,#2992),(#2993,#2994,
#2995)),.UNSPECIFIED.,.F.,.F.,.F.)
B_SPLINE_SURFACE_WITH_KNOTS((4,1,1,1,1,1,1,1,1,1,1,4),(3,3),(0.0131083662763101,
0.0219897364672244,0.0264304215626815,0.0308711066581387,0.0397524768490529,
0.04419316194451,0.0486338470399672,0.0530745321354243,0.0575152172308814,
0.0663965874217957,0.07527795761271,0.0841593278036242),(0.,1.),
 .UNSPECIFIED.)
GEOMETRIC_REPRESENTATION_ITEM()
RATIONAL_B_SPLINE_SURFACE(((1.,0.707106781186535,1.),(1.,0.707106781276099,
1.),(1.,0.695877199339826,1.),(1.,0.686474555172521,1.),(1.,0.682901596088672,
1.),(1.,0.686422229958295,1.),(1.,0.691750591023243,1.),(1.,0.695724671256468,
1.),(1.,0.699214031876591,1.),(1.,0.702975982893713,1.),(1.,0.70575615465545,
1.),(1.,0.706997477525082,1.),(1.,0.707106787657238,1.),(1.,0.707106781186546,
1.)))
REPRESENTATION_ITEM('')
SURFACE()
);
#39=(
BOUNDED_SURFACE()
B_SPLINE_SURFACE(3,2,((#2998,#2999,#3000),(#3001,#3002,#3003),(#3004,#3005,
#3006),(#3007,#3008,#3009),(#3010,#3011,#3012),(#3013,#3014,#3015),(#3016,
#3017,#3018),(#3019,#3020,#3021),(#3022,#3023,#3024),(#3025,#3026,#3027),
(#3028,#3029,#3030),(#3031,#3032,#3033),(#3034,#3035,#3036),(#3037,#3038,
#3039)),.UNSPECIFIED.,.F.,.F.,.F.)
B_SPLINE_SURFACE_WITH_KNOTS((4,1,1,1,1,1,1,1,1,1,1,4),(3,3),(0.0225765088548207,
0.0302766342812752,0.0379767597077298,0.0456768851341843,0.0533770105606388,
0.0610771359870934,0.0649271987003207,0.0687772614135479,0.0726273241267752,
0.0764773868400025,0.0803274495532297,0.084177512266457),(0.,1.),
 .UNSPECIFIED.)
GEOMETRIC_REPRESENTATION_ITEM()
RATIONAL_B_SPLINE_SURFACE(((1.,0.707106781186548,1.),(1.,0.70710678118954,
1.),(1.,0.707428940222054,1.),(1.,0.708414149075312,1.),(1.,0.709265097184365,
1.),(1.,0.709124529911704,1.),(1.,0.707266762787095,1.),(1.,0.70514844686086,
1.),(1.,0.703834252425713,1.),(1.,0.70352786140153,1.),(1.,0.704743265940453,
1.),(1.,0.706637634780353,1.),(1.,0.707106781108397,1.),(1.,0.707106781186547,
1.)))
REPRESENTATION_ITEM('')
SURFACE()
);
#40=(
BOUNDED_SURFACE()
B_SPLINE_SURFACE(3,2,((#3041,#3042,#3043),(#3044,#3045,#3046),(#3047,#3048,
#3049),(#3050,#3051,#3052),(#3053,#3054,#3055),(#3056,#3057,#3058),(#3059,
#3060,#3061),(#3062,#3063,#3064),(#3065,#3066,#3067),(#3068,#3069,#3070),
(#3071,#3072,#3073),(#3074,#3075,#3076),(#3077,#3078,#3079),(#3080,#3081,
#3082),(#3083,#3084,#3085)),.UNSPECIFIED.,.F.,.F.,.F.)
B_SPLINE_SURFACE_WITH_KNOTS((4,1,1,1,1,1,1,1,1,1,1,1,4),(3,3),(0.0119717457553324,
0.0164795659762256,0.0209873861971188,0.025495206418012,0.0300030266389052,
0.0390186670806916,0.0435264873015848,0.048034307522478,0.0525421277433712,
0.0570499479642644,0.0660655884060508,0.0750812288478372,0.0840968692896236),
(0.,1.),.UNSPECIFIED.)
GEOMETRIC_REPRESENTATION_ITEM()
RATIONAL_B_SPLINE_SURFACE(((1.,0.707106781186518,1.),(1.,0.707106781263006,
1.),(1.,0.711847622127459,1.),(1.,0.724879360662066,1.),(1.,0.735483060147199,
1.),(1.,0.742474408214712,1.),(1.,0.739262284750136,1.),(1.,0.731972889269951,
1.),(1.,0.726017180986435,1.),(1.,0.720471000982904,1.),(1.,0.714256537429228,
1.),(1.,0.709466567396638,1.),(1.,0.707287009840337,1.),(1.,0.707106770405666,
1.),(1.,0.707106781186546,1.)))
REPRESENTATION_ITEM('')
SURFACE()
);
#41=B_SPLINE_SURFACE_WITH_KNOTS('',3,3,((#1980,#1981,#1982,#1983),(#1984,
#1985,#1986,#1987),(#1988,#1989,#1990,#1991),(#1992,#1993,#1994,#1995),
(#1996,#1997,#1998,#1999),(#2000,#2001,#2002,#2003),(#2004,#2005,#2006,
#2007),(#2008,#2009,#2010,#2011),(#2012,#2013,#2014,#2015),(#2016,#2017,
#2018,#2019),(#2020,#2021,#2022,#2023),(#2024,#2025,#2026,#2027),(#2028,
#2029,#2030,#2031),(#2032,#2033,#2034,#2035),(#2036,#2037,#2038,#2039),
(#2040,#2041,#2042,#2043),(#2044,#2045,#2046,#2047),(#2048,#2049,#2050,
#2051)),.UNSPECIFIED.,.F.,.F.,.F.,(4,2,2,2,2,2,2,2,4),(4,4),(0.0464113212114929,
0.125,0.25,0.375,0.5,0.625,0.75,0.875,0.953588678788508),(0.,1.),
 .UNSPECIFIED.);
#42=B_SPLINE_SURFACE_WITH_KNOTS('',3,3,((#2081,#2082,#2083,#2084),(#2085,
#2086,#2087,#2088),(#2089,#2090,#2091,#2092),(#2093,#2094,#2095,#2096),
(#2097,#2098,#2099,#2100),(#2101,#2102,#2103,#2104),(#2105,#2106,#2107,
#2108),(#2109,#2110,#2111,#2112),(#2113,#2114,#2115,#2116),(#2117,#2118,
#2119,#2120),(#2121,#2122,#2123,#2124),(#2125,#2126,#2127,#2128),(#2129,
#2130,#2131,#2132),(#2133,#2134,#2135,#2136),(#2137,#2138,#2139,#2140),
(#2141,#2142,#2143,#2144),(#2145,#2146,#2147,#2148),(#2149,#2150,#2151,
#2152),(#2153,#2154,#2155,#2156),(#2157,#2158,#2159,#2160),(#2161,#2162,
#2163,#2164),(#2165,#2166,#2167,#2168),(#2169,#2170,#2171,#2172),(#2173,
#2174,#2175,#2176),(#2177,#2178,#2179,#2180),(#2181,#2182,#2183,#2184)),
 .UNSPECIFIED.,.F.,.F.,.F.,(4,2,2,2,2,2,2,2,2,2,2,2,4),(4,4),(0.0679538461538453,
0.125,0.1875,0.25,0.375,0.4375,0.5,0.5625,0.625,0.75,0.8125,0.875,0.932046153846155),
(0.,1.),.UNSPECIFIED.);
#43=B_SPLINE_SURFACE_WITH_KNOTS('',3,3,((#2215,#2216,#2217,#2218),(#2219,
#2220,#2221,#2222),(#2223,#2224,#2225,#2226),(#2227,#2228,#2229,#2230),
(#2231,#2232,#2233,#2234),(#2235,#2236,#2237,#2238),(#2239,#2240,#2241,
#2242),(#2243,#2244,#2245,#2246),(#2247,#2248,#2249,#2250),(#2251,#2252,
#2253,#2254),(#2255,#2256,#2257,#2258),(#2259,#2260,#2261,#2262),(#2263,
#2264,#2265,#2266),(#2267,#2268,#2269,#2270),(#2271,#2272,#2273,#2274),
(#2275,#2276,#2277,#2278),(#2279,#2280,#2281,#2282),(#2283,#2284,#2285,
#2286)),.UNSPECIFIED.,.F.,.F.,.F.,(4,2,2,2,2,2,2,2,4),(4,4),(0.0464113212114923,
0.125,0.25,0.375,0.5,0.625,0.75,0.875,0.953588678788507),(0.,1.),
 .UNSPECIFIED.);
#44=B_SPLINE_SURFACE_WITH_KNOTS('',3,3,((#2321,#2322,#2323,#2324),(#2325,
#2326,#2327,#2328),(#2329,#2330,#2331,#2332),(#2333,#2334,#2335,#2336),
(#2337,#2338,#2339,#2340),(#2341,#2342,#2343,#2344),(#2345,#2346,#2347,
#2348),(#2349,#2350,#2351,#2352),(#2353,#2354,#2355,#2356),(#2357,#2358,
#2359,#2360),(#2361,#2362,#2363,#2364),(#2365,#2366,#2367,#2368),(#2369,
#2370,#2371,#2372),(#2373,#2374,#2375,#2376),(#2377,#2378,#2379,#2380),
(#2381,#2382,#2383,#2384),(#2385,#2386,#2387,#2388),(#2389,#2390,#2391,
#2392),(#2393,#2394,#2395,#2396),(#2397,#2398,#2399,#2400),(#2401,#2402,
#2403,#2404),(#2405,#2406,#2407,#2408),(#2409,#2410,#2411,#2412),(#2413,
#2414,#2415,#2416),(#2417,#2418,#2419,#2420),(#2421,#2422,#2423,#2424)),
 .UNSPECIFIED.,.F.,.F.,.F.,(4,2,2,2,2,2,2,2,2,2,2,2,4),(4,4),(0.0679538461538452,
0.125,0.1875,0.25,0.375,0.4375,0.5,0.5625,0.625,0.75,0.8125,0.875,0.932046153846154),
(0.,1.),.UNSPECIFIED.);
#45=B_SPLINE_SURFACE_WITH_KNOTS('',3,3,((#2632,#2633,#2634,#2635,#2636,
#2637,#2638,#2639),(#2640,#2641,#2642,#2643,#2644,#2645,#2646,#2647),(#2648,
#2649,#2650,#2651,#2652,#2653,#2654,#2655),(#2656,#2657,#2658,#2659,#2660,
#2661,#2662,#2663)),.UNSPECIFIED.,.F.,.F.,.F.,(4,4),(4,1,1,1,1,4),(0.122009434342911,
0.877990565657089),(-3.10925068961747E-16,0.25,0.375,0.541666666666667,
0.708333333333333,1.),.UNSPECIFIED.);
#46=B_SPLINE_SURFACE_WITH_KNOTS('',3,3,((#2696,#2697,#2698,#2699,#2700,
#2701,#2702,#2703),(#2704,#2705,#2706,#2707,#2708,#2709,#2710,#2711),(#2712,
#2713,#2714,#2715,#2716,#2717,#2718,#2719),(#2720,#2721,#2722,#2723,#2724,
#2725,#2726,#2727),(#2728,#2729,#2730,#2731,#2732,#2733,#2734,#2735)),
 .UNSPECIFIED.,.F.,.F.,.F.,(4,1,4),(4,1,1,1,1,4),(0.139961538461538,0.5,
0.860038461538463),(0.,0.25,0.375,0.541666666666667,0.708333333333333,1.),
 .UNSPECIFIED.);
#47=B_SPLINE_SURFACE_WITH_KNOTS('',3,3,((#2769,#2770,#2771,#2772,#2773,
#2774,#2775),(#2776,#2777,#2778,#2779,#2780,#2781,#2782),(#2783,#2784,#2785,
#2786,#2787,#2788,#2789),(#2790,#2791,#2792,#2793,#2794,#2795,#2796)),
 .UNSPECIFIED.,.F.,.F.,.F.,(4,4),(4,1,1,1,4),(0.12200943434291,0.877990565657089),
(-5.40410326080948E-17,0.291666666666667,0.5,0.708333333333333,1.),
 .UNSPECIFIED.);
#48=B_SPLINE_SURFACE_WITH_KNOTS('',3,3,((#2833,#2834,#2835,#2836,#2837,
#2838,#2839,#2840,#2841,#2842),(#2843,#2844,#2845,#2846,#2847,#2848,#2849,
#2850,#2851,#2852),(#2853,#2854,#2855,#2856,#2857,#2858,#2859,#2860,#2861,
#2862),(#2863,#2864,#2865,#2866,#2867,#2868,#2869,#2870,#2871,#2872),(#2873,
#2874,#2875,#2876,#2877,#2878,#2879,#2880,#2881,#2882)),.UNSPECIFIED.,.F.,
 .F.,.F.,(4,1,4),(4,1,1,1,1,1,1,4),(0.139961538461538,0.5,0.860038461538462),
(0.,0.145833333333333,0.25,0.375,0.5,0.625,0.75,1.),.UNSPECIFIED.);
#49=B_SPLINE_CURVE_WITH_KNOTS('',3,(#1955,#1956,#1957,#1958),
 .UNSPECIFIED.,.F.,.F.,(4,4),(0.,0.013),.UNSPECIFIED.);
#50=B_SPLINE_CURVE_WITH_KNOTS('',3,(#1962,#1963,#1964,#1965),
 .UNSPECIFIED.,.F.,.F.,(4,4),(0.,0.00200000000000026),.UNSPECIFIED.);
#51=B_SPLINE_CURVE_WITH_KNOTS('',3,(#1969,#1970,#1971,#1972),
 .UNSPECIFIED.,.F.,.F.,(4,4),(0.,0.013),.UNSPECIFIED.);
#52=B_SPLINE_CURVE_WITH_KNOTS('',3,(#1976,#1977,#1978,#1979),
 .UNSPECIFIED.,.F.,.F.,(4,4),(0.,0.00200000000000026),.UNSPECIFIED.);
#53=B_SPLINE_CURVE_WITH_KNOTS('',3,(#2055,#2056,#2057,#2058,#2059,#2060,
#2061,#2062,#2063,#2064,#2065,#2066,#2067),.UNSPECIFIED.,.F.,.F.,(4,1,1,
1,1,1,1,1,1,1,4),(0.,0.0141584562442159,0.0212376843663239,0.0283169124884318,
0.0353961406105398,0.0389357546715938,0.0424753687326478,0.0460149827937018,
0.0495545968547557,0.0530942109158097,0.0566338249768637),.UNSPECIFIED.);
#54=B_SPLINE_CURVE_WITH_KNOTS('',3,(#2068,#2069,#2070,#2071,#2072,#2073,
#2074,#2075,#2076,#2077,#2078,#2079,#2080),.UNSPECIFIED.,.F.,.F.,(4,1,1,
1,1,1,1,1,1,1,4),(-5.99999999605972E-8,0.00366465578809064,0.00732937157618123,
0.0109940873642718,0.0146588031523624,0.018323518940453,0.0219882347285436,
0.0293176663047248,0.036647097880906,0.0439765294570872,0.0586353926094496),
 .UNSPECIFIED.);
#55=B_SPLINE_CURVE_WITH_KNOTS('',3,(#2185,#2186,#2187,#2188,#2189,#2190,
#2191,#2192,#2193,#2194,#2195,#2196,#2197),.UNSPECIFIED.,.F.,.F.,(4,1,1,
1,1,1,1,1,1,1,4),(-5.99999999911863E-8,0.00381995193724809,0.00763996387449618,
0.0114599758117443,0.0152799877489924,0.0190999996862404,0.0229200116234885,
0.0305600354979847,0.0382000593724809,0.045840083246977,0.0611201309959694),
 .UNSPECIFIED.);
#56=B_SPLINE_CURVE_WITH_KNOTS('',3,(#2201,#2202,#2203,#2204,#2205,#2206,
#2207,#2208,#2209,#2210,#2211,#2212,#2213,#2214),.UNSPECIFIED.,.F.,.F.,
(4,1,1,1,1,1,1,1,1,1,1,4),(0.,0.00882672358709633,0.0176534471741927,0.026480170761289,
0.0308935325548372,0.0353068943483853,0.0397202561419335,0.0441336179354817,
0.052960341522578,0.0573737033161262,0.0617870651096743,0.0706137886967707),
 .UNSPECIFIED.);
#57=B_SPLINE_CURVE_WITH_KNOTS('',3,(#2287,#2288,#2289,#2290,#2291,#2292,
#2293,#2294,#2295,#2296,#2297,#2298,#2299,#2300,#2301,#2302,#2303),
 .UNSPECIFIED.,.F.,.F.,(4,1,1,1,1,1,1,1,1,1,1,1,1,1,4),(-5.99999999867093E-8,
0.002316034502907,0.00463212900581399,0.00926431801162796,0.0138965070174419,
0.0185286960232559,0.0277930740348839,0.0324252630406978,0.0370574520465118,
0.0416896410523258,0.0463218300581398,0.0509540190639537,0.0555862080697677,
0.0648505860813957,0.0741149640930236),.UNSPECIFIED.);
#58=B_SPLINE_CURVE_WITH_KNOTS('',3,(#2307,#2308,#2309,#2310,#2311,#2312,
#2313,#2314,#2315,#2316,#2317,#2318,#2319,#2320),.UNSPECIFIED.,.F.,.F.,
(4,1,1,1,1,1,1,1,1,1,1,4),(0.,0.00941621262981359,0.0188324252596272,0.0282486378894408,
0.0329567442043476,0.0376648505192543,0.0423729568341611,0.0470810631490679,
0.0564972757788815,0.0612053820937883,0.0659134884086951,0.0753297010385087),
 .UNSPECIFIED.);
#59=B_SPLINE_CURVE_WITH_KNOTS('',3,(#2425,#2426,#2427,#2428,#2429,#2430,
#2431,#2432,#2433,#2434,#2435,#2436),.UNSPECIFIED.,.F.,.F.,(4,1,1,1,1,1,
1,1,1,4),(0.,0.0154005601238323,0.0231008401857485,0.0308011202476647,0.0385014003095808,
0.046201680371497,0.0500518204024551,0.0539019604334132,0.0577521004643713,
0.0616022404953293),.UNSPECIFIED.);
#60=B_SPLINE_CURVE_WITH_KNOTS('',3,(#2437,#2438,#2439,#2440,#2441,#2442,
#2443,#2444,#2445,#2446,#2447,#2448,#2449,#2450,#2451,#2452),
 .UNSPECIFIED.,.F.,.F.,(4,1,1,1,1,1,1,1,1,1,1,1,1,4),(-5.99999999488437E-8,
0.00451574288674266,0.00903154577348527,0.0135473486602279,0.0180631515469705,
0.0225789544337131,0.0270947573204557,0.0316105602071983,0.0361263630939409,
0.0406421659806835,0.0451579688674261,0.0541895746409114,0.0632211804143966,
0.0722527861878818),.UNSPECIFIED.);
#61=B_SPLINE_CURVE_WITH_KNOTS('',3,(#2664,#2665,#2666,#2667),
 .UNSPECIFIED.,.F.,.F.,(4,4),(2.20906192643922E-18,0.0177170019193053),
 .UNSPECIFIED.);
#62=B_SPLINE_CURVE_WITH_KNOTS('',3,(#2670,#2671,#2672,#2673,#2674,#2675,
#2676,#2677,#2678,#2679,#2680,#2681,#2682,#2683),.UNSPECIFIED.,.F.,.F.,
(4,1,1,1,1,1,1,1,1,1,1,4),(-5.99999999363448E-8,0.00378259658634808,0.0075652531726961,
0.0113479097590441,0.0151305663453921,0.0189132229317401,0.0226958795180882,
0.0302611926907842,0.0378265058634802,0.0453918190361763,0.0529571322088723,
0.0605224453815683),.UNSPECIFIED.);
#63=B_SPLINE_CURVE_WITH_KNOTS('',3,(#2684,#2685,#2686,#2687,#2688,#2689,
#2690,#2691,#2692,#2693,#2694,#2695),.UNSPECIFIED.,.F.,.F.,(4,1,1,1,1,1,
1,1,1,4),(0.,0.0146422745051104,0.0219634117576656,0.0292845490102207,0.0366056862627759,
0.0402662548890535,0.0439268235153311,0.0512479607678863,0.0549085293941639,
0.0585690980204415),.UNSPECIFIED.);
#64=B_SPLINE_CURVE_WITH_KNOTS('',3,(#2736,#2737,#2738,#2739,#2740,#2741,
#2742,#2743,#2744,#2745,#2746,#2747,#2748,#2749),.UNSPECIFIED.,.F.,.F.,
(4,1,1,1,1,1,1,1,1,1,1,4),(0.,0.00883403456627702,0.017668069132554,0.0265021036988311,
0.0309191209819696,0.0353361382651081,0.0397531555482466,0.0441701728313851,
0.0530042073976621,0.0574212246808006,0.0618382419639391,0.0706722765302162),
 .UNSPECIFIED.);
#65=B_SPLINE_CURVE_WITH_KNOTS('',3,(#2751,#2752,#2753,#2754),
 .UNSPECIFIED.,.F.,.F.,(4,4),(0.,0.0148),.UNSPECIFIED.);
#66=B_SPLINE_CURVE_WITH_KNOTS('',3,(#2756,#2757,#2758,#2759,#2760,#2761,
#2762,#2763,#2764,#2765,#2766,#2767,#2768),.UNSPECIFIED.,.F.,.F.,(4,1,1,
1,1,1,1,1,1,1,4),(-5.99999999333708E-8,0.00382285667504408,0.0076457733500881,
0.0114686900251321,0.0152916067001761,0.0191145233752201,0.0229374400502642,
0.0305832734003522,0.0382291067504402,0.0458749401005283,0.0611666068007043),
 .UNSPECIFIED.);
#67=B_SPLINE_CURVE_WITH_KNOTS('',3,(#2797,#2798,#2799,#2800,#2801,#2802,
#2803,#2804,#2805,#2806,#2807,#2808,#2809,#2810),.UNSPECIFIED.,.F.,.F.,
(4,1,1,1,1,1,1,1,1,1,1,4),(0.,0.00917491585117449,0.018349831702349,0.0275247475535235,
0.0321122054791107,0.036699663404698,0.0412871213302852,0.0458745792558725,
0.055049495107047,0.0596369530326342,0.0642244109582215,0.073399326809396),
 .UNSPECIFIED.);
#68=B_SPLINE_CURVE_WITH_KNOTS('',3,(#2812,#2813,#2814,#2815),
 .UNSPECIFIED.,.F.,.F.,(4,4),(0.,0.0177170019193053),.UNSPECIFIED.);
#69=B_SPLINE_CURVE_WITH_KNOTS('',3,(#2817,#2818,#2819,#2820,#2821,#2822,
#2823,#2824,#2825,#2826,#2827,#2828,#2829,#2830,#2831,#2832),
 .UNSPECIFIED.,.F.,.F.,(4,1,1,1,1,1,1,1,1,1,1,1,1,4),(-5.9999999998325E-8,
0.00225544448476177,0.00451094896952354,0.00902195793904709,0.0135329669085706,
0.0180439758780942,0.0270659938171413,0.0315770027866648,0.0360880117561883,
0.0405990207257119,0.0451100296952354,0.0541320476342825,0.0631540655733296,
0.0721760835123767),.UNSPECIFIED.);
#70=B_SPLINE_CURVE_WITH_KNOTS('',3,(#2883,#2884,#2885,#2886),
 .UNSPECIFIED.,.F.,.F.,(4,4),(0.,0.0148),.UNSPECIFIED.);
#71=B_SPLINE_CURVE_WITH_KNOTS('',3,(#2889,#2890,#2891,#2892,#2893,#2894,
#2895,#2896,#2897,#2898,#2899,#2900,#2901,#2902),.UNSPECIFIED.,.F.,.F.,
(4,1,1,1,1,1,1,1,1,1,1,4),(-6.0000000059137E-8,0.00451217878955733,0.00902441757911473,
0.0180488951582295,0.0270733727373443,0.0315856115269017,0.0360978503164591,
0.0406100891060165,0.0451223278955739,0.0541468054746887,0.0631712830538035,
0.0721957606329182),.UNSPECIFIED.);
#72=B_SPLINE_CURVE_WITH_KNOTS('',3,(#2903,#2904,#2905,#2906,#2907,#2908,
#2909,#2910,#2911,#2912,#2913),.UNSPECIFIED.,.F.,.F.,(4,1,1,1,1,1,1,1,4),
(0.,0.0153974891702538,0.0230962337553807,0.0307949783405075,0.0384937229256344,
0.0461924675107613,0.0538912120958882,0.0577405843884517,0.0615899566810151),
 .UNSPECIFIED.);
#73=ELLIPSE('',#1410,0.00424264068711929,0.003);
#74=CIRCLE('',#1405,0.003);
#75=CIRCLE('',#1413,0.0015);
#76=CIRCLE('',#1415,0.003);
#77=CIRCLE('',#1416,0.003);
#78=CIRCLE('',#1417,0.003);
#79=CIRCLE('',#1418,0.003);
#80=CIRCLE('',#1419,0.0015);
#81=CIRCLE('',#1420,0.0015);
#82=CIRCLE('',#1421,0.0015);
#83=CIRCLE('',#1422,0.0015);
#84=CIRCLE('',#1424,0.0015);
#85=CIRCLE('',#1425,0.003);
#86=CIRCLE('',#1426,0.003);
#87=CIRCLE('',#1427,0.003);
#88=CIRCLE('',#1428,0.003);
#89=CIRCLE('',#1429,0.0015);
#90=CIRCLE('',#1430,0.0015);
#91=CIRCLE('',#1431,0.0015);
#92=CIRCLE('',#1432,0.0015);
#93=CIRCLE('',#1433,0.0015);
#94=CIRCLE('',#1434,0.0015);
#95=CIRCLE('',#1439,0.00631816260036258);
#96=CIRCLE('',#1440,0.00585575886014384);
#97=CIRCLE('',#1441,0.002);
#98=CIRCLE('',#1442,0.002);
#99=CIRCLE('',#1443,0.00225);
#100=CIRCLE('',#1444,0.00225);
#101=CIRCLE('',#1447,0.003);
#102=CIRCLE('',#1448,0.003);
#103=CIRCLE('',#1450,0.003);
#104=CIRCLE('',#1456,0.00585575886014384);
#105=CIRCLE('',#1457,0.00631816260036258);
#106=CIRCLE('',#1458,0.0026);
#107=CIRCLE('',#1459,0.0026);
#108=CIRCLE('',#1460,0.00225);
#109=CIRCLE('',#1461,0.00225);
#110=CIRCLE('',#1463,0.002);
#111=CIRCLE('',#1465,0.002);
#112=CIRCLE('',#1475,0.0026);
#113=CIRCLE('',#1478,0.0026);
#114=CIRCLE('',#1485,0.00185);
#115=CIRCLE('',#1486,0.00185);
#116=CIRCLE('',#1487,0.00185);
#117=CIRCLE('',#1488,0.00185);
#118=CIRCLE('',#1489,0.011);
#119=CIRCLE('',#1497,0.00185);
#120=CIRCLE('',#1499,0.00185);
#121=CIRCLE('',#1501,0.00185);
#122=CIRCLE('',#1503,0.00185);
#123=CIRCLE('',#1505,0.011);
#124=CIRCLE('',#1508,0.00285);
#125=CIRCLE('',#1509,0.00285);
#126=CIRCLE('',#1510,0.00285);
#127=CIRCLE('',#1511,0.00285);
#128=ORIENTED_EDGE('',*,*,#506,.F.);
#129=ORIENTED_EDGE('',*,*,#507,.T.);
#130=ORIENTED_EDGE('',*,*,#508,.T.);
#131=ORIENTED_EDGE('',*,*,#509,.T.);
#132=ORIENTED_EDGE('',*,*,#510,.F.);
#133=ORIENTED_EDGE('',*,*,#511,.F.);
#134=ORIENTED_EDGE('',*,*,#512,.F.);
#135=ORIENTED_EDGE('',*,*,#513,.T.);
#136=ORIENTED_EDGE('',*,*,#514,.F.);
#137=ORIENTED_EDGE('',*,*,#515,.F.);
#138=ORIENTED_EDGE('',*,*,#512,.T.);
#139=ORIENTED_EDGE('',*,*,#514,.T.);
#140=ORIENTED_EDGE('',*,*,#516,.F.);
#141=ORIENTED_EDGE('',*,*,#517,.T.);
#142=ORIENTED_EDGE('',*,*,#518,.T.);
#143=ORIENTED_EDGE('',*,*,#519,.T.);
#144=ORIENTED_EDGE('',*,*,#520,.F.);
#145=ORIENTED_EDGE('',*,*,#521,.T.);
#146=ORIENTED_EDGE('',*,*,#522,.T.);
#147=ORIENTED_EDGE('',*,*,#523,.T.);
#148=ORIENTED_EDGE('',*,*,#524,.T.);
#149=ORIENTED_EDGE('',*,*,#525,.T.);
#150=ORIENTED_EDGE('',*,*,#526,.F.);
#151=ORIENTED_EDGE('',*,*,#527,.T.);
#152=ORIENTED_EDGE('',*,*,#528,.T.);
#153=ORIENTED_EDGE('',*,*,#529,.F.);
#154=ORIENTED_EDGE('',*,*,#530,.T.);
#155=ORIENTED_EDGE('',*,*,#531,.T.);
#156=ORIENTED_EDGE('',*,*,#508,.F.);
#157=ORIENTED_EDGE('',*,*,#532,.T.);
#158=ORIENTED_EDGE('',*,*,#521,.F.);
#159=ORIENTED_EDGE('',*,*,#533,.F.);
#160=ORIENTED_EDGE('',*,*,#534,.F.);
#161=ORIENTED_EDGE('',*,*,#519,.F.);
#162=ORIENTED_EDGE('',*,*,#535,.F.);
#163=ORIENTED_EDGE('',*,*,#530,.F.);
#164=ORIENTED_EDGE('',*,*,#536,.F.);
#165=ORIENTED_EDGE('',*,*,#537,.T.);
#166=ORIENTED_EDGE('',*,*,#538,.F.);
#167=ORIENTED_EDGE('',*,*,#539,.F.);
#168=ORIENTED_EDGE('',*,*,#540,.T.);
#169=ORIENTED_EDGE('',*,*,#541,.F.);
#170=ORIENTED_EDGE('',*,*,#542,.T.);
#171=ORIENTED_EDGE('',*,*,#543,.F.);
#172=ORIENTED_EDGE('',*,*,#544,.T.);
#173=ORIENTED_EDGE('',*,*,#545,.F.);
#174=ORIENTED_EDGE('',*,*,#546,.T.);
#175=ORIENTED_EDGE('',*,*,#547,.F.);
#176=ORIENTED_EDGE('',*,*,#548,.T.);
#177=ORIENTED_EDGE('',*,*,#549,.F.);
#178=ORIENTED_EDGE('',*,*,#550,.T.);
#179=ORIENTED_EDGE('',*,*,#551,.F.);
#180=ORIENTED_EDGE('',*,*,#552,.T.);
#181=ORIENTED_EDGE('',*,*,#553,.F.);
#182=ORIENTED_EDGE('',*,*,#554,.T.);
#183=ORIENTED_EDGE('',*,*,#555,.T.);
#184=ORIENTED_EDGE('',*,*,#556,.T.);
#185=ORIENTED_EDGE('',*,*,#539,.T.);
#186=ORIENTED_EDGE('',*,*,#557,.T.);
#187=ORIENTED_EDGE('',*,*,#541,.T.);
#188=ORIENTED_EDGE('',*,*,#558,.T.);
#189=ORIENTED_EDGE('',*,*,#559,.T.);
#190=ORIENTED_EDGE('',*,*,#560,.T.);
#191=ORIENTED_EDGE('',*,*,#543,.T.);
#192=ORIENTED_EDGE('',*,*,#561,.T.);
#193=ORIENTED_EDGE('',*,*,#562,.F.);
#194=ORIENTED_EDGE('',*,*,#563,.T.);
#195=ORIENTED_EDGE('',*,*,#524,.F.);
#196=ORIENTED_EDGE('',*,*,#564,.T.);
#197=ORIENTED_EDGE('',*,*,#545,.T.);
#198=ORIENTED_EDGE('',*,*,#565,.T.);
#199=ORIENTED_EDGE('',*,*,#566,.F.);
#200=ORIENTED_EDGE('',*,*,#567,.T.);
#201=ORIENTED_EDGE('',*,*,#568,.T.);
#202=ORIENTED_EDGE('',*,*,#540,.F.);
#203=ORIENTED_EDGE('',*,*,#556,.F.);
#204=ORIENTED_EDGE('',*,*,#569,.F.);
#205=ORIENTED_EDGE('',*,*,#558,.F.);
#206=ORIENTED_EDGE('',*,*,#542,.F.);
#207=ORIENTED_EDGE('',*,*,#560,.F.);
#208=ORIENTED_EDGE('',*,*,#570,.F.);
#209=ORIENTED_EDGE('',*,*,#561,.F.);
#210=ORIENTED_EDGE('',*,*,#546,.F.);
#211=ORIENTED_EDGE('',*,*,#564,.F.);
#212=ORIENTED_EDGE('',*,*,#571,.F.);
#213=ORIENTED_EDGE('',*,*,#557,.F.);
#214=ORIENTED_EDGE('',*,*,#544,.F.);
#215=ORIENTED_EDGE('',*,*,#563,.F.);
#216=ORIENTED_EDGE('',*,*,#572,.F.);
#217=ORIENTED_EDGE('',*,*,#565,.F.);
#218=ORIENTED_EDGE('',*,*,#573,.T.);
#219=ORIENTED_EDGE('',*,*,#574,.F.);
#220=ORIENTED_EDGE('',*,*,#548,.F.);
#221=ORIENTED_EDGE('',*,*,#575,.F.);
#222=ORIENTED_EDGE('',*,*,#554,.F.);
#223=ORIENTED_EDGE('',*,*,#576,.F.);
#224=ORIENTED_EDGE('',*,*,#577,.T.);
#225=ORIENTED_EDGE('',*,*,#578,.F.);
#226=ORIENTED_EDGE('',*,*,#552,.F.);
#227=ORIENTED_EDGE('',*,*,#579,.F.);
#228=ORIENTED_EDGE('',*,*,#580,.T.);
#229=ORIENTED_EDGE('',*,*,#581,.F.);
#230=ORIENTED_EDGE('',*,*,#582,.T.);
#231=ORIENTED_EDGE('',*,*,#583,.F.);
#232=ORIENTED_EDGE('',*,*,#550,.F.);
#233=ORIENTED_EDGE('',*,*,#584,.F.);
#234=ORIENTED_EDGE('',*,*,#547,.T.);
#235=ORIENTED_EDGE('',*,*,#578,.T.);
#236=ORIENTED_EDGE('',*,*,#585,.T.);
#237=ORIENTED_EDGE('',*,*,#575,.T.);
#238=ORIENTED_EDGE('',*,*,#553,.T.);
#239=ORIENTED_EDGE('',*,*,#581,.T.);
#240=ORIENTED_EDGE('',*,*,#586,.T.);
#241=ORIENTED_EDGE('',*,*,#566,.T.);
#242=ORIENTED_EDGE('',*,*,#587,.T.);
#243=ORIENTED_EDGE('',*,*,#576,.T.);
#244=ORIENTED_EDGE('',*,*,#549,.T.);
#245=ORIENTED_EDGE('',*,*,#574,.T.);
#246=ORIENTED_EDGE('',*,*,#588,.T.);
#247=ORIENTED_EDGE('',*,*,#584,.T.);
#248=ORIENTED_EDGE('',*,*,#551,.T.);
#249=ORIENTED_EDGE('',*,*,#583,.T.);
#250=ORIENTED_EDGE('',*,*,#589,.T.);
#251=ORIENTED_EDGE('',*,*,#538,.T.);
#252=ORIENTED_EDGE('',*,*,#590,.T.);
#253=ORIENTED_EDGE('',*,*,#579,.T.);
#254=ORIENTED_EDGE('',*,*,#586,.F.);
#255=ORIENTED_EDGE('',*,*,#580,.F.);
#256=ORIENTED_EDGE('',*,*,#590,.F.);
#257=ORIENTED_EDGE('',*,*,#591,.T.);
#258=ORIENTED_EDGE('',*,*,#587,.F.);
#259=ORIENTED_EDGE('',*,*,#592,.T.);
#260=ORIENTED_EDGE('',*,*,#593,.F.);
#261=ORIENTED_EDGE('',*,*,#594,.F.);
#262=ORIENTED_EDGE('',*,*,#589,.F.);
#263=ORIENTED_EDGE('',*,*,#582,.F.);
#264=ORIENTED_EDGE('',*,*,#588,.F.);
#265=ORIENTED_EDGE('',*,*,#573,.F.);
#266=ORIENTED_EDGE('',*,*,#585,.F.);
#267=ORIENTED_EDGE('',*,*,#577,.F.);
#268=ORIENTED_EDGE('',*,*,#562,.T.);
#269=ORIENTED_EDGE('',*,*,#595,.T.);
#270=ORIENTED_EDGE('',*,*,#596,.F.);
#271=ORIENTED_EDGE('',*,*,#597,.T.);
#272=ORIENTED_EDGE('',*,*,#598,.T.);
#273=ORIENTED_EDGE('',*,*,#599,.T.);
#274=ORIENTED_EDGE('',*,*,#506,.T.);
#275=ORIENTED_EDGE('',*,*,#515,.T.);
#276=ORIENTED_EDGE('',*,*,#520,.T.);
#277=ORIENTED_EDGE('',*,*,#534,.T.);
#278=ORIENTED_EDGE('',*,*,#529,.T.);
#279=ORIENTED_EDGE('',*,*,#600,.T.);
#280=ORIENTED_EDGE('',*,*,#601,.T.);
#281=ORIENTED_EDGE('',*,*,#602,.F.);
#282=ORIENTED_EDGE('',*,*,#603,.T.);
#283=ORIENTED_EDGE('',*,*,#604,.T.);
#284=ORIENTED_EDGE('',*,*,#605,.F.);
#285=ORIENTED_EDGE('',*,*,#606,.F.);
#286=ORIENTED_EDGE('',*,*,#607,.T.);
#287=ORIENTED_EDGE('',*,*,#608,.T.);
#288=ORIENTED_EDGE('',*,*,#555,.F.);
#289=ORIENTED_EDGE('',*,*,#609,.T.);
#290=ORIENTED_EDGE('',*,*,#610,.T.);
#291=ORIENTED_EDGE('',*,*,#611,.T.);
#292=ORIENTED_EDGE('',*,*,#612,.T.);
#293=ORIENTED_EDGE('',*,*,#613,.F.);
#294=ORIENTED_EDGE('',*,*,#614,.F.);
#295=ORIENTED_EDGE('',*,*,#615,.T.);
#296=ORIENTED_EDGE('',*,*,#616,.T.);
#297=ORIENTED_EDGE('',*,*,#559,.F.);
#298=ORIENTED_EDGE('',*,*,#617,.T.);
#299=ORIENTED_EDGE('',*,*,#618,.F.);
#300=ORIENTED_EDGE('',*,*,#619,.T.);
#301=ORIENTED_EDGE('',*,*,#620,.T.);
#302=ORIENTED_EDGE('',*,*,#526,.T.);
#303=ORIENTED_EDGE('',*,*,#621,.T.);
#304=ORIENTED_EDGE('',*,*,#596,.T.);
#305=ORIENTED_EDGE('',*,*,#622,.T.);
#306=ORIENTED_EDGE('',*,*,#615,.F.);
#307=ORIENTED_EDGE('',*,*,#623,.T.);
#308=ORIENTED_EDGE('',*,*,#624,.F.);
#309=ORIENTED_EDGE('',*,*,#625,.F.);
#310=ORIENTED_EDGE('',*,*,#626,.F.);
#311=ORIENTED_EDGE('',*,*,#617,.F.);
#312=ORIENTED_EDGE('',*,*,#569,.T.);
#313=ORIENTED_EDGE('',*,*,#608,.F.);
#314=ORIENTED_EDGE('',*,*,#523,.F.);
#315=ORIENTED_EDGE('',*,*,#522,.F.);
#316=ORIENTED_EDGE('',*,*,#532,.F.);
#317=ORIENTED_EDGE('',*,*,#507,.F.);
#318=ORIENTED_EDGE('',*,*,#599,.F.);
#319=ORIENTED_EDGE('',*,*,#598,.F.);
#320=ORIENTED_EDGE('',*,*,#571,.T.);
#321=ORIENTED_EDGE('',*,*,#622,.F.);
#322=ORIENTED_EDGE('',*,*,#595,.F.);
#323=ORIENTED_EDGE('',*,*,#570,.T.);
#324=ORIENTED_EDGE('',*,*,#616,.F.);
#325=ORIENTED_EDGE('',*,*,#621,.F.);
#326=ORIENTED_EDGE('',*,*,#525,.F.);
#327=ORIENTED_EDGE('',*,*,#572,.T.);
#328=ORIENTED_EDGE('',*,*,#597,.F.);
#329=ORIENTED_EDGE('',*,*,#627,.F.);
#330=ORIENTED_EDGE('',*,*,#625,.T.);
#331=ORIENTED_EDGE('',*,*,#607,.F.);
#332=ORIENTED_EDGE('',*,*,#620,.F.);
#333=ORIENTED_EDGE('',*,*,#628,.T.);
#334=ORIENTED_EDGE('',*,*,#593,.T.);
#335=ORIENTED_EDGE('',*,*,#629,.F.);
#336=ORIENTED_EDGE('',*,*,#623,.F.);
#337=ORIENTED_EDGE('',*,*,#614,.T.);
#338=ORIENTED_EDGE('',*,*,#630,.T.);
#339=ORIENTED_EDGE('',*,*,#631,.F.);
#340=ORIENTED_EDGE('',*,*,#632,.F.);
#341=ORIENTED_EDGE('',*,*,#633,.T.);
#342=ORIENTED_EDGE('',*,*,#634,.F.);
#343=ORIENTED_EDGE('',*,*,#635,.F.);
#344=ORIENTED_EDGE('',*,*,#527,.F.);
#345=ORIENTED_EDGE('',*,*,#636,.F.);
#346=ORIENTED_EDGE('',*,*,#637,.F.);
#347=ORIENTED_EDGE('',*,*,#638,.F.);
#348=ORIENTED_EDGE('',*,*,#639,.F.);
#349=ORIENTED_EDGE('',*,*,#610,.F.);
#350=ORIENTED_EDGE('',*,*,#640,.T.);
#351=ORIENTED_EDGE('',*,*,#609,.F.);
#352=ORIENTED_EDGE('',*,*,#641,.T.);
#353=ORIENTED_EDGE('',*,*,#601,.F.);
#354=ORIENTED_EDGE('',*,*,#642,.F.);
#355=ORIENTED_EDGE('',*,*,#634,.T.);
#356=ORIENTED_EDGE('',*,*,#643,.T.);
#357=ORIENTED_EDGE('',*,*,#600,.F.);
#358=ORIENTED_EDGE('',*,*,#528,.F.);
#359=ORIENTED_EDGE('',*,*,#635,.T.);
#360=ORIENTED_EDGE('',*,*,#642,.T.);
#361=ORIENTED_EDGE('',*,*,#605,.T.);
#362=ORIENTED_EDGE('',*,*,#644,.F.);
#363=ORIENTED_EDGE('',*,*,#630,.F.);
#364=ORIENTED_EDGE('',*,*,#613,.T.);
#365=ORIENTED_EDGE('',*,*,#645,.T.);
#366=ORIENTED_EDGE('',*,*,#604,.F.);
#367=ORIENTED_EDGE('',*,*,#646,.F.);
#368=ORIENTED_EDGE('',*,*,#631,.T.);
#369=ORIENTED_EDGE('',*,*,#644,.T.);
#370=ORIENTED_EDGE('',*,*,#603,.F.);
#371=ORIENTED_EDGE('',*,*,#647,.F.);
#372=ORIENTED_EDGE('',*,*,#632,.T.);
#373=ORIENTED_EDGE('',*,*,#646,.T.);
#374=ORIENTED_EDGE('',*,*,#602,.T.);
#375=ORIENTED_EDGE('',*,*,#643,.F.);
#376=ORIENTED_EDGE('',*,*,#633,.F.);
#377=ORIENTED_EDGE('',*,*,#647,.T.);
#378=ORIENTED_EDGE('',*,*,#638,.T.);
#379=ORIENTED_EDGE('',*,*,#611,.F.);
#380=ORIENTED_EDGE('',*,*,#639,.T.);
#381=ORIENTED_EDGE('',*,*,#612,.F.);
#382=ORIENTED_EDGE('',*,*,#648,.F.);
#383=ORIENTED_EDGE('',*,*,#637,.T.);
#384=ORIENTED_EDGE('',*,*,#640,.F.);
#385=ORIENTED_EDGE('',*,*,#648,.T.);
#386=ORIENTED_EDGE('',*,*,#649,.F.);
#387=ORIENTED_EDGE('',*,*,#636,.T.);
#388=ORIENTED_EDGE('',*,*,#641,.F.);
#389=ORIENTED_EDGE('',*,*,#649,.T.);
#390=ORIENTED_EDGE('',*,*,#645,.F.);
#391=ORIENTED_EDGE('',*,*,#626,.T.);
#392=ORIENTED_EDGE('',*,*,#627,.T.);
#393=ORIENTED_EDGE('',*,*,#606,.T.);
#394=ORIENTED_EDGE('',*,*,#618,.T.);
#395=ORIENTED_EDGE('',*,*,#650,.T.);
#396=ORIENTED_EDGE('',*,*,#567,.F.);
#397=ORIENTED_EDGE('',*,*,#591,.F.);
#398=ORIENTED_EDGE('',*,*,#537,.F.);
#399=ORIENTED_EDGE('',*,*,#651,.F.);
#400=ORIENTED_EDGE('',*,*,#651,.T.);
#401=ORIENTED_EDGE('',*,*,#536,.T.);
#402=ORIENTED_EDGE('',*,*,#594,.T.);
#403=ORIENTED_EDGE('',*,*,#628,.F.);
#404=ORIENTED_EDGE('',*,*,#619,.F.);
#405=ORIENTED_EDGE('',*,*,#624,.T.);
#406=ORIENTED_EDGE('',*,*,#629,.T.);
#407=ORIENTED_EDGE('',*,*,#592,.F.);
#408=ORIENTED_EDGE('',*,*,#568,.F.);
#409=ORIENTED_EDGE('',*,*,#650,.F.);
#410=ORIENTED_EDGE('',*,*,#652,.F.);
#411=ORIENTED_EDGE('',*,*,#653,.F.);
#412=ORIENTED_EDGE('',*,*,#654,.F.);
#413=ORIENTED_EDGE('',*,*,#655,.F.);
#414=ORIENTED_EDGE('',*,*,#656,.F.);
#415=ORIENTED_EDGE('',*,*,#513,.F.);
#416=ORIENTED_EDGE('',*,*,#511,.T.);
#417=ORIENTED_EDGE('',*,*,#657,.T.);
#418=ORIENTED_EDGE('',*,*,#658,.T.);
#419=ORIENTED_EDGE('',*,*,#659,.T.);
#420=ORIENTED_EDGE('',*,*,#660,.T.);
#421=ORIENTED_EDGE('',*,*,#661,.T.);
#422=ORIENTED_EDGE('',*,*,#662,.T.);
#423=ORIENTED_EDGE('',*,*,#663,.T.);
#424=ORIENTED_EDGE('',*,*,#516,.T.);
#425=ORIENTED_EDGE('',*,*,#664,.T.);
#426=ORIENTED_EDGE('',*,*,#665,.F.);
#427=ORIENTED_EDGE('',*,*,#660,.F.);
#428=ORIENTED_EDGE('',*,*,#666,.T.);
#429=ORIENTED_EDGE('',*,*,#667,.T.);
#430=ORIENTED_EDGE('',*,*,#668,.F.);
#431=ORIENTED_EDGE('',*,*,#661,.F.);
#432=ORIENTED_EDGE('',*,*,#665,.T.);
#433=ORIENTED_EDGE('',*,*,#669,.T.);
#434=ORIENTED_EDGE('',*,*,#670,.F.);
#435=ORIENTED_EDGE('',*,*,#662,.F.);
#436=ORIENTED_EDGE('',*,*,#668,.T.);
#437=ORIENTED_EDGE('',*,*,#671,.T.);
#438=ORIENTED_EDGE('',*,*,#672,.T.);
#439=ORIENTED_EDGE('',*,*,#517,.F.);
#440=ORIENTED_EDGE('',*,*,#663,.F.);
#441=ORIENTED_EDGE('',*,*,#670,.T.);
#442=ORIENTED_EDGE('',*,*,#673,.T.);
#443=ORIENTED_EDGE('',*,*,#674,.F.);
#444=ORIENTED_EDGE('',*,*,#657,.F.);
#445=ORIENTED_EDGE('',*,*,#510,.T.);
#446=ORIENTED_EDGE('',*,*,#675,.T.);
#447=ORIENTED_EDGE('',*,*,#676,.T.);
#448=ORIENTED_EDGE('',*,*,#677,.F.);
#449=ORIENTED_EDGE('',*,*,#658,.F.);
#450=ORIENTED_EDGE('',*,*,#674,.T.);
#451=ORIENTED_EDGE('',*,*,#678,.T.);
#452=ORIENTED_EDGE('',*,*,#652,.T.);
#453=ORIENTED_EDGE('',*,*,#679,.T.);
#454=ORIENTED_EDGE('',*,*,#653,.T.);
#455=ORIENTED_EDGE('',*,*,#680,.T.);
#456=ORIENTED_EDGE('',*,*,#654,.T.);
#457=ORIENTED_EDGE('',*,*,#681,.T.);
#458=ORIENTED_EDGE('',*,*,#655,.T.);
#459=ORIENTED_EDGE('',*,*,#656,.T.);
#460=ORIENTED_EDGE('',*,*,#682,.F.);
#461=ORIENTED_EDGE('',*,*,#683,.T.);
#462=ORIENTED_EDGE('',*,*,#666,.F.);
#463=ORIENTED_EDGE('',*,*,#659,.F.);
#464=ORIENTED_EDGE('',*,*,#677,.T.);
#465=ORIENTED_EDGE('',*,*,#684,.T.);
#466=ORIENTED_EDGE('',*,*,#685,.T.);
#467=ORIENTED_EDGE('',*,*,#686,.T.);
#468=ORIENTED_EDGE('',*,*,#687,.T.);
#469=ORIENTED_EDGE('',*,*,#682,.T.);
#470=ORIENTED_EDGE('',*,*,#673,.F.);
#471=ORIENTED_EDGE('',*,*,#688,.T.);
#472=ORIENTED_EDGE('',*,*,#689,.T.);
#473=ORIENTED_EDGE('',*,*,#690,.T.);
#474=ORIENTED_EDGE('',*,*,#671,.F.);
#475=ORIENTED_EDGE('',*,*,#669,.F.);
#476=ORIENTED_EDGE('',*,*,#667,.F.);
#477=ORIENTED_EDGE('',*,*,#664,.F.);
#478=ORIENTED_EDGE('',*,*,#683,.F.);
#479=ORIENTED_EDGE('',*,*,#676,.F.);
#480=ORIENTED_EDGE('',*,*,#672,.F.);
#481=ORIENTED_EDGE('',*,*,#690,.F.);
#482=ORIENTED_EDGE('',*,*,#691,.F.);
#483=ORIENTED_EDGE('',*,*,#518,.F.);
#484=ORIENTED_EDGE('',*,*,#535,.T.);
#485=ORIENTED_EDGE('',*,*,#691,.T.);
#486=ORIENTED_EDGE('',*,*,#692,.F.);
#487=ORIENTED_EDGE('',*,*,#692,.T.);
#488=ORIENTED_EDGE('',*,*,#689,.F.);
#489=ORIENTED_EDGE('',*,*,#693,.F.);
#490=ORIENTED_EDGE('',*,*,#531,.F.);
#491=ORIENTED_EDGE('',*,*,#533,.T.);
#492=ORIENTED_EDGE('',*,*,#693,.T.);
#493=ORIENTED_EDGE('',*,*,#694,.F.);
#494=ORIENTED_EDGE('',*,*,#694,.T.);
#495=ORIENTED_EDGE('',*,*,#688,.F.);
#496=ORIENTED_EDGE('',*,*,#675,.F.);
#497=ORIENTED_EDGE('',*,*,#509,.F.);
#498=ORIENTED_EDGE('',*,*,#681,.F.);
#499=ORIENTED_EDGE('',*,*,#684,.F.);
#500=ORIENTED_EDGE('',*,*,#680,.F.);
#501=ORIENTED_EDGE('',*,*,#685,.F.);
#502=ORIENTED_EDGE('',*,*,#679,.F.);
#503=ORIENTED_EDGE('',*,*,#686,.F.);
#504=ORIENTED_EDGE('',*,*,#678,.F.);
#505=ORIENTED_EDGE('',*,*,#687,.F.);
#506=EDGE_CURVE('',#695,#696,#824,.T.);
#507=EDGE_CURVE('',#695,#697,#74,.T.);
#508=EDGE_CURVE('',#697,#698,#825,.T.);
#509=EDGE_CURVE('',#698,#699,#826,.T.);
#510=EDGE_CURVE('',#700,#699,#827,.T.);
#511=EDGE_CURVE('',#701,#700,#828,.T.);
#512=EDGE_CURVE('',#696,#701,#829,.T.);
#513=EDGE_CURVE('',#701,#702,#830,.T.);
#514=EDGE_CURVE('',#703,#702,#831,.T.);
#515=EDGE_CURVE('',#696,#703,#832,.T.);
#516=EDGE_CURVE('',#704,#702,#833,.T.);
#517=EDGE_CURVE('',#704,#705,#834,.T.);
#518=EDGE_CURVE('',#705,#706,#835,.T.);
#519=EDGE_CURVE('',#706,#707,#836,.T.);
#520=EDGE_CURVE('',#703,#707,#837,.T.);
#521=EDGE_CURVE('',#708,#709,#838,.T.);
#522=EDGE_CURVE('',#709,#710,#839,.F.);
#523=EDGE_CURVE('',#710,#711,#840,.T.);
#524=EDGE_CURVE('',#711,#712,#841,.T.);
#525=EDGE_CURVE('',#712,#713,#842,.F.);
#526=EDGE_CURVE('',#714,#713,#843,.T.);
#527=EDGE_CURVE('',#714,#715,#844,.T.);
#528=EDGE_CURVE('',#715,#716,#845,.T.);
#529=EDGE_CURVE('',#717,#716,#846,.T.);
#530=EDGE_CURVE('',#717,#718,#847,.T.);
#531=EDGE_CURVE('',#718,#708,#848,.T.);
#532=EDGE_CURVE('',#697,#709,#73,.T.);
#533=EDGE_CURVE('',#698,#708,#849,.F.);
#534=EDGE_CURVE('',#707,#717,#850,.F.);
#535=EDGE_CURVE('',#718,#706,#851,.F.);
#536=EDGE_CURVE('',#719,#720,#852,.T.);
#537=EDGE_CURVE('',#719,#721,#853,.T.);
#538=EDGE_CURVE('',#720,#721,#75,.F.);
#539=EDGE_CURVE('',#722,#723,#854,.F.);
#540=EDGE_CURVE('',#722,#724,#76,.T.);
#541=EDGE_CURVE('',#725,#724,#855,.F.);
#542=EDGE_CURVE('',#725,#726,#77,.T.);
#543=EDGE_CURVE('',#727,#726,#856,.T.);
#544=EDGE_CURVE('',#727,#728,#78,.T.);
#545=EDGE_CURVE('',#729,#728,#857,.T.);
#546=EDGE_CURVE('',#729,#723,#79,.T.);
#547=EDGE_CURVE('',#730,#731,#80,.T.);
#548=EDGE_CURVE('',#730,#732,#49,.T.);
#549=EDGE_CURVE('',#733,#732,#81,.T.);
#550=EDGE_CURVE('',#733,#734,#50,.T.);
#551=EDGE_CURVE('',#735,#734,#82,.T.);
#552=EDGE_CURVE('',#735,#736,#51,.T.);
#553=EDGE_CURVE('',#737,#736,#83,.T.);
#554=EDGE_CURVE('',#737,#731,#52,.T.);
#555=EDGE_CURVE('',#738,#739,#858,.T.);
#556=EDGE_CURVE('',#739,#722,#53,.T.);
#557=EDGE_CURVE('',#723,#738,#54,.T.);
#558=EDGE_CURVE('',#724,#740,#55,.T.);
#559=EDGE_CURVE('',#740,#741,#859,.T.);
#560=EDGE_CURVE('',#741,#725,#56,.T.);
#561=EDGE_CURVE('',#726,#742,#57,.T.);
#562=EDGE_CURVE('',#743,#742,#860,.T.);
#563=EDGE_CURVE('',#743,#727,#58,.T.);
#564=EDGE_CURVE('',#711,#729,#59,.T.);
#565=EDGE_CURVE('',#728,#712,#60,.T.);
#566=EDGE_CURVE('',#744,#745,#84,.F.);
#567=EDGE_CURVE('',#744,#746,#861,.T.);
#568=EDGE_CURVE('',#746,#745,#862,.T.);
#569=EDGE_CURVE('',#740,#739,#85,.F.);
#570=EDGE_CURVE('',#742,#741,#86,.F.);
#571=EDGE_CURVE('',#738,#711,#87,.F.);
#572=EDGE_CURVE('',#712,#743,#88,.F.);
#573=EDGE_CURVE('',#747,#748,#61,.T.);
#574=EDGE_CURVE('',#732,#748,#62,.T.);
#575=EDGE_CURVE('',#747,#730,#63,.T.);
#576=EDGE_CURVE('',#749,#737,#64,.T.);
#577=EDGE_CURVE('',#749,#750,#65,.T.);
#578=EDGE_CURVE('',#731,#750,#66,.T.);
#579=EDGE_CURVE('',#751,#735,#67,.T.);
#580=EDGE_CURVE('',#751,#752,#68,.T.);
#581=EDGE_CURVE('',#736,#752,#69,.T.);
#582=EDGE_CURVE('',#753,#754,#70,.T.);
#583=EDGE_CURVE('',#734,#754,#71,.T.);
#584=EDGE_CURVE('',#753,#733,#72,.T.);
#585=EDGE_CURVE('',#750,#747,#89,.F.);
#586=EDGE_CURVE('',#752,#744,#90,.F.);
#587=EDGE_CURVE('',#745,#749,#91,.F.);
#588=EDGE_CURVE('',#748,#753,#92,.F.);
#589=EDGE_CURVE('',#754,#720,#93,.F.);
#590=EDGE_CURVE('',#721,#751,#94,.F.);
#591=EDGE_CURVE('',#721,#744,#863,.T.);
#592=EDGE_CURVE('',#745,#755,#864,.T.);
#593=EDGE_CURVE('',#756,#755,#865,.T.);
#594=EDGE_CURVE('',#720,#756,#866,.T.);
#595=EDGE_CURVE('',#742,#757,#867,.F.);
#596=EDGE_CURVE('',#758,#757,#868,.T.);
#597=EDGE_CURVE('',#758,#743,#869,.T.);
#598=EDGE_CURVE('',#738,#759,#870,.F.);
#599=EDGE_CURVE('',#759,#695,#871,.T.);
#600=EDGE_CURVE('',#716,#760,#95,.T.);
#601=EDGE_CURVE('',#760,#761,#872,.T.);
#602=EDGE_CURVE('',#762,#761,#873,.T.);
#603=EDGE_CURVE('',#762,#763,#874,.T.);
#604=EDGE_CURVE('',#763,#764,#96,.T.);
#605=EDGE_CURVE('',#765,#764,#875,.T.);
#606=EDGE_CURVE('',#766,#765,#876,.T.);
#607=EDGE_CURVE('',#766,#767,#877,.T.);
#608=EDGE_CURVE('',#767,#739,#878,.T.);
#609=EDGE_CURVE('',#768,#768,#97,.T.);
#610=EDGE_CURVE('',#769,#769,#98,.T.);
#611=EDGE_CURVE('',#770,#770,#99,.T.);
#612=EDGE_CURVE('',#771,#771,#100,.T.);
#613=EDGE_CURVE('',#772,#773,#879,.T.);
#614=EDGE_CURVE('',#774,#772,#880,.T.);
#615=EDGE_CURVE('',#774,#775,#881,.T.);
#616=EDGE_CURVE('',#775,#741,#882,.T.);
#617=EDGE_CURVE('',#740,#773,#883,.F.);
#618=EDGE_CURVE('',#776,#777,#884,.T.);
#619=EDGE_CURVE('',#776,#778,#885,.T.);
#620=EDGE_CURVE('',#778,#714,#886,.T.);
#621=EDGE_CURVE('',#713,#758,#101,.F.);
#622=EDGE_CURVE('',#757,#775,#102,.F.);
#623=EDGE_CURVE('',#774,#779,#887,.T.);
#624=EDGE_CURVE('',#777,#779,#888,.T.);
#625=EDGE_CURVE('',#780,#767,#103,.F.);
#626=EDGE_CURVE('',#773,#780,#889,.F.);
#627=EDGE_CURVE('',#780,#766,#890,.T.);
#628=EDGE_CURVE('',#778,#756,#891,.T.);
#629=EDGE_CURVE('',#779,#755,#892,.T.);
#630=EDGE_CURVE('',#772,#781,#893,.T.);
#631=EDGE_CURVE('',#782,#781,#104,.T.);
#632=EDGE_CURVE('',#783,#782,#894,.T.);
#633=EDGE_CURVE('',#783,#784,#895,.T.);
#634=EDGE_CURVE('',#785,#784,#896,.T.);
#635=EDGE_CURVE('',#715,#785,#105,.T.);
#636=EDGE_CURVE('',#786,#786,#106,.T.);
#637=EDGE_CURVE('',#787,#787,#107,.T.);
#638=EDGE_CURVE('',#788,#788,#108,.T.);
#639=EDGE_CURVE('',#789,#789,#109,.T.);
#640=EDGE_CURVE('',#790,#790,#110,.T.);
#641=EDGE_CURVE('',#791,#791,#111,.T.);
#642=EDGE_CURVE('',#785,#760,#897,.T.);
#643=EDGE_CURVE('',#784,#761,#898,.T.);
#644=EDGE_CURVE('',#781,#764,#899,.T.);
#645=EDGE_CURVE('',#773,#765,#900,.T.);
#646=EDGE_CURVE('',#782,#763,#901,.T.);
#647=EDGE_CURVE('',#783,#762,#902,.T.);
#648=EDGE_CURVE('',#792,#792,#112,.T.);
#649=EDGE_CURVE('',#793,#793,#113,.T.);
#650=EDGE_CURVE('',#777,#746,#903,.T.);
#651=EDGE_CURVE('',#776,#719,#904,.T.);
#652=EDGE_CURVE('',#794,#794,#114,.T.);
#653=EDGE_CURVE('',#795,#795,#115,.T.);
#654=EDGE_CURVE('',#796,#796,#116,.T.);
#655=EDGE_CURVE('',#797,#797,#117,.T.);
#656=EDGE_CURVE('',#798,#798,#118,.T.);
#657=EDGE_CURVE('',#700,#799,#905,.T.);
#658=EDGE_CURVE('',#799,#800,#906,.T.);
#659=EDGE_CURVE('',#800,#801,#907,.T.);
#660=EDGE_CURVE('',#801,#802,#908,.T.);
#661=EDGE_CURVE('',#802,#803,#909,.T.);
#662=EDGE_CURVE('',#803,#804,#910,.T.);
#663=EDGE_CURVE('',#804,#704,#911,.T.);
#664=EDGE_CURVE('',#805,#806,#912,.T.);
#665=EDGE_CURVE('',#802,#806,#913,.T.);
#666=EDGE_CURVE('',#801,#805,#914,.T.);
#667=EDGE_CURVE('',#806,#807,#915,.T.);
#668=EDGE_CURVE('',#803,#807,#916,.T.);
#669=EDGE_CURVE('',#807,#808,#917,.T.);
#670=EDGE_CURVE('',#804,#808,#918,.T.);
#671=EDGE_CURVE('',#808,#809,#919,.T.);
#672=EDGE_CURVE('',#809,#705,#920,.F.);
#673=EDGE_CURVE('',#810,#811,#921,.T.);
#674=EDGE_CURVE('',#799,#811,#922,.T.);
#675=EDGE_CURVE('',#699,#810,#923,.F.);
#676=EDGE_CURVE('',#811,#812,#924,.T.);
#677=EDGE_CURVE('',#800,#812,#925,.T.);
#678=EDGE_CURVE('',#813,#813,#119,.F.);
#679=EDGE_CURVE('',#814,#814,#120,.F.);
#680=EDGE_CURVE('',#815,#815,#121,.F.);
#681=EDGE_CURVE('',#816,#816,#122,.F.);
#682=EDGE_CURVE('',#817,#817,#123,.T.);
#683=EDGE_CURVE('',#812,#805,#926,.T.);
#684=EDGE_CURVE('',#818,#818,#124,.T.);
#685=EDGE_CURVE('',#819,#819,#125,.T.);
#686=EDGE_CURVE('',#820,#820,#126,.T.);
#687=EDGE_CURVE('',#821,#821,#127,.T.);
#688=EDGE_CURVE('',#810,#822,#927,.T.);
#689=EDGE_CURVE('',#822,#823,#928,.T.);
#690=EDGE_CURVE('',#823,#809,#929,.T.);
#691=EDGE_CURVE('',#706,#823,#930,.F.);
#692=EDGE_CURVE('',#718,#823,#931,.T.);
#693=EDGE_CURVE('',#708,#822,#932,.F.);
#694=EDGE_CURVE('',#698,#822,#933,.T.);
#695=VERTEX_POINT('',#1870);
#696=VERTEX_POINT('',#1871);
#697=VERTEX_POINT('',#1873);
#698=VERTEX_POINT('',#1875);
#699=VERTEX_POINT('',#1877);
#700=VERTEX_POINT('',#1879);
#701=VERTEX_POINT('',#1881);
#702=VERTEX_POINT('',#1885);
#703=VERTEX_POINT('',#1887);
#704=VERTEX_POINT('',#1891);
#705=VERTEX_POINT('',#1893);
#706=VERTEX_POINT('',#1895);
#707=VERTEX_POINT('',#1897);
#708=VERTEX_POINT('',#1901);
#709=VERTEX_POINT('',#1902);
#710=VERTEX_POINT('',#1904);
#711=VERTEX_POINT('',#1906);
#712=VERTEX_POINT('',#1908);
#713=VERTEX_POINT('',#1910);
#714=VERTEX_POINT('',#1912);
#715=VERTEX_POINT('',#1914);
#716=VERTEX_POINT('',#1916);
#717=VERTEX_POINT('',#1918);
#718=VERTEX_POINT('',#1920);
#719=VERTEX_POINT('',#1930);
#720=VERTEX_POINT('',#1931);
#721=VERTEX_POINT('',#1933);
#722=VERTEX_POINT('',#1937);
#723=VERTEX_POINT('',#1938);
#724=VERTEX_POINT('',#1940);
#725=VERTEX_POINT('',#1942);
#726=VERTEX_POINT('',#1944);
#727=VERTEX_POINT('',#1946);
#728=VERTEX_POINT('',#1948);
#729=VERTEX_POINT('',#1950);
#730=VERTEX_POINT('',#1953);
#731=VERTEX_POINT('',#1954);
#732=VERTEX_POINT('',#1959);
#733=VERTEX_POINT('',#1961);
#734=VERTEX_POINT('',#1966);
#735=VERTEX_POINT('',#1968);
#736=VERTEX_POINT('',#1973);
#737=VERTEX_POINT('',#1975);
#738=VERTEX_POINT('',#2053);
#739=VERTEX_POINT('',#2054);
#740=VERTEX_POINT('',#2198);
#741=VERTEX_POINT('',#2200);
#742=VERTEX_POINT('',#2304);
#743=VERTEX_POINT('',#2306);
#744=VERTEX_POINT('',#2455);
#745=VERTEX_POINT('',#2456);
#746=VERTEX_POINT('',#2458);
#747=VERTEX_POINT('',#2668);
#748=VERTEX_POINT('',#2669);
#749=VERTEX_POINT('',#2750);
#750=VERTEX_POINT('',#2755);
#751=VERTEX_POINT('',#2811);
#752=VERTEX_POINT('',#2816);
#753=VERTEX_POINT('',#2887);
#754=VERTEX_POINT('',#2888);
#755=VERTEX_POINT('',#3092);
#756=VERTEX_POINT('',#3094);
#757=VERTEX_POINT('',#3098);
#758=VERTEX_POINT('',#3100);
#759=VERTEX_POINT('',#3104);
#760=VERTEX_POINT('',#3107);
#761=VERTEX_POINT('',#3109);
#762=VERTEX_POINT('',#3111);
#763=VERTEX_POINT('',#3113);
#764=VERTEX_POINT('',#3115);
#765=VERTEX_POINT('',#3117);
#766=VERTEX_POINT('',#3119);
#767=VERTEX_POINT('',#3121);
#768=VERTEX_POINT('',#3124);
#769=VERTEX_POINT('',#3126);
#770=VERTEX_POINT('',#3128);
#771=VERTEX_POINT('',#3130);
#772=VERTEX_POINT('',#3133);
#773=VERTEX_POINT('',#3134);
#774=VERTEX_POINT('',#3136);
#775=VERTEX_POINT('',#3138);
#776=VERTEX_POINT('',#3143);
#777=VERTEX_POINT('',#3144);
#778=VERTEX_POINT('',#3146);
#779=VERTEX_POINT('',#3151);
#780=VERTEX_POINT('',#3155);
#781=VERTEX_POINT('',#3166);
#782=VERTEX_POINT('',#3168);
#783=VERTEX_POINT('',#3170);
#784=VERTEX_POINT('',#3172);
#785=VERTEX_POINT('',#3174);
#786=VERTEX_POINT('',#3177);
#787=VERTEX_POINT('',#3179);
#788=VERTEX_POINT('',#3181);
#789=VERTEX_POINT('',#3183);
#790=VERTEX_POINT('',#3186);
#791=VERTEX_POINT('',#3189);
#792=VERTEX_POINT('',#3206);
#793=VERTEX_POINT('',#3210);
#794=VERTEX_POINT('',#3220);
#795=VERTEX_POINT('',#3222);
#796=VERTEX_POINT('',#3224);
#797=VERTEX_POINT('',#3226);
#798=VERTEX_POINT('',#3228);
#799=VERTEX_POINT('',#3230);
#800=VERTEX_POINT('',#3232);
#801=VERTEX_POINT('',#3234);
#802=VERTEX_POINT('',#3236);
#803=VERTEX_POINT('',#3238);
#804=VERTEX_POINT('',#3240);
#805=VERTEX_POINT('',#3244);
#806=VERTEX_POINT('',#3245);
#807=VERTEX_POINT('',#3250);
#808=VERTEX_POINT('',#3254);
#809=VERTEX_POINT('',#3258);
#810=VERTEX_POINT('',#3262);
#811=VERTEX_POINT('',#3263);
#812=VERTEX_POINT('',#3268);
#813=VERTEX_POINT('',#3272);
#814=VERTEX_POINT('',#3275);
#815=VERTEX_POINT('',#3278);
#816=VERTEX_POINT('',#3281);
#817=VERTEX_POINT('',#3284);
#818=VERTEX_POINT('',#3289);
#819=VERTEX_POINT('',#3291);
#820=VERTEX_POINT('',#3293);
#821=VERTEX_POINT('',#3295);
#822=VERTEX_POINT('',#3297);
#823=VERTEX_POINT('',#3299);
#824=LINE('',#1869,#934);
#825=LINE('',#1874,#935);
#826=LINE('',#1876,#936);
#827=LINE('',#1878,#937);
#828=LINE('',#1880,#938);
#829=LINE('',#1882,#939);
#830=LINE('',#1884,#940);
#831=LINE('',#1886,#941);
#832=LINE('',#1888,#942);
#833=LINE('',#1890,#943);
#834=LINE('',#1892,#944);
#835=LINE('',#1894,#945);
#836=LINE('',#1896,#946);
#837=LINE('',#1898,#947);
#838=LINE('',#1900,#948);
#839=LINE('',#1903,#949);
#840=LINE('',#1905,#950);
#841=LINE('',#1907,#951);
#842=LINE('',#1909,#952);
#843=LINE('',#1911,#953);
#844=LINE('',#1913,#954);
#845=LINE('',#1915,#955);
#846=LINE('',#1917,#956);
#847=LINE('',#1919,#957);
#848=LINE('',#1921,#958);
#849=LINE('',#1924,#959);
#850=LINE('',#1926,#960);
#851=LINE('',#1927,#961);
#852=LINE('',#1929,#962);
#853=LINE('',#1932,#963);
#854=LINE('',#1936,#964);
#855=LINE('',#1941,#965);
#856=LINE('',#1945,#966);
#857=LINE('',#1949,#967);
#858=LINE('',#2052,#968);
#859=LINE('',#2199,#969);
#860=LINE('',#2305,#970);
#861=LINE('',#2457,#971);
#862=LINE('',#2459,#972);
#863=LINE('',#3089,#973);
#864=LINE('',#3091,#974);
#865=LINE('',#3093,#975);
#866=LINE('',#3095,#976);
#867=LINE('',#3097,#977);
#868=LINE('',#3099,#978);
#869=LINE('',#3101,#979);
#870=LINE('',#3103,#980);
#871=LINE('',#3105,#981);
#872=LINE('',#3108,#982);
#873=LINE('',#3110,#983);
#874=LINE('',#3112,#984);
#875=LINE('',#3116,#985);
#876=LINE('',#3118,#986);
#877=LINE('',#3120,#987);
#878=LINE('',#3122,#988);
#879=LINE('',#3132,#989);
#880=LINE('',#3135,#990);
#881=LINE('',#3137,#991);
#882=LINE('',#3139,#992);
#883=LINE('',#3140,#993);
#884=LINE('',#3142,#994);
#885=LINE('',#3145,#995);
#886=LINE('',#3147,#996);
#887=LINE('',#3150,#997);
#888=LINE('',#3152,#998);
#889=LINE('',#3156,#999);
#890=LINE('',#3161,#1000);
#891=LINE('',#3163,#1001);
#892=LINE('',#3164,#1002);
#893=LINE('',#3165,#1003);
#894=LINE('',#3169,#1004);
#895=LINE('',#3171,#1005);
#896=LINE('',#3173,#1006);
#897=LINE('',#3191,#1007);
#898=LINE('',#3192,#1008);
#899=LINE('',#3195,#1009);
#900=LINE('',#3196,#1010);
#901=LINE('',#3198,#1011);
#902=LINE('',#3200,#1012);
#903=LINE('',#3214,#1013);
#904=LINE('',#3215,#1014);
#905=LINE('',#3229,#1015);
#906=LINE('',#3231,#1016);
#907=LINE('',#3233,#1017);
#908=LINE('',#3235,#1018);
#909=LINE('',#3237,#1019);
#910=LINE('',#3239,#1020);
#911=LINE('',#3241,#1021);
#912=LINE('',#3243,#1022);
#913=LINE('',#3246,#1023);
#914=LINE('',#3247,#1024);
#915=LINE('',#3249,#1025);
#916=LINE('',#3251,#1026);
#917=LINE('',#3253,#1027);
#918=LINE('',#3255,#1028);
#919=LINE('',#3257,#1029);
#920=LINE('',#3259,#1030);
#921=LINE('',#3261,#1031);
#922=LINE('',#3264,#1032);
#923=LINE('',#3265,#1033);
#924=LINE('',#3267,#1034);
#925=LINE('',#3269,#1035);
#926=LINE('',#3286,#1036);
#927=LINE('',#3296,#1037);
#928=LINE('',#3298,#1038);
#929=LINE('',#3300,#1039);
#930=LINE('',#3302,#1040);
#931=LINE('',#3304,#1041);
#932=LINE('',#3306,#1042);
#933=LINE('',#3308,#1043);
#934=VECTOR('',#1525,1.);
#935=VECTOR('',#1528,1.);
#936=VECTOR('',#1529,1.);
#937=VECTOR('',#1530,1.);
#938=VECTOR('',#1531,1.);
#939=VECTOR('',#1532,1.);
#940=VECTOR('',#1535,1.);
#941=VECTOR('',#1536,1.);
#942=VECTOR('',#1537,1.);
#943=VECTOR('',#1540,1.);
#944=VECTOR('',#1541,1.);
#945=VECTOR('',#1542,1.);
#946=VECTOR('',#1543,1.);
#947=VECTOR('',#1544,1.);
#948=VECTOR('',#1547,1.);
#949=VECTOR('',#1548,1.);
#950=VECTOR('',#1549,1.);
#951=VECTOR('',#1550,1.);
#952=VECTOR('',#1551,1.);
#953=VECTOR('',#1552,1.);
#954=VECTOR('',#1553,1.);
#955=VECTOR('',#1554,1.);
#956=VECTOR('',#1555,1.);
#957=VECTOR('',#1556,1.);
#958=VECTOR('',#1557,1.);
#959=VECTOR('',#1562,1.);
#960=VECTOR('',#1565,1.);
#961=VECTOR('',#1566,1.);
#962=VECTOR('',#1569,1.);
#963=VECTOR('',#1570,1.);
#964=VECTOR('',#1575,1.);
#965=VECTOR('',#1578,1.);
#966=VECTOR('',#1581,1.);
#967=VECTOR('',#1584,1.);
#968=VECTOR('',#1595,1.);
#969=VECTOR('',#1596,1.);
#970=VECTOR('',#1597,1.);
#971=VECTOR('',#1602,1.);
#972=VECTOR('',#1603,1.);
#973=VECTOR('',#1626,1.);
#974=VECTOR('',#1629,1.);
#975=VECTOR('',#1630,1.);
#976=VECTOR('',#1631,1.);
#977=VECTOR('',#1634,1.);
#978=VECTOR('',#1635,1.);
#979=VECTOR('',#1636,1.);
#980=VECTOR('',#1639,1.);
#981=VECTOR('',#1640,1.);
#982=VECTOR('',#1643,1.);
#983=VECTOR('',#1644,1.);
#984=VECTOR('',#1645,1.);
#985=VECTOR('',#1648,1.);
#986=VECTOR('',#1649,1.);
#987=VECTOR('',#1650,1.);
#988=VECTOR('',#1651,1.);
#989=VECTOR('',#1662,1.);
#990=VECTOR('',#1663,1.);
#991=VECTOR('',#1664,1.);
#992=VECTOR('',#1665,1.);
#993=VECTOR('',#1666,1.);
#994=VECTOR('',#1669,1.);
#995=VECTOR('',#1670,1.);
#996=VECTOR('',#1671,1.);
#997=VECTOR('',#1676,1.);
#998=VECTOR('',#1677,1.);
#999=VECTOR('',#1682,1.);
#1000=VECTOR('',#1691,1.);
#1001=VECTOR('',#1694,1.);
#1002=VECTOR('',#1695,1.);
#1003=VECTOR('',#1696,1.);
#1004=VECTOR('',#1699,1.);
#1005=VECTOR('',#1700,1.);
#1006=VECTOR('',#1701,1.);
#1007=VECTOR('',#1722,1.);
#1008=VECTOR('',#1723,1.);
#1009=VECTOR('',#1728,1.);
#1010=VECTOR('',#1729,1.);
#1011=VECTOR('',#1732,1.);
#1012=VECTOR('',#1735,1.);
#1013=VECTOR('',#1758,1.);
#1014=VECTOR('',#1759,1.);
#1015=VECTOR('',#1776,1.);
#1016=VECTOR('',#1777,1.);
#1017=VECTOR('',#1778,1.);
#1018=VECTOR('',#1779,1.);
#1019=VECTOR('',#1780,1.);
#1020=VECTOR('',#1781,1.);
#1021=VECTOR('',#1782,1.);
#1022=VECTOR('',#1785,1.);
#1023=VECTOR('',#1786,1.);
#1024=VECTOR('',#1787,1.);
#1025=VECTOR('',#1790,1.);
#1026=VECTOR('',#1791,1.);
#1027=VECTOR('',#1794,1.);
#1028=VECTOR('',#1795,1.);
#1029=VECTOR('',#1798,1.);
#1030=VECTOR('',#1799,1.);
#1031=VECTOR('',#1802,1.);
#1032=VECTOR('',#1803,1.);
#1033=VECTOR('',#1804,1.);
#1034=VECTOR('',#1807,1.);
#1035=VECTOR('',#1808,1.);
#1036=VECTOR('',#1831,1.);
#1037=VECTOR('',#1842,1.);
#1038=VECTOR('',#1843,1.);
#1039=VECTOR('',#1844,1.);
#1040=VECTOR('',#1847,1.);
#1041=VECTOR('',#1850,1.);
#1042=VECTOR('',#1853,1.);
#1043=VECTOR('',#1856,1.);
#1044=EDGE_LOOP('',(#128,#129,#130,#131,#132,#133,#134));
#1045=EDGE_LOOP('',(#135,#136,#137,#138));
#1046=EDGE_LOOP('',(#139,#140,#141,#142,#143,#144));
#1047=EDGE_LOOP('',(#145,#146,#147,#148,#149,#150,#151,#152,#153,#154,#155));
#1048=EDGE_LOOP('',(#156,#157,#158,#159));
#1049=EDGE_LOOP('',(#160,#161,#162,#163));
#1050=EDGE_LOOP('',(#164,#165,#166));
#1051=EDGE_LOOP('',(#167,#168,#169,#170,#171,#172,#173,#174));
#1052=EDGE_LOOP('',(#175,#176,#177,#178,#179,#180,#181,#182));
#1053=EDGE_LOOP('',(#183,#184,#185,#186));
#1054=EDGE_LOOP('',(#187,#188,#189,#190));
#1055=EDGE_LOOP('',(#191,#192,#193,#194));
#1056=EDGE_LOOP('',(#195,#196,#197,#198));
#1057=EDGE_LOOP('',(#199,#200,#201));
#1058=EDGE_LOOP('',(#202,#203,#204,#205));
#1059=EDGE_LOOP('',(#206,#207,#208,#209));
#1060=EDGE_LOOP('',(#210,#211,#212,#213));
#1061=EDGE_LOOP('',(#214,#215,#216,#217));
#1062=EDGE_LOOP('',(#218,#219,#220,#221));
#1063=EDGE_LOOP('',(#222,#223,#224,#225));
#1064=EDGE_LOOP('',(#226,#227,#228,#229));
#1065=EDGE_LOOP('',(#230,#231,#232,#233));
#1066=EDGE_LOOP('',(#234,#235,#236,#237));
#1067=EDGE_LOOP('',(#238,#239,#240,#241,#242,#243));
#1068=EDGE_LOOP('',(#244,#245,#246,#247));
#1069=EDGE_LOOP('',(#248,#249,#250,#251,#252,#253));
#1070=EDGE_LOOP('',(#254,#255,#256,#257));
#1071=EDGE_LOOP('',(#258,#259,#260,#261,#262,#263,#264,#265,#266,#267));
#1072=EDGE_LOOP('',(#268,#269,#270,#271));
#1073=EDGE_LOOP('',(#272,#273,#274,#275,#276,#277,#278,#279,#280,#281,#282,
#283,#284,#285,#286,#287,#288));
#1074=EDGE_LOOP('',(#289));
#1075=EDGE_LOOP('',(#290));
#1076=EDGE_LOOP('',(#291));
#1077=EDGE_LOOP('',(#292));
#1078=EDGE_LOOP('',(#293,#294,#295,#296,#297,#298));
#1079=EDGE_LOOP('',(#299,#300,#301,#302,#303,#304,#305,#306,#307,#308));
#1080=EDGE_LOOP('',(#309,#310,#311,#312,#313));
#1081=EDGE_LOOP('',(#314,#315,#316,#317,#318,#319,#320));
#1082=EDGE_LOOP('',(#321,#322,#323,#324));
#1083=EDGE_LOOP('',(#325,#326,#327,#328));
#1084=EDGE_LOOP('',(#329,#330,#331));
#1085=EDGE_LOOP('',(#332,#333,#334,#335,#336,#337,#338,#339,#340,#341,#342,
#343,#344));
#1086=EDGE_LOOP('',(#345));
#1087=EDGE_LOOP('',(#346));
#1088=EDGE_LOOP('',(#347));
#1089=EDGE_LOOP('',(#348));
#1090=EDGE_LOOP('',(#349));
#1091=EDGE_LOOP('',(#350));
#1092=EDGE_LOOP('',(#351));
#1093=EDGE_LOOP('',(#352));
#1094=EDGE_LOOP('',(#353,#354,#355,#356));
#1095=EDGE_LOOP('',(#357,#358,#359,#360));
#1096=EDGE_LOOP('',(#361,#362,#363,#364,#365));
#1097=EDGE_LOOP('',(#366,#367,#368,#369));
#1098=EDGE_LOOP('',(#370,#371,#372,#373));
#1099=EDGE_LOOP('',(#374,#375,#376,#377));
#1100=EDGE_LOOP('',(#378));
#1101=EDGE_LOOP('',(#379));
#1102=EDGE_LOOP('',(#380));
#1103=EDGE_LOOP('',(#381));
#1104=EDGE_LOOP('',(#382));
#1105=EDGE_LOOP('',(#383));
#1106=EDGE_LOOP('',(#384));
#1107=EDGE_LOOP('',(#385));
#1108=EDGE_LOOP('',(#386));
#1109=EDGE_LOOP('',(#387));
#1110=EDGE_LOOP('',(#388));
#1111=EDGE_LOOP('',(#389));
#1112=EDGE_LOOP('',(#390,#391,#392,#393));
#1113=EDGE_LOOP('',(#394,#395,#396,#397,#398,#399));
#1114=EDGE_LOOP('',(#400,#401,#402,#403,#404));
#1115=EDGE_LOOP('',(#405,#406,#407,#408,#409));
#1116=EDGE_LOOP('',(#410));
#1117=EDGE_LOOP('',(#411));
#1118=EDGE_LOOP('',(#412));
#1119=EDGE_LOOP('',(#413));
#1120=EDGE_LOOP('',(#414));
#1121=EDGE_LOOP('',(#415,#416,#417,#418,#419,#420,#421,#422,#423,#424));
#1122=EDGE_LOOP('',(#425,#426,#427,#428));
#1123=EDGE_LOOP('',(#429,#430,#431,#432));
#1124=EDGE_LOOP('',(#433,#434,#435,#436));
#1125=EDGE_LOOP('',(#437,#438,#439,#440,#441));
#1126=EDGE_LOOP('',(#442,#443,#444,#445,#446));
#1127=EDGE_LOOP('',(#447,#448,#449,#450));
#1128=EDGE_LOOP('',(#451));
#1129=EDGE_LOOP('',(#452));
#1130=EDGE_LOOP('',(#453));
#1131=EDGE_LOOP('',(#454));
#1132=EDGE_LOOP('',(#455));
#1133=EDGE_LOOP('',(#456));
#1134=EDGE_LOOP('',(#457));
#1135=EDGE_LOOP('',(#458));
#1136=EDGE_LOOP('',(#459));
#1137=EDGE_LOOP('',(#460));
#1138=EDGE_LOOP('',(#461,#462,#463,#464));
#1139=EDGE_LOOP('',(#465));
#1140=EDGE_LOOP('',(#466));
#1141=EDGE_LOOP('',(#467));
#1142=EDGE_LOOP('',(#468));
#1143=EDGE_LOOP('',(#469));
#1144=EDGE_LOOP('',(#470,#471,#472,#473,#474,#475,#476,#477,#478,#479));
#1145=EDGE_LOOP('',(#480,#481,#482,#483));
#1146=EDGE_LOOP('',(#484,#485,#486));
#1147=EDGE_LOOP('',(#487,#488,#489,#490));
#1148=EDGE_LOOP('',(#491,#492,#493));
#1149=EDGE_LOOP('',(#494,#495,#496,#497));
#1150=EDGE_LOOP('',(#498));
#1151=EDGE_LOOP('',(#499));
#1152=EDGE_LOOP('',(#500));
#1153=EDGE_LOOP('',(#501));
#1154=EDGE_LOOP('',(#502));
#1155=EDGE_LOOP('',(#503));
#1156=EDGE_LOOP('',(#504));
#1157=EDGE_LOOP('',(#505));
#1158=FACE_BOUND('',#1044,.T.);
#1159=FACE_BOUND('',#1045,.T.);
#1160=FACE_BOUND('',#1046,.T.);
#1161=FACE_BOUND('',#1047,.T.);
#1162=FACE_BOUND('',#1048,.T.);
#1163=FACE_BOUND('',#1049,.T.);
#1164=FACE_BOUND('',#1050,.T.);
#1165=FACE_BOUND('',#1051,.T.);
#1166=FACE_BOUND('',#1052,.T.);
#1167=FACE_BOUND('',#1053,.T.);
#1168=FACE_BOUND('',#1054,.T.);
#1169=FACE_BOUND('',#1055,.T.);
#1170=FACE_BOUND('',#1056,.T.);
#1171=FACE_BOUND('',#1057,.T.);
#1172=FACE_BOUND('',#1058,.T.);
#1173=FACE_BOUND('',#1059,.T.);
#1174=FACE_BOUND('',#1060,.T.);
#1175=FACE_BOUND('',#1061,.T.);
#1176=FACE_BOUND('',#1062,.T.);
#1177=FACE_BOUND('',#1063,.T.);
#1178=FACE_BOUND('',#1064,.T.);
#1179=FACE_BOUND('',#1065,.T.);
#1180=FACE_BOUND('',#1066,.T.);
#1181=FACE_BOUND('',#1067,.T.);
#1182=FACE_BOUND('',#1068,.T.);
#1183=FACE_BOUND('',#1069,.T.);
#1184=FACE_BOUND('',#1070,.T.);
#1185=FACE_BOUND('',#1071,.T.);
#1186=FACE_BOUND('',#1072,.T.);
#1187=FACE_BOUND('',#1073,.T.);
#1188=FACE_BOUND('',#1074,.T.);
#1189=FACE_BOUND('',#1075,.T.);
#1190=FACE_BOUND('',#1076,.T.);
#1191=FACE_BOUND('',#1077,.T.);
#1192=FACE_BOUND('',#1078,.T.);
#1193=FACE_BOUND('',#1079,.T.);
#1194=FACE_BOUND('',#1080,.T.);
#1195=FACE_BOUND('',#1081,.T.);
#1196=FACE_BOUND('',#1082,.T.);
#1197=FACE_BOUND('',#1083,.T.);
#1198=FACE_BOUND('',#1084,.T.);
#1199=FACE_BOUND('',#1085,.T.);
#1200=FACE_BOUND('',#1086,.T.);
#1201=FACE_BOUND('',#1087,.T.);
#1202=FACE_BOUND('',#1088,.T.);
#1203=FACE_BOUND('',#1089,.T.);
#1204=FACE_BOUND('',#1090,.T.);
#1205=FACE_BOUND('',#1091,.T.);
#1206=FACE_BOUND('',#1092,.T.);
#1207=FACE_BOUND('',#1093,.T.);
#1208=FACE_BOUND('',#1094,.T.);
#1209=FACE_BOUND('',#1095,.T.);
#1210=FACE_BOUND('',#1096,.T.);
#1211=FACE_BOUND('',#1097,.T.);
#1212=FACE_BOUND('',#1098,.T.);
#1213=FACE_BOUND('',#1099,.T.);
#1214=FACE_BOUND('',#1100,.T.);
#1215=FACE_BOUND('',#1101,.T.);
#1216=FACE_BOUND('',#1102,.T.);
#1217=FACE_BOUND('',#1103,.T.);
#1218=FACE_BOUND('',#1104,.T.);
#1219=FACE_BOUND('',#1105,.T.);
#1220=FACE_BOUND('',#1106,.T.);
#1221=FACE_BOUND('',#1107,.T.);
#1222=FACE_BOUND('',#1108,.T.);
#1223=FACE_BOUND('',#1109,.T.);
#1224=FACE_BOUND('',#1110,.T.);
#1225=FACE_BOUND('',#1111,.T.);
#1226=FACE_BOUND('',#1112,.T.);
#1227=FACE_BOUND('',#1113,.T.);
#1228=FACE_BOUND('',#1114,.T.);
#1229=FACE_BOUND('',#1115,.T.);
#1230=FACE_BOUND('',#1116,.T.);
#1231=FACE_BOUND('',#1117,.T.);
#1232=FACE_BOUND('',#1118,.T.);
#1233=FACE_BOUND('',#1119,.T.);
#1234=FACE_BOUND('',#1120,.T.);
#1235=FACE_BOUND('',#1121,.T.);
#1236=FACE_BOUND('',#1122,.T.);
#1237=FACE_BOUND('',#1123,.T.);
#1238=FACE_BOUND('',#1124,.T.);
#1239=FACE_BOUND('',#1125,.T.);
#1240=FACE_BOUND('',#1126,.T.);
#1241=FACE_BOUND('',#1127,.T.);
#1242=FACE_BOUND('',#1128,.T.);
#1243=FACE_BOUND('',#1129,.T.);
#1244=FACE_BOUND('',#1130,.T.);
#1245=FACE_BOUND('',#1131,.T.);
#1246=FACE_BOUND('',#1132,.T.);
#1247=FACE_BOUND('',#1133,.T.);
#1248=FACE_BOUND('',#1134,.T.);
#1249=FACE_BOUND('',#1135,.T.);
#1250=FACE_BOUND('',#1136,.T.);
#1251=FACE_BOUND('',#1137,.T.);
#1252=FACE_BOUND('',#1138,.T.);
#1253=FACE_BOUND('',#1139,.T.);
#1254=FACE_BOUND('',#1140,.T.);
#1255=FACE_BOUND('',#1141,.T.);
#1256=FACE_BOUND('',#1142,.T.);
#1257=FACE_BOUND('',#1143,.T.);
#1258=FACE_BOUND('',#1144,.T.);
#1259=FACE_BOUND('',#1145,.T.);
#1260=FACE_BOUND('',#1146,.T.);
#1261=FACE_BOUND('',#1147,.T.);
#1262=FACE_BOUND('',#1148,.T.);
#1263=FACE_BOUND('',#1149,.T.);
#1264=FACE_BOUND('',#1150,.T.);
#1265=FACE_BOUND('',#1151,.T.);
#1266=FACE_BOUND('',#1152,.T.);
#1267=FACE_BOUND('',#1153,.T.);
#1268=FACE_BOUND('',#1154,.T.);
#1269=FACE_BOUND('',#1155,.T.);
#1270=FACE_BOUND('',#1156,.T.);
#1271=FACE_BOUND('',#1157,.T.);
#1272=PLANE('',#1404);
#1273=PLANE('',#1406);
#1274=PLANE('',#1407);
#1275=PLANE('',#1408);
#1276=PLANE('',#1409);
#1277=PLANE('',#1411);
#1278=PLANE('',#1412);
#1279=PLANE('',#1414);
#1280=PLANE('',#1423);
#1281=PLANE('',#1435);
#1282=PLANE('',#1436);
#1283=PLANE('',#1437);
#1284=PLANE('',#1438);
#1285=PLANE('',#1445);
#1286=PLANE('',#1446);
#1287=PLANE('',#1454);
#1288=PLANE('',#1455);
#1289=PLANE('',#1466);
#1290=PLANE('',#1468);
#1291=PLANE('',#1470);
#1292=PLANE('',#1471);
#1293=PLANE('',#1476);
#1294=PLANE('',#1479);
#1295=PLANE('',#1480);
#1296=PLANE('',#1481);
#1297=PLANE('',#1482);
#1298=PLANE('',#1483);
#1299=PLANE('',#1484);
#1300=PLANE('',#1490);
#1301=PLANE('',#1491);
#1302=PLANE('',#1492);
#1303=PLANE('',#1493);
#1304=PLANE('',#1494);
#1305=PLANE('',#1495);
#1306=PLANE('',#1506);
#1307=PLANE('',#1507);
#1308=PLANE('',#1512);
#1309=PLANE('',#1513);
#1310=PLANE('',#1514);
#1311=PLANE('',#1515);
#1312=PLANE('',#1516);
#1313=ADVANCED_FACE('',(#1158),#1272,.F.);
#1314=ADVANCED_FACE('',(#1159),#1273,.F.);
#1315=ADVANCED_FACE('',(#1160),#1274,.F.);
#1316=ADVANCED_FACE('',(#1161),#1275,.F.);
#1317=ADVANCED_FACE('',(#1162),#1276,.F.);
#1318=ADVANCED_FACE('',(#1163),#1277,.F.);
#1319=ADVANCED_FACE('',(#1164),#1278,.F.);
#1320=ADVANCED_FACE('',(#1165,#1166),#1279,.T.);
#1321=ADVANCED_FACE('',(#1167),#41,.T.);
#1322=ADVANCED_FACE('',(#1168),#42,.T.);
#1323=ADVANCED_FACE('',(#1169),#43,.T.);
#1324=ADVANCED_FACE('',(#1170),#44,.T.);
#1325=ADVANCED_FACE('',(#1171),#1280,.F.);
#1326=ADVANCED_FACE('',(#1172),#33,.T.);
#1327=ADVANCED_FACE('',(#1173),#34,.T.);
#1328=ADVANCED_FACE('',(#1174),#35,.T.);
#1329=ADVANCED_FACE('',(#1175),#36,.T.);
#1330=ADVANCED_FACE('',(#1176),#45,.F.);
#1331=ADVANCED_FACE('',(#1177),#46,.F.);
#1332=ADVANCED_FACE('',(#1178),#47,.F.);
#1333=ADVANCED_FACE('',(#1179),#48,.F.);
#1334=ADVANCED_FACE('',(#1180),#37,.F.);
#1335=ADVANCED_FACE('',(#1181),#38,.F.);
#1336=ADVANCED_FACE('',(#1182),#39,.F.);
#1337=ADVANCED_FACE('',(#1183),#40,.F.);
#1338=ADVANCED_FACE('',(#1184),#1281,.T.);
#1339=ADVANCED_FACE('',(#1185),#1282,.T.);
#1340=ADVANCED_FACE('',(#1186),#1283,.F.);
#1341=ADVANCED_FACE('',(#1187,#1188,#1189,#1190,#1191),#1284,.T.);
#1342=ADVANCED_FACE('',(#1192),#1285,.T.);
#1343=ADVANCED_FACE('',(#1193),#1286,.F.);
#1344=ADVANCED_FACE('',(#1194),#16,.T.);
#1345=ADVANCED_FACE('',(#1195),#17,.T.);
#1346=ADVANCED_FACE('',(#1196),#18,.T.);
#1347=ADVANCED_FACE('',(#1197),#19,.T.);
#1348=ADVANCED_FACE('',(#1198),#1287,.T.);
#1349=ADVANCED_FACE('',(#1199,#1200,#1201,#1202,#1203),#1288,.T.);
#1350=ADVANCED_FACE('',(#1204,#1205),#20,.F.);
#1351=ADVANCED_FACE('',(#1206,#1207),#21,.F.);
#1352=ADVANCED_FACE('',(#1208),#1289,.T.);
#1353=ADVANCED_FACE('',(#1209),#22,.T.);
#1354=ADVANCED_FACE('',(#1210),#1290,.F.);
#1355=ADVANCED_FACE('',(#1211),#23,.T.);
#1356=ADVANCED_FACE('',(#1212),#1291,.T.);
#1357=ADVANCED_FACE('',(#1213),#1292,.F.);
#1358=ADVANCED_FACE('',(#1214,#1215),#24,.F.);
#1359=ADVANCED_FACE('',(#1216,#1217),#25,.F.);
#1360=ADVANCED_FACE('',(#1218,#1219),#26,.F.);
#1361=ADVANCED_FACE('',(#1220,#1221),#1293,.T.);
#1362=ADVANCED_FACE('',(#1222,#1223),#27,.F.);
#1363=ADVANCED_FACE('',(#1224,#1225),#1294,.T.);
#1364=ADVANCED_FACE('',(#1226),#1295,.T.);
#1365=ADVANCED_FACE('',(#1227),#1296,.T.);
#1366=ADVANCED_FACE('',(#1228),#1297,.F.);
#1367=ADVANCED_FACE('',(#1229),#1298,.T.);
#1368=ADVANCED_FACE('',(#1230,#1231,#1232,#1233,#1234,#1235),#1299,.T.);
#1369=ADVANCED_FACE('',(#1236),#1300,.F.);
#1370=ADVANCED_FACE('',(#1237),#1301,.F.);
#1371=ADVANCED_FACE('',(#1238),#1302,.F.);
#1372=ADVANCED_FACE('',(#1239),#1303,.F.);
#1373=ADVANCED_FACE('',(#1240),#1304,.F.);
#1374=ADVANCED_FACE('',(#1241),#1305,.F.);
#1375=ADVANCED_FACE('',(#1242,#1243),#28,.F.);
#1376=ADVANCED_FACE('',(#1244,#1245),#29,.F.);
#1377=ADVANCED_FACE('',(#1246,#1247),#30,.F.);
#1378=ADVANCED_FACE('',(#1248,#1249),#31,.F.);
#1379=ADVANCED_FACE('',(#1250,#1251),#32,.F.);
#1380=ADVANCED_FACE('',(#1252),#1306,.F.);
#1381=ADVANCED_FACE('',(#1253,#1254,#1255,#1256,#1257,#1258),#1307,.F.);
#1382=ADVANCED_FACE('',(#1259),#1308,.F.);
#1383=ADVANCED_FACE('',(#1260),#1309,.T.);
#1384=ADVANCED_FACE('',(#1261),#1310,.F.);
#1385=ADVANCED_FACE('',(#1262),#1311,.T.);
#1386=ADVANCED_FACE('',(#1263),#1312,.F.);
#1387=ADVANCED_FACE('',(#1264,#1265),#12,.F.);
#1388=ADVANCED_FACE('',(#1266,#1267),#13,.F.);
#1389=ADVANCED_FACE('',(#1268,#1269),#14,.F.);
#1390=ADVANCED_FACE('',(#1270,#1271),#15,.F.);
#1391=CLOSED_SHELL('',(#1313,#1314,#1315,#1316,#1317,#1318,#1319,#1320,
#1321,#1322,#1323,#1324,#1325,#1326,#1327,#1328,#1329,#1330,#1331,#1332,
#1333,#1334,#1335,#1336,#1337,#1338,#1339,#1340,#1341,#1342,#1343,#1344,
#1345,#1346,#1347,#1348,#1349,#1350,#1351,#1352,#1353,#1354,#1355,#1356,
#1357,#1358,#1359,#1360,#1361,#1362,#1363,#1364,#1365,#1366,#1367,#1368,
#1369,#1370,#1371,#1372,#1373,#1374,#1375,#1376,#1377,#1378,#1379,#1380,
#1381,#1382,#1383,#1384,#1385,#1386,#1387,#1388,#1389,#1390));
#1392=STYLED_ITEM('',(#1393),#1400);
#1393=PRESENTATION_STYLE_ASSIGNMENT((#1394));
#1394=SURFACE_STYLE_USAGE(.BOTH.,#1395);
#1395=SURFACE_SIDE_STYLE('',(#1396));
#1396=SURFACE_STYLE_FILL_AREA(#1397);
#1397=FILL_AREA_STYLE('',(#1398));
#1398=FILL_AREA_STYLE_COLOUR('',#1399);
#1399=COLOUR_RGB('',0.301960784313725,0.301960784313725,0.301960784313725);
#1400=MANIFOLD_SOLID_BREP('Duct Mount',#1391);
#1401=SHAPE_DEFINITION_REPRESENTATION(#3320,#1402);
#1402=SHAPE_REPRESENTATION('Duct Mount',(#1403),#3315);
#1403=AXIS2_PLACEMENT_3D('',#1867,#1521,#1522);
#1404=AXIS2_PLACEMENT_3D('',#1868,#1523,#1524);
#1405=AXIS2_PLACEMENT_3D('',#1872,#1526,#1527);
#1406=AXIS2_PLACEMENT_3D('',#1883,#1533,#1534);
#1407=AXIS2_PLACEMENT_3D('',#1889,#1538,#1539);
#1408=AXIS2_PLACEMENT_3D('',#1899,#1545,#1546);
#1409=AXIS2_PLACEMENT_3D('',#1922,#1558,#1559);
#1410=AXIS2_PLACEMENT_3D('',#1923,#1560,#1561);
#1411=AXIS2_PLACEMENT_3D('',#1925,#1563,#1564);
#1412=AXIS2_PLACEMENT_3D('',#1928,#1567,#1568);
#1413=AXIS2_PLACEMENT_3D('',#1934,#1571,#1572);
#1414=AXIS2_PLACEMENT_3D('',#1935,#1573,#1574);
#1415=AXIS2_PLACEMENT_3D('',#1939,#1576,#1577);
#1416=AXIS2_PLACEMENT_3D('',#1943,#1579,#1580);
#1417=AXIS2_PLACEMENT_3D('',#1947,#1582,#1583);
#1418=AXIS2_PLACEMENT_3D('',#1951,#1585,#1586);
#1419=AXIS2_PLACEMENT_3D('',#1952,#1587,#1588);
#1420=AXIS2_PLACEMENT_3D('',#1960,#1589,#1590);
#1421=AXIS2_PLACEMENT_3D('',#1967,#1591,#1592);
#1422=AXIS2_PLACEMENT_3D('',#1974,#1593,#1594);
#1423=AXIS2_PLACEMENT_3D('',#2453,#1598,#1599);
#1424=AXIS2_PLACEMENT_3D('',#2454,#1600,#1601);
#1425=AXIS2_PLACEMENT_3D('',#2499,#1604,#1605);
#1426=AXIS2_PLACEMENT_3D('',#2542,#1606,#1607);
#1427=AXIS2_PLACEMENT_3D('',#2585,#1608,#1609);
#1428=AXIS2_PLACEMENT_3D('',#2631,#1610,#1611);
#1429=AXIS2_PLACEMENT_3D('',#2953,#1612,#1613);
#1430=AXIS2_PLACEMENT_3D('',#2996,#1614,#1615);
#1431=AXIS2_PLACEMENT_3D('',#2997,#1616,#1617);
#1432=AXIS2_PLACEMENT_3D('',#3040,#1618,#1619);
#1433=AXIS2_PLACEMENT_3D('',#3086,#1620,#1621);
#1434=AXIS2_PLACEMENT_3D('',#3087,#1622,#1623);
#1435=AXIS2_PLACEMENT_3D('',#3088,#1624,#1625);
#1436=AXIS2_PLACEMENT_3D('',#3090,#1627,#1628);
#1437=AXIS2_PLACEMENT_3D('',#3096,#1632,#1633);
#1438=AXIS2_PLACEMENT_3D('',#3102,#1637,#1638);
#1439=AXIS2_PLACEMENT_3D('',#3106,#1641,#1642);
#1440=AXIS2_PLACEMENT_3D('',#3114,#1646,#1647);
#1441=AXIS2_PLACEMENT_3D('',#3123,#1652,#1653);
#1442=AXIS2_PLACEMENT_3D('',#3125,#1654,#1655);
#1443=AXIS2_PLACEMENT_3D('',#3127,#1656,#1657);
#1444=AXIS2_PLACEMENT_3D('',#3129,#1658,#1659);
#1445=AXIS2_PLACEMENT_3D('',#3131,#1660,#1661);
#1446=AXIS2_PLACEMENT_3D('',#3141,#1667,#1668);
#1447=AXIS2_PLACEMENT_3D('',#3148,#1672,#1673);
#1448=AXIS2_PLACEMENT_3D('',#3149,#1674,#1675);
#1449=AXIS2_PLACEMENT_3D('',#3153,#1678,#1679);
#1450=AXIS2_PLACEMENT_3D('',#3154,#1680,#1681);
#1451=AXIS2_PLACEMENT_3D('',#3157,#1683,#1684);
#1452=AXIS2_PLACEMENT_3D('',#3158,#1685,#1686);
#1453=AXIS2_PLACEMENT_3D('',#3159,#1687,#1688);
#1454=AXIS2_PLACEMENT_3D('',#3160,#1689,#1690);
#1455=AXIS2_PLACEMENT_3D('',#3162,#1692,#1693);
#1456=AXIS2_PLACEMENT_3D('',#3167,#1697,#1698);
#1457=AXIS2_PLACEMENT_3D('',#3175,#1702,#1703);
#1458=AXIS2_PLACEMENT_3D('',#3176,#1704,#1705);
#1459=AXIS2_PLACEMENT_3D('',#3178,#1706,#1707);
#1460=AXIS2_PLACEMENT_3D('',#3180,#1708,#1709);
#1461=AXIS2_PLACEMENT_3D('',#3182,#1710,#1711);
#1462=AXIS2_PLACEMENT_3D('',#3184,#1712,#1713);
#1463=AXIS2_PLACEMENT_3D('',#3185,#1714,#1715);
#1464=AXIS2_PLACEMENT_3D('',#3187,#1716,#1717);
#1465=AXIS2_PLACEMENT_3D('',#3188,#1718,#1719);
#1466=AXIS2_PLACEMENT_3D('',#3190,#1720,#1721);
#1467=AXIS2_PLACEMENT_3D('',#3193,#1724,#1725);
#1468=AXIS2_PLACEMENT_3D('',#3194,#1726,#1727);
#1469=AXIS2_PLACEMENT_3D('',#3197,#1730,#1731);
#1470=AXIS2_PLACEMENT_3D('',#3199,#1733,#1734);
#1471=AXIS2_PLACEMENT_3D('',#3201,#1736,#1737);
#1472=AXIS2_PLACEMENT_3D('',#3202,#1738,#1739);
#1473=AXIS2_PLACEMENT_3D('',#3203,#1740,#1741);
#1474=AXIS2_PLACEMENT_3D('',#3204,#1742,#1743);
#1475=AXIS2_PLACEMENT_3D('',#3205,#1744,#1745);
#1476=AXIS2_PLACEMENT_3D('',#3207,#1746,#1747);
#1477=AXIS2_PLACEMENT_3D('',#3208,#1748,#1749);
#1478=AXIS2_PLACEMENT_3D('',#3209,#1750,#1751);
#1479=AXIS2_PLACEMENT_3D('',#3211,#1752,#1753);
#1480=AXIS2_PLACEMENT_3D('',#3212,#1754,#1755);
#1481=AXIS2_PLACEMENT_3D('',#3213,#1756,#1757);
#1482=AXIS2_PLACEMENT_3D('',#3216,#1760,#1761);
#1483=AXIS2_PLACEMENT_3D('',#3217,#1762,#1763);
#1484=AXIS2_PLACEMENT_3D('',#3218,#1764,#1765);
#1485=AXIS2_PLACEMENT_3D('',#3219,#1766,#1767);
#1486=AXIS2_PLACEMENT_3D('',#3221,#1768,#1769);
#1487=AXIS2_PLACEMENT_3D('',#3223,#1770,#1771);
#1488=AXIS2_PLACEMENT_3D('',#3225,#1772,#1773);
#1489=AXIS2_PLACEMENT_3D('',#3227,#1774,#1775);
#1490=AXIS2_PLACEMENT_3D('',#3242,#1783,#1784);
#1491=AXIS2_PLACEMENT_3D('',#3248,#1788,#1789);
#1492=AXIS2_PLACEMENT_3D('',#3252,#1792,#1793);
#1493=AXIS2_PLACEMENT_3D('',#3256,#1796,#1797);
#1494=AXIS2_PLACEMENT_3D('',#3260,#1800,#1801);
#1495=AXIS2_PLACEMENT_3D('',#3266,#1805,#1806);
#1496=AXIS2_PLACEMENT_3D('',#3270,#1809,#1810);
#1497=AXIS2_PLACEMENT_3D('',#3271,#1811,#1812);
#1498=AXIS2_PLACEMENT_3D('',#3273,#1813,#1814);
#1499=AXIS2_PLACEMENT_3D('',#3274,#1815,#1816);
#1500=AXIS2_PLACEMENT_3D('',#3276,#1817,#1818);
#1501=AXIS2_PLACEMENT_3D('',#3277,#1819,#1820);
#1502=AXIS2_PLACEMENT_3D('',#3279,#1821,#1822);
#1503=AXIS2_PLACEMENT_3D('',#3280,#1823,#1824);
#1504=AXIS2_PLACEMENT_3D('',#3282,#1825,#1826);
#1505=AXIS2_PLACEMENT_3D('',#3283,#1827,#1828);
#1506=AXIS2_PLACEMENT_3D('',#3285,#1829,#1830);
#1507=AXIS2_PLACEMENT_3D('',#3287,#1832,#1833);
#1508=AXIS2_PLACEMENT_3D('',#3288,#1834,#1835);
#1509=AXIS2_PLACEMENT_3D('',#3290,#1836,#1837);
#1510=AXIS2_PLACEMENT_3D('',#3292,#1838,#1839);
#1511=AXIS2_PLACEMENT_3D('',#3294,#1840,#1841);
#1512=AXIS2_PLACEMENT_3D('',#3301,#1845,#1846);
#1513=AXIS2_PLACEMENT_3D('',#3303,#1848,#1849);
#1514=AXIS2_PLACEMENT_3D('',#3305,#1851,#1852);
#1515=AXIS2_PLACEMENT_3D('',#3307,#1854,#1855);
#1516=AXIS2_PLACEMENT_3D('',#3309,#1857,#1858);
#1517=AXIS2_PLACEMENT_3D('',#3310,#1859,#1860);
#1518=AXIS2_PLACEMENT_3D('',#3311,#1861,#1862);
#1519=AXIS2_PLACEMENT_3D('',#3312,#1863,#1864);
#1520=AXIS2_PLACEMENT_3D('',#3313,#1865,#1866);
#1521=DIRECTION('',(0.,0.,1.));
#1522=DIRECTION('',(1.,0.,0.));
#1523=DIRECTION('',(0.,0.,1.));
#1524=DIRECTION('',(1.,0.,0.));
#1525=DIRECTION('',(1.,0.,0.));
#1526=DIRECTION('',(0.,0.,1.));
#1527=DIRECTION('',(1.,0.,0.));
#1528=DIRECTION('',(0.,1.,0.));
#1529=DIRECTION('',(1.,0.,0.));
#1530=DIRECTION('',(0.,1.,0.));
#1531=DIRECTION('',(1.,0.,0.));
#1532=DIRECTION('',(0.,1.,0.));
#1533=DIRECTION('',(-1.,0.,-2.08619288477375E-16));
#1534=DIRECTION('',(-2.08619288477375E-16,0.,1.));
#1535=DIRECTION('',(-2.08619288477375E-16,0.,1.));
#1536=DIRECTION('',(0.,1.,0.));
#1537=DIRECTION('',(-2.08619288477375E-16,0.,1.));
#1538=DIRECTION('',(0.,0.,-1.));
#1539=DIRECTION('',(-1.,0.,0.));
#1540=DIRECTION('',(-1.,0.,0.));
#1541=DIRECTION('',(0.,1.,0.));
#1542=DIRECTION('',(-1.,0.,0.));
#1543=DIRECTION('',(0.,-1.,0.));
#1544=DIRECTION('',(-1.,0.,0.));
#1545=DIRECTION('',(1.,0.,2.08619288477375E-16));
#1546=DIRECTION('',(2.08619288477375E-16,0.,-1.));
#1547=DIRECTION('',(0.,-1.,0.));
#1548=DIRECTION('',(-2.08619288477375E-16,3.51550125965503E-18,1.));
#1549=DIRECTION('',(0.,-3.51550125965503E-18,-1.));
#1550=DIRECTION('',(-1.66800334228539E-16,-1.,3.51550125965503E-18));
#1551=DIRECTION('',(0.,-3.51550125965503E-18,-1.));
#1552=DIRECTION('',(-1.66800334228539E-16,-1.,3.51550125965503E-18));
#1553=DIRECTION('',(-5.53156201234375E-35,3.51550125965503E-18,1.));
#1554=DIRECTION('',(-1.57347746559662E-17,1.,-3.51550125965503E-18));
#1555=DIRECTION('',(-5.53156201234375E-35,3.51550125965503E-18,1.));
#1556=DIRECTION('',(0.,1.,0.));
#1557=DIRECTION('',(2.08619288477375E-16,0.,-1.));
#1558=DIRECTION('',(0.707106781186548,0.,0.707106781186547));
#1559=DIRECTION('',(0.,1.,0.));
#1560=DIRECTION('',(0.707106781186548,0.,0.707106781186547));
#1561=DIRECTION('',(0.707106781186547,-4.97166955994384E-18,-0.707106781186548));
#1562=DIRECTION('',(0.707106781186547,0.,-0.707106781186548));
#1563=DIRECTION('',(0.707106781186548,0.,-0.707106781186547));
#1564=DIRECTION('',(0.,1.,0.));
#1565=DIRECTION('',(0.707106781186547,0.,0.707106781186548));
#1566=DIRECTION('',(-0.707106781186547,0.,-0.707106781186548));
#1567=DIRECTION('',(0.,-3.51550125965503E-18,-1.));
#1568=DIRECTION('',(1.,0.,0.));
#1569=DIRECTION('',(0.,1.,-3.51550125965503E-18));
#1570=DIRECTION('',(1.,0.,0.));
#1571=DIRECTION('',(0.,-3.51550125965503E-18,-1.));
#1572=DIRECTION('',(0.,1.,-3.51550125965503E-18));
#1573=DIRECTION('',(-6.12323399573677E-17,0.964503255666361,-0.264070956011809));
#1574=DIRECTION('',(-1.,-5.90587912409505E-17,1.61696825513821E-17));
#1575=DIRECTION('',(1.,1.25504354485986E-17,-1.86038649797469E-16));
#1576=DIRECTION('',(-6.12323399573677E-17,0.964503255666361,-0.264070956011809));
#1577=DIRECTION('',(0.,0.264070956011809,0.964503255666361));
#1578=DIRECTION('',(-2.16840434497101E-16,-0.264070956011809,-0.964503255666361));
#1579=DIRECTION('',(-6.12323399573677E-17,0.964503255666361,-0.264070956011809));
#1580=DIRECTION('',(0.,0.264070956011809,0.964503255666361));
#1581=DIRECTION('',(1.,5.90587912409505E-17,-1.61696825513821E-17));
#1582=DIRECTION('',(-6.12323399573677E-17,0.964503255666361,-0.264070956011809));
#1583=DIRECTION('',(0.,0.264070956011809,0.964503255666361));
#1584=DIRECTION('',(-4.33680868994202E-16,-0.264070956011809,-0.964503255666361));
#1585=DIRECTION('',(-6.12323399573677E-17,0.964503255666361,-0.264070956011809));
#1586=DIRECTION('',(0.,0.264070956011809,0.964503255666361));
#1587=DIRECTION('',(-6.12323399573677E-17,0.964503255666361,-0.264070956011809));
#1588=DIRECTION('',(0.,0.264070956011809,0.964503255666361));
#1589=DIRECTION('',(-6.12323399573677E-17,0.964503255666361,-0.264070956011809));
#1590=DIRECTION('',(0.,0.264070956011809,0.964503255666361));
#1591=DIRECTION('',(-6.12323399573677E-17,0.964503255666361,-0.264070956011809));
#1592=DIRECTION('',(0.,0.264070956011809,0.964503255666361));
#1593=DIRECTION('',(-6.12323399573677E-17,0.964503255666361,-0.264070956011809));
#1594=DIRECTION('',(0.,0.264070956011809,0.964503255666361));
#1595=DIRECTION('',(1.,0.,0.));
#1596=DIRECTION('',(0.,-1.,3.51550125965503E-18));
#1597=DIRECTION('',(1.,0.,0.));
#1598=DIRECTION('',(0.,-3.51550125965503E-18,-1.));
#1599=DIRECTION('',(1.,0.,0.));
#1600=DIRECTION('',(0.,-3.51550125965503E-18,-1.));
#1601=DIRECTION('',(0.,1.,-3.51550125965503E-18));
#1602=DIRECTION('',(1.,0.,0.));
#1603=DIRECTION('',(0.,1.,-3.51550125965503E-18));
#1604=DIRECTION('',(0.,-3.51550125965503E-18,-1.));
#1605=DIRECTION('',(0.,1.,-3.51550125965503E-18));
#1606=DIRECTION('',(0.,-3.51550125965503E-18,-1.));
#1607=DIRECTION('',(0.,1.,-3.51550125965503E-18));
#1608=DIRECTION('',(0.,-3.51550125965503E-18,-1.));
#1609=DIRECTION('',(0.,1.,-3.51550125965503E-18));
#1610=DIRECTION('',(0.,-3.51550125965503E-18,-1.));
#1611=DIRECTION('',(0.,1.,-3.51550125965503E-18));
#1612=DIRECTION('',(0.,-3.51550125965503E-18,-1.));
#1613=DIRECTION('',(0.,1.,-3.51550125965503E-18));
#1614=DIRECTION('',(0.,-3.51550125965503E-18,-1.));
#1615=DIRECTION('',(0.,1.,-3.51550125965503E-18));
#1616=DIRECTION('',(0.,-3.51550125965503E-18,-1.));
#1617=DIRECTION('',(0.,1.,-3.51550125965503E-18));
#1618=DIRECTION('',(0.,-3.51550125965503E-18,-1.));
#1619=DIRECTION('',(0.,1.,-3.51550125965503E-18));
#1620=DIRECTION('',(0.,-3.51550125965503E-18,-1.));
#1621=DIRECTION('',(0.,1.,-3.51550125965503E-18));
#1622=DIRECTION('',(0.,-3.51550125965503E-18,-1.));
#1623=DIRECTION('',(0.,1.,-3.51550125965503E-18));
#1624=DIRECTION('',(0.,-3.51550125965503E-18,-1.));
#1625=DIRECTION('',(1.,0.,0.));
#1626=DIRECTION('',(1.,0.,0.));
#1627=DIRECTION('',(0.,-3.51550125965503E-18,-1.));
#1628=DIRECTION('',(1.,0.,0.));
#1629=DIRECTION('',(0.,1.,-3.51550125965503E-18));
#1630=DIRECTION('',(1.,0.,0.));
#1631=DIRECTION('',(0.,1.,-3.51550125965503E-18));
#1632=DIRECTION('',(0.,1.,-3.51550125965503E-18));
#1633=DIRECTION('',(0.,3.51550125965503E-18,1.));
#1634=DIRECTION('',(0.,-3.51550125965503E-18,-1.));
#1635=DIRECTION('',(1.,0.,0.));
#1636=DIRECTION('',(0.,-3.51550125965503E-18,-1.));
#1637=DIRECTION('',(0.,1.,-3.51550125965503E-18));
#1638=DIRECTION('',(0.,3.51550125965503E-18,1.));
#1639=DIRECTION('',(0.,-3.51550125965503E-18,-1.));
#1640=DIRECTION('',(-2.08619288477375E-16,3.51550125965503E-18,1.));
#1641=DIRECTION('',(-1.57347746559662E-17,1.,-3.51550125965503E-18));
#1642=DIRECTION('',(1.,1.57347746559662E-17,0.));
#1643=DIRECTION('',(0.749177658965055,9.45958220737006E-18,-0.662369108056558));
#1644=DIRECTION('',(-0.742027045136601,-9.31894195482068E-18,0.670369945840239));
#1645=DIRECTION('',(0.747998554759943,9.43634926584924E-18,-0.663700355640282));
#1646=DIRECTION('',(-1.57347746559662E-17,1.,-3.51550125965503E-18));
#1647=DIRECTION('',(1.,1.57347746559662E-17,0.));
#1648=DIRECTION('',(1.,1.57347746559662E-17,-5.53156201234375E-35));
#1649=DIRECTION('',(2.92570449145137E-16,-3.51550125965503E-18,-1.));
#1650=DIRECTION('',(-1.,-1.57347746559662E-17,-2.92570449145137E-16));
#1651=DIRECTION('',(0.,-3.51550125965503E-18,-1.));
#1652=DIRECTION('',(1.57347746559662E-17,-1.,3.51550125965503E-18));
#1653=DIRECTION('',(1.,1.57347746559662E-17,0.));
#1654=DIRECTION('',(1.57347746559662E-17,-1.,3.51550125965503E-18));
#1655=DIRECTION('',(1.,1.57347746559662E-17,0.));
#1656=DIRECTION('',(1.57347746559662E-17,-1.,3.51550125965503E-18));
#1657=DIRECTION('',(1.,1.57347746559662E-17,0.));
#1658=DIRECTION('',(1.57347746559662E-17,-1.,3.51550125965503E-18));
#1659=DIRECTION('',(1.,1.57347746559662E-17,0.));
#1660=DIRECTION('',(1.,0.,0.));
#1661=DIRECTION('',(0.,0.,-1.));
#1662=DIRECTION('',(-1.57347746559662E-17,1.,-3.51550125965503E-18));
#1663=DIRECTION('',(2.92570449145137E-16,-3.51550125965503E-18,-1.));
#1664=DIRECTION('',(0.,-1.,3.51550125965503E-18));
#1665=DIRECTION('',(0.,-3.51550125965503E-18,-1.));
#1666=DIRECTION('',(0.,-3.51550125965503E-18,-1.));
#1667=DIRECTION('',(0.,-3.51550125965503E-18,-1.));
#1668=DIRECTION('',(1.,0.,0.));
#1669=DIRECTION('',(1.,0.,0.));
#1670=DIRECTION('',(0.,1.,-3.51550125965503E-18));
#1671=DIRECTION('',(-1.,-1.57347746559662E-17,-2.92570449145137E-16));
#1672=DIRECTION('',(0.,-3.51550125965503E-18,-1.));
#1673=DIRECTION('',(0.,1.,-3.51550125965503E-18));
#1674=DIRECTION('',(0.,-3.51550125965503E-18,-1.));
#1675=DIRECTION('',(0.,1.,-3.51550125965503E-18));
#1676=DIRECTION('',(-1.,-1.57347746559662E-17,-2.92570449145137E-16));
#1677=DIRECTION('',(0.,1.,-3.51550125965503E-18));
#1678=DIRECTION('',(0.,-3.51550125965503E-18,-1.));
#1679=DIRECTION('',(0.,1.,-3.51550125965503E-18));
#1680=DIRECTION('',(0.,-3.51550125965503E-18,-1.));
#1681=DIRECTION('',(0.,1.,-3.51550125965503E-18));
#1682=DIRECTION('',(0.,-3.51550125965503E-18,-1.));
#1683=DIRECTION('',(0.,3.51550125965503E-18,1.));
#1684=DIRECTION('',(0.,-1.,3.51550125965503E-18));
#1685=DIRECTION('',(0.,3.51550125965503E-18,1.));
#1686=DIRECTION('',(0.,-1.,3.51550125965503E-18));
#1687=DIRECTION('',(0.,-3.51550125965503E-18,-1.));
#1688=DIRECTION('',(0.,1.,-3.51550125965503E-18));
#1689=DIRECTION('',(2.92570449145137E-16,-3.51550125965503E-18,-1.));
#1690=DIRECTION('',(1.,1.02853178250757E-33,2.92570449145137E-16));
#1691=DIRECTION('',(-1.57347746559662E-17,1.,-3.51550125965503E-18));
#1692=DIRECTION('',(1.57347746559662E-17,-1.,3.51550125965503E-18));
#1693=DIRECTION('',(1.,1.57347746559662E-17,-5.53156201234375E-35));
#1694=DIRECTION('',(0.,-3.51550125965503E-18,-1.));
#1695=DIRECTION('',(0.,-3.51550125965503E-18,-1.));
#1696=DIRECTION('',(1.,1.57347746559662E-17,-5.53156201234375E-35));
#1697=DIRECTION('',(-1.57347746559662E-17,1.,-3.51550125965503E-18));
#1698=DIRECTION('',(1.,1.57347746559662E-17,0.));
#1699=DIRECTION('',(0.747998554759943,9.43634926584924E-18,-0.663700355640282));
#1700=DIRECTION('',(-0.742027045136601,-9.31894195482068E-18,0.670369945840239));
#1701=DIRECTION('',(0.749177658965055,9.45958220737006E-18,-0.662369108056558));
#1702=DIRECTION('',(-1.57347746559662E-17,1.,-3.51550125965503E-18));
#1703=DIRECTION('',(1.,1.57347746559662E-17,0.));
#1704=DIRECTION('',(1.57347746559662E-17,-1.,3.51550125965503E-18));
#1705=DIRECTION('',(1.,1.57347746559662E-17,0.));
#1706=DIRECTION('',(1.57347746559662E-17,-1.,3.51550125965503E-18));
#1707=DIRECTION('',(1.,1.57347746559662E-17,0.));
#1708=DIRECTION('',(1.57347746559662E-17,-1.,3.51550125965503E-18));
#1709=DIRECTION('',(1.,1.57347746559662E-17,0.));
#1710=DIRECTION('',(1.57347746559662E-17,-1.,3.51550125965503E-18));
#1711=DIRECTION('',(1.,1.57347746559662E-17,0.));
#1712=DIRECTION('',(-1.57347746559662E-17,1.,-3.51550125965503E-18));
#1713=DIRECTION('',(-1.,-1.57347746559662E-17,0.));
#1714=DIRECTION('',(1.57347746559662E-17,-1.,3.51550125965503E-18));
#1715=DIRECTION('',(1.,1.57347746559662E-17,0.));
#1716=DIRECTION('',(-1.57347746559662E-17,1.,-3.51550125965503E-18));
#1717=DIRECTION('',(-1.,-1.57347746559662E-17,0.));
#1718=DIRECTION('',(1.57347746559662E-17,-1.,3.51550125965503E-18));
#1719=DIRECTION('',(1.,1.57347746559662E-17,0.));
#1720=DIRECTION('',(0.662369108056558,1.30559636581404E-17,0.749177658965055));
#1721=DIRECTION('',(0.749177658965055,0.,-0.662369108056558));
#1722=DIRECTION('',(-1.57347746559662E-17,1.,-3.51550125965503E-18));
#1723=DIRECTION('',(-1.57347746559662E-17,1.,-3.51550125965503E-18));
#1724=DIRECTION('',(-1.57347746559662E-17,1.,-3.51550125965503E-18));
#1725=DIRECTION('',(-1.,-1.57347746559662E-17,0.));
#1726=DIRECTION('',(1.04404871487976E-50,3.51550125965503E-18,1.));
#1727=DIRECTION('',(0.,-1.,3.51550125965503E-18));
#1728=DIRECTION('',(-1.57347746559662E-17,1.,-3.51550125965503E-18));
#1729=DIRECTION('',(-1.57347746559662E-17,1.,-3.51550125965503E-18));
#1730=DIRECTION('',(-1.57347746559662E-17,1.,-3.51550125965503E-18));
#1731=DIRECTION('',(-1.,-1.57347746559662E-17,0.));
#1732=DIRECTION('',(-1.57347746559662E-17,1.,-3.51550125965503E-18));
#1733=DIRECTION('',(0.663700355640282,1.30727653965632E-17,0.747998554759943));
#1734=DIRECTION('',(0.747998554759943,0.,-0.663700355640282));
#1735=DIRECTION('',(-1.57347746559662E-17,1.,-3.51550125965503E-18));
#1736=DIRECTION('',(-0.670369945840239,-1.31567170458043E-17,-0.742027045136601));
#1737=DIRECTION('',(-0.742027045136601,0.,0.670369945840239));
#1738=DIRECTION('',(-1.57347746559662E-17,1.,-3.51550125965503E-18));
#1739=DIRECTION('',(-1.,-1.57347746559662E-17,0.));
#1740=DIRECTION('',(-1.57347746559662E-17,1.,-3.51550125965503E-18));
#1741=DIRECTION('',(-1.,-1.57347746559662E-17,0.));
#1742=DIRECTION('',(1.57347746559662E-17,-1.,3.51550125965503E-18));
#1743=DIRECTION('',(1.,1.57347746559662E-17,0.));
#1744=DIRECTION('',(1.57347746559662E-17,-1.,3.51550125965503E-18));
#1745=DIRECTION('',(1.,1.57347746559662E-17,0.));
#1746=DIRECTION('',(1.57347746559662E-17,-1.,3.51550125965503E-18));
#1747=DIRECTION('',(1.,1.57347746559662E-17,-5.53156201234375E-35));
#1748=DIRECTION('',(1.57347746559662E-17,-1.,3.51550125965503E-18));
#1749=DIRECTION('',(1.,1.57347746559662E-17,0.));
#1750=DIRECTION('',(1.57347746559662E-17,-1.,3.51550125965503E-18));
#1751=DIRECTION('',(1.,1.57347746559662E-17,0.));
#1752=DIRECTION('',(1.57347746559662E-17,-1.,3.51550125965503E-18));
#1753=DIRECTION('',(1.,1.57347746559662E-17,-5.53156201234375E-35));
#1754=DIRECTION('',(-1.,-1.57347746559662E-17,-2.92570449145137E-16));
#1755=DIRECTION('',(-2.92570449145137E-16,0.,1.));
#1756=DIRECTION('',(0.,1.,-3.51550125965503E-18));
#1757=DIRECTION('',(0.,3.51550125965503E-18,1.));
#1758=DIRECTION('',(0.,-3.51550125965503E-18,-1.));
#1759=DIRECTION('',(0.,-3.51550125965503E-18,-1.));
#1760=DIRECTION('',(-1.,0.,0.));
#1761=DIRECTION('',(0.,0.,1.));
#1762=DIRECTION('',(-1.,0.,0.));
#1763=DIRECTION('',(0.,0.,1.));
#1764=DIRECTION('',(0.,-1.,0.));
#1765=DIRECTION('',(1.,0.,0.));
#1766=DIRECTION('',(0.,-1.,0.));
#1767=DIRECTION('',(0.,0.,-1.));
#1768=DIRECTION('',(0.,-1.,0.));
#1769=DIRECTION('',(0.,0.,-1.));
#1770=DIRECTION('',(0.,-1.,0.));
#1771=DIRECTION('',(0.,0.,-1.));
#1772=DIRECTION('',(0.,-1.,0.));
#1773=DIRECTION('',(0.,0.,-1.));
#1774=DIRECTION('',(0.,-1.,0.));
#1775=DIRECTION('',(0.,0.,-1.));
#1776=DIRECTION('',(0.706150524665866,0.,-0.708061746258137));
#1777=DIRECTION('',(1.,0.,0.));
#1778=DIRECTION('',(0.707106781186548,0.,0.707106781186548));
#1779=DIRECTION('',(-0.00300738787242728,0.,0.999995477798867));
#1780=DIRECTION('',(-0.707106781186548,0.,0.707106781186547));
#1781=DIRECTION('',(-1.,0.,0.));
#1782=DIRECTION('',(-0.716535296397431,0.,-0.697550836152209));
#1783=DIRECTION('',(-0.999995477798867,0.,-0.00300738787242728));
#1784=DIRECTION('',(-0.00300738787242728,0.,0.999995477798867));
#1785=DIRECTION('',(-0.00300738787242728,0.,0.999995477798867));
#1786=DIRECTION('',(0.,1.,0.));
#1787=DIRECTION('',(0.,1.,0.));
#1788=DIRECTION('',(-0.707106781186547,0.,-0.707106781186548));
#1789=DIRECTION('',(-0.707106781186548,0.,0.707106781186547));
#1790=DIRECTION('',(-0.707106781186548,0.,0.707106781186547));
#1791=DIRECTION('',(0.,1.,0.));
#1792=DIRECTION('',(0.,0.,-1.));
#1793=DIRECTION('',(-1.,0.,0.));
#1794=DIRECTION('',(-1.,0.,0.));
#1795=DIRECTION('',(0.,1.,0.));
#1796=DIRECTION('',(0.697550836152209,0.,-0.716535296397431));
#1797=DIRECTION('',(-0.716535296397431,0.,-0.697550836152209));
#1798=DIRECTION('',(-0.716535296397431,0.,-0.697550836152209));
#1799=DIRECTION('',(-0.587683989513075,0.572113419030701,-0.572113419030701));
#1800=DIRECTION('',(0.708061746258137,0.,0.706150524665866));
#1801=DIRECTION('',(0.706150524665866,0.,-0.708061746258137));
#1802=DIRECTION('',(0.706150524665866,0.,-0.708061746258137));
#1803=DIRECTION('',(0.,1.,0.));
#1804=DIRECTION('',(0.576309932030768,-0.577869735426026,-0.577869735426027));
#1805=DIRECTION('',(0.,0.,1.));
#1806=DIRECTION('',(1.,0.,0.));
#1807=DIRECTION('',(1.,0.,0.));
#1808=DIRECTION('',(0.,1.,0.));
#1809=DIRECTION('',(0.,1.,0.));
#1810=DIRECTION('',(0.,0.,1.));
#1811=DIRECTION('',(0.,-1.,0.));
#1812=DIRECTION('',(0.,0.,-1.));
#1813=DIRECTION('',(0.,1.,0.));
#1814=DIRECTION('',(0.,0.,1.));
#1815=DIRECTION('',(0.,-1.,0.));
#1816=DIRECTION('',(0.,0.,-1.));
#1817=DIRECTION('',(0.,1.,0.));
#1818=DIRECTION('',(0.,0.,1.));
#1819=DIRECTION('',(0.,-1.,0.));
#1820=DIRECTION('',(0.,0.,-1.));
#1821=DIRECTION('',(0.,1.,0.));
#1822=DIRECTION('',(0.,0.,1.));
#1823=DIRECTION('',(0.,-1.,0.));
#1824=DIRECTION('',(0.,0.,-1.));
#1825=DIRECTION('',(0.,1.,0.));
#1826=DIRECTION('',(0.,0.,1.));
#1827=DIRECTION('',(0.,-1.,0.));
#1828=DIRECTION('',(0.,0.,-1.));
#1829=DIRECTION('',(-0.707106781186548,0.,0.707106781186548));
#1830=DIRECTION('',(0.707106781186548,0.,0.707106781186548));
#1831=DIRECTION('',(0.707106781186548,0.,0.707106781186548));
#1832=DIRECTION('',(0.,-1.,0.));
#1833=DIRECTION('',(1.,0.,0.));
#1834=DIRECTION('',(0.,-1.,0.));
#1835=DIRECTION('',(0.,0.,-1.));
#1836=DIRECTION('',(0.,-1.,0.));
#1837=DIRECTION('',(0.,0.,-1.));
#1838=DIRECTION('',(0.,-1.,0.));
#1839=DIRECTION('',(0.,0.,-1.));
#1840=DIRECTION('',(0.,-1.,0.));
#1841=DIRECTION('',(0.,0.,-1.));
#1842=DIRECTION('',(-1.,0.,0.));
#1843=DIRECTION('',(-2.08619288477375E-16,0.,1.));
#1844=DIRECTION('',(1.,0.,0.));
#1845=DIRECTION('',(0.,-0.707106781186548,-0.707106781186547));
#1846=DIRECTION('',(-1.,0.,0.));
#1847=DIRECTION('',(-1.22217017053369E-15,-0.707106781186547,0.707106781186548));
#1848=DIRECTION('',(-0.577350269189626,0.577350269189626,0.577350269189625));
#1849=DIRECTION('',(-0.707106781186548,-0.707106781186547,0.));
#1850=DIRECTION('',(0.707106781186548,0.707106781186547,-2.77555756156289E-17));
#1851=DIRECTION('',(0.707106781186547,-0.707106781186548,1.47516113568665E-16));
#1852=DIRECTION('',(2.08619288477375E-16,0.,-1.));
#1853=DIRECTION('',(-0.707106781186548,-0.707106781186547,-2.7755575615629E-17));
#1854=DIRECTION('',(-0.577350269189626,0.577350269189626,-0.577350269189625));
#1855=DIRECTION('',(-0.707106781186548,-0.707106781186547,0.));
#1856=DIRECTION('',(1.22217017053369E-15,0.707106781186547,0.707106781186548));
#1857=DIRECTION('',(0.,-0.707106781186548,0.707106781186547));
#1858=DIRECTION('',(1.,0.,0.));
#1859=DIRECTION('',(0.,1.,0.));
#1860=DIRECTION('',(0.,0.,1.));
#1861=DIRECTION('',(0.,1.,0.));
#1862=DIRECTION('',(0.,0.,1.));
#1863=DIRECTION('',(0.,1.,0.));
#1864=DIRECTION('',(0.,0.,1.));
#1865=DIRECTION('',(0.,1.,0.));
#1866=DIRECTION('',(0.,0.,1.));
#1867=CARTESIAN_POINT('',(0.,0.,0.));
#1868=CARTESIAN_POINT('',(-0.0175340813001813,-0.0368,0.397056758128297));
#1869=CARTESIAN_POINT('',(-0.0175340813001813,-0.0368,0.397056758128297));
#1870=CARTESIAN_POINT('',(-0.0178181626003626,-0.0368,0.397056758128297));
#1871=CARTESIAN_POINT('',(-0.0173181626003626,-0.0368,0.397056758128297));
#1872=CARTESIAN_POINT('',(-0.0178181626003626,-0.0398,0.397056758128297));
#1873=CARTESIAN_POINT('',(-0.0188181626003626,-0.0369715728752537,0.397056758128297));
#1874=CARTESIAN_POINT('',(-0.0188181626003626,-0.0368,0.397056758128297));
#1875=CARTESIAN_POINT('',(-0.0188181626003626,-0.0132,0.397056758128297));
#1876=CARTESIAN_POINT('',(-0.0175340813001813,-0.0132,0.397056758128297));
#1877=CARTESIAN_POINT('',(-0.01425,-0.0132,0.397056758128297));
#1878=CARTESIAN_POINT('',(-0.01425,-0.0136,0.397056758128297));
#1879=CARTESIAN_POINT('',(-0.01425,-0.0136,0.397056758128297));
#1880=CARTESIAN_POINT('',(-0.0175340813001813,-0.0136,0.397056758128297));
#1881=CARTESIAN_POINT('',(-0.0173181626003626,-0.0136,0.397056758128297));
#1882=CARTESIAN_POINT('',(-0.0173181626003626,-0.0368,0.397056758128297));
#1883=CARTESIAN_POINT('',(-0.0173181626003626,-0.0368,0.41368727670247));
#1884=CARTESIAN_POINT('',(-0.0173181626003626,-0.0136,0.41368727670247));
#1885=CARTESIAN_POINT('',(-0.0173181626003626,-0.0136,0.430317795276642));
#1886=CARTESIAN_POINT('',(-0.0173181626003626,-0.0368,0.430317795276642));
#1887=CARTESIAN_POINT('',(-0.0173181626003626,-0.0368,0.430317795276642));
#1888=CARTESIAN_POINT('',(-0.0173181626003626,-0.0368,0.41368727670247));
#1889=CARTESIAN_POINT('',(-0.0175340813001813,-0.0368,0.430317795276642));
#1890=CARTESIAN_POINT('',(-0.0175340813001813,-0.0136,0.430317795276642));
#1891=CARTESIAN_POINT('',(-0.01425,-0.0136,0.430317795276642));
#1892=CARTESIAN_POINT('',(-0.01425,-0.0136,0.430317795276642));
#1893=CARTESIAN_POINT('',(-0.01425,-0.0132,0.430317795276642));
#1894=CARTESIAN_POINT('',(-0.0175340813001813,-0.0132,0.430317795276642));
#1895=CARTESIAN_POINT('',(-0.0188181626003626,-0.0132,0.430317795276642));
#1896=CARTESIAN_POINT('',(-0.0188181626003626,-0.0368,0.430317795276642));
#1897=CARTESIAN_POINT('',(-0.0188181626003626,-0.0368,0.430317795276642));
#1898=CARTESIAN_POINT('',(-0.0175340813001813,-0.0368,0.430317795276642));
#1899=CARTESIAN_POINT('',(-0.0208181626003626,-0.0368,0.41368727670247));
#1900=CARTESIAN_POINT('',(-0.0208181626003626,-0.0368,0.399056758128297));
#1901=CARTESIAN_POINT('',(-0.0208181626003626,-0.0132,0.399056758128297));
#1902=CARTESIAN_POINT('',(-0.0208181626003626,-0.0398,0.399056758128297));
#1903=CARTESIAN_POINT('',(-0.0208181626003626,-0.0398,0.391739242140454));
#1904=CARTESIAN_POINT('',(-0.0208181626003626,-0.0398,0.391739242140454));
#1905=CARTESIAN_POINT('',(-0.0208181626003626,-0.0398,0.389239242140454));
#1906=CARTESIAN_POINT('',(-0.0208181626003626,-0.0398,0.389239242140454));
#1907=CARTESIAN_POINT('',(-0.0208181626003626,-0.0472,0.389239242140454));
#1908=CARTESIAN_POINT('',(-0.0208181626003626,-0.0546,0.389239242140454));
#1909=CARTESIAN_POINT('',(-0.0208181626003626,-0.0546,0.391739242140454));
#1910=CARTESIAN_POINT('',(-0.0208181626003626,-0.0546,0.391739242140454));
#1911=CARTESIAN_POINT('',(-0.0208181626003626,-0.0472,0.391739242140454));
#1912=CARTESIAN_POINT('',(-0.0208181626003626,-0.0408,0.391739242140454));
#1913=CARTESIAN_POINT('',(-0.0208181626003626,-0.0408,0.411939242140454));
#1914=CARTESIAN_POINT('',(-0.0208181626003626,-0.0408,0.434639242140454));
#1915=CARTESIAN_POINT('',(-0.0208181626003626,-0.0408,0.434639242140454));
#1916=CARTESIAN_POINT('',(-0.0208181626003626,-0.0368,0.434639242140454));
#1917=CARTESIAN_POINT('',(-0.0208181626003626,-0.0368,0.411939242140454));
#1918=CARTESIAN_POINT('',(-0.0208181626003626,-0.0368,0.428317795276642));
#1919=CARTESIAN_POINT('',(-0.0208181626003626,-0.0368,0.428317795276642));
#1920=CARTESIAN_POINT('',(-0.0208181626003626,-0.0132,0.428317795276642));
#1921=CARTESIAN_POINT('',(-0.0208181626003626,-0.0132,0.41368727670247));
#1922=CARTESIAN_POINT('',(-0.0188181626003626,-0.0368,0.397056758128297));
#1923=CARTESIAN_POINT('',(-0.0178181626003626,-0.0398,0.396056758128297));
#1924=CARTESIAN_POINT('',(-0.0198181626003626,-0.0132,0.398056758128297));
#1925=CARTESIAN_POINT('',(-0.0208181626003626,-0.0368,0.428317795276642));
#1926=CARTESIAN_POINT('',(-0.0161350195885929,-0.0368,0.433000938288412));
#1927=CARTESIAN_POINT('',(-0.0198181626003626,-0.0132,0.429317795276642));
#1928=CARTESIAN_POINT('',(-0.00895966164070994,-0.0472,0.389239242140454));
#1929=CARTESIAN_POINT('',(-0.019,-0.0483,0.389239242140454));
#1930=CARTESIAN_POINT('',(-0.019,-0.0558,0.389239242140454));
#1931=CARTESIAN_POINT('',(-0.019,-0.0555237209323266,0.389239242140454));
#1932=CARTESIAN_POINT('',(-0.009,-0.0558,0.389239242140454));
#1933=CARTESIAN_POINT('',(-0.0187181626003626,-0.0558,0.389239242140454));
#1934=CARTESIAN_POINT('',(-0.0178181626003626,-0.0546,0.389239242140454));
#1935=CARTESIAN_POINT('',(-2.66392215591922E-18,-0.0195210099879823,0.33582254942557));
#1936=CARTESIAN_POINT('',(1.19498824814668E-34,-0.0184647261639351,0.339680562448235));
#1937=CARTESIAN_POINT('',(0.0065,-0.0184647261639351,0.339680562448235));
#1938=CARTESIAN_POINT('',(-0.0065,-0.0184647261639351,0.339680562448235));
#1939=CARTESIAN_POINT('',(0.0065,-0.0192569390319705,0.336787052681236));
#1940=CARTESIAN_POINT('',(0.0095,-0.0192569390319705,0.336787052681236));
#1941=CARTESIAN_POINT('',(0.0095,-0.0195210099879823,0.33582254942557));
#1942=CARTESIAN_POINT('',(0.0095,-0.0197850809439941,0.334858046169903));
#1943=CARTESIAN_POINT('',(0.0065,-0.0197850809439941,0.334858046169903));
#1944=CARTESIAN_POINT('',(0.0065,-0.0205772938120295,0.331964536402904));
#1945=CARTESIAN_POINT('',(-1.7347234759768E-18,-0.0205772938120295,0.331964536402904));
#1946=CARTESIAN_POINT('',(-0.0065,-0.0205772938120295,0.331964536402904));
#1947=CARTESIAN_POINT('',(-0.0065,-0.0197850809439941,0.334858046169903));
#1948=CARTESIAN_POINT('',(-0.0095,-0.0197850809439941,0.334858046169903));
#1949=CARTESIAN_POINT('',(-0.0095,-0.0195210099879823,0.33582254942557));
#1950=CARTESIAN_POINT('',(-0.0095,-0.0192569390319705,0.336787052681236));
#1951=CARTESIAN_POINT('',(-0.0065,-0.0192569390319705,0.336787052681236));
#1952=CARTESIAN_POINT('',(0.0065,-0.0192569390319705,0.336787052681236));
#1953=CARTESIAN_POINT('',(0.0065,-0.0188608325979528,0.338233807564735));
#1954=CARTESIAN_POINT('',(0.008,-0.0192569390319705,0.336787052681236));
#1955=CARTESIAN_POINT('',(0.0065,-0.0188608325979528,0.338233807564736));
#1956=CARTESIAN_POINT('',(0.00216666666666667,-0.0188608325979528,0.338233807564736));
#1957=CARTESIAN_POINT('',(-0.00216666666666667,-0.0188608325979528,0.338233807564736));
#1958=CARTESIAN_POINT('',(-0.0065,-0.0188608325979528,0.338233807564736));
#1959=CARTESIAN_POINT('',(-0.0065,-0.0188608325979528,0.338233807564735));
#1960=CARTESIAN_POINT('',(-0.0065,-0.0192569390319705,0.336787052681236));
#1961=CARTESIAN_POINT('',(-0.008,-0.0192569390319705,0.336787052681236));
#1962=CARTESIAN_POINT('',(-0.008,-0.0192569390319705,0.336787052681236));
#1963=CARTESIAN_POINT('',(-0.008,-0.0194329863359783,0.336144050510792));
#1964=CARTESIAN_POINT('',(-0.008,-0.0196090336399862,0.335501048340347));
#1965=CARTESIAN_POINT('',(-0.008,-0.0197850809439941,0.334858046169903));
#1966=CARTESIAN_POINT('',(-0.008,-0.0197850809439941,0.334858046169903));
#1967=CARTESIAN_POINT('',(-0.0065,-0.0197850809439941,0.334858046169903));
#1968=CARTESIAN_POINT('',(-0.0065,-0.0201811873780118,0.333411291286404));
#1969=CARTESIAN_POINT('',(-0.0065,-0.0201811873780118,0.333411291286404));
#1970=CARTESIAN_POINT('',(-0.00216666666666667,-0.0201811873780118,0.333411291286404));
#1971=CARTESIAN_POINT('',(0.00216666666666667,-0.0201811873780118,0.333411291286404));
#1972=CARTESIAN_POINT('',(0.0065,-0.0201811873780118,0.333411291286404));
#1973=CARTESIAN_POINT('',(0.0065,-0.0201811873780118,0.333411291286404));
#1974=CARTESIAN_POINT('',(0.0065,-0.0197850809439941,0.334858046169903));
#1975=CARTESIAN_POINT('',(0.008,-0.0197850809439941,0.334858046169903));
#1976=CARTESIAN_POINT('',(0.008,-0.0197850809439941,0.334858046169903));
#1977=CARTESIAN_POINT('',(0.008,-0.0196090336399862,0.335501048340347));
#1978=CARTESIAN_POINT('',(0.008,-0.0194329863359783,0.336144050510792));
#1979=CARTESIAN_POINT('',(0.008,-0.0192569390319705,0.336787052681236));
#1980=CARTESIAN_POINT('',(0.00861818489698163,-0.0184647261639351,0.339680562448235));
#1981=CARTESIAN_POINT('',(0.00861818489698164,-0.0290807188908687,0.342587110800401));
#1982=CARTESIAN_POINT('',(0.00179810192469224,-0.0368,0.355953520715831));
#1983=CARTESIAN_POINT('',(0.00179810192469224,-0.0368,0.389239242140454));
#1984=CARTESIAN_POINT('',(0.00812045659798776,-0.0184647261639351,0.339680562448235));
#1985=CARTESIAN_POINT('',(0.00812045659798776,-0.0290809112147423,0.342587163456676));
#1986=CARTESIAN_POINT('',(0.00117680597613801,-0.0368,0.355953133242905));
#1987=CARTESIAN_POINT('',(0.00117680597613801,-0.0368,0.389239242140454));
#1988=CARTESIAN_POINT('',(0.00762272829899388,-0.0184647261639351,0.339680562448235));
#1989=CARTESIAN_POINT('',(0.00762272829899388,-0.02908125332479,0.342587257122848));
#1990=CARTESIAN_POINT('',(0.00055551002758378,-0.0368,0.355952440702718));
#1991=CARTESIAN_POINT('',(0.00055551002758378,-0.0368,0.389239242140454));
#1992=CARTESIAN_POINT('',(0.00633333333333333,-0.0184647261639351,0.339680562448235));
#1993=CARTESIAN_POINT('',(0.00633333333333333,-0.0290824220175142,0.342587577098756));
#1994=CARTESIAN_POINT('',(-0.00105399433427484,-0.0368,0.355950045875477));
#1995=CARTESIAN_POINT('',(-0.00105399433427484,-0.0368,0.389239242140454));
#1996=CARTESIAN_POINT('',(0.00554166666666667,-0.0184647261639351,0.339680562448235));
#1997=CARTESIAN_POINT('',(0.00554166666666667,-0.0290834226738949,0.342587851068061));
#1998=CARTESIAN_POINT('',(-0.00204220274757922,-0.0368,0.355947983093094));
#1999=CARTESIAN_POINT('',(-0.00204220274757922,-0.0368,0.389239242140454));
#2000=CARTESIAN_POINT('',(0.00395833333333334,-0.0184647261639351,0.339680562448235));
#2001=CARTESIAN_POINT('',(0.00395833333333334,-0.0290857691786197,0.34258849351664));
#2002=CARTESIAN_POINT('',(-0.004018619574188,-0.0368,0.355943089167783));
#2003=CARTESIAN_POINT('',(-0.004018619574188,-0.0368,0.389239242140454));
#2004=CARTESIAN_POINT('',(0.00316666666666666,-0.0184647261639351,0.339680562448235));
#2005=CARTESIAN_POINT('',(0.00316666666666666,-0.0290871305078361,0.342588866234415));
#2006=CARTESIAN_POINT('',(-0.00500682798749239,-0.0368,0.355940251936665));
#2007=CARTESIAN_POINT('',(-0.00500682798749239,-0.0368,0.389239242140454));
#2008=CARTESIAN_POINT('',(0.00158333333333334,-0.0184647261639351,0.339680562448235));
#2009=CARTESIAN_POINT('',(0.00158333333333334,-0.0290900580410098,0.342589667762538));
#2010=CARTESIAN_POINT('',(-0.00698324481410116,-0.0368,0.355934156546381));
#2011=CARTESIAN_POINT('',(-0.00698324481410116,-0.0368,0.389239242140454));
#2012=CARTESIAN_POINT('',(0.000791666666666667,-0.0184647261639351,0.339680562448235));
#2013=CARTESIAN_POINT('',(0.000791666666666668,-0.0290916242449672,0.342590096572886));
#2014=CARTESIAN_POINT('',(-0.00797145322740555,-0.0368,0.355930895346779));
#2015=CARTESIAN_POINT('',(-0.00797145322740555,-0.0368,0.389239242140454));
#2016=CARTESIAN_POINT('',(-0.000791666666666667,-0.0184647261639351,0.339680562448235));
#2017=CARTESIAN_POINT('',(-0.000791666666666666,-0.0290947902486559,0.342590963391755));
#2018=CARTESIAN_POINT('',(-0.00994787005401433,-0.0368,0.35592433031993));
#2019=CARTESIAN_POINT('',(-0.00994787005401433,-0.0368,0.389239242140454));
#2020=CARTESIAN_POINT('',(-0.00158333333333334,-0.0184647261639351,0.339680562448235));
#2021=CARTESIAN_POINT('',(-0.00158333333333334,-0.0290963900257714,0.342591401394084));
#2022=CARTESIAN_POINT('',(-0.0109360784673187,-0.0368,0.355921026497175));
#2023=CARTESIAN_POINT('',(-0.0109360784673187,-0.0368,0.389239242140454));
#2024=CARTESIAN_POINT('',(-0.00316666666666666,-0.0184647261639351,0.339680562448235));
#2025=CARTESIAN_POINT('',(-0.00316666666666666,-0.0290993986753912,0.342592225131045));
#2026=CARTESIAN_POINT('',(-0.0129124952939275,-0.0368,0.355914812516201));
#2027=CARTESIAN_POINT('',(-0.0129124952939275,-0.0368,0.389239242140454));
#2028=CARTESIAN_POINT('',(-0.00395833333333334,-0.0184647261639351,0.339680562448235));
#2029=CARTESIAN_POINT('',(-0.00395833333333334,-0.0291008075478958,0.342592610865678));
#2030=CARTESIAN_POINT('',(-0.0139007037072319,-0.0368,0.355911905398772));
#2031=CARTESIAN_POINT('',(-0.0139007037072319,-0.0368,0.389239242140454));
#2032=CARTESIAN_POINT('',(-0.00554166666666667,-0.0184647261639351,0.339680562448235));
#2033=CARTESIAN_POINT('',(-0.00554166666666667,-0.029103209933141,0.342593268613762));
#2034=CARTESIAN_POINT('',(-0.0158771205338407,-0.0368,0.355906951857175));
#2035=CARTESIAN_POINT('',(-0.0158771205338407,-0.0368,0.389239242140454));
#2036=CARTESIAN_POINT('',(-0.00633333333333333,-0.0184647261639351,0.339680562448235));
#2037=CARTESIAN_POINT('',(-0.00633333333333333,-0.0291041880268391,0.342593536405639));
#2038=CARTESIAN_POINT('',(-0.016865328947145,-0.0368,0.355904911505113));
#2039=CARTESIAN_POINT('',(-0.016865328947145,-0.0368,0.389239242140454));
#2040=CARTESIAN_POINT('',(-0.00762272829899388,-0.0184647261639351,0.339680562448235));
#2041=CARTESIAN_POINT('',(-0.00762272829899388,-0.029105275369096,0.342593834108636));
#2042=CARTESIAN_POINT('',(-0.0184748333090037,-0.0368,0.355902628288838));
#2043=CARTESIAN_POINT('',(-0.0184748333090037,-0.0368,0.389239242140454));
#2044=CARTESIAN_POINT('',(-0.00812045659798777,-0.0184647261639351,0.339680562448235));
#2045=CARTESIAN_POINT('',(-0.00812045659798777,-0.0291055695072396,0.342593914640599));
#2046=CARTESIAN_POINT('',(-0.0190961292575579,-0.0368,0.355902001563258));
#2047=CARTESIAN_POINT('',(-0.0190961292575579,-0.0368,0.389239242140454));
#2048=CARTESIAN_POINT('',(-0.00861818489698165,-0.0184647261639351,0.339680562448235));
#2049=CARTESIAN_POINT('',(-0.00861818489698165,-0.029105729595509,0.342593958471102));
#2050=CARTESIAN_POINT('',(-0.0197174252061121,-0.0368,0.355901658315403));
#2051=CARTESIAN_POINT('',(-0.0197174252061121,-0.0368,0.389239242140454));
#2052=CARTESIAN_POINT('',(-0.00895966164070994,-0.0368,0.389239242140454));
#2053=CARTESIAN_POINT('',(-0.0178181626003626,-0.0368,0.389239242140454));
#2054=CARTESIAN_POINT('',(-0.00010116068105729,-0.0368,0.389239242140454));
#2055=CARTESIAN_POINT('',(-0.000101160681057289,-0.0368,0.389239242140454));
#2056=CARTESIAN_POINT('',(-0.000101160681057289,-0.0368,0.384509371868463));
#2057=CARTESIAN_POINT('',(8.99010189707814E-5,-0.0365766198621048,0.377440326784445));
#2058=CARTESIAN_POINT('',(0.000841351014331404,-0.035540751679515,0.368048747374639));
#2059=CARTESIAN_POINT('',(0.00167875943926418,-0.0342767347416029,0.361156433372254));
#2060=CARTESIAN_POINT('',(0.00262401890110948,-0.0326780327065278,0.355591553376425));
#2061=CARTESIAN_POINT('',(0.00354428432680988,-0.0308776125462615,0.351266723274783));
#2062=CARTESIAN_POINT('',(0.00428660465161237,-0.02923875153267,0.348214405451509));
#2063=CARTESIAN_POINT('',(0.00505846696891577,-0.027230840362677,0.345377125372773));
#2064=CARTESIAN_POINT('',(0.00578795807287828,-0.0247683680565716,0.342871744139908));
#2065=CARTESIAN_POINT('',(0.00634059132599605,-0.0218815391945667,0.34089362148127));
#2066=CARTESIAN_POINT('',(0.00649999870921677,-0.0196027159258325,0.339992132204574));
#2067=CARTESIAN_POINT('',(0.0065,-0.0184647261639351,0.339680562448235));
#2068=CARTESIAN_POINT('',(-0.0065,-0.0184647261639351,0.339680562448235));
#2069=CARTESIAN_POINT('',(-0.00650000187776053,-0.0196429362668373,0.340003144115459));
#2070=CARTESIAN_POINT('',(-0.00673716043100511,-0.0219471290126387,0.340924056853597));
#2071=CARTESIAN_POINT('',(-0.00758619704483487,-0.0248484251353893,0.342928269837815));
#2072=CARTESIAN_POINT('',(-0.00875213809909932,-0.0272885987007773,0.345435111617996));
#2073=CARTESIAN_POINT('',(-0.0100064058367851,-0.0292259282613426,0.348177006396858));
#2074=CARTESIAN_POINT('',(-0.0112603838222854,-0.0308258546621201,0.351132064724735));
#2075=CARTESIAN_POINT('',(-0.0128588176091592,-0.0326014722639167,0.355336332503853));
#2076=CARTESIAN_POINT('',(-0.0145867233567593,-0.0342386047350378,0.36093235334829));
#2077=CARTESIAN_POINT('',(-0.016106236451014,-0.0355176196998073,0.367851482360767));
#2078=CARTESIAN_POINT('',(-0.0174635287330316,-0.036565407701504,0.377219666594062));
#2079=CARTESIAN_POINT('',(-0.0178181626003626,-0.0368,0.384423755150349));
#2080=CARTESIAN_POINT('',(-0.0178181626003626,-0.0368,0.389239242140454));
#2081=CARTESIAN_POINT('',(0.0095,-0.0204337367150813,0.332488870049708));
#2082=CARTESIAN_POINT('',(0.0095,-0.0369089443385254,0.336999610477027));
#2083=CARTESIAN_POINT('',(0.00289883931894271,-0.05618656,0.350662194787536));
#2084=CARTESIAN_POINT('',(0.00289883931894271,-0.05618656,0.389239242140454));
#2085=CARTESIAN_POINT('',(0.0095,-0.0203935654287268,0.332635593252662));
#2086=CARTESIAN_POINT('',(0.0095,-0.036747243237086,0.337113060081095));
#2087=CARTESIAN_POINT('',(0.00289883931894271,-0.05579104,0.350763386930542));
#2088=CARTESIAN_POINT('',(0.00289883931894271,-0.05579104,0.389239242140454));
#2089=CARTESIAN_POINT('',(0.0095,-0.0203533941423722,0.332782316455616));
#2090=CARTESIAN_POINT('',(0.0095,-0.0365859760359107,0.337226628482542));
#2091=CARTESIAN_POINT('',(0.00289883931894271,-0.05539552,0.35086597314948));
#2092=CARTESIAN_POINT('',(0.00289883931894271,-0.05539552,0.389239242140454));
#2093=CARTESIAN_POINT('',(0.0095,-0.0202692110300158,0.333089790201182));
#2094=CARTESIAN_POINT('',(0.0095,-0.0362488120945011,0.337464838709307));
#2095=CARTESIAN_POINT('',(0.00289883931894271,-0.0545666666666667,0.351083653631089));
#2096=CARTESIAN_POINT('',(0.00289883931894271,-0.0545666666666667,0.389239242140454));
#2097=CARTESIAN_POINT('',(0.0095,-0.0202251992040137,0.333250540743793));
#2098=CARTESIAN_POINT('',(0.0095,-0.0360729907157704,0.337589501167823));
#2099=CARTESIAN_POINT('',(0.00289883931894271,-0.0541333333333333,0.351199002529848));
#2100=CARTESIAN_POINT('',(0.00289883931894271,-0.0541333333333333,0.389239242140454));
#2101=CARTESIAN_POINT('',(0.0095,-0.0201371755520099,0.333572041829015));
#2102=CARTESIAN_POINT('',(0.0095,-0.0357220990967844,0.337839031738755));
#2103=CARTESIAN_POINT('',(0.00289883931894271,-0.0532666666666667,0.351432353626138));
#2104=CARTESIAN_POINT('',(0.00289883931894271,-0.0532666666666666,0.389239242140454));
#2105=CARTESIAN_POINT('',(0.0095,-0.0200931637260079,0.333732792371626));
#2106=CARTESIAN_POINT('',(0.0095,-0.0355470288565291,0.33796389985117));
#2107=CARTESIAN_POINT('',(0.00289883931894271,-0.0528333333333333,0.351550350974918));
#2108=CARTESIAN_POINT('',(0.00289883931894271,-0.0528333333333333,0.389239242140454));
#2109=CARTESIAN_POINT('',(0.0095,-0.019961128248002,0.334215043999459));
#2110=CARTESIAN_POINT('',(0.0095,-0.0350227170095704,0.338338750290711));
#2111=CARTESIAN_POINT('',(0.00289883931894271,-0.0515333333333333,0.351907529452734));
#2112=CARTESIAN_POINT('',(0.00289883931894271,-0.0515333333333333,0.389239242140454));
#2113=CARTESIAN_POINT('',(0.0095,-0.019873104595998,0.334536545084681));
#2114=CARTESIAN_POINT('',(0.0095,-0.0346743784966165,0.338588979875509));
#2115=CARTESIAN_POINT('',(0.00289883931894271,-0.0506666666666666,0.352149868872839));
#2116=CARTESIAN_POINT('',(0.00289883931894271,-0.0506666666666666,0.389239242140454));
#2117=CARTESIAN_POINT('',(0.0095,-0.0197410691179921,0.335018796712514));
#2118=CARTESIAN_POINT('',(0.0095,-0.0341527752161226,0.338964571892366));
#2119=CARTESIAN_POINT('',(0.00289883931894271,-0.0493666666666666,0.352516225442119));
#2120=CARTESIAN_POINT('',(0.00289883931894271,-0.0493666666666666,0.389239242140454));
#2121=CARTESIAN_POINT('',(0.0095,-0.0196970572919902,0.335179547255125));
#2122=CARTESIAN_POINT('',(0.0095,-0.0339790582041142,0.339089810504595));
#2123=CARTESIAN_POINT('',(0.00289883931894271,-0.0489333333333333,0.352638813038688));
#2124=CARTESIAN_POINT('',(0.00289883931894271,-0.0489333333333333,0.389239242140454));
#2125=CARTESIAN_POINT('',(0.0095,-0.0196090336399862,0.335501048340347));
#2126=CARTESIAN_POINT('',(0.0095,-0.0336317757449777,0.33934032922594));
#2127=CARTESIAN_POINT('',(0.00289883931894271,-0.0480666666666667,0.35288436865879));
#2128=CARTESIAN_POINT('',(0.00289883931894271,-0.0480666666666667,0.389239242140454));
#2129=CARTESIAN_POINT('',(0.0095,-0.0195650218139842,0.335661798882958));
#2130=CARTESIAN_POINT('',(0.0095,-0.0334582102978499,0.339465609335057));
#2131=CARTESIAN_POINT('',(0.00289883931894271,-0.0476333333333333,0.353007334865212));
#2132=CARTESIAN_POINT('',(0.00289883931894271,-0.0476333333333333,0.389239242140454));
#2133=CARTESIAN_POINT('',(0.0095,-0.0194769981619803,0.33598329996818));
#2134=CARTESIAN_POINT('',(0.0095,-0.0331110810370427,0.339716170000511));
#2135=CARTESIAN_POINT('',(0.00289883931894271,-0.0467666666666667,0.35325312333671));
#2136=CARTESIAN_POINT('',(0.00289883931894271,-0.0467666666666667,0.389239242140454));
#2137=CARTESIAN_POINT('',(0.0095,-0.0194329863359783,0.336144050510792));
#2138=CARTESIAN_POINT('',(0.0095,-0.0329375173368137,0.33984145058791));
#2139=CARTESIAN_POINT('',(0.00289883931894271,-0.0463333333333333,0.353375945454921));
#2140=CARTESIAN_POINT('',(0.00289883931894271,-0.0463333333333333,0.389239242140454));
#2141=CARTESIAN_POINT('',(0.0095,-0.0193449626839744,0.336465551596013));
#2142=CARTESIAN_POINT('',(0.0095,-0.0325902405584942,0.340091970864604));
#2143=CARTESIAN_POINT('',(0.00289883931894271,-0.0454666666666667,0.353620975699474));
#2144=CARTESIAN_POINT('',(0.00289883931894271,-0.0454666666666667,0.389239242140454));
#2145=CARTESIAN_POINT('',(0.0095,-0.0193009508579725,0.336626302138624));
#2146=CARTESIAN_POINT('',(0.0095,-0.0324165274804037,0.340217210553899));
#2147=CARTESIAN_POINT('',(0.00289883931894271,-0.0450333333333333,0.353743185373802));
#2148=CARTESIAN_POINT('',(0.00289883931894271,-0.0450333333333333,0.389239242140454));
#2149=CARTESIAN_POINT('',(0.0095,-0.0191689153799665,0.337108553766458));
#2150=CARTESIAN_POINT('',(0.0095,-0.031894937322024,0.340592806163455));
#2151=CARTESIAN_POINT('',(0.00289883931894271,-0.0437333333333334,0.354108255559894));
#2152=CARTESIAN_POINT('',(0.00289883931894271,-0.0437333333333334,0.389239242140454));
#2153=CARTESIAN_POINT('',(0.0095,-0.0190808917279626,0.33743005485168));
#2154=CARTESIAN_POINT('',(0.0095,-0.0315466093176265,0.340843038625386));
#2155=CARTESIAN_POINT('',(0.00289883931894271,-0.0428666666666667,0.354349576690115));
#2156=CARTESIAN_POINT('',(0.00289883931894271,-0.0428666666666667,0.389239242140454));
#2157=CARTESIAN_POINT('',(0.0095,-0.0189488562499567,0.337912306479513));
#2158=CARTESIAN_POINT('',(0.0095,-0.0310223080335499,0.341217891956934));
#2159=CARTESIAN_POINT('',(0.00289883931894271,-0.0415666666666667,0.354706108724188));
#2160=CARTESIAN_POINT('',(0.00289883931894271,-0.0415666666666667,0.389239242140454));
#2161=CARTESIAN_POINT('',(0.0095,-0.0189048444239547,0.338073057022125));
#2162=CARTESIAN_POINT('',(0.0095,-0.0308472375912297,0.341342760014026));
#2163=CARTESIAN_POINT('',(0.00289883931894271,-0.0411333333333333,0.354824053876905));
#2164=CARTESIAN_POINT('',(0.00289883931894271,-0.0411333333333333,0.389239242140454));
#2165=CARTESIAN_POINT('',(0.0095,-0.0188168207719508,0.338394558107347));
#2166=CARTESIAN_POINT('',(0.0095,-0.0304963410726714,0.341592289243505));
#2167=CARTESIAN_POINT('',(0.00289883931894271,-0.0402666666666667,0.355057695172179));
#2168=CARTESIAN_POINT('',(0.00289883931894271,-0.0402666666666667,0.389239242140454));
#2169=CARTESIAN_POINT('',(0.0095,-0.0187728089459488,0.338555308649957));
#2170=CARTESIAN_POINT('',(0.0095,-0.0303205149964332,0.341716950415892));
#2171=CARTESIAN_POINT('',(0.00289883931894271,-0.0398333333333334,0.355173397413854));
#2172=CARTESIAN_POINT('',(0.00289883931894271,-0.0398333333333334,0.389239242140454));
#2173=CARTESIAN_POINT('',(0.0095,-0.0186886258335923,0.338862782395523));
#2174=CARTESIAN_POINT('',(0.0095,-0.0299833405924884,0.341955157778125));
#2175=CARTESIAN_POINT('',(0.00289883931894271,-0.03900448,0.355392043754448));
#2176=CARTESIAN_POINT('',(0.00289883931894271,-0.03900448,0.389239242140454));
#2177=CARTESIAN_POINT('',(0.0095,-0.0186484545472378,0.339009505598477));
#2178=CARTESIAN_POINT('',(0.0095,-0.0298220677552085,0.342068724636464));
#2179=CARTESIAN_POINT('',(0.00289883931894271,-0.03860896,0.355495224219682));
#2180=CARTESIAN_POINT('',(0.00289883931894271,-0.03860896,0.389239242140454));
#2181=CARTESIAN_POINT('',(0.0095,-0.0186082832608832,0.339156228801431));
#2182=CARTESIAN_POINT('',(0.0095,-0.0296603614959841,0.342182172828384));
#2183=CARTESIAN_POINT('',(0.00289883931894271,-0.03821344,0.355596970537407));
#2184=CARTESIAN_POINT('',(0.00289883931894271,-0.03821344,0.389239242140454));
#2185=CARTESIAN_POINT('',(0.0095,-0.0192569390319705,0.336787052681236));
#2186=CARTESIAN_POINT('',(0.0095,-0.0204850764883638,0.337123306007458));
#2187=CARTESIAN_POINT('',(0.00938172366702067,-0.0228861232906257,0.338051128314978));
#2188=CARTESIAN_POINT('',(0.00893865552979942,-0.0260739823523187,0.340113363172574));
#2189=CARTESIAN_POINT('',(0.0083200318237977,-0.0287854204281687,0.342660427956461));
#2190=CARTESIAN_POINT('',(0.00759208391016632,-0.0311039977212496,0.34563513622138));
#2191=CARTESIAN_POINT('',(0.00685759307806194,-0.0329855910582969,0.348816088760428));
#2192=CARTESIAN_POINT('',(0.00590528726135988,-0.0350723687145977,0.353358629880375));
#2193=CARTESIAN_POINT('',(0.00487698986914722,-0.0369342152185263,0.359290911425218));
#2194=CARTESIAN_POINT('',(0.00395397945461715,-0.0383785578888868,0.366615062495241));
#2195=CARTESIAN_POINT('',(0.00311396414320169,-0.0395541199823449,0.376635538981737));
#2196=CARTESIAN_POINT('',(0.00289883931894271,-0.0398,0.384187610081732));
#2197=CARTESIAN_POINT('',(0.00289883931894271,-0.0398,0.389239242140454));
#2198=CARTESIAN_POINT('',(0.00289883931894271,-0.0398,0.389239242140454));
#2199=CARTESIAN_POINT('',(0.00289883931894271,-0.0472,0.389239242140454));
#2200=CARTESIAN_POINT('',(0.00289883931894271,-0.0546,0.389239242140454));
#2201=CARTESIAN_POINT('',(0.00289883931894271,-0.0546,0.389239242140454));
#2202=CARTESIAN_POINT('',(0.00289883931894271,-0.0546,0.386295780642638));
#2203=CARTESIAN_POINT('',(0.00297801916429108,-0.05436179067944,0.380397810823844));
#2204=CARTESIAN_POINT('',(0.00336131176199772,-0.0531338333669586,0.371744246125406));
#2205=CARTESIAN_POINT('',(0.00392645025874575,-0.0512082337178461,0.364705548018872));
#2206=CARTESIAN_POINT('',(0.00453916706902399,-0.0489808897350108,0.359260809999631));
#2207=CARTESIAN_POINT('',(0.00506506003533788,-0.0469824602825182,0.3553990543659));
#2208=CARTESIAN_POINT('',(0.00565491082506036,-0.0446296817039612,0.351746840467008));
#2209=CARTESIAN_POINT('',(0.00652327089224333,-0.0409610748544539,0.347161031016548));
#2210=CARTESIAN_POINT('',(0.00744653511661589,-0.0366905948786719,0.343268702181113));
#2211=CARTESIAN_POINT('',(0.0083428436274124,-0.0318249552598392,0.339997154858544));
#2212=CARTESIAN_POINT('',(0.00912823572299722,-0.0267310324147728,0.337217193432359));
#2213=CARTESIAN_POINT('',(0.0095,-0.0226517632628639,0.335642913961773));
#2214=CARTESIAN_POINT('',(0.0095,-0.0197850809439941,0.334858046169903));
#2215=CARTESIAN_POINT('',(-0.00861818489698165,-0.0205772938120295,0.331964536402904));
#2216=CARTESIAN_POINT('',(-0.00861818489698165,-0.0375083773661171,0.336600090916771));
#2217=CARTESIAN_POINT('',(-0.0197174252061121,-0.0576,0.350265884018756));
#2218=CARTESIAN_POINT('',(-0.0197174252061121,-0.0576,0.389239242140454));
#2219=CARTESIAN_POINT('',(-0.00812045659798777,-0.0205772938120295,0.331964536402904));
#2220=CARTESIAN_POINT('',(-0.00812045659798777,-0.0375082501522844,0.336600056086947));
#2221=CARTESIAN_POINT('',(-0.0190961292575579,-0.0576,0.350266149890837));
#2222=CARTESIAN_POINT('',(-0.0190961292575579,-0.0576,0.389239242140454));
#2223=CARTESIAN_POINT('',(-0.00762272829899389,-0.0205772938120295,0.331964536402904));
#2224=CARTESIAN_POINT('',(-0.00762272829899388,-0.037508017264427,0.336599992324675));
#2225=CARTESIAN_POINT('',(-0.0184748333090037,-0.0576,0.35026663590505));
#2226=CARTESIAN_POINT('',(-0.0184748333090037,-0.0576,0.389239242140454));
#2227=CARTESIAN_POINT('',(-0.00633333333333334,-0.0205772938120295,0.331964536402904));
#2228=CARTESIAN_POINT('',(-0.00633333333333333,-0.0375071635810972,0.336599758595062));
#2229=CARTESIAN_POINT('',(-0.016865328947145,-0.0576,0.350268411360244));
#2230=CARTESIAN_POINT('',(-0.016865328947145,-0.0576,0.389239242140454));
#2231=CARTESIAN_POINT('',(-0.00554166666666667,-0.0205772938120295,0.331964536402904));
#2232=CARTESIAN_POINT('',(-0.00554166666666667,-0.0375063994849679,0.336599549393492));
#2233=CARTESIAN_POINT('',(-0.0158771205338407,-0.0576,0.350270000895002));
#2234=CARTESIAN_POINT('',(-0.0158771205338407,-0.0576,0.389239242140454));
#2235=CARTESIAN_POINT('',(-0.00395833333333334,-0.0205772938120295,0.331964536402904));
#2236=CARTESIAN_POINT('',(-0.00395833333333334,-0.037504531113382,0.336599037852791));
#2237=CARTESIAN_POINT('',(-0.0139007037072319,-0.0576,0.350273864272341));
#2238=CARTESIAN_POINT('',(-0.0139007037072319,-0.0576,0.389239242140454));
#2239=CARTESIAN_POINT('',(-0.00316666666666667,-0.0205772938120295,0.331964536402904));
#2240=CARTESIAN_POINT('',(-0.00316666666666666,-0.0375034365336903,0.336598738168261));
#2241=CARTESIAN_POINT('',(-0.0129124952939275,-0.0576,0.350276132919778));
#2242=CARTESIAN_POINT('',(-0.0129124952939275,-0.0576,0.389239242140454));
#2243=CARTESIAN_POINT('',(-0.00158333333333334,-0.0205772938120295,0.331964536402904));
#2244=CARTESIAN_POINT('',(-0.00158333333333334,-0.037501097520935,0.336598097770905));
#2245=CARTESIAN_POINT('',(-0.0109360784673187,-0.0576,0.350280980995883));
#2246=CARTESIAN_POINT('',(-0.0109360784673187,-0.0576,0.389239242140454));
#2247=CARTESIAN_POINT('',(-0.000791666666666668,-0.0205772938120295,0.331964536402904));
#2248=CARTESIAN_POINT('',(-0.000791666666666667,-0.0374998530878716,0.33659775705808));
#2249=CARTESIAN_POINT('',(-0.00994787005401433,-0.0576,0.350283557824247));
#2250=CARTESIAN_POINT('',(-0.00994787005401433,-0.0576,0.389239242140454));
#2251=CARTESIAN_POINT('',(0.000791666666666667,-0.0205772938120295,0.331964536402904));
#2252=CARTESIAN_POINT('',(0.000791666666666668,-0.0374973853027989,0.336597081404204));
#2253=CARTESIAN_POINT('',(-0.00797145322740556,-0.0576,0.350288675033418));
#2254=CARTESIAN_POINT('',(-0.00797145322740556,-0.0576,0.389239242140454));
#2255=CARTESIAN_POINT('',(0.00158333333333334,-0.0205772938120295,0.331964536402904));
#2256=CARTESIAN_POINT('',(0.00158333333333334,-0.0374961619577446,0.336596746465056));
#2257=CARTESIAN_POINT('',(-0.00698324481410117,-0.0576,0.350291215411665));
#2258=CARTESIAN_POINT('',(-0.00698324481410117,-0.0576,0.389239242140454));
#2259=CARTESIAN_POINT('',(0.00316666666666666,-0.0205772938120295,0.331964536402904));
#2260=CARTESIAN_POINT('',(0.00316666666666667,-0.0374938738962838,0.336596120017636));
#2261=CARTESIAN_POINT('',(-0.00500682798749239,-0.0576,0.350295962071926));
#2262=CARTESIAN_POINT('',(-0.00500682798749239,-0.0576,0.389239242140454));
#2263=CARTESIAN_POINT('',(0.00395833333333334,-0.0205772938120295,0.331964536402904));
#2264=CARTESIAN_POINT('',(0.00395833333333334,-0.0374928091798773,0.336595828509361));
#2265=CARTESIAN_POINT('',(-0.004018619574188,-0.0576,0.350298170954043));
#2266=CARTESIAN_POINT('',(-0.004018619574188,-0.0576,0.389239242140454));
#2267=CARTESIAN_POINT('',(0.00554166666666667,-0.0205772938120295,0.331964536402904));
#2268=CARTESIAN_POINT('',(0.00554166666666667,-0.0374909759093957,0.336595326578978));
#2269=CARTESIAN_POINT('',(-0.00204220274757923,-0.0576,0.350301983348638));
#2270=CARTESIAN_POINT('',(-0.00204220274757923,-0.0576,0.389239242140454));
#2271=CARTESIAN_POINT('',(0.00633333333333334,-0.0205772938120295,0.331964536402904));
#2272=CARTESIAN_POINT('',(0.00633333333333334,-0.0374901976405388,0.336595113497063));
#2273=CARTESIAN_POINT('',(-0.00105399433427484,-0.0576,0.35030359206543));
#2274=CARTESIAN_POINT('',(-0.00105399433427484,-0.0576,0.389239242140454));
#2275=CARTESIAN_POINT('',(0.00762272829899388,-0.0205772938120295,0.331964536402904));
#2276=CARTESIAN_POINT('',(0.00762272829899388,-0.0374892928576479,0.336594865776921));
#2277=CARTESIAN_POINT('',(0.000555510027583779,-0.0576,0.350305462968075));
#2278=CARTESIAN_POINT('',(0.000555510027583779,-0.0576,0.389239242140454));
#2279=CARTESIAN_POINT('',(0.00812045659798777,-0.0205772938120295,0.331964536402904));
#2280=CARTESIAN_POINT('',(0.00812045659798777,-0.0374890298375323,0.33659479376475));
#2281=CARTESIAN_POINT('',(0.00117680597613801,-0.0576,0.350306005265301));
#2282=CARTESIAN_POINT('',(0.00117680597613801,-0.0576,0.389239242140454));
#2283=CARTESIAN_POINT('',(0.00861818489698165,-0.0205772938120295,0.331964536402904));
#2284=CARTESIAN_POINT('',(0.00861818489698165,-0.0374888823759051,0.336594753391291));
#2285=CARTESIAN_POINT('',(0.00179810192469224,-0.0576,0.350306308957514));
#2286=CARTESIAN_POINT('',(0.00179810192469224,-0.0576,0.389239242140454));
#2287=CARTESIAN_POINT('',(0.0065,-0.0205772938120295,0.331964536402904));
#2288=CARTESIAN_POINT('',(0.0064999995717824,-0.0213219207081911,0.332168407499436));
#2289=CARTESIAN_POINT('',(0.00646608762254139,-0.0228337772524406,0.332615071339407));
#2290=CARTESIAN_POINT('',(0.00629028275937409,-0.0257556685658778,0.333613244012957));
#2291=CARTESIAN_POINT('',(0.00591448383128354,-0.0293082572545801,0.33508767756847));
#2292=CARTESIAN_POINT('',(0.00532444624982174,-0.0333857261277394,0.337236732634909));
#2293=CARTESIAN_POINT('',(0.00443988035398106,-0.0385640139302028,0.340659839696168));
#2294=CARTESIAN_POINT('',(0.0035353526862343,-0.0430835682553371,0.344774783519945));
#2295=CARTESIAN_POINT('',(0.00268016969605053,-0.0469683247623423,0.34962744299212));
#2296=CARTESIAN_POINT('',(0.00209648936484442,-0.0494609030901254,0.353487265796449));
#2297=CARTESIAN_POINT('',(0.00157213293560038,-0.0515833899993881,0.35756719993624));
#2298=CARTESIAN_POINT('',(0.00111043917030308,-0.0533617515186376,0.361874923586051));
#2299=CARTESIAN_POINT('',(0.000724781375189374,-0.0547823582863106,0.366296768048652));
#2300=CARTESIAN_POINT('',(0.000313397296904451,-0.0562388477502378,0.372271077635543));
#2301=CARTESIAN_POINT('',(-1.80317281327521E-5,-0.0573421129051103,0.379895068227854));
#2302=CARTESIAN_POINT('',(-0.000101160681057291,-0.0576,0.386127831736169));
#2303=CARTESIAN_POINT('',(-0.000101160681057291,-0.0576,0.389239242140454));
#2304=CARTESIAN_POINT('',(-0.000101160681057292,-0.0576,0.389239242140454));
#2305=CARTESIAN_POINT('',(-0.00895966164070994,-0.0576,0.389239242140454));
#2306=CARTESIAN_POINT('',(-0.0178181626003626,-0.0576,0.389239242140454));
#2307=CARTESIAN_POINT('',(-0.0178181626003626,-0.0576,0.389239242140454));
#2308=CARTESIAN_POINT('',(-0.0178181626003626,-0.0576,0.386097053473414));
#2309=CARTESIAN_POINT('',(-0.0176698126326095,-0.0573384934616868,0.379802847643517));
#2310=CARTESIAN_POINT('',(-0.0169527772554554,-0.0559856945959759,0.37055966246749));
#2311=CARTESIAN_POINT('',(-0.0159213002827128,-0.0539024234734696,0.363133107205142));
#2312=CARTESIAN_POINT('',(-0.0148213458323482,-0.0515119603589391,0.357389205920514));
#2313=CARTESIAN_POINT('',(-0.0138888770718187,-0.049379057758057,0.353324016600786));
#2314=CARTESIAN_POINT('',(-0.0128573270422385,-0.0468815676469488,0.349487040902533));
#2315=CARTESIAN_POINT('',(-0.0113648160201492,-0.0430129511189275,0.344688368844376));
#2316=CARTESIAN_POINT('',(-0.00982041188204756,-0.0385378633631072,0.340631633211294));
#2317=CARTESIAN_POINT('',(-0.00835870652868738,-0.0334068884791171,0.337242966441268));
#2318=CARTESIAN_POINT('',(-0.00709366244161709,-0.0279912006060586,0.334388761760514));
#2319=CARTESIAN_POINT('',(-0.00649999999999987,-0.0236379756204828,0.332802519236511));
#2320=CARTESIAN_POINT('',(-0.0065,-0.0205772938120295,0.331964536402904));
#2321=CARTESIAN_POINT('',(-0.0095,-0.0186082832608832,0.339156228801431));
#2322=CARTESIAN_POINT('',(-0.0095,-0.0296856155584181,0.342189087127917));
#2323=CARTESIAN_POINT('',(-0.0208181626003626,-0.03821344,0.355544604587144));
#2324=CARTESIAN_POINT('',(-0.0208181626003626,-0.03821344,0.389239242140454));
#2325=CARTESIAN_POINT('',(-0.0095,-0.0186484545472378,0.339009505598477));
#2326=CARTESIAN_POINT('',(-0.0095,-0.0298472814480565,0.342075627883224));
#2327=CARTESIAN_POINT('',(-0.0208181626003626,-0.03860896,0.355442942418619));
#2328=CARTESIAN_POINT('',(-0.0208181626003626,-0.03860896,0.389239242140454));
#2329=CARTESIAN_POINT('',(-0.0095,-0.0186886258335923,0.338862782395523));
#2330=CARTESIAN_POINT('',(-0.0095,-0.0300084982086297,0.341962045671666));
#2331=CARTESIAN_POINT('',(-0.0208181626003626,-0.03900448,0.3553398786944));
#2332=CARTESIAN_POINT('',(-0.0208181626003626,-0.03900448,0.389239242140454));
#2333=CARTESIAN_POINT('',(-0.0095,-0.0187728089459488,0.338555308649957));
#2334=CARTESIAN_POINT('',(-0.0095,-0.0303455265308156,0.341723798313768));
#2335=CARTESIAN_POINT('',(-0.0208181626003626,-0.0398333333333334,0.35512153598547));
#2336=CARTESIAN_POINT('',(-0.0208181626003626,-0.0398333333333334,0.389239242140454));
#2337=CARTESIAN_POINT('',(-0.0095,-0.0188168207719508,0.338394558107347));
#2338=CARTESIAN_POINT('',(-0.0095,-0.0305212598708618,0.341599111751177));
#2339=CARTESIAN_POINT('',(-0.0208181626003626,-0.0402666666666667,0.355006026282685));
#2340=CARTESIAN_POINT('',(-0.0208181626003626,-0.0402666666666667,0.389239242140454));
#2341=CARTESIAN_POINT('',(-0.0095,-0.0189048444239547,0.338073057022125));
#2342=CARTESIAN_POINT('',(-0.0095,-0.0308719436489707,0.341349524275576));
#2343=CARTESIAN_POINT('',(-0.0208181626003626,-0.0411333333333333,0.354772826281009));
#2344=CARTESIAN_POINT('',(-0.0208181626003626,-0.0411333333333333,0.389239242140454));
#2345=CARTESIAN_POINT('',(-0.0095,-0.0189488562499567,0.337912306479513));
#2346=CARTESIAN_POINT('',(-0.0095,-0.0310468940870332,0.341224623362567));
#2347=CARTESIAN_POINT('',(-0.0208181626003626,-0.0415666666666667,0.354655129893648));
#2348=CARTESIAN_POINT('',(-0.0208181626003626,-0.0415666666666667,0.389239242140454));
#2349=CARTESIAN_POINT('',(-0.0095,-0.0190808917279626,0.33743005485168));
#2350=CARTESIAN_POINT('',(-0.0095,-0.0315708026434267,0.340849662506265));
#2351=CARTESIAN_POINT('',(-0.0208181626003626,-0.0428666666666667,0.354299411661173));
#2352=CARTESIAN_POINT('',(-0.0208181626003626,-0.0428666666666667,0.389239242140454));
#2353=CARTESIAN_POINT('',(-0.0095,-0.0191689153799665,0.337108553766458));
#2354=CARTESIAN_POINT('',(-0.0095,-0.031918825191922,0.340599346413685));
#2355=CARTESIAN_POINT('',(-0.0208181626003626,-0.0437333333333334,0.354058723143623));
#2356=CARTESIAN_POINT('',(-0.0208181626003626,-0.0437333333333334,0.389239242140454));
#2357=CARTESIAN_POINT('',(-0.0095,-0.0193009508579725,0.336626302138624));
#2358=CARTESIAN_POINT('',(-0.0095,-0.0324399244333582,0.340223616396179));
#2359=CARTESIAN_POINT('',(-0.0208181626003626,-0.0450333333333333,0.353694670007415));
#2360=CARTESIAN_POINT('',(-0.0208181626003626,-0.0450333333333333,0.389239242140454));
#2361=CARTESIAN_POINT('',(-0.0095,-0.0193449626839744,0.336465551596013));
#2362=CARTESIAN_POINT('',(-0.0095,-0.0326134684169525,0.340098330410571));
#2363=CARTESIAN_POINT('',(-0.0208181626003626,-0.0454666666666667,0.353572810708973));
#2364=CARTESIAN_POINT('',(-0.0208181626003626,-0.0454666666666667,0.389239242140454));
#2365=CARTESIAN_POINT('',(-0.0095,-0.0194329863359783,0.336144050510792));
#2366=CARTESIAN_POINT('',(-0.0095,-0.0329604015490959,0.339847716047129));
#2367=CARTESIAN_POINT('',(-0.0208181626003626,-0.0463333333333333,0.353328492699873));
#2368=CARTESIAN_POINT('',(-0.0208181626003626,-0.0463333333333333,0.389239242140454));
#2369=CARTESIAN_POINT('',(-0.0095,-0.0194769981619803,0.33598329996818));
#2370=CARTESIAN_POINT('',(-0.0095,-0.0331337906976451,0.339722387669296));
#2371=CARTESIAN_POINT('',(-0.0208181626003626,-0.0467666666666667,0.35320603244257));
#2372=CARTESIAN_POINT('',(-0.0208181626003626,-0.0467666666666667,0.389239242140454));
#2373=CARTESIAN_POINT('',(-0.0095,-0.0195650218139842,0.335661798882958));
#2374=CARTESIAN_POINT('',(-0.0095,-0.0334805708517558,0.339471731422061));
#2375=CARTESIAN_POINT('',(-0.0208181626003626,-0.0476333333333333,0.352960967879882));
#2376=CARTESIAN_POINT('',(-0.0208181626003626,-0.0476333333333333,0.389239242140454));
#2377=CARTESIAN_POINT('',(-0.0095,-0.0196090336399862,0.335501048340347));
#2378=CARTESIAN_POINT('',(-0.0095,-0.0336539617444006,0.339346403521743));
#2379=CARTESIAN_POINT('',(-0.0208181626003626,-0.0480666666666667,0.352838363720498));
#2380=CARTESIAN_POINT('',(-0.0208181626003626,-0.0480666666666667,0.389239242140454));
#2381=CARTESIAN_POINT('',(-0.0095,-0.0196970572919902,0.335179547255125));
#2382=CARTESIAN_POINT('',(-0.0095,-0.034000900548108,0.339095790711117));
#2383=CARTESIAN_POINT('',(-0.0208181626003626,-0.0489333333333333,0.352593521015703));
#2384=CARTESIAN_POINT('',(-0.0208181626003626,-0.0489333333333333,0.389239242140454));
#2385=CARTESIAN_POINT('',(-0.0095,-0.0197410691179921,0.335018796712514));
#2386=CARTESIAN_POINT('',(-0.0095,-0.0341744484591705,0.338970505800808));
#2387=CARTESIAN_POINT('',(-0.0208181626003626,-0.0493666666666667,0.352471284284633));
#2388=CARTESIAN_POINT('',(-0.0208181626003626,-0.0493666666666667,0.389239242140454));
#2389=CARTESIAN_POINT('',(-0.0095,-0.019873104595998,0.334536545084681));
#2390=CARTESIAN_POINT('',(-0.0095,-0.0346955608008427,0.33859477937001));
#2391=CARTESIAN_POINT('',(-0.0208181626003626,-0.0506666666666667,0.352105946436179));
#2392=CARTESIAN_POINT('',(-0.0208181626003626,-0.0506666666666667,0.389239242140454));
#2393=CARTESIAN_POINT('',(-0.0095,-0.019961128248002,0.334215043999459));
#2394=CARTESIAN_POINT('',(-0.0095,-0.035043593839937,0.338344466149648));
#2395=CARTESIAN_POINT('',(-0.0208181626003626,-0.0515333333333333,0.351864240960986));
#2396=CARTESIAN_POINT('',(-0.0208181626003626,-0.0515333333333333,0.389239242140454));
#2397=CARTESIAN_POINT('',(-0.0095,-0.0200931637260079,0.333732792371626));
#2398=CARTESIAN_POINT('',(-0.0095,-0.0355675129389805,0.337969508179813));
#2399=CARTESIAN_POINT('',(-0.0208181626003626,-0.0528333333333333,0.351507877150926));
#2400=CARTESIAN_POINT('',(-0.0208181626003626,-0.0528333333333333,0.389239242140454));
#2401=CARTESIAN_POINT('',(-0.0095,-0.0201371755520099,0.333572041829015));
#2402=CARTESIAN_POINT('',(-0.0095,-0.0357424631747403,0.337844607211416));
#2403=CARTESIAN_POINT('',(-0.0208181626003626,-0.0532666666666667,0.351390128645205));
#2404=CARTESIAN_POINT('',(-0.0208181626003626,-0.0532666666666667,0.389239242140454));
#2405=CARTESIAN_POINT('',(-0.0095,-0.0202251992040137,0.333250540743793));
#2406=CARTESIAN_POINT('',(-0.0095,-0.0360931420608274,0.337595018396431));
#2407=CARTESIAN_POINT('',(-0.0208181626003626,-0.0541333333333333,0.35115721848019));
#2408=CARTESIAN_POINT('',(-0.0208181626003626,-0.0541333333333333,0.389239242140454));
#2409=CARTESIAN_POINT('',(-0.0095,-0.0202692110300158,0.333089790201182));
#2410=CARTESIAN_POINT('',(-0.0095,-0.0362688707111549,0.337470330549843));
#2411=CARTESIAN_POINT('',(-0.0208181626003626,-0.0545666666666667,0.351042061665421));
#2412=CARTESIAN_POINT('',(-0.0208181626003626,-0.0545666666666667,0.389239242140454));
#2413=CARTESIAN_POINT('',(-0.0095,-0.0203533941423722,0.332782316455616));
#2414=CARTESIAN_POINT('',(-0.0095,-0.0366058885886122,0.337232080332286));
#2415=CARTESIAN_POINT('',(-0.0208181626003626,-0.05539552,0.350824683556011));
#2416=CARTESIAN_POINT('',(-0.0208181626003626,-0.05539552,0.389239242140454));
#2417=CARTESIAN_POINT('',(-0.0095,-0.0203935654287268,0.332635593252662));
#2418=CARTESIAN_POINT('',(-0.0095,-0.0367670997228448,0.337118496580295));
#2419=CARTESIAN_POINT('',(-0.0208181626003626,-0.05579104,0.350722213297508));
#2420=CARTESIAN_POINT('',(-0.0208181626003626,-0.05579104,0.389239242140454));
#2421=CARTESIAN_POINT('',(-0.0095,-0.0204337367150813,0.332488870049708));
#2422=CARTESIAN_POINT('',(-0.0095,-0.0369287604638334,0.337005035925955));
#2423=CARTESIAN_POINT('',(-0.0208181626003626,-0.05618656,0.350621104572167));
#2424=CARTESIAN_POINT('',(-0.0208181626003626,-0.05618656,0.389239242140454));
#2425=CARTESIAN_POINT('',(-0.0208181626003626,-0.0398,0.389239242140454));
#2426=CARTESIAN_POINT('',(-0.0208181626003626,-0.0398,0.384105110827027));
#2427=CARTESIAN_POINT('',(-0.0204319027489777,-0.0395295859184751,0.376426394460405));
#2428=CARTESIAN_POINT('',(-0.0189824274889548,-0.0383342880342341,0.366449689308972));
#2429=CARTESIAN_POINT('',(-0.0173777114042122,-0.0368777161695636,0.35907830401388));
#2430=CARTESIAN_POINT('',(-0.0152400854854404,-0.0346397270870609,0.351944764412632));
#2431=CARTESIAN_POINT('',(-0.013152060206477,-0.0318940115505477,0.346493055441785));
#2432=CARTESIAN_POINT('',(-0.0115282232229325,-0.0288815168741084,0.342608845237289));
#2433=CARTESIAN_POINT('',(-0.0104654849553444,-0.0261333932236399,0.340062984156941));
#2434=CARTESIAN_POINT('',(-0.00971106682900078,-0.0229515093342559,0.338060200441574));
#2435=CARTESIAN_POINT('',(-0.0095,-0.0204947627370229,0.337125957868715));
#2436=CARTESIAN_POINT('',(-0.0095,-0.0192569390319705,0.336787052681236));
#2437=CARTESIAN_POINT('',(-0.0095,-0.0197850809439941,0.334858046169903));
#2438=CARTESIAN_POINT('',(-0.0095,-0.0212369163411621,0.335255544112274));
#2439=CARTESIAN_POINT('',(-0.0097262854754936,-0.0241053470464568,0.336116923281157));
#2440=CARTESIAN_POINT('',(-0.0104748456929847,-0.0281954301902777,0.337689130210432));
#2441=CARTESIAN_POINT('',(-0.0114604546089565,-0.0321013348021066,0.339654074069434));
#2442=CARTESIAN_POINT('',(-0.0125762104444547,-0.0357557585429275,0.342033634152099));
#2443=CARTESIAN_POINT('',(-0.0137276995810669,-0.03906540642427,0.344764323634328));
#2444=CARTESIAN_POINT('',(-0.0148855546650439,-0.0420800996400859,0.347871290734278));
#2445=CARTESIAN_POINT('',(-0.0160041257699609,-0.0447680261903304,0.35132600923192));
#2446=CARTESIAN_POINT('',(-0.0170248935697737,-0.0470679171867726,0.355002165932832));
#2447=CARTESIAN_POINT('',(-0.0179420892348747,-0.0490293733064857,0.358903121467763));
#2448=CARTESIAN_POINT('',(-0.0190118082673143,-0.0512173042132082,0.364396298821632));
#2449=CARTESIAN_POINT('',(-0.0199991499761347,-0.053117642030153,0.371463794890978));
#2450=CARTESIAN_POINT('',(-0.0206792826717558,-0.0543593277684634,0.380268632092228));
#2451=CARTESIAN_POINT('',(-0.0208181626003626,-0.0546,0.386251352447932));
#2452=CARTESIAN_POINT('',(-0.0208181626003626,-0.0546,0.389239242140454));
#2453=CARTESIAN_POINT('',(-0.00895966164070994,-0.0472,0.389239242140454));
#2454=CARTESIAN_POINT('',(-0.000101160681057291,-0.0546,0.389239242140454));
#2455=CARTESIAN_POINT('',(0.000798839318942721,-0.0558,0.389239242140454));
#2456=CARTESIAN_POINT('',(0.001,-0.0556185505164171,0.389239242140454));
#2457=CARTESIAN_POINT('',(-0.009,-0.0558,0.389239242140454));
#2458=CARTESIAN_POINT('',(0.001,-0.0558,0.389239242140454));
#2459=CARTESIAN_POINT('',(0.001,-0.0483,0.389239242140454));
#2460=CARTESIAN_POINT('',(0.00649999999999996,-0.018464726163935,0.339680562448235));
#2461=CARTESIAN_POINT('',(0.00949999999999991,-0.018464726163935,0.339680562448235));
#2462=CARTESIAN_POINT('',(0.00949999999999998,-0.0192569390319704,0.336787052681236));
#2463=CARTESIAN_POINT('',(0.00650000000040886,-0.0194972284236805,0.339963250824053));
#2464=CARTESIAN_POINT('',(0.00950000000018305,-0.0195928593715563,0.33998943358227));
#2465=CARTESIAN_POINT('',(0.00949999999999999,-0.0205699645715241,0.337146545411654));
#2466=CARTESIAN_POINT('',(0.00637509576680805,-0.0215040995944855,0.340728216044281));
#2467=CARTESIAN_POINT('',(0.00935466979302045,-0.0217465411598196,0.340833951357148));
#2468=CARTESIAN_POINT('',(0.00936596788030513,-0.0231028401033945,0.338147875477268));
#2469=CARTESIAN_POINT('',(0.00591126877455899,-0.0242155322284643,0.342446181891287));
#2470=CARTESIAN_POINT('',(0.00883946523164873,-0.0245688518825887,0.342711255876167));
#2471=CARTESIAN_POINT('',(0.00887931017272283,-0.0264057081515138,0.340368947309617));
#2472=CARTESIAN_POINT('',(0.00527237865164689,-0.0265729471530536,0.344635558204592));
#2473=CARTESIAN_POINT('',(0.00817042878543186,-0.0269410757402531,0.345038086863071));
#2474=CARTESIAN_POINT('',(0.0082222369129856,-0.0291393178148326,0.343055549883544));
#2475=CARTESIAN_POINT('',(0.0045382207778327,-0.0286227482078506,0.347261985021282));
#2476=CARTESIAN_POINT('',(0.00743656377035881,-0.0289465202875628,0.347746348642195));
#2477=CARTESIAN_POINT('',(0.00748158681707981,-0.0314098785064873,0.346098133667324));
#2478=CARTESIAN_POINT('',(0.00380555141656618,-0.0303247605437794,0.350150801617755));
#2479=CARTESIAN_POINT('',(0.00672118230497925,-0.0305849270858373,0.350661236811348));
#2480=CARTESIAN_POINT('',(0.00675170666812025,-0.0332311648273168,0.349298985297183));
#2481=CARTESIAN_POINT('',(0.00286040551672182,-0.0322502515343543,0.354371692611674));
#2482=CARTESIAN_POINT('',(0.0058048929480553,-0.0324273582020306,0.354868436552018));
#2483=CARTESIAN_POINT('',(0.00581665919815817,-0.035241796330902,0.353832501081126));
#2484=CARTESIAN_POINT('',(0.00184919731397017,-0.034006097243215,0.359989377815385));
#2485=CARTESIAN_POINT('',(0.00482471683857629,-0.0341030400225701,0.360406758883866));
#2486=CARTESIAN_POINT('',(0.00482117870019222,-0.0370251832776012,0.359681991130256));
#2487=CARTESIAN_POINT('',(0.000939073257407571,-0.0354011446138811,0.367061927140032));
#2488=CARTESIAN_POINT('',(0.00393306309730773,-0.0354433950874294,0.367362704096228));
#2489=CARTESIAN_POINT('',(0.00392514244921697,-0.0384202904114074,0.366907593695204));
#2490=CARTESIAN_POINT('',(0.000110960687409402,-0.0365526925361117,0.376836232181849));
#2491=CARTESIAN_POINT('',(0.00311346099092085,-0.0365571083538351,0.376984379329032));
#2492=CARTESIAN_POINT('',(0.00310880103825907,-0.0395595981178888,0.376794841870246));
#2493=CARTESIAN_POINT('',(-0.000101160681147551,-0.0368000000000001,0.384261186788975));
#2494=CARTESIAN_POINT('',(0.00289883922977753,-0.0367999988694618,0.384317979005538));
#2495=CARTESIAN_POINT('',(0.00289883931894271,-0.0398000000002102,0.384248641840134));
#2496=CARTESIAN_POINT('',(-0.000101160681057291,-0.0368,0.389239242140454));
#2497=CARTESIAN_POINT('',(0.00289883931894271,-0.0368,0.389239242140454));
#2498=CARTESIAN_POINT('',(0.00289883931894271,-0.0398,0.389239242140454));
#2499=CARTESIAN_POINT('',(-0.00010116068105729,-0.0398,0.389239242140454));
#2500=CARTESIAN_POINT('',(0.0095,-0.0197850809439941,0.334858046169903));
#2501=CARTESIAN_POINT('',(0.00950000000000006,-0.0205772938120295,0.331964536402904));
#2502=CARTESIAN_POINT('',(0.0065,-0.0205772938120295,0.331964536402904));
#2503=CARTESIAN_POINT('',(0.00950000000000001,-0.022816520758001,0.335688022851021));
#2504=CARTESIAN_POINT('',(0.00949999999936691,-0.02376364235169,0.33283692547877));
#2505=CARTESIAN_POINT('',(0.00649999999777244,-0.0235875726882394,0.332788719438091));
#2506=CARTESIAN_POINT('',(0.00909077115066053,-0.0270394826818138,0.337352536803158));
#2507=CARTESIAN_POINT('',(0.00918209299657711,-0.028318082185921,0.334522414000582));
#2508=CARTESIAN_POINT('',(0.00611143273172129,-0.0279393679317604,0.334365231148788));
#2509=CARTESIAN_POINT('',(0.00828115560208634,-0.0321845587196656,0.34021567213549));
#2510=CARTESIAN_POINT('',(0.00846138095130977,-0.0338335094467536,0.337499245764675));
#2511=CARTESIAN_POINT('',(0.00531875446877057,-0.0334259939308909,0.337258366678116));
#2512=CARTESIAN_POINT('',(0.00737488642566706,-0.0370394295758118,0.343548496160685));
#2513=CARTESIAN_POINT('',(0.007588854416324,-0.0390715936330319,0.341055920165287));
#2514=CARTESIAN_POINT('',(0.00442080421906192,-0.038668430498923,0.340735456624133));
#2515=CARTESIAN_POINT('',(0.0064587868263171,-0.041244910319445,0.347465782117988));
#2516=CARTESIAN_POINT('',(0.00664465035029486,-0.0435691624046284,0.345285323449844));
#2517=CARTESIAN_POINT('',(0.00350080581361253,-0.0432509876324429,0.344942268839755));
#2518=CARTESIAN_POINT('',(0.00560289562733307,-0.044841809946764,0.352047380144919));
#2519=CARTESIAN_POINT('',(0.00573883237806933,-0.0474063658773089,0.350245419295184));
#2520=CARTESIAN_POINT('',(0.00263664831031523,-0.0471598822716759,0.349892490276704));
#2521=CARTESIAN_POINT('',(0.00502393539129664,-0.0471416846299184,0.355679839449656));
#2522=CARTESIAN_POINT('',(0.00512440396554111,-0.0498382208853137,0.354150021453157));
#2523=CARTESIAN_POINT('',(0.00205081602420459,-0.0496504658262117,0.353814506565207));
#2524=CARTESIAN_POINT('',(0.00450800408162665,-0.0490961290538336,0.35951584851788));
#2525=CARTESIAN_POINT('',(0.00457751184292819,-0.0518921359843367,0.358246875146105));
#2526=CARTESIAN_POINT('',(0.00152823499850104,-0.0517563219289994,0.357941654347298));
#2527=CARTESIAN_POINT('',(0.00390729783025966,-0.0512746274101353,0.364917824814478));
#2528=CARTESIAN_POINT('',(0.00394442580686913,-0.0541649667480632,0.363968766860342));
#2529=CARTESIAN_POINT('',(0.000919582698809791,-0.0540901005756087,0.363723938320315));
#2530=CARTESIAN_POINT('',(0.00335368415953642,-0.0531585576706018,0.37188589939231));
#2531=CARTESIAN_POINT('',(0.00336596632243214,-0.0561177761388064,0.371286360098725));
#2532=CARTESIAN_POINT('',(0.000358822557651414,-0.0560884757379965,0.371117970870545));
#2533=CARTESIAN_POINT('',(0.00297677368036634,-0.0543655394513409,0.380466584383099));
#2534=CARTESIAN_POINT('',(0.00297781432465201,-0.0573600308151867,0.380205293777731));
#2535=CARTESIAN_POINT('',(-2.24584870723192E-5,-0.0573560376412858,0.380124267813568));
#2536=CARTESIAN_POINT('',(0.00289883931894271,-0.0546000000002657,0.386320265280011));
#2537=CARTESIAN_POINT('',(0.00289883929233178,-0.057599999474502,0.386239981755853));
#2538=CARTESIAN_POINT('',(-0.000101160681075054,-0.0576000000000001,0.38621352617169));
#2539=CARTESIAN_POINT('',(0.00289883931894271,-0.0546,0.389239242140454));
#2540=CARTESIAN_POINT('',(0.00289883931894272,-0.0576,0.389239242140454));
#2541=CARTESIAN_POINT('',(-0.000101160681057291,-0.0576,0.389239242140454));
#2542=CARTESIAN_POINT('',(-0.000101160681057291,-0.0546,0.389239242140454));
#2543=CARTESIAN_POINT('',(-0.0178181626003626,-0.0368,0.389239242140454));
#2544=CARTESIAN_POINT('',(-0.0208181626003626,-0.0368,0.389239242140454));
#2545=CARTESIAN_POINT('',(-0.0208181626003626,-0.0398,0.389239242140454));
#2546=CARTESIAN_POINT('',(-0.0178181626004561,-0.0368,0.386707589572089));
#2547=CARTESIAN_POINT('',(-0.0208181626004413,-0.0368000000000907,0.386656659908778));
#2548=CARTESIAN_POINT('',(-0.0208181626003626,-0.0398000000000891,0.386621598162514));
#2549=CARTESIAN_POINT('',(-0.0176869040782951,-0.0367112418592247,0.381647521515988));
#2550=CARTESIAN_POINT('',(-0.020681727676749,-0.0367078729289718,0.381491024038599));
#2551=CARTESIAN_POINT('',(-0.0206842703482598,-0.0397038559562483,0.381374980525329));
#2552=CARTESIAN_POINT('',(-0.0170525108047429,-0.0362511131169488,0.374193533969982));
#2553=CARTESIAN_POINT('',(-0.020024475937046,-0.0362255730066806,0.373857656112268));
#2554=CARTESIAN_POINT('',(-0.0200348147437555,-0.0392042440882011,0.373592135975871));
#2555=CARTESIAN_POINT('',(-0.0159366861509333,-0.0353821468463702,0.366901815968426));
#2556=CARTESIAN_POINT('',(-0.0188723972569268,-0.0353062757856068,0.36637083876484));
#2557=CARTESIAN_POINT('',(-0.018889320654176,-0.038255236119438,0.365911625193495));
#2558=CARTESIAN_POINT('',(-0.0142855434195773,-0.0339720605516983,0.359795569495791));
#2559=CARTESIAN_POINT('',(-0.0171753007602026,-0.0337995396547365,0.359064335959751));
#2560=CARTESIAN_POINT('',(-0.0171917063060343,-0.0366995848773589,0.358343181808977));
#2561=CARTESIAN_POINT('',(-0.0124541605264446,-0.0321888204414764,0.354182093986309));
#2562=CARTESIAN_POINT('',(-0.0153114014373469,-0.0318763620203249,0.353323162312855));
#2563=CARTESIAN_POINT('',(-0.0153131611718008,-0.0346979677946854,0.352283471142221));
#2564=CARTESIAN_POINT('',(-0.0108337132686446,-0.0303086576525589,0.35009604734473));
#2565=CARTESIAN_POINT('',(-0.0136881970718981,-0.0298614652356999,0.349227154999647));
#2566=CARTESIAN_POINT('',(-0.0136715359425688,-0.0325484294875921,0.347844651989264));
#2567=CARTESIAN_POINT('',(-0.00960318552890015,-0.0286456559723305,0.347280883496387));
#2568=CARTESIAN_POINT('',(-0.0124711163034199,-0.0281031731224781,0.346472504148382));
#2569=CARTESIAN_POINT('',(-0.0124433912460002,-0.0306295780697467,0.344789641787977));
#2570=CARTESIAN_POINT('',(-0.00841972148022094,-0.0266665805254354,0.344725074575682));
#2571=CARTESIAN_POINT('',(-0.0113199311363214,-0.0260698034576654,0.344069391070489));
#2572=CARTESIAN_POINT('',(-0.0112888454632859,-0.0283389285519804,0.342041829498235));
#2573=CARTESIAN_POINT('',(-0.00739308602763586,-0.0242900989891467,0.342493345184828));
#2574=CARTESIAN_POINT('',(-0.0103377177975476,-0.0237379609339213,0.342078422585222));
#2575=CARTESIAN_POINT('',(-0.0103162972650236,-0.0256129325103103,0.339688133051757));
#2576=CARTESIAN_POINT('',(-0.00668629686926367,-0.0215727141698406,0.340757981506146));
#2577=CARTESIAN_POINT('',(-0.00967043997436333,-0.0212063805151645,0.340598133185455));
#2578=CARTESIAN_POINT('',(-0.00966586035926039,-0.0225695559764271,0.337897748923348));
#2579=CARTESIAN_POINT('',(-0.00650000000127468,-0.0195187142123685,0.339969133409442));
#2580=CARTESIAN_POINT('',(-0.00950000000142858,-0.0193813687138309,0.339931529640764));
#2581=CARTESIAN_POINT('',(-0.0095,-0.0203607838147916,0.337089273896777));
#2582=CARTESIAN_POINT('',(-0.0065,-0.0184647261639351,0.339680562448235));
#2583=CARTESIAN_POINT('',(-0.0095,-0.0184647261639351,0.339680562448235));
#2584=CARTESIAN_POINT('',(-0.0095,-0.0192569390319704,0.336787052681236));
#2585=CARTESIAN_POINT('',(-0.0178181626003626,-0.0398,0.389239242140454));
#2586=CARTESIAN_POINT('',(-0.00650000000000053,-0.0205772938120295,0.331964536402904));
#2587=CARTESIAN_POINT('',(-0.00950000000000032,-0.0205772938120295,0.331964536402904));
#2588=CARTESIAN_POINT('',(-0.00950000000000027,-0.019785080943994,0.334858046169903));
#2589=CARTESIAN_POINT('',(-0.00650000000070888,-0.0221046658511936,0.332382714975343));
#2590=CARTESIAN_POINT('',(-0.00950000000021788,-0.0219737643515972,0.332346875506597));
#2591=CARTESIAN_POINT('',(-0.00950000000000027,-0.021103450806605,0.335219002120808));
#2592=CARTESIAN_POINT('',(-0.00670539808090294,-0.02511728093675,0.333341764141101));
#2593=CARTESIAN_POINT('',(-0.0096447200962743,-0.0247489250368726,0.333215565597289));
#2594=CARTESIAN_POINT('',(-0.00968752652408764,-0.0237498084769586,0.336005831140237));
#2595=CARTESIAN_POINT('',(-0.00741912944921559,-0.0294004995303087,0.335126715669224));
#2596=CARTESIAN_POINT('',(-0.0102123293498351,-0.0288717658417225,0.334882385653064));
#2597=CARTESIAN_POINT('',(-0.0103608399663632,-0.0276544389475218,0.337461872506339));
#2598=CARTESIAN_POINT('',(-0.00838274304833206,-0.0334998578314266,0.337296243323146));
#2599=CARTESIAN_POINT('',(-0.0110651581538325,-0.0329231198625979,0.336955850239089));
#2600=CARTESIAN_POINT('',(-0.0112900389722331,-0.031481922362628,0.339309516684241));
#2601=CARTESIAN_POINT('',(-0.00986376911718836,-0.0386774141427967,0.340736285913141));
#2602=CARTESIAN_POINT('',(-0.0124716776793998,-0.038105067298521,0.340283781796395));
#2603=CARTESIAN_POINT('',(-0.0127440582921033,-0.0363747678192532,0.342362695879756));
#2604=CARTESIAN_POINT('',(-0.0114324419369307,-0.0432006813795361,0.344877497422214));
#2605=CARTESIAN_POINT('',(-0.0140764243733969,-0.0427262873439461,0.344372176391858));
#2606=CARTESIAN_POINT('',(-0.0143166689095804,-0.0406817076956863,0.346186135102177));
#2607=CARTESIAN_POINT('',(-0.0129384633402857,-0.0470844236594602,0.349766469185975));
#2608=CARTESIAN_POINT('',(-0.0156503897810447,-0.0466993319036591,0.349221619281618));
#2609=CARTESIAN_POINT('',(-0.0158427679582098,-0.0443931023705905,0.350792282991258));
#2610=CARTESIAN_POINT('',(-0.0139723972846894,-0.0495751078867859,0.353660090530361));
#2611=CARTESIAN_POINT('',(-0.0167462631917224,-0.0492700192671577,0.353122066735081));
#2612=CARTESIAN_POINT('',(-0.0168950553369406,-0.0467831232973165,0.354497164682514));
#2613=CARTESIAN_POINT('',(-0.0149013257427516,-0.0516897102955263,0.35777152718286));
#2614=CARTESIAN_POINT('',(-0.0177356284071588,-0.0514615497719551,0.35726572007928));
#2615=CARTESIAN_POINT('',(-0.0178426538005052,-0.048821802856315,0.358440235177005));
#2616=CARTESIAN_POINT('',(-0.0159872871856315,-0.0540392912421806,0.363545949062423));
#2617=CARTESIAN_POINT('',(-0.018895079630128,-0.0539080838657991,0.363124500875654));
#2618=CARTESIAN_POINT('',(-0.0189514906474699,-0.0510992435687196,0.364016266975954));
#2619=CARTESIAN_POINT('',(-0.0169900919577881,-0.0560574330519235,0.370932451507505));
#2620=CARTESIAN_POINT('',(-0.0199564433911131,-0.056004763446316,0.370635021151336));
#2621=CARTESIAN_POINT('',(-0.0199752133384324,-0.0530734994431952,0.371210660526214));
#2622=CARTESIAN_POINT('',(-0.0176785467861667,-0.057353995731022,0.380047684247239));
#2623=CARTESIAN_POINT('',(-0.0206749791869379,-0.0573468861675198,0.379903966056431));
#2624=CARTESIAN_POINT('',(-0.0206764266078433,-0.0543544478893295,0.380160374601772));
#2625=CARTESIAN_POINT('',(-0.0178181626004656,-0.0576,0.386188995863513));
#2626=CARTESIAN_POINT('',(-0.0208181629181181,-0.0576000008794078,0.386142224848958));
#2627=CARTESIAN_POINT('',(-0.0208181626003626,-0.0546000000003915,0.386222922475355));
#2628=CARTESIAN_POINT('',(-0.0178181626003626,-0.0576,0.389239242140454));
#2629=CARTESIAN_POINT('',(-0.0208181626003626,-0.0576,0.389239242140454));
#2630=CARTESIAN_POINT('',(-0.0208181626003626,-0.0546,0.389239242140454));
#2631=CARTESIAN_POINT('',(-0.0178181626003626,-0.0546,0.389239242140454));
#2632=CARTESIAN_POINT('',(0.0071818207474848,-0.0188608325979528,0.338233807564735));
#2633=CARTESIAN_POINT('',(0.00718182809591748,-0.0217568227242306,0.339019698767625));
#2634=CARTESIAN_POINT('',(0.00650950623493255,-0.0258292094455233,0.341314863897));
#2635=CARTESIAN_POINT('',(0.00480908666906512,-0.030652930469125,0.347296673531817));
#2636=CARTESIAN_POINT('',(0.00313006779119344,-0.0339799815904681,0.354190755730631));
#2637=CARTESIAN_POINT('',(0.000964802391550316,-0.0372637225628546,0.366736571646881));
#2638=CARTESIAN_POINT('',(5.14092813159642E-6,-0.0382993220717394,0.379462514478918));
#2639=CARTESIAN_POINT('',(5.14133045854289E-6,-0.0383,0.389239242140454));
#2640=CARTESIAN_POINT('',(0.00239394024916148,-0.0188608325979527,0.338233807564736));
#2641=CARTESIAN_POINT('',(0.00239395894198188,-0.0217575050044318,0.339019843521193));
#2642=CARTESIAN_POINT('',(0.00161096065083207,-0.0258308811341394,0.341314393927284));
#2643=CARTESIAN_POINT('',(-0.000370676182780678,-0.0306549009939622,0.347294997222761));
#2644=CARTESIAN_POINT('',(-0.00232792406550872,-0.0339814936749796,0.354187871626365));
#2645=CARTESIAN_POINT('',(-0.00485240263333469,-0.0372642723373164,0.366732786362256));
#2646=CARTESIAN_POINT('',(-0.00597139499568493,-0.0382993225831161,0.379460100076829));
#2647=CARTESIAN_POINT('',(-0.00597139398365377,-0.0383,0.389239242140455));
#2648=CARTESIAN_POINT('',(-0.00239394024916153,-0.0188608325979528,0.338233807564735));
#2649=CARTESIAN_POINT('',(-0.00239392056174439,-0.0217601386434778,0.339020484465664));
#2650=CARTESIAN_POINT('',(-0.00328820991858294,-0.0258366451221693,0.341312399033035));
#2651=CARTESIAN_POINT('',(-0.00555144153670068,-0.0306617236372779,0.347287987852061));
#2652=CARTESIAN_POINT('',(-0.00778679500560558,-0.0339869322834997,0.354176575727467));
#2653=CARTESIAN_POINT('',(-0.0106699569457745,-0.0372663340638417,0.366718728908409));
#2654=CARTESIAN_POINT('',(-0.0119479304925121,-0.0382993200500198,0.37945118895302));
#2655=CARTESIAN_POINT('',(-0.0119479292977661,-0.0383,0.389239242140454));
#2656=CARTESIAN_POINT('',(-0.0071818207474847,-0.0188608325979527,0.338233807564736));
#2657=CARTESIAN_POINT('',(-0.00718181421420781,-0.0217609274384342,0.339020724739499));
#2658=CARTESIAN_POINT('',(-0.00818847565297449,-0.0258379567897166,0.341311687803092));
#2659=CARTESIAN_POINT('',(-0.0107339726695772,-0.0306632935391105,0.347285545003404));
#2660=CARTESIAN_POINT('',(-0.0132472109422152,-0.0339883225539691,0.35417306823758));
#2661=CARTESIAN_POINT('',(-0.0164881211314163,-0.0372669161117954,0.366714825447561));
#2662=CARTESIAN_POINT('',(-0.0179244650144934,-0.03829931654215,0.379448749479416));
#2663=CARTESIAN_POINT('',(-0.0179244646118784,-0.0383,0.389239242140454));
#2664=CARTESIAN_POINT('',(-0.00010116068105729,-0.0383,0.389239242140454));
#2665=CARTESIAN_POINT('',(-0.00600682798749239,-0.0383,0.389239242140454));
#2666=CARTESIAN_POINT('',(-0.0119124952939275,-0.0383,0.389239242140454));
#2667=CARTESIAN_POINT('',(-0.0178181626003626,-0.0383,0.389239242140454));
#2668=CARTESIAN_POINT('',(-0.000101160681057288,-0.0383,0.389239242140454));
#2669=CARTESIAN_POINT('',(-0.0178181626003626,-0.0383,0.389239242140454));
#2670=CARTESIAN_POINT('',(-0.0065,-0.0188608325979528,0.338233807564736));
#2671=CARTESIAN_POINT('',(-0.00650000163262802,-0.0200769607954868,0.338566770811743));
#2672=CARTESIAN_POINT('',(-0.00671136949001748,-0.0224595815650723,0.339500986162524));
#2673=CARTESIAN_POINT('',(-0.00748296043155941,-0.025513166820988,0.341529328819795));
#2674=CARTESIAN_POINT('',(-0.00857815764714565,-0.028114602812587,0.344083782912181));
#2675=CARTESIAN_POINT('',(-0.00979818122831468,-0.0301973854242313,0.346900724922868));
#2676=CARTESIAN_POINT('',(-0.0110427522973819,-0.0319121562696708,0.349932837308177));
#2677=CARTESIAN_POINT('',(-0.0126551114703834,-0.0338130286329398,0.354245502449845));
#2678=CARTESIAN_POINT('',(-0.0144369596088001,-0.0355683945654998,0.360010564504902));
#2679=CARTESIAN_POINT('',(-0.0160222309755258,-0.036935772908903,0.367154470199818));
#2680=CARTESIAN_POINT('',(-0.0170888612487019,-0.0377733538820035,0.37441038428913));
#2681=CARTESIAN_POINT('',(-0.0176932834704079,-0.0382149930564724,0.38177591768974));
#2682=CARTESIAN_POINT('',(-0.0178181626003626,-0.0383,0.386752304689032));
#2683=CARTESIAN_POINT('',(-0.0178181626003626,-0.0383,0.389239242140454));
#2684=CARTESIAN_POINT('',(-0.00010116068105729,-0.0383,0.389239242140454));
#2685=CARTESIAN_POINT('',(-0.00010116068105729,-0.0383,0.384347799480383));
#2686=CARTESIAN_POINT('',(0.000100722689947626,-0.0380631473678761,0.377036872266224));
#2687=CARTESIAN_POINT('',(0.000890526535203518,-0.0369563623849471,0.367328845106353));
#2688=CARTESIAN_POINT('',(0.0017647362222348,-0.0356034663800362,0.360216459403884));
#2689=CARTESIAN_POINT('',(0.00274348119018039,-0.033884074773672,0.354471594486851));
#2690=CARTESIAN_POINT('',(0.00367882546567816,-0.0319458184078423,0.350025727871868));
#2691=CARTESIAN_POINT('',(0.00466258801764152,-0.0296073722092844,0.345865507986399));
#2692=CARTESIAN_POINT('',(0.00568503221299154,-0.0264500596944734,0.342142049515904));
#2693=CARTESIAN_POINT('',(0.00635818176458017,-0.0223820551773377,0.339467751267159));
#2694=CARTESIAN_POINT('',(0.00650000000000002,-0.0200601657750233,0.338562172509887));
#2695=CARTESIAN_POINT('',(0.0065,-0.0188608325979528,0.338233807564735));
#2696=CARTESIAN_POINT('',(0.008,-0.0202816155938981,0.333044483279018));
#2697=CARTESIAN_POINT('',(0.00800029364161222,-0.0241868827685446,0.33411472914815));
#2698=CARTESIAN_POINT('',(0.0073940353024193,-0.0303661547971031,0.336506646818942));
#2699=CARTESIAN_POINT('',(0.00583834109176229,-0.0388232156092642,0.342705519220015));
#2700=CARTESIAN_POINT('',(0.00429004944661155,-0.0452753376588734,0.350029540639638));
#2701=CARTESIAN_POINT('',(0.00228606177400317,-0.0522127409662207,0.363744583559597));
#2702=CARTESIAN_POINT('',(0.00139864395089775,-0.0546886883531926,0.378051272333959));
#2703=CARTESIAN_POINT('',(0.00139883931894271,-0.0546888,0.389239242140454));
#2704=CARTESIAN_POINT('',(0.008,-0.0200280803919262,0.333970505327868));
#2705=CARTESIAN_POINT('',(0.00800035309668032,-0.0237379441971667,0.334987253195681));
#2706=CARTESIAN_POINT('',(0.00739532948936549,-0.0295623221596929,0.337310345119101));
#2707=CARTESIAN_POINT('',(0.00583964105736616,-0.0374772519723552,0.343409371131125));
#2708=CARTESIAN_POINT('',(0.00429074149606314,-0.0434846193415999,0.350632979144451));
#2709=CARTESIAN_POINT('',(0.00228619412544631,-0.0499134485221205,0.364156798807909));
#2710=CARTESIAN_POINT('',(0.00139864493605371,-0.0521923951584061,0.378242744261566));
#2711=CARTESIAN_POINT('',(0.00139883931894271,-0.0521925333333333,0.389239242140454));
#2712=CARTESIAN_POINT('',(0.008,-0.0195210099879823,0.33582254942557));
#2713=CARTESIAN_POINT('',(0.00800049729938731,-0.0228457818854571,0.336733864961771));
#2714=CARTESIAN_POINT('',(0.00739842245516238,-0.0279658977429845,0.338928299247478));
#2715=CARTESIAN_POINT('',(0.00584271739086484,-0.0347990110779789,0.344846690513233));
#2716=CARTESIAN_POINT('',(0.00429236782554194,-0.0399147019799999,0.351884029713814));
#2717=CARTESIAN_POINT('',(0.00228648619990791,-0.0453196081987775,0.365031382532552));
#2718=CARTESIAN_POINT('',(0.00139865047447051,-0.0471998057122869,0.378655485065442));
#2719=CARTESIAN_POINT('',(0.00139883931894271,-0.0472,0.389239242140454));
#2720=CARTESIAN_POINT('',(0.008,-0.0190139395840384,0.33767459352327));
#2721=CARTESIAN_POINT('',(0.00800080754710941,-0.021948219105823,0.338478704618166));
#2722=CARTESIAN_POINT('',(0.00740352319223081,-0.0263654238951499,0.340536900237421));
#2723=CARTESIAN_POINT('',(0.00584709727444843,-0.0321223690816965,0.346274281498871));
#2724=CARTESIAN_POINT('',(0.0042944447398856,-0.0363478045523064,0.353126656415883));
#2725=CARTESIAN_POINT('',(0.00228679908953655,-0.0407275365080861,0.365899473591965));
#2726=CARTESIAN_POINT('',(0.00139866499584265,-0.042207219071833,0.379064465418624));
#2727=CARTESIAN_POINT('',(0.00139883931894271,-0.0422074666666667,0.389239242140454));
#2728=CARTESIAN_POINT('',(0.008,-0.0187604043820664,0.338600615572121));
#2729=CARTESIAN_POINT('',(0.00800111494130447,-0.0214931830156358,0.339349103610311));
#2730=CARTESIAN_POINT('',(0.0074070634298494,-0.0255573115016509,0.341332144534214));
#2731=CARTESIAN_POINT('',(0.00584972045607454,-0.0307779827201533,0.346972627970852));
#2732=CARTESIAN_POINT('',(0.00429558755296528,-0.0345600133162086,0.353728041612993));
#2733=CARTESIAN_POINT('',(0.00228695083564729,-0.0384299521500619,0.366312465370162));
#2734=CARTESIAN_POINT('',(0.00139867483909644,-0.0397109272576014,0.379256566393541));
#2735=CARTESIAN_POINT('',(0.00139883931894271,-0.0397112,0.389239242140454));
#2736=CARTESIAN_POINT('',(0.00139883931894271,-0.0546,0.389239242140454));
#2737=CARTESIAN_POINT('',(0.00139883931894271,-0.0546,0.386293338098048));
#2738=CARTESIAN_POINT('',(0.00147777542590904,-0.0543619632197765,0.380390615621995));
#2739=CARTESIAN_POINT('',(0.00185976843958401,-0.0531368988068666,0.371728209815529));
#2740=CARTESIAN_POINT('',(0.0024222519607818,-0.0512204658873366,0.364683928711575));
#2741=CARTESIAN_POINT('',(0.00303248805667335,-0.0490036759679463,0.359227634197326));
#2742=CARTESIAN_POINT('',(0.00355636496123878,-0.0470146056781582,0.355356018119214));
#2743=CARTESIAN_POINT('',(0.00414383343680471,-0.0446731763462768,0.351694310129578));
#2744=CARTESIAN_POINT('',(0.0050097180806883,-0.0410165051448463,0.347092337685006));
#2745=CARTESIAN_POINT('',(0.00593112982770888,-0.0367500821308701,0.343188553945334));
#2746=CARTESIAN_POINT('',(0.00682847609227532,-0.0318700468877097,0.339928495471654));
#2747=CARTESIAN_POINT('',(0.00761856626711261,-0.0267493463043718,0.33717985276228));
#2748=CARTESIAN_POINT('',(0.008,-0.0226515052366869,0.33564284331689));
#2749=CARTESIAN_POINT('',(0.008,-0.0197850809439941,0.334858046169903));
#2750=CARTESIAN_POINT('',(0.00139883931894271,-0.0546,0.389239242140454));
#2751=CARTESIAN_POINT('',(0.00139883931894271,-0.0546,0.389239242140454));
#2752=CARTESIAN_POINT('',(0.00139883931894271,-0.0496666666666667,0.389239242140454));
#2753=CARTESIAN_POINT('',(0.00139883931894271,-0.0447333333333333,0.389239242140454));
#2754=CARTESIAN_POINT('',(0.00139883931894271,-0.0398,0.389239242140454));
#2755=CARTESIAN_POINT('',(0.00139883931894271,-0.0398,0.389239242140454));
#2756=CARTESIAN_POINT('',(0.008,-0.0192569390319705,0.336787052681236));
#2757=CARTESIAN_POINT('',(0.008,-0.0204860103729434,0.337123561663043));
#2758=CARTESIAN_POINT('',(0.00787696907577135,-0.0228909008183969,0.338049584860062));
#2759=CARTESIAN_POINT('',(0.00742367911299431,-0.0260797201848877,0.340098717482829));
#2760=CARTESIAN_POINT('',(0.00679485183696473,-0.0288016742966255,0.34264589351105));
#2761=CARTESIAN_POINT('',(0.00606382481305797,-0.0311171047150586,0.345619507207135));
#2762=CARTESIAN_POINT('',(0.00533059011794493,-0.032994306111619,0.348803065030313));
#2763=CARTESIAN_POINT('',(0.00438222195256404,-0.0350760101063653,0.353354926504661));
#2764=CARTESIAN_POINT('',(0.00336305920670891,-0.036929761433548,0.359284438738734));
#2765=CARTESIAN_POINT('',(0.002446809588815,-0.0383739364826739,0.366612177333128));
#2766=CARTESIAN_POINT('',(0.00161284988889441,-0.0395517307215843,0.376634312716462));
#2767=CARTESIAN_POINT('',(0.00139883931894271,-0.0398,0.384186897832106));
#2768=CARTESIAN_POINT('',(0.00139883931894271,-0.0398,0.389239242140454));
#2769=CARTESIAN_POINT('',(-0.00718182074748471,-0.0201811873780118,0.333411291286404));
#2770=CARTESIAN_POINT('',(-0.00718181906071799,-0.0249945986730202,0.334728739838866));
#2771=CARTESIAN_POINT('',(-0.00874888485397241,-0.0336551356640832,0.338262951921749));
#2772=CARTESIAN_POINT('',(-0.0125538541200356,-0.0446177686666982,0.347941346999314));
#2773=CARTESIAN_POINT('',(-0.0163581958560132,-0.053209268333662,0.3625488035013));
#2774=CARTESIAN_POINT('',(-0.0179244620899174,-0.056099741689815,0.378020583885573));
#2775=CARTESIAN_POINT('',(-0.0179244646118784,-0.0561,0.389239242140454));
#2776=CARTESIAN_POINT('',(-0.00239394024916157,-0.0201811873780118,0.333411291286404));
#2777=CARTESIAN_POINT('',(-0.00239393514498693,-0.0249935584605491,0.334728460925793));
#2778=CARTESIAN_POINT('',(-0.00378851777990404,-0.0336532001383425,0.338263323715328));
#2779=CARTESIAN_POINT('',(-0.00717307167855535,-0.044616268807149,0.34794333609237));
#2780=CARTESIAN_POINT('',(-0.0105557409725602,-0.0532088519541801,0.362552041112138));
#2781=CARTESIAN_POINT('',(-0.0119479217606767,-0.0560997364367368,0.378022604049355));
#2782=CARTESIAN_POINT('',(-0.0119479292977661,-0.0561000000000001,0.389239242140454));
#2783=CARTESIAN_POINT('',(0.00239394024916157,-0.0201811873780118,0.333411291286403));
#2784=CARTESIAN_POINT('',(0.00239394455646462,-0.0249896555595773,0.334727392838135));
#2785=CARTESIAN_POINT('',(0.00117283053494595,-0.0336468367549237,0.338264896043402));
#2786=CARTESIAN_POINT('',(-0.00179065941487929,-0.0446116984074233,0.347951712738247));
#2787=CARTESIAN_POINT('',(-0.00475244684070331,-0.0532072766396565,0.362564119120359));
#2788=CARTESIAN_POINT('',(-0.00597138725370512,-0.0560997267846311,0.378029877565134));
#2789=CARTESIAN_POINT('',(-0.00597139398365377,-0.0561,0.389239242140454));
#2790=CARTESIAN_POINT('',(0.00718182074748471,-0.0201811873780118,0.333411291286404));
#2791=CARTESIAN_POINT('',(0.0071818224202703,-0.0249885865690261,0.334727097629954));
#2792=CARTESIAN_POINT('',(0.00613476752018239,-0.0336451998218616,0.338265348324642));
#2793=CARTESIAN_POINT('',(0.0035927276646509,-0.0446105706009103,0.347954115827084));
#2794=CARTESIAN_POINT('',(0.00105135158205131,-0.0532068438062589,0.362567420754757));
#2795=CARTESIAN_POINT('',(5.14396287899132E-6,-0.0560997253042408,0.378031834687468));
#2796=CARTESIAN_POINT('',(5.14133045854316E-6,-0.0561000000000001,0.389239242140454));
#2797=CARTESIAN_POINT('',(-0.0178181626003626,-0.0561,0.389239242140454));
#2798=CARTESIAN_POINT('',(-0.0178181626003626,-0.0561,0.386177553912152));
#2799=CARTESIAN_POINT('',(-0.017673694076446,-0.055848570374223,0.380045192988815));
#2800=CARTESIAN_POINT('',(-0.0169703269518754,-0.0545457507447016,0.371034428912757));
#2801=CARTESIAN_POINT('',(-0.0159522834555946,-0.0525389254838704,0.363797749859818));
#2802=CARTESIAN_POINT('',(-0.0148585236377065,-0.0502307452477798,0.358194967369969));
#2803=CARTESIAN_POINT('',(-0.0139273469141605,-0.0481683807200578,0.354229040481982));
#2804=CARTESIAN_POINT('',(-0.0128941803183424,-0.0457521471129018,0.350488199329715));
#2805=CARTESIAN_POINT('',(-0.0113945226049917,-0.0420037278803014,0.345808830097061));
#2806=CARTESIAN_POINT('',(-0.00983827663011896,-0.0376594885309683,0.341854258530437));
#2807=CARTESIAN_POINT('',(-0.00836677855304578,-0.032672636050905,0.338553359214249));
#2808=CARTESIAN_POINT('',(-0.00709459217275841,-0.0274036898780322,0.335773085389108));
#2809=CARTESIAN_POINT('',(-0.00649999999999993,-0.0231648425038883,0.334228185015762));
#2810=CARTESIAN_POINT('',(-0.0065,-0.0201811873780118,0.333411291286404));
#2811=CARTESIAN_POINT('',(-0.0178181626003626,-0.0561,0.389239242140454));
#2812=CARTESIAN_POINT('',(-0.0178181626003626,-0.0561,0.389239242140454));
#2813=CARTESIAN_POINT('',(-0.0119124952939275,-0.0561,0.389239242140454));
#2814=CARTESIAN_POINT('',(-0.0060068279874924,-0.0561,0.389239242140454));
#2815=CARTESIAN_POINT('',(-0.000101160681057291,-0.0561,0.389239242140454));
#2816=CARTESIAN_POINT('',(-0.000101160681057281,-0.0561,0.389239242140454));
#2817=CARTESIAN_POINT('',(0.0065,-0.0201811873780118,0.333411291286404));
#2818=CARTESIAN_POINT('',(0.00649999956105203,-0.020906334517586,0.333609829028263));
#2819=CARTESIAN_POINT('',(0.00646608514732608,-0.0223790584280543,0.334044921551144));
#2820=CARTESIAN_POINT('',(0.00628998216080575,-0.0252241727495179,0.335016953792331));
#2821=CARTESIAN_POINT('',(0.00591288777079605,-0.0286825892007188,0.336452798304648));
#2822=CARTESIAN_POINT('',(0.00531936905660633,-0.0326509026987154,0.338546749291005));
#2823=CARTESIAN_POINT('',(0.00442846210599633,-0.0376867754947096,0.341883239292209));
#2824=CARTESIAN_POINT('',(0.00351651430597903,-0.0420776413765719,0.345898973079782));
#2825=CARTESIAN_POINT('',(0.00265731043833999,-0.0458423802465063,0.350634303057964));
#2826=CARTESIAN_POINT('',(0.00207284212354133,-0.048253877169695,0.354399947087876));
#2827=CARTESIAN_POINT('',(0.00154964004794076,-0.0503049970420729,0.358380247610159));
#2828=CARTESIAN_POINT('',(0.000937577440842901,-0.0525941849787776,0.363987889985018));
#2829=CARTESIAN_POINT('',(0.000368861314192491,-0.0545798229556231,0.371231916773093));
#2830=CARTESIAN_POINT('',(-2.01642536776323E-5,-0.055852009169841,0.380138376257346));
#2831=CARTESIAN_POINT('',(-0.000101160681057291,-0.0561,0.386209346589383));
#2832=CARTESIAN_POINT('',(-0.000101160681057291,-0.0561,0.389239242140454));
#2833=CARTESIAN_POINT('',(-0.008,-0.0187604043820664,0.338600615572121));
#2834=CARTESIAN_POINT('',(-0.00800008934672776,-0.0205785582090149,0.339096305655755));
#2835=CARTESIAN_POINT('',(-0.00844518465379066,-0.0235381057899329,0.34040263890199));
#2836=CARTESIAN_POINT('',(-0.00986081566491327,-0.0274682556983004,0.3434425857014));
#2837=CARTESIAN_POINT('',(-0.0116268216715312,-0.0307770890827005,0.347254627178011));
#2838=CARTESIAN_POINT('',(-0.0137324735971051,-0.0338126628150057,0.352518355783034));
#2839=CARTESIAN_POINT('',(-0.0158269513796292,-0.0363200149571504,0.359170568959706));
#2840=CARTESIAN_POINT('',(-0.0182685396250557,-0.0388519895767476,0.37009098085045));
#2841=CARTESIAN_POINT('',(-0.0193178003488165,-0.0397115208103102,0.380800387689163));
#2842=CARTESIAN_POINT('',(-0.0193181626003626,-0.0397112,0.389239242140454));
#2843=CARTESIAN_POINT('',(-0.00799999999999999,-0.0190139395840384,0.33767459352327));
#2844=CARTESIAN_POINT('',(-0.00800017176986275,-0.0209335276716143,0.338198366422161));
#2845=CARTESIAN_POINT('',(-0.00844030162460165,-0.0240990407045855,0.339539292426451));
#2846=CARTESIAN_POINT('',(-0.00985213787096507,-0.0283972913823651,0.342637352406653));
#2847=CARTESIAN_POINT('',(-0.0116197336383557,-0.0320698877167796,0.346517516165785));
#2848=CARTESIAN_POINT('',(-0.0137283057004906,-0.0354771303837958,0.351868352712629));
#2849=CARTESIAN_POINT('',(-0.0158249423328302,-0.0383176696006445,0.358628175132323));
#2850=CARTESIAN_POINT('',(-0.0182682021547719,-0.0412098775885656,0.369730516970173));
#2851=CARTESIAN_POINT('',(-0.0193177808397711,-0.0422077657489229,0.380633437533647));
#2852=CARTESIAN_POINT('',(-0.0193181626003626,-0.0422074666666667,0.389239242140454));
#2853=CARTESIAN_POINT('',(-0.00800000000000001,-0.0195210099879823,0.33582254942557));
#2854=CARTESIAN_POINT('',(-0.00800025504203394,-0.0216431848544659,0.336402249360904));
#2855=CARTESIAN_POINT('',(-0.00843361229755078,-0.0252189274652695,0.337813985856899));
#2856=CARTESIAN_POINT('',(-0.00983889979573527,-0.0302443021559032,0.341019695892957));
#2857=CARTESIAN_POINT('',(-0.0116078997507341,-0.0346405369097364,0.345023003691841));
#2858=CARTESIAN_POINT('',(-0.0137209188670729,-0.0387922252721016,0.350536331153429));
#2859=CARTESIAN_POINT('',(-0.0158212226783805,-0.0423029996468903,0.357504891676399));
#2860=CARTESIAN_POINT('',(-0.0182675220923915,-0.0459219693775856,0.368972681555908));
#2861=CARTESIAN_POINT('',(-0.0193177515860779,-0.0472002441634485,0.38027883827));
#2862=CARTESIAN_POINT('',(-0.0193181626003626,-0.0472000000000001,0.389239242140454));
#2863=CARTESIAN_POINT('',(-0.008,-0.0200280803919262,0.333970505327868));
#2864=CARTESIAN_POINT('',(-0.00800027038021034,-0.0223570697264004,0.334607118802088));
#2865=CARTESIAN_POINT('',(-0.00842968212173241,-0.0263475143457121,0.336095950054576));
#2866=CARTESIAN_POINT('',(-0.00983037708241787,-0.0320945395309341,0.339412069784409));
#2867=CARTESIAN_POINT('',(-0.0115995359344769,-0.037208987043649,0.343535068603725));
#2868=CARTESIAN_POINT('',(-0.0137153112612735,-0.0421028128397273,0.349206070353884));
#2869=CARTESIAN_POINT('',(-0.0158182225369978,-0.0462840856158175,0.356379574269417));
#2870=CARTESIAN_POINT('',(-0.0182669030811643,-0.0506320255688559,0.368210360386849));
#2871=CARTESIAN_POINT('',(-0.0193177413727929,-0.052192714423734,0.379921498468876));
#2872=CARTESIAN_POINT('',(-0.0193181626003626,-0.0521925333333332,0.389239242140454));
#2873=CARTESIAN_POINT('',(-0.008,-0.0202816155938981,0.333044483279018));
#2874=CARTESIAN_POINT('',(-0.00800027263361063,-0.022716751067034,0.333710283120307));
#2875=CARTESIAN_POINT('',(-0.00842804112019936,-0.0269178478690331,0.33524116182977));
#2876=CARTESIAN_POINT('',(-0.00982678647327833,-0.0330267438049904,0.338619356867096));
#2877=CARTESIAN_POINT('',(-0.0115959876339096,-0.0384994546753944,0.342808460844394));
#2878=CARTESIAN_POINT('',(-0.0137129234974542,-0.043762727877608,0.34856346212287));
#2879=CARTESIAN_POINT('',(-0.0158169293949799,-0.0482775137649404,0.355841881526122));
#2880=CARTESIAN_POINT('',(-0.01826662528475,-0.0529879124856151,0.367851976727034));
#2881=CARTESIAN_POINT('',(-0.0193177399168074,-0.0546889513619254,0.379755565422243));
#2882=CARTESIAN_POINT('',(-0.0193181626003626,-0.0546888,0.389239242140454));
#2883=CARTESIAN_POINT('',(-0.0193181626003626,-0.0398,0.389239242140454));
#2884=CARTESIAN_POINT('',(-0.0193181626003626,-0.0447333333333333,0.389239242140454));
#2885=CARTESIAN_POINT('',(-0.0193181626003626,-0.0496666666666667,0.389239242140454));
#2886=CARTESIAN_POINT('',(-0.0193181626003626,-0.0546,0.389239242140454));
#2887=CARTESIAN_POINT('',(-0.0193181626003626,-0.0398,0.389239242140454));
#2888=CARTESIAN_POINT('',(-0.0193181626003626,-0.0546,0.389239242140454));
#2889=CARTESIAN_POINT('',(-0.008,-0.0197850809439941,0.334858046169903));
#2890=CARTESIAN_POINT('',(-0.008,-0.0212357704323477,0.33525523056165));
#2891=CARTESIAN_POINT('',(-0.0082153320743404,-0.0240949368068515,0.336143030999112));
#2892=CARTESIAN_POINT('',(-0.0091910587206537,-0.0295081756177243,0.338310818436554));
#2893=CARTESIAN_POINT('',(-0.0110157344614528,-0.0358290663612023,0.341985730144859));
#2894=CARTESIAN_POINT('',(-0.0129725602435471,-0.0410957607061718,0.34683294150081));
#2895=CARTESIAN_POINT('',(-0.0144718841899191,-0.0447020473681299,0.35141641301436));
#2896=CARTESIAN_POINT('',(-0.0154988542356785,-0.0470175042040035,0.355076056920718));
#2897=CARTESIAN_POINT('',(-0.016421732159316,-0.0489929412562385,0.35895935345547));
#2898=CARTESIAN_POINT('',(-0.0174993665002029,-0.0511983080957326,0.364435845457544));
#2899=CARTESIAN_POINT('',(-0.0184942609606216,-0.0531124107676648,0.371491152243095));
#2900=CARTESIAN_POINT('',(-0.0191785395699742,-0.0543590748112218,0.380280542155668));
#2901=CARTESIAN_POINT('',(-0.0193181626003626,-0.0546,0.386255509190818));
#2902=CARTESIAN_POINT('',(-0.0193181626003626,-0.0546,0.389239242140454));
#2903=CARTESIAN_POINT('',(-0.0193181626003626,-0.0398,0.389239242140454));
#2904=CARTESIAN_POINT('',(-0.0193181626003626,-0.0398,0.384106143999849));
#2905=CARTESIAN_POINT('',(-0.0189282693041834,-0.039533636293743,0.376428875388326));
#2906=CARTESIAN_POINT('',(-0.0174609473946686,-0.0383427343340781,0.366455056067623));
#2907=CARTESIAN_POINT('',(-0.0158335181309437,-0.0368855309288279,0.359082848829805));
#2908=CARTESIAN_POINT('',(-0.0136699883559858,-0.0346371484606795,0.35196131633921));
#2909=CARTESIAN_POINT('',(-0.0111515043895615,-0.0313455076626731,0.345439204116657));
#2910=CARTESIAN_POINT('',(-0.00916680648072671,-0.0271915062498652,0.340761181320927));
#2911=CARTESIAN_POINT('',(-0.00819864700940933,-0.0229469457020742,0.33806495150755));
#2912=CARTESIAN_POINT('',(-0.008,-0.0204945158966916,0.337125890331961));
#2913=CARTESIAN_POINT('',(-0.008,-0.0192569390319705,0.336787052681236));
#2914=CARTESIAN_POINT('',(0.00649999999999984,-0.0188608325979528,0.338233807564735));
#2915=CARTESIAN_POINT('',(0.00799999999999989,-0.0188608325979527,0.338233807564735));
#2916=CARTESIAN_POINT('',(0.00799999999999989,-0.0192569390319704,0.336787052681236));
#2917=CARTESIAN_POINT('',(0.00650000000019471,-0.0199857810233754,0.338541806738839));
#2918=CARTESIAN_POINT('',(0.00799999999936774,-0.0200335964969541,0.33855489811769));
#2919=CARTESIAN_POINT('',(0.00799999999999991,-0.0205221490973784,0.337133454033213));
#2920=CARTESIAN_POINT('',(0.00637522387593462,-0.0221814284303478,0.339378368787363));
#2921=CARTESIAN_POINT('',(0.00786526059305185,-0.0222999856799558,0.339429928631008));
#2922=CARTESIAN_POINT('',(0.00787065993267849,-0.0229807986847646,0.33808819850359));
#2923=CARTESIAN_POINT('',(0.00591173192785502,-0.0251419442730645,0.341255455424051));
#2924=CARTESIAN_POINT('',(0.00737620388599321,-0.0253167175008498,0.34138647766718));
#2925=CARTESIAN_POINT('',(0.00739575262693804,-0.0262370322345994,0.340216838133288));
#2926=CARTESIAN_POINT('',(0.00527310991845609,-0.0276883003129316,0.343623119547684));
#2927=CARTESIAN_POINT('',(0.00672214852401286,-0.0278723956019973,0.34382433018188));
#2928=CARTESIAN_POINT('',(0.00674803904912535,-0.0289714856438183,0.34283311538714));
#2929=CARTESIAN_POINT('',(0.00453908548209196,-0.0298713578862853,0.346423179902766));
#2930=CARTESIAN_POINT('',(0.00598798381741572,-0.0300340256283762,0.346666492035147));
#2931=CARTESIAN_POINT('',(0.0060107685017156,-0.0312649230356045,0.345841254225792));
#2932=CARTESIAN_POINT('',(0.00380642582227557,-0.0316603632197914,0.349462170176449));
#2933=CARTESIAN_POINT('',(0.00526392009488552,-0.031791202271477,0.349718849723222));
#2934=CARTESIAN_POINT('',(0.00527950344805258,-0.0331135653615598,0.349036262016162));
#2935=CARTESIAN_POINT('',(0.00286118481321108,-0.0336628790350329,0.35385468124678));
#2936=CARTESIAN_POINT('',(0.00433283207305735,-0.0337526661810972,0.354106104763489));
#2937=CARTESIAN_POINT('',(0.00433931165392955,-0.0351586514333068,0.353585085481507));
#2938=CARTESIAN_POINT('',(0.00184975955402975,-0.0354651236714931,0.359629947164878));
#2939=CARTESIAN_POINT('',(0.00333726635718279,-0.0355139815687402,0.359840503376191));
#2940=CARTESIAN_POINT('',(0.0033357502471385,-0.0369746666886849,0.35947625382231));
#2941=CARTESIAN_POINT('',(0.000939390247737273,-0.0368853942676504,0.366835262191955));
#2942=CARTESIAN_POINT('',(0.00243641733400114,-0.0369064731418132,0.366985482396578));
#2943=CARTESIAN_POINT('',(0.00243242484365023,-0.0383949671664187,0.36675809546955));
#2944=CARTESIAN_POINT('',(0.000111032043148677,-0.0380514839001069,0.376739491108045));
#2945=CARTESIAN_POINT('',(0.00161241268539611,-0.0380535110327929,0.376811407978131));
#2946=CARTESIAN_POINT('',(0.00160995221852991,-0.0395549366909679,0.376718795952196));
#2947=CARTESIAN_POINT('',(-0.000101160681295647,-0.0383,0.384226512302323));
#2948=CARTESIAN_POINT('',(0.00139883927576709,-0.0382999988228705,0.384254902503418));
#2949=CARTESIAN_POINT('',(0.00139883931894271,-0.0398000000002276,0.384220239828113));
#2950=CARTESIAN_POINT('',(-0.000101160681057289,-0.0383,0.389239242140454));
#2951=CARTESIAN_POINT('',(0.0013988393189427,-0.0383,0.389239242140454));
#2952=CARTESIAN_POINT('',(0.00139883931894271,-0.0398,0.389239242140454));
#2953=CARTESIAN_POINT('',(-0.00010116068105729,-0.0398,0.389239242140454));
#2954=CARTESIAN_POINT('',(0.008,-0.0197850809439941,0.334858046169903));
#2955=CARTESIAN_POINT('',(0.00800000000000005,-0.0201811873780118,0.333411291286403));
#2956=CARTESIAN_POINT('',(0.0065,-0.0201811873780118,0.333411291286403));
#2957=CARTESIAN_POINT('',(0.00800000000000001,-0.0227284859283112,0.33566391982944));
#2958=CARTESIAN_POINT('',(0.00799999999674436,-0.0232020467249986,0.334238371144527));
#2959=CARTESIAN_POINT('',(0.00649999999728585,-0.0231140118934362,0.334214268123499));
#2960=CARTESIAN_POINT('',(0.00760093289804533,-0.0268945075710874,0.337241387865875));
#2961=CARTESIAN_POINT('',(0.00764373989227806,-0.0275559280451834,0.335836400885109));
#2962=CARTESIAN_POINT('',(0.00611126368893521,-0.0273444501960595,0.335747735038572));
#2963=CARTESIAN_POINT('',(0.00679950282118439,-0.0320399582377402,0.340029999129416));
#2964=CARTESIAN_POINT('',(0.00688885617495546,-0.0328683163552192,0.338674369536815));
#2965=CARTESIAN_POINT('',(0.00531830225446041,-0.032660675843353,0.33855134640075));
#2966=CARTESIAN_POINT('',(0.00589714378783315,-0.0369163610947645,0.343321079161098));
#2967=CARTESIAN_POINT('',(0.00600374825540049,-0.0379345900584081,0.342076413223187));
#2968=CARTESIAN_POINT('',(0.00442010268456913,-0.03773086155632,0.341914559392809));
#2969=CARTESIAN_POINT('',(0.00497899473814678,-0.0411519622990726,0.347237860328301));
#2970=CARTESIAN_POINT('',(0.00507350451469808,-0.0423070836082985,0.346139964466226));
#2971=CARTESIAN_POINT('',(0.00350000423178808,-0.0421550009555717,0.345976103689186));
#2972=CARTESIAN_POINT('',(0.00411902483969395,-0.0447744069881573,0.351838094358561));
#2973=CARTESIAN_POINT('',(0.00418758033168833,-0.0460543221744351,0.350933647161097));
#2974=CARTESIAN_POINT('',(0.00263590118118624,-0.0459334431506132,0.350760649424454));
#2975=CARTESIAN_POINT('',(0.00353671944521512,-0.047090672764408,0.355490567674702));
#2976=CARTESIAN_POINT('',(0.00358745911329489,-0.048436970382206,0.35472222638087));
#2977=CARTESIAN_POINT('',(0.00205015976166871,-0.0483450633625547,0.354557901232477));
#2978=CARTESIAN_POINT('',(0.00301758141279459,-0.0490587958185807,0.359350003443656));
#2979=CARTESIAN_POINT('',(0.00305270701989138,-0.0504554258305868,0.358712469967888));
#2980=CARTESIAN_POINT('',(0.0015276968712318,-0.0503888922561633,0.358562906358366));
#2981=CARTESIAN_POINT('',(0.0024130722352456,-0.0512522931958719,0.364785928066882));
#2982=CARTESIAN_POINT('',(0.00243222336483234,-0.0526953713274812,0.364305593029776));
#2983=CARTESIAN_POINT('',(0.00091921466952112,-0.0526600297786105,0.364188984819799));
#2984=CARTESIAN_POINT('',(0.00185607625705445,-0.0531488837654784,0.371796764955143));
#2985=CARTESIAN_POINT('',(0.0018624440926872,-0.0546277700809943,0.3714927180609));
#2986=CARTESIAN_POINT('',(0.000358645456107093,-0.0546138427991614,0.371412800694276));
#2987=CARTESIAN_POINT('',(0.00147712493949596,-0.0543639308791332,0.380424911802889));
#2988=CARTESIAN_POINT('',(0.00147766921201724,-0.0558610996349233,0.380293108404552));
#2989=CARTESIAN_POINT('',(-2.24911442053499E-5,-0.0558591799741579,0.380253753518067));
#2990=CARTESIAN_POINT('',(0.00139883931894271,-0.0546000000002453,0.38630703572574));
#2991=CARTESIAN_POINT('',(0.00139883930604854,-0.0560999994883954,0.386266892202425));
#2992=CARTESIAN_POINT('',(-0.000101160681105093,-0.0561,0.386253666171703));
#2993=CARTESIAN_POINT('',(0.00139883931894271,-0.0546,0.389239242140454));
#2994=CARTESIAN_POINT('',(0.00139883931894272,-0.0561,0.389239242140454));
#2995=CARTESIAN_POINT('',(-0.000101160681057291,-0.0561,0.389239242140454));
#2996=CARTESIAN_POINT('',(-0.000101160681057291,-0.0546,0.389239242140454));
#2997=CARTESIAN_POINT('',(-0.000101160681057291,-0.0546,0.389239242140454));
#2998=CARTESIAN_POINT('',(-0.0178181626003626,-0.0383,0.389239242140454));
#2999=CARTESIAN_POINT('',(-0.0193181626003626,-0.0383,0.389239242140454));
#3000=CARTESIAN_POINT('',(-0.0193181626003626,-0.0398,0.389239242140454));
#3001=CARTESIAN_POINT('',(-0.0178181626004784,-0.0383,0.386690058698718));
#3002=CARTESIAN_POINT('',(-0.0193181626004666,-0.0383000000000835,0.386664593866925));
#3003=CARTESIAN_POINT('',(-0.0193181626003626,-0.0398000000000801,0.386647062994145));
#3004=CARTESIAN_POINT('',(-0.0176868807333218,-0.0382106505790445,0.381591005672819));
#3005=CARTESIAN_POINT('',(-0.0191843647244457,-0.0382090172528376,0.381514249814722));
#3006=CARTESIAN_POINT('',(-0.0191855638683362,-0.0397069576275399,0.38145473517739));
#3007=CARTESIAN_POINT('',(-0.0170523823626043,-0.037746182620092,0.374062740604484));
#3008=CARTESIAN_POINT('',(-0.0185385728297823,-0.0377335707784326,0.373896628986567));
#3009=CARTESIAN_POINT('',(-0.018543534332102,-0.0392227481057226,0.373762041607455));
#3010=CARTESIAN_POINT('',(-0.0159363819456657,-0.0368661096135293,0.366673429199584));
#3011=CARTESIAN_POINT('',(-0.017404452805685,-0.0368283578454848,0.366408920707264));
#3012=CARTESIAN_POINT('',(-0.0174126991972892,-0.0383026542500621,0.366178333812112));
#3013=CARTESIAN_POINT('',(-0.0142849963808634,-0.035430489790648,0.359432978395437));
#3014=CARTESIAN_POINT('',(-0.0157293743562237,-0.0353437923920811,0.359065363062658));
#3015=CARTESIAN_POINT('',(-0.0157380778240915,-0.0367942519534787,0.358706784552032));
#3016=CARTESIAN_POINT('',(-0.012453385301543,-0.0335991373357925,0.353659106747932));
#3017=CARTESIAN_POINT('',(-0.0138809850172177,-0.0334417153680285,0.353226710829298));
#3018=CARTESIAN_POINT('',(-0.0138828856242203,-0.0348537110123969,0.352709795325887));
#3019=CARTESIAN_POINT('',(-0.0108328294843286,-0.0316428870246733,0.349404934167258));
#3020=CARTESIAN_POINT('',(-0.0122596158813261,-0.0314186681874965,0.348969309859304));
#3021=CARTESIAN_POINT('',(-0.0122517408212924,-0.0327627729421898,0.348279236489526));
#3022=CARTESIAN_POINT('',(-0.00960230117160981,-0.0298943269486037,0.346442705387697));
#3023=CARTESIAN_POINT('',(-0.0110359969200179,-0.029622619410855,0.346037853194942));
#3024=CARTESIAN_POINT('',(-0.0110224040301533,-0.0308862879973121,0.34519708453349));
#3025=CARTESIAN_POINT('',(-0.00841896476160368,-0.0277870743900489,0.343718523328273));
#3026=CARTESIAN_POINT('',(-0.00986920385207505,-0.0274889274313465,0.343391005573766));
#3027=CARTESIAN_POINT('',(-0.00985352675316012,-0.0286232484033208,0.342376900789556));
#3028=CARTESIAN_POINT('',(-0.00739261321333613,-0.0252210517319331,0.34130602792885));
#3029=CARTESIAN_POINT('',(-0.0088653181208959,-0.024946280183576,0.341099595792984));
#3030=CARTESIAN_POINT('',(-0.00885421883194045,-0.025882468492517,0.339903421862289));
#3031=CARTESIAN_POINT('',(-0.00668616868292996,-0.0222546686347767,0.339410249818452));
#3032=CARTESIAN_POINT('',(-0.00817840913783282,-0.0220727281657411,0.339330926793426));
#3033=CARTESIAN_POINT('',(-0.00817595042826198,-0.0227530895380619,0.337980133527146));
#3034=CARTESIAN_POINT('',(-0.00650000000135616,-0.0200084217628942,0.338548005537748));
#3035=CARTESIAN_POINT('',(-0.00800000000153689,-0.0199397490137473,0.338529203653307));
#3036=CARTESIAN_POINT('',(-0.00800000000000001,-0.0204294565641232,0.337108075781215));
#3037=CARTESIAN_POINT('',(-0.0065,-0.0188608325979527,0.338233807564735));
#3038=CARTESIAN_POINT('',(-0.008,-0.0188608325979527,0.338233807564735));
#3039=CARTESIAN_POINT('',(-0.008,-0.0192569390319704,0.336787052681236));
#3040=CARTESIAN_POINT('',(-0.0178181626003626,-0.0398,0.389239242140454));
#3041=CARTESIAN_POINT('',(-0.00649999999999978,-0.0201811873780118,0.333411291286403));
#3042=CARTESIAN_POINT('',(-0.00799999999999991,-0.0201811873780118,0.333411291286403));
#3043=CARTESIAN_POINT('',(-0.00799999999999985,-0.019785080943994,0.334858046169903));
#3044=CARTESIAN_POINT('',(-0.00650000000127311,-0.0216695090780863,0.333818778282308));
#3045=CARTESIAN_POINT('',(-0.0080000000008201,-0.0216040583274214,0.333800858547917));
#3046=CARTESIAN_POINT('',(-0.00799999999999985,-0.0211689015557332,0.335236921855131));
#3047=CARTESIAN_POINT('',(-0.00670545687227857,-0.0246018154846143,0.334752413729689));
#3048=CARTESIAN_POINT('',(-0.00817377924868395,-0.0244063246020136,0.33468527310413));
#3049=CARTESIAN_POINT('',(-0.00819652109429752,-0.0239180792547458,0.336084447229215));
#3050=CARTESIAN_POINT('',(-0.00741935542330127,-0.0287611364078531,0.336485990669798));
#3051=CARTESIAN_POINT('',(-0.00881340579856978,-0.0284852244365521,0.336358357719464));
#3052=CARTESIAN_POINT('',(-0.00889021068176083,-0.0278881061164525,0.337653569088367));
#3053=CARTESIAN_POINT('',(-0.00838314694857611,-0.032733084917526,0.338588320036542));
#3054=CARTESIAN_POINT('',(-0.00972235757425749,-0.0324377675028747,0.338413920599237));
#3055=CARTESIAN_POINT('',(-0.00983679491055673,-0.0317241171831285,0.339594956717086));
#3056=CARTESIAN_POINT('',(-0.00986437181921235,-0.0377402710571828,0.341915529294348));
#3057=CARTESIAN_POINT('',(-0.0111665835969058,-0.0374489275895771,0.341685175559296));
#3058=CARTESIAN_POINT('',(-0.0113045164066524,-0.0365889478954101,0.342728734277657));
#3059=CARTESIAN_POINT('',(-0.0114331345829937,-0.0421069223703566,0.345913507756657));
#3060=CARTESIAN_POINT('',(-0.0127583673619461,-0.0418779852905824,0.345669805945113));
#3061=CARTESIAN_POINT('',(-0.0128752480693212,-0.0408474355284318,0.346567826596638));
#3062=CARTESIAN_POINT('',(-0.0129391265999998,-0.0458606727684368,0.350638377962664));
#3063=CARTESIAN_POINT('',(-0.014296516746324,-0.0456713946645453,0.350370670521812));
#3064=CARTESIAN_POINT('',(-0.0143912789089614,-0.0445150121240021,0.351151284865306));
#3065=CARTESIAN_POINT('',(-0.0139729924592893,-0.0482720919013611,0.354407667210261));
#3066=CARTESIAN_POINT('',(-0.0153612514200851,-0.0481224687124609,0.354143709219162));
#3067=CARTESIAN_POINT('',(-0.0154343214854153,-0.0468760996066262,0.354826204286337));
#3068=CARTESIAN_POINT('',(-0.0149018233198443,-0.0503241462980831,0.358396903001048));
#3069=CARTESIAN_POINT('',(-0.0163200226983412,-0.050212252305139,0.358148795455277));
#3070=CARTESIAN_POINT('',(-0.0163724873487208,-0.0488901925784779,0.358731256998121));
#3071=CARTESIAN_POINT('',(-0.0159876355302866,-0.0526103947378669,0.364014676910881));
#3072=CARTESIAN_POINT('',(-0.0174432589482692,-0.0525482603793462,0.363813496826577));
#3073=CARTESIAN_POINT('',(-0.0174697372612068,-0.0511403709011338,0.364249835867646));
#3074=CARTESIAN_POINT('',(-0.0169902628079642,-0.0545833466136292,0.371230370656464));
#3075=CARTESIAN_POINT('',(-0.0184741603318984,-0.0545583177578331,0.371089180233713));
#3076=CARTESIAN_POINT('',(-0.0184828234982797,-0.053091379809286,0.371369475165813));
#3077=CARTESIAN_POINT('',(-0.0176785780862462,-0.0558571393818297,0.380177936219302));
#3078=CARTESIAN_POINT('',(-0.0191768671596273,-0.0558537166726024,0.380108120411062));
#3079=CARTESIAN_POINT('',(-0.0191775179971085,-0.0543573654609069,0.380234281396588));
#3080=CARTESIAN_POINT('',(-0.0178181626004656,-0.0561,0.386229347623332));
#3081=CARTESIAN_POINT('',(-0.0193181628952169,-0.0561000008563904,0.386205965062615));
#3082=CARTESIAN_POINT('',(-0.0193181626003626,-0.0546000000003606,0.386246310929211));
#3083=CARTESIAN_POINT('',(-0.0178181626003626,-0.0561,0.389239242140454));
#3084=CARTESIAN_POINT('',(-0.0193181626003626,-0.0561,0.389239242140454));
#3085=CARTESIAN_POINT('',(-0.0193181626003626,-0.0546,0.389239242140454));
#3086=CARTESIAN_POINT('',(-0.0178181626003626,-0.0546,0.389239242140454));
#3087=CARTESIAN_POINT('',(-0.0178181626003626,-0.0546,0.389239242140454));
#3088=CARTESIAN_POINT('',(-0.00895966164070994,-0.0472,0.389239242140454));
#3089=CARTESIAN_POINT('',(-0.009,-0.0558,0.389239242140454));
#3090=CARTESIAN_POINT('',(-0.00895966164070994,-0.0472,0.389239242140454));
#3091=CARTESIAN_POINT('',(0.001,-0.0483,0.389239242140454));
#3092=CARTESIAN_POINT('',(0.001,-0.0408,0.389239242140454));
#3093=CARTESIAN_POINT('',(-0.009,-0.0408,0.389239242140454));
#3094=CARTESIAN_POINT('',(-0.019,-0.0408,0.389239242140454));
#3095=CARTESIAN_POINT('',(-0.019,-0.0483,0.389239242140454));
#3096=CARTESIAN_POINT('',(-0.00895966164070994,-0.0576,0.391739242140454));
#3097=CARTESIAN_POINT('',(-0.00010116068105729,-0.0576,0.391739242140454));
#3098=CARTESIAN_POINT('',(-0.00010116068105729,-0.0576,0.391739242140454));
#3099=CARTESIAN_POINT('',(-0.00895966164070994,-0.0576,0.391739242140454));
#3100=CARTESIAN_POINT('',(-0.0178181626003626,-0.0576,0.391739242140454));
#3101=CARTESIAN_POINT('',(-0.0178181626003626,-0.0576,0.391739242140454));
#3102=CARTESIAN_POINT('',(-0.00895966164070994,-0.0368,0.391739242140454));
#3103=CARTESIAN_POINT('',(-0.0178181626003626,-0.0368,0.391739242140454));
#3104=CARTESIAN_POINT('',(-0.0178181626003626,-0.0368,0.391739242140454));
#3105=CARTESIAN_POINT('',(-0.0178181626003626,-0.0368,0.399056758128297));
#3106=CARTESIAN_POINT('',(-0.0145,-0.0368,0.434639242140454));
#3107=CARTESIAN_POINT('',(-0.0103150442738415,-0.0368,0.439372668406354));
#3108=CARTESIAN_POINT('',(-0.0059568340623251,-0.0368,0.435519451781458));
#3109=CARTESIAN_POINT('',(-0.00159862385080868,-0.0368,0.431666235156561));
#3110=CARTESIAN_POINT('',(0.0136492491797943,-0.0368,0.417890839927103));
#3111=CARTESIAN_POINT('',(0.0288971222103972,-0.0368,0.404115444697643));
#3112=CARTESIAN_POINT('',(0.0306417957242092,-0.0368,0.402567393001254));
#3113=CARTESIAN_POINT('',(0.0323864692380212,-0.0368,0.401019341304864));
#3114=CARTESIAN_POINT('',(0.0285,-0.0368,0.396639242140454));
#3115=CARTESIAN_POINT('',(0.0283263366089115,-0.0368,0.390786059001789));
#3116=CARTESIAN_POINT('',(0.0156125879639271,-0.0368,0.390786059001789));
#3117=CARTESIAN_POINT('',(0.00289883931894271,-0.0368,0.390786059001789));
#3118=CARTESIAN_POINT('',(0.00289883931894271,-0.0368,0.391739242140454));
#3119=CARTESIAN_POINT('',(0.00289883931894271,-0.0368,0.391739242140454));
#3120=CARTESIAN_POINT('',(-0.00895966164070994,-0.0368,0.391739242140454));
#3121=CARTESIAN_POINT('',(-0.00010116068105729,-0.0368,0.391739242140454));
#3122=CARTESIAN_POINT('',(-0.00010116068105729,-0.0368,0.391739242140454));
#3123=CARTESIAN_POINT('',(0.022,-0.0368,0.3982));
#3124=CARTESIAN_POINT('',(0.024,-0.0368,0.3982));
#3125=CARTESIAN_POINT('',(-0.009,-0.0368,0.4292));
#3126=CARTESIAN_POINT('',(-0.007,-0.0368,0.4292));
#3127=CARTESIAN_POINT('',(0.0285,-0.0368,0.396639242140454));
#3128=CARTESIAN_POINT('',(0.03075,-0.0368,0.396639242140454));
#3129=CARTESIAN_POINT('',(-0.0145,-0.0368,0.434639242140454));
#3130=CARTESIAN_POINT('',(-0.01225,-0.0368,0.434639242140454));
#3131=CARTESIAN_POINT('',(0.00289883931894271,-0.0472,0.391739242140454));
#3132=CARTESIAN_POINT('',(0.00289883931894271,-0.0408,0.390786059001789));
#3133=CARTESIAN_POINT('',(0.00289883931894271,-0.0408,0.390786059001789));
#3134=CARTESIAN_POINT('',(0.00289883931894271,-0.0398,0.390786059001789));
#3135=CARTESIAN_POINT('',(0.00289883931894271,-0.0408,0.391739242140454));
#3136=CARTESIAN_POINT('',(0.00289883931894271,-0.0408,0.391739242140454));
#3137=CARTESIAN_POINT('',(0.00289883931894271,-0.0472,0.391739242140454));
#3138=CARTESIAN_POINT('',(0.00289883931894271,-0.0546,0.391739242140454));
#3139=CARTESIAN_POINT('',(0.00289883931894271,-0.0546,0.389239242140454));
#3140=CARTESIAN_POINT('',(0.00289883931894271,-0.0398,0.391739242140454));
#3141=CARTESIAN_POINT('',(-0.00895966164070994,-0.0472,0.391739242140454));
#3142=CARTESIAN_POINT('',(-0.00895966164070994,-0.0558,0.391739242140454));
#3143=CARTESIAN_POINT('',(-0.019,-0.0558,0.391739242140454));
#3144=CARTESIAN_POINT('',(0.001,-0.0558,0.391739242140454));
#3145=CARTESIAN_POINT('',(-0.019,-0.0472,0.391739242140454));
#3146=CARTESIAN_POINT('',(-0.019,-0.0408,0.391739242140454));
#3147=CARTESIAN_POINT('',(-0.00895966164070994,-0.0408,0.391739242140454));
#3148=CARTESIAN_POINT('',(-0.0178181626003626,-0.0546,0.391739242140454));
#3149=CARTESIAN_POINT('',(-0.00010116068105729,-0.0546,0.391739242140454));
#3150=CARTESIAN_POINT('',(-0.00895966164070994,-0.0408,0.391739242140454));
#3151=CARTESIAN_POINT('',(0.001,-0.0408,0.391739242140454));
#3152=CARTESIAN_POINT('',(0.001,-0.0472,0.391739242140454));
#3153=CARTESIAN_POINT('',(-0.00010116068105729,-0.0398,0.391739242140454));
#3154=CARTESIAN_POINT('',(-0.00010116068105729,-0.0398,0.391739242140454));
#3155=CARTESIAN_POINT('',(0.00289883931894271,-0.0398,0.391739242140454));
#3156=CARTESIAN_POINT('',(0.00289883931894271,-0.0398,0.391739242140454));
#3157=CARTESIAN_POINT('',(-0.0178181626003626,-0.0398,0.391739242140454));
#3158=CARTESIAN_POINT('',(-0.00010116068105729,-0.0546,0.391739242140454));
#3159=CARTESIAN_POINT('',(-0.0178181626003626,-0.0546,0.391739242140454));
#3160=CARTESIAN_POINT('',(-0.00895966164070994,-0.0388,0.391739242140454));
#3161=CARTESIAN_POINT('',(0.00289883931894271,-0.0408,0.391739242140454));
#3162=CARTESIAN_POINT('',(0.00676879812989063,-0.0408,0.415098323440635));
#3163=CARTESIAN_POINT('',(-0.019,-0.0408,0.414239242140454));
#3164=CARTESIAN_POINT('',(0.001,-0.0408,0.414239242140454));
#3165=CARTESIAN_POINT('',(0.0156125879639271,-0.0408,0.390786059001789));
#3166=CARTESIAN_POINT('',(0.0283263366089115,-0.0408,0.390786059001789));
#3167=CARTESIAN_POINT('',(0.0285,-0.0408,0.396639242140454));
#3168=CARTESIAN_POINT('',(0.0323864692380212,-0.0408,0.401019341304864));
#3169=CARTESIAN_POINT('',(0.0306417957242092,-0.0408,0.402567393001254));
#3170=CARTESIAN_POINT('',(0.0288971222103972,-0.0408,0.404115444697643));
#3171=CARTESIAN_POINT('',(0.0136492491797943,-0.0408,0.417890839927103));
#3172=CARTESIAN_POINT('',(-0.00159862385080868,-0.0408,0.431666235156561));
#3173=CARTESIAN_POINT('',(-0.0059568340623251,-0.0408,0.435519451781458));
#3174=CARTESIAN_POINT('',(-0.0103150442738415,-0.0408,0.439372668406354));
#3175=CARTESIAN_POINT('',(-0.0145,-0.0408,0.434639242140454));
#3176=CARTESIAN_POINT('',(0.022,-0.0408,0.3982));
#3177=CARTESIAN_POINT('',(0.0246,-0.0408,0.3982));
#3178=CARTESIAN_POINT('',(-0.009,-0.0408,0.4292));
#3179=CARTESIAN_POINT('',(-0.0064,-0.0408,0.4292));
#3180=CARTESIAN_POINT('',(0.0285,-0.0408,0.396639242140454));
#3181=CARTESIAN_POINT('',(0.03075,-0.0408,0.396639242140454));
#3182=CARTESIAN_POINT('',(-0.0145,-0.0408,0.434639242140454));
#3183=CARTESIAN_POINT('',(-0.01225,-0.0408,0.434639242140454));
#3184=CARTESIAN_POINT('',(-0.009,-0.0408,0.4292));
#3185=CARTESIAN_POINT('',(-0.009,-0.0388,0.4292));
#3186=CARTESIAN_POINT('',(-0.007,-0.0388,0.4292));
#3187=CARTESIAN_POINT('',(0.022,-0.0408,0.3982));
#3188=CARTESIAN_POINT('',(0.022,-0.0388,0.3982));
#3189=CARTESIAN_POINT('',(0.024,-0.0388,0.3982));
#3190=CARTESIAN_POINT('',(-0.0059568340623251,-0.0408,0.435519451781458));
#3191=CARTESIAN_POINT('',(-0.0103150442738415,-0.0408,0.439372668406354));
#3192=CARTESIAN_POINT('',(-0.00159862385080868,-0.0408,0.431666235156561));
#3193=CARTESIAN_POINT('',(-0.0145,-0.0408,0.434639242140454));
#3194=CARTESIAN_POINT('',(0.0156125879639271,-0.0408,0.390786059001789));
#3195=CARTESIAN_POINT('',(0.0283263366089115,-0.0408,0.390786059001789));
#3196=CARTESIAN_POINT('',(0.00289883931894271,-0.0408,0.390786059001789));
#3197=CARTESIAN_POINT('',(0.0285,-0.0408,0.396639242140454));
#3198=CARTESIAN_POINT('',(0.0323864692380212,-0.0408,0.401019341304864));
#3199=CARTESIAN_POINT('',(0.0306417957242092,-0.0408,0.402567393001254));
#3200=CARTESIAN_POINT('',(0.0288971222103972,-0.0408,0.404115444697643));
#3201=CARTESIAN_POINT('',(0.0136492491797943,-0.0408,0.417890839927103));
#3202=CARTESIAN_POINT('',(0.0285,-0.0408,0.396639242140454));
#3203=CARTESIAN_POINT('',(-0.0145,-0.0408,0.434639242140454));
#3204=CARTESIAN_POINT('',(-0.009,-0.0388,0.4292));
#3205=CARTESIAN_POINT('',(-0.009,-0.0388,0.4292));
#3206=CARTESIAN_POINT('',(-0.0064,-0.0388,0.4292));
#3207=CARTESIAN_POINT('',(0.00676879812989063,-0.0388,0.415098323440635));
#3208=CARTESIAN_POINT('',(0.022,-0.0388,0.3982));
#3209=CARTESIAN_POINT('',(0.022,-0.0388,0.3982));
#3210=CARTESIAN_POINT('',(0.0246,-0.0388,0.3982));
#3211=CARTESIAN_POINT('',(0.00676879812989063,-0.0388,0.415098323440635));
#3212=CARTESIAN_POINT('',(0.00289883931894271,-0.0408,0.391739242140454));
#3213=CARTESIAN_POINT('',(-0.009,-0.0558,0.414239242140454));
#3214=CARTESIAN_POINT('',(0.001,-0.0558,0.414239242140454));
#3215=CARTESIAN_POINT('',(-0.019,-0.0558,0.414239242140454));
#3216=CARTESIAN_POINT('',(-0.019,-0.0483,0.414239242140454));
#3217=CARTESIAN_POINT('',(0.001,-0.0483,0.414239242140454));
#3218=CARTESIAN_POINT('',(0.0032159186998187,-0.0136,0.41365));
#3219=CARTESIAN_POINT('',(0.022,-0.0136,0.4292));
#3220=CARTESIAN_POINT('',(0.022,-0.0136,0.42735));
#3221=CARTESIAN_POINT('',(-0.009,-0.0136,0.4292));
#3222=CARTESIAN_POINT('',(-0.009,-0.0136,0.42735));
#3223=CARTESIAN_POINT('',(-0.009,-0.0136,0.3982));
#3224=CARTESIAN_POINT('',(-0.009,-0.0136,0.39635));
#3225=CARTESIAN_POINT('',(0.022,-0.0136,0.3982));
#3226=CARTESIAN_POINT('',(0.022,-0.0136,0.39635));
#3227=CARTESIAN_POINT('',(0.0065,-0.0136,0.4137));
#3228=CARTESIAN_POINT('',(0.0065,-0.0136,0.4027));
#3229=CARTESIAN_POINT('',(-0.012202163478469,-0.0136,0.395003379064149));
#3230=CARTESIAN_POINT('',(-0.010154326956938,-0.0136,0.39295));
#3231=CARTESIAN_POINT('',(0.0064944574573824,-0.0136,0.39295));
#3232=CARTESIAN_POINT('',(0.0231432418717028,-0.0136,0.39295));
#3233=CARTESIAN_POINT('',(0.0251966209358514,-0.0136,0.395003379064149));
#3234=CARTESIAN_POINT('',(0.02725,-0.0136,0.397056758128297));
#3235=CARTESIAN_POINT('',(0.0272,-0.0136,0.413682406701386));
#3236=CARTESIAN_POINT('',(0.02715,-0.0136,0.430308055274475));
#3237=CARTESIAN_POINT('',(0.0251290276372373,-0.0136,0.432329027637237));
#3238=CARTESIAN_POINT('',(0.0231080552744745,-0.0136,0.43435));
#3239=CARTESIAN_POINT('',(0.0065,-0.0136,0.43435));
#3240=CARTESIAN_POINT('',(-0.0101080552744745,-0.0136,0.43435));
#3241=CARTESIAN_POINT('',(-0.0121790276372373,-0.0136,0.432333897638321));
#3242=CARTESIAN_POINT('',(0.0272,-0.0136,0.413682406701386));
#3243=CARTESIAN_POINT('',(0.0272,-0.0112,0.413682406701386));
#3244=CARTESIAN_POINT('',(0.02725,-0.0112,0.397056758128297));
#3245=CARTESIAN_POINT('',(0.02715,-0.0112,0.430308055274475));
#3246=CARTESIAN_POINT('',(0.02715,-0.0136,0.430308055274475));
#3247=CARTESIAN_POINT('',(0.02725,-0.0136,0.397056758128297));
#3248=CARTESIAN_POINT('',(0.0251290276372373,-0.0136,0.432329027637237));
#3249=CARTESIAN_POINT('',(0.0251290276372373,-0.0112,0.432329027637237));
#3250=CARTESIAN_POINT('',(0.0231080552744745,-0.0112,0.43435));
#3251=CARTESIAN_POINT('',(0.0231080552744745,-0.0136,0.43435));
#3252=CARTESIAN_POINT('',(0.0065,-0.0136,0.43435));
#3253=CARTESIAN_POINT('',(0.0065,-0.0112,0.43435));
#3254=CARTESIAN_POINT('',(-0.0101080552744745,-0.0112,0.43435));
#3255=CARTESIAN_POINT('',(-0.0101080552744745,-0.0136,0.43435));
#3256=CARTESIAN_POINT('',(-0.0121790276372373,-0.0136,0.432333897638321));
#3257=CARTESIAN_POINT('',(-0.0121790276372373,-0.0112,0.432333897638321));
#3258=CARTESIAN_POINT('',(-0.0163044317611314,-0.0112,0.428317795276642));
#3259=CARTESIAN_POINT('',(-0.0127223966382998,-0.0146871298142888,0.43180492509093));
#3260=CARTESIAN_POINT('',(-0.012202163478469,-0.0136,0.395003379064149));
#3261=CARTESIAN_POINT('',(-0.012202163478469,-0.0112,0.395003379064149));
#3262=CARTESIAN_POINT('',(-0.0162446015397602,-0.0112,0.399056758128297));
#3263=CARTESIAN_POINT('',(-0.010154326956938,-0.0112,0.39295));
#3264=CARTESIAN_POINT('',(-0.010154326956938,-0.0136,0.39295));
#3265=CARTESIAN_POINT('',(-0.012752791727301,-0.0147012605203132,0.395555497607984));
#3266=CARTESIAN_POINT('',(0.0064944574573824,-0.0136,0.39295));
#3267=CARTESIAN_POINT('',(0.0064944574573824,-0.0112,0.39295));
#3268=CARTESIAN_POINT('',(0.0231432418717028,-0.0112,0.39295));
#3269=CARTESIAN_POINT('',(0.0231432418717028,-0.0136,0.39295));
#3270=CARTESIAN_POINT('',(0.022,-0.0136,0.4292));
#3271=CARTESIAN_POINT('',(0.022,-0.0122,0.4292));
#3272=CARTESIAN_POINT('',(0.022,-0.0122,0.42735));
#3273=CARTESIAN_POINT('',(-0.009,-0.0136,0.4292));
#3274=CARTESIAN_POINT('',(-0.009,-0.0122,0.4292));
#3275=CARTESIAN_POINT('',(-0.009,-0.0122,0.42735));
#3276=CARTESIAN_POINT('',(-0.009,-0.0136,0.3982));
#3277=CARTESIAN_POINT('',(-0.009,-0.0122,0.3982));
#3278=CARTESIAN_POINT('',(-0.009,-0.0122,0.39635));
#3279=CARTESIAN_POINT('',(0.022,-0.0136,0.3982));
#3280=CARTESIAN_POINT('',(0.022,-0.0122,0.3982));
#3281=CARTESIAN_POINT('',(0.022,-0.0122,0.39635));
#3282=CARTESIAN_POINT('',(0.0065,-0.0136,0.4137));
#3283=CARTESIAN_POINT('',(0.0065,-0.0112,0.4137));
#3284=CARTESIAN_POINT('',(0.0065,-0.0112,0.4027));
#3285=CARTESIAN_POINT('',(0.0251966209358514,-0.0136,0.395003379064149));
#3286=CARTESIAN_POINT('',(0.0251966209358514,-0.0112,0.395003379064149));
#3287=CARTESIAN_POINT('',(0.0032159186998187,-0.0112,0.41365));
#3288=CARTESIAN_POINT('',(0.022,-0.0112,0.3982));
#3289=CARTESIAN_POINT('',(0.022,-0.0112,0.39535));
#3290=CARTESIAN_POINT('',(-0.009,-0.0112,0.3982));
#3291=CARTESIAN_POINT('',(-0.009,-0.0112,0.39535));
#3292=CARTESIAN_POINT('',(-0.009,-0.0112,0.4292));
#3293=CARTESIAN_POINT('',(-0.009,-0.0112,0.42635));
#3294=CARTESIAN_POINT('',(0.022,-0.0112,0.4292));
#3295=CARTESIAN_POINT('',(0.022,-0.0112,0.42635));
#3296=CARTESIAN_POINT('',(0.0032159186998187,-0.0112,0.399056758128297));
#3297=CARTESIAN_POINT('',(-0.0188181626003626,-0.0112,0.399056758128297));
#3298=CARTESIAN_POINT('',(-0.0188181626003626,-0.0112,0.41365));
#3299=CARTESIAN_POINT('',(-0.0188181626003626,-0.0112,0.428317795276642));
#3300=CARTESIAN_POINT('',(0.0032159186998187,-0.0112,0.428317795276642));
#3301=CARTESIAN_POINT('',(-0.0175340813001813,-0.0132,0.430317795276642));
#3302=CARTESIAN_POINT('',(-0.0188181626003626,-0.0112,0.428317795276642));
#3303=CARTESIAN_POINT('',(-0.0188181626003626,-0.0112,0.428317795276642));
#3304=CARTESIAN_POINT('',(-0.0188181626003626,-0.0112,0.428317795276642));
#3305=CARTESIAN_POINT('',(-0.0208181626003626,-0.0132,0.41368727670247));
#3306=CARTESIAN_POINT('',(-0.0188181626003626,-0.0112,0.399056758128297));
#3307=CARTESIAN_POINT('',(-0.0188181626003626,-0.0112,0.399056758128297));
#3308=CARTESIAN_POINT('',(-0.0188181626003626,-0.0112,0.399056758128297));
#3309=CARTESIAN_POINT('',(-0.0175340813001813,-0.0132,0.397056758128297));
#3310=CARTESIAN_POINT('',(0.022,-0.0112,0.3982));
#3311=CARTESIAN_POINT('',(-0.009,-0.0112,0.3982));
#3312=CARTESIAN_POINT('',(-0.009,-0.0112,0.4292));
#3313=CARTESIAN_POINT('',(0.022,-0.0112,0.4292));
#3314=MECHANICAL_DESIGN_GEOMETRIC_PRESENTATION_REPRESENTATION('',(#1392),
#3315);
#3315=(
GEOMETRIC_REPRESENTATION_CONTEXT(3)
GLOBAL_UNCERTAINTY_ASSIGNED_CONTEXT((#3316))
GLOBAL_UNIT_ASSIGNED_CONTEXT((#3319,#3318,#3317))
REPRESENTATION_CONTEXT('Duct Mount','TOP_LEVEL_ASSEMBLY_PART')
);
#3316=UNCERTAINTY_MEASURE_WITH_UNIT(LENGTH_MEASURE(2.E-5),#3319,
'DISTANCE_ACCURACY_VALUE','Maximum Tolerance applied to model');
#3317=(
NAMED_UNIT(*)
SI_UNIT($,.STERADIAN.)
SOLID_ANGLE_UNIT()
);
#3318=(
NAMED_UNIT(*)
PLANE_ANGLE_UNIT()
SI_UNIT($,.RADIAN.)
);
#3319=(
LENGTH_UNIT()
NAMED_UNIT(*)
SI_UNIT($,.METRE.)
);
#3320=PRODUCT_DEFINITION_SHAPE('','',#3321);
#3321=PRODUCT_DEFINITION('','',#3323,#3322);
#3322=PRODUCT_DEFINITION_CONTEXT('',#3329,'design');
#3323=PRODUCT_DEFINITION_FORMATION_WITH_SPECIFIED_SOURCE('','',#3325,
 .NOT_KNOWN.);
#3324=PRODUCT_RELATED_PRODUCT_CATEGORY('','',(#3325));
#3325=PRODUCT('Duct Mount','Duct Mount','Duct Mount',(#3327));
#3326=PRODUCT_CATEGORY('','');
#3327=PRODUCT_CONTEXT('',#3329,'mechanical');
#3328=APPLICATION_PROTOCOL_DEFINITION('international standard',
'ap242_managed_model_based_3d_engineering',2020,#3329);
#3329=APPLICATION_CONTEXT('managed model based 3d engineering');
ENDSEC;
END-ISO-10303-21;
